frame,t,ped_id,x,y,speed,r_k,k_density,q,scene
0,0.0,1,13.4487205051,3.93788669527,1.2838371687500016,2.026764534382138,0.23246886208222536,0.29845216571817884,zara01
0,0.0,2,13.3434879503,4.43907227467,1.2956111464005922,1.6759798486932513,0.3399646782559595,0.44046202653091215,zara01
0,0.0,3,11.9123252048,4.43907227467,1.036038564183495,1.6160747209774808,0.3656356286163985,0.3788126116860631,zara01
0,0.0,4,11.828139161,5.15505167381,1.1231987232385037,2.026764534382138,0.23246886208222536,0.26110872908346333,zara01
0,0.0,5,8.7132555385,4.4152062947,0.8912162594752301,3.199158688599351,0.0933039040424676,0.08315395635516377,zara01
0,0.0,6,8.12395323155,3.46056709585,1.2221728261992033,3.9127016999362034,0.06237605497323404,0.07623431939379433,zara01
0,0.0,7,6.31395328877,3.84242277539,1.238919931194491,4.02766907227647,0.05886590452502497,0.07293014238384542,zara01
0,0.0,8,4.33558125829,7.35072183117,0.5795614217744074,5.430015292106873,0.0323868922729511,0.018770193332566108,zara01
10,0.4,1,12.9351856376,3.93788669527,1.2838371687500025,2.008081034692999,0.23681483951681873,0.3040316930832588,zara01
10,0.4,2,12.8253228504,4.43000320228,1.2953533612863692,1.6408140657049477,0.3546930194334196,0.45945279494789154,zara01
10,0.4,3,11.5046542875,4.51353413218,1.0363509961119386,1.5420084031029089,0.4016038811633171,0.41620258228602425,zara01
10,0.4,4,11.3823740588,5.21113672674,1.122974988775124,2.008081034692999,0.23681483951681873,0.2659371417481823,zara01
10,0.4,5,8.36051601476,4.36365577796,0.8909559440994474,3.13844706771905,0.09694864986313538,0.08637697586797655,zara01
10,0.4,6,8.61075903011,3.4156990535,1.221883505636687,3.09513676930837,0.0996808408669612,0.12179837528333529,zara01
10,0.4,7,6.78539513433,3.68968050357,1.2389199311944912,4.2221925312706565,0.0535667522196417,0.06636491697427085,zara01
10,0.4,8,4.5544649723,7.27435069527,0.5795614217785264,5.598456392253049,0.030467357079665688,0.017657704786925098,zara01
20,0.8,1,12.4216507701,3.93788669527,1.2701352323496253,1.99311075319059,0.2403856383508183,0.3053222686202296,zara01
20,0.8,2,12.3073682156,4.42069547009,1.2635878256817072,1.611029146181656,0.3679294801491838,0.46491121182590806,zara01
20,0.8,3,11.096772905,4.58823464949,1.036350996111935,1.4758908560561217,0.43839228019538923,0.45432827626827416,zara01
20,0.8,4,10.9368194217,5.26746043948,1.1229749887751241,1.99311075319059,0.2403856383508183,0.26994705952871123,zara01
20,0.8,5,8.00798695614,4.31210526122,0.8909991454972604,3.0807082185670325,0.1006167413176176,0.08964943053671617,zara01
20,0.8,6,9.09735436356,3.37106967095,1.221883505647992,2.3407616471649435,0.17428379015201945,0.2129544884885685,zara01
20,0.8,7,7.25683697989,3.53693823175,1.249032146412392,3.981247551572666,0.060246665780922984,0.07525002227453624,zara01
20,0.8,8,4.77334868631,7.19797955936,0.5174751297284342,5.774276092368676,0.028640216133970338,0.014820599559376696,zara01
20,0.8,9,15.2423041693,3.6682011216,1.4801977611283896,4.246397432616321,0.05295782069136426,0.07838804762159608,zara01
30,1.2,1,11.9192705534,3.95769545865,1.243981864620115,1.976195315624874,0.24451845949927145,0.30417652918194177,zara01
30,1.2,2,11.8144589288,4.43358309928,1.1869634923045707,1.5948143531778753,0.3754491373346221,0.4456444192334414,zara01
30,1.2,3,10.6891019877,4.662696507,1.032204732609467,1.4178650070479182,0.47500875418627503,0.49030628410200006,zara01
30,1.2,4,10.4910543195,5.32354549241,1.0867579802755059,1.976195315624874,0.24451845949927145,0.26573238718550635,zara01
30,1.2,5,7.65524743241,4.26031608468,0.8980846969454456,3.02857350485818,0.10411064683083751,0.09350017870786702,zara01
30,1.2,6,9.58416016213,3.32620162861,1.117460185335307,2.143192510232064,0.20789738001587493,0.23231704480326434,zara01
30,1.2,7,7.7467997551,3.4173696721,1.274533226940663,3.194993169583466,0.09354735529631916,0.11922921261758239,zara01
30,1.2,8,4.95540100613,7.17124966179,0.40938605270429596,5.835877680637977,0.02803877405229571,0.011478683031936977,zara01
30,1.2,9,14.665840234,3.53311967496,1.480385883419686,4.134052599939521,0.055875237973844104,0.08271691352919439,zara01
40,1.6,1,11.4282554527,3.9975516452,1.2315750707195074,1.5874975403261593,0.3789180205377695,0.46666598794069925,zara01
40,1.6,2,11.3596438269,4.47988310042,1.142914222017381,1.5526795032209313,0.39610264469108075,0.4527113459961336,zara01
40,1.6,3,10.2799578145,4.70947382775,1.0285769768015873,1.3510812928548952,0.5231285475877109,0.538077979956373,zara01
40,1.6,4,10.0709659607,5.34597951358,1.0292933771177255,1.9132413546955978,0.26087464007238825,0.2685165392844796,zara01
40,1.6,5,7.30061372269,4.18633154677,0.9265558577257719,3.0032707053433576,0.10587231811570862,0.09809661652111618,zara01
40,1.6,6,9.99014735859,3.32524698941,0.9897771000699693,1.7346636946451286,0.3173516815490466,0.31410742706594375,zara01
40,1.6,7,8.25549392506,3.3312134844,1.2898465200251987,2.449092814431048,0.15920653625994963,0.20535199676016164,zara01
40,1.6,8,5.10083239688,7.19392234276,0.3677103370841437,5.302557905589328,0.03396256967042962,0.012488387941757391,zara01
40,1.6,9,14.0891658337,3.39827688812,1.4289819049685357,4.028560927680338,0.05883984357437613,0.08408107175896266,zara01
50,2.0,1,10.9372403519,4.03740783175,1.2009878739328776,1.2822242872404546,0.5808224366249213,0.6975607032946778,zara01
50,2.0,2,10.904828725,4.52618310157,1.1529757321492091,1.303075710830991,0.5623828686404907,0.6484137997189423,zara01
50,2.0,3,9.87081364144,4.7493300143,1.027702139410165,1.2822242872404546,0.5808224366249213,0.5969124607368567,zara01
50,2.0,4,9.66792527576,5.34597951358,1.007601712337502,1.8230525524525305,0.2873247290732575,0.28950888901112315,zara01
50,2.0,5,6.94156024567,4.06008051273,0.9516067604443534,3.0143991968026853,0.10509204696616291,0.10000630236193613,zara01
50,2.0,6,10.3759299045,3.335270701,0.9283266533411478,1.5015679074681128,0.4235273166451951,0.3931716964597906,zara01
50,2.0,7,8.76418809503,3.2450572967,1.2895871333831248,1.9965558143789883,0.23955678223215554,0.30892934408125095,zara01
50,2.0,8,5.24605332253,7.21659502374,0.3677103370841437,5.241736795583263,0.034755293658032926,0.01277988074645369,zara01
50,2.0,9,13.5446925951,3.30973410243,1.308399698493178,3.168865586799965,0.0950963275630236,0.12442400631126857,zara01
60,2.4,1,10.4674822272,3.99182381001,1.1683439793844368,1.2835287640842965,0.5796424328375553,0.6772217466015056,zara01
60,2.4,2,10.4384380421,4.52642176137,1.2073343728533281,1.1638292914913422,0.7050060034313211,0.8511779810105854,zara01
60,2.4,3,9.46166946833,4.78918620085,1.0298838759707558,1.2835287640842965,0.5796424328375553,0.59696439540786,zara01
60,2.4,4,9.26488459083,5.34597951358,1.007601712337502,1.8110711594285493,0.2911389776987422,0.29335213245744246,zara01
60,2.4,5,6.58250676865,3.93359081888,0.9513586044749416,3.031500058690333,0.10390973088972802,0.09885541657061837,zara01
60,2.4,6,10.7290903585,3.39947018712,0.8623665426742959,1.4761532776901785,0.43823642457472334,0.377920430334449,zara01
60,2.4,7,9.27267179988,3.15890110901,1.2924667080144883,1.6412037044057914,0.3545246238569124,0.45821127350641827,zara01
60,2.4,8,5.39148471328,7.23926770471,0.37398753539864027,4.750716084528553,0.042310994060810465,0.015823784389069014,zara01
60,2.4,9,13.0479949363,3.29064131845,1.2426612033450608,2.8873760557243497,0.11454197856166912,0.1423368729129679,zara01
70,2.8,1,10.0194020088,3.86079957996,1.1670260681145892,1.061498852060562,0.8474855935444227,0.9890377800179064,zara01
70,2.8,2,9.94489736003,4.41926351129,1.2625364729763382,1.3864080444075344,0.49680875748584646,0.6272391764199375,zara01
70,2.8,3,9.05084157434,4.8297583668,1.0396730013695106,1.3700330090168593,0.5087557375106986,0.5289396045817069,zara01
70,2.8,4,8.86184390589,5.34597951358,1.0076017123374985,1.8830029731362894,0.2693204742472013,0.2713677710190272,zara01
70,2.8,5,6.22366375674,3.80733978483,0.9633394120878983,3.5186015647206457,0.07713139730050488,0.07430371492898648,zara01
70,2.8,6,11.0330019768,3.54552998454,0.9510389892347074,1.3954862710908986,0.49036588173373247,0.466357072519235,zara01
70,2.8,7,9.7782089932,3.04291244635,1.2971093070507858,1.3864080444075344,0.49680875748584646,0.6444152631592281,zara01
70,2.8,8,5.54217773177,7.25931512788,0.3952249854266547,4.267723985389357,0.05242986441354316,0.020721592398764074,zara01
70,2.8,9,12.5512972776,3.27154853447,1.1863385790669152,2.7824976359140634,0.12333938369083046,0.14632226919076885,zara01
80,3.2,1,9.57132179044,3.73001400972,1.2040670671649354,1.4792190699628263,0.4364217514464816,0.5254810583111496,zara01
80,3.2,2,9.45135667795,4.31234392102,1.2813551812150028,1.4330264837712046,0.46501070264112176,0.5958438731496304,zara01
80,3.2,3,8.63433112239,4.87462640915,1.0472684823180443,1.4792190699628263,0.4364217514464816,0.45705074528793954,zara01
80,3.2,4,8.45880322096,5.34597951358,1.03950059090166,1.961897570492234,0.2480954064472121,0.25789532160186446,zara01
80,3.2,5,5.83914400145,3.73025266952,0.9824592517221414,3.544693197787718,0.07600008505487547,0.07466698669383207,zara01
80,3.2,6,11.3792170821,3.79469081544,1.1460036736172712,1.809051816506243,0.29178930463111025,0.3343916150294814,zara01
80,3.2,7,10.2833252563,2.92358254649,1.3392561079694258,1.6188977332580874,0.36436155937079817,0.487973443896606,zara01
80,3.2,8,5.70591958706,7.27244141687,0.4106918065400281,3.7848528282485523,0.06666124005025832,0.027377225102439066,zara01
80,3.2,9,12.0992182222,3.31426863862,1.1300902691188646,2.5618556913487556,0.14549968638040559,0.16442777973834294,zara01
90,3.6,1,9.09356599159,3.59493256308,1.2968415651961291,1.8891134614747964,0.2675810148556403,0.34701018212215723,zara01
90,3.6,2,8.94624041485,4.18800216537,1.3291398920714048,1.515364461979555,0.4158504597227727,0.5527234351537702,zara01
90,3.6,3,8.21782067044,4.91925579169,1.0472684823180443,1.5876907385735204,0.3788258088221923,0.3967323298681229,zara01
90,3.6,4,8.03176951353,5.39633673132,1.079461727121853,2.0910448914772406,0.2183959945132432,0.23575011743376023,zara01
90,3.6,5,5.45188819974,3.65865472961,0.9845472340057093,3.534219307144061,0.07645121501267128,0.07526983227710127,zara01
90,3.6,6,11.7532135819,4.11282432846,1.2278970289022948,2.7096009273120294,0.1300650815243424,0.15970652716767478,zara01
90,3.6,7,10.8339019831,2.86009903977,1.3909709285520282,1.8891134614747964,0.2675810148556403,0.372197412696644,zara01
90,3.6,8,5.86966144235,7.28580636565,0.4106918065400281,3.651131807134402,0.07163353100372448,0.02941930425676072,zara01
90,3.6,9,11.6519798642,3.36414853676,1.09699660777773,2.5688018238797183,0.14471387747542036,0.1587506326888982,zara01
100,4.0,1,8.57140205461,3.45340730185,1.3526841900044593,2.2215430883649514,0.19349150375317137,0.2617328980271034,zara01
100,4.0,2,8.42407647787,4.03788515135,1.3586207263278685,1.63596912212629,0.35679698615951694,0.48475178048763734,zara01
100,4.0,3,7.80131021849,4.96412383404,1.0475300587617469,1.6956726914976397,0.33211411220373804,0.3478995154723871,zara01
100,4.0,4,7.60178929456,5.45218312445,1.0837184931036816,2.2215430883649514,0.19349150375317137,0.20969032087575223,zara01
100,4.0,5,5.06463239803,3.58705678969,0.9845472340057075,3.389559077114466,0.08311606358317847,0.08183169050226088,zara01
100,4.0,6,12.1274205468,4.43119650128,1.2042508807499364,3.68799935402912,0.07020850241509038,0.08454865086950664,zara01
100,4.0,7,11.3895298725,2.80282068783,1.3615385403394333,2.8922495293987813,0.1141562946777766,0.15542819482613818,zara01
100,4.0,8,6.03340329764,7.29893265464,0.3369110749556862,3.8362142136134,0.06488819324836136,0.021861550939237723,zara01
100,4.0,9,11.2217891801,3.3314521442,1.0701675818640388,2.6531914698039767,0.1356544976163489,0.14517304568306913,zara01
110,4.4,1,8.04902765252,3.31212070042,1.342870922785335,2.3645631227576667,0.17079279971907746,0.22935268456384847,zara01
110,4.4,2,7.90170207578,3.88752947753,1.3322817140659402,1.7772048226978912,0.30234056187807185,0.402802802010577,zara01
110,4.4,3,7.38458930143,5.00875321659,1.040631603995,1.8220977518576058,0.2876259310258908,0.299312633954028,zara01
110,4.4,4,7.17201954071,5.50802951759,1.08371849310368,2.098846877959667,0.21677533733974694,0.23492344192387246,zara01
110,4.4,5,4.67737659632,3.51545884978,0.9845472340034349,3.2457220074321276,0.09064602027221606,0.0892452885324296,zara01
110,4.4,6,12.4490112343,4.77916248926,1.1826344203712589,4.6339000864030915,0.04447111833181299,0.05259307525160532,zara01
110,4.4,7,11.9192705534,2.76845367668,1.2769306268844116,3.908241797089115,0.06251849747755298,0.07983178417588323,zara01
110,4.4,8,6.13505794558,7.3328223462,0.24084489823367733,3.8718308890857407,0.0636998810709696,0.015341791374035024,zara01
110,4.4,9,10.8086461699,3.21665678054,1.0720673185285101,2.7612692229236617,0.12524311983460776,0.1342690556452328,zara01
120,4.8,1,7.51928697159,3.23622688411,1.3377793758249859,2.453989384711317,0.15857182427234515,0.21213411609848723,zara01
120,4.8,2,7.38353697588,3.80710112503,1.3039356536416618,1.8702344473095531,0.27301045468449,0.3559880656800277,zara01
120,4.8,3,6.97207768656,5.03786971215,1.0253392406728483,1.882911278167671,0.26934670589606724,0.2761717469012066,zara01
120,4.8,4,6.74203932174,5.56387591072,1.0724875074091378,1.888119463373589,0.2678628243883028,0.28727953285578245,zara01
120,4.8,5,4.29012079461,3.44386090987,0.9613365791147344,3.2358346816864625,0.09120081746766728,0.08767468187683458,zara01
120,4.8,6,12.7647088988,5.13046971444,1.1807883537145178,5.54150843069462,0.03109677744199235,0.036718712641556905,zara01
120,4.8,7,12.4104961193,2.76845367668,1.2278008332499972,4.913526096423151,0.039553493512408444,0.048563812292483445,zara01
120,4.8,8,6.21019398972,7.37554245034,0.2159318627380144,3.756395513700742,0.06767507654193215,0.014613205338637112,zara01
120,4.8,9,10.3955031597,3.10162275708,1.1932558892688654,3.093483476619943,0.09978741692932948,0.11907192292585007,zara01
120,4.8,10,0.344741849567,6.98294707982,0.7664720990823821,6.552799243868371,0.022239122977581995,0.017045667270378508,zara01
130,5.2,1,6.9859683838,3.18849492417,1.338363791632995,2.517329713902836,0.1506923403287369,0.201681171972418,zara01
130,5.2,2,6.86684513175,3.75626658769,1.2976752278695864,1.9385776872719664,0.2541001740277685,0.32973950123318607,zara01
130,5.2,3,6.56503816455,5.04312022774,1.017420401838419,1.9017931712255065,0.26402485618959587,0.2686242752797494,zara01
130,5.2,4,6.32089863738,5.61638106666,1.0152399017476275,1.9385776872719664,0.2541001740277685,0.25797263571400675,zara01
130,5.2,5,3.91886034123,3.38849183633,0.9357681214013848,3.1209056676372993,0.09804153409932044,0.0917441421834309,zara01
130,5.2,6,13.0804065632,5.48177693962,1.1708513676530703,6.448699995892239,0.022962915907947426,0.026886161496122687,zara01
130,5.2,7,12.90151122,2.76845367668,1.2635332780559243,5.9304368891768915,0.02715176116995285,0.034307153796062084,zara01
130,5.2,8,6.28533003386,7.41802389469,0.14477144241852646,3.7076443174125955,0.0694664735801751,0.01005676157993041,zara01
130,5.2,9,9.87502294363,3.01761450758,1.3495846687636766,3.097537835658828,0.09952636491684838,0.13431925622955762,zara01
130,5.2,10,0.63497323574,6.88414192273,0.7667211489558947,5.825544203007848,0.028138333855183748,0.021574255663151035,zara01
140,5.6,1,6.45286026112,3.14076296423,1.3487328748999186,2.568203637517295,0.14478129888092084,0.19527129747140873,zara01
140,5.6,2,6.35036375273,3.70567071015,1.2849293246906064,1.9942769263850622,0.24010458478115224,0.3085174219779644,zara01
140,5.6,3,6.15820910764,5.04837074334,1.0171612359369717,1.9302297120208465,0.2563028227031561,0.2607012959148768,zara01
140,5.6,4,5.93511609144,5.65623725321,0.9695897597639465,1.9942769263850622,0.24010458478115224,0.2328029466761795,zara01
140,5.6,5,3.54949407383,3.3347933814,0.9330801215893493,3.1211763011690894,0.09802453270386022,0.09146474289405704,zara01
140,5.6,6,13.3329646948,5.87508828955,1.1917955411327676,7.222228162879868,0.018307497063924042,0.02181879337008591,zara01
140,5.6,7,13.4188344595,2.83933563719,1.3778217167158886,6.972492736889897,0.01964243121314649,0.027063768294571248,zara01
140,5.6,8,6.27943701079,7.46838111243,0.1294886860811768,3.763378824161653,0.06742415436888227,0.008730665159361002,zara01
140,5.6,9,9.3278136586,2.94124337167,1.338344226032369,3.80609757755989,0.06591914195527314,0.0882225030208479,zara01
140,5.6,10,0.925415087023,6.78533676565,0.8128708577151816,5.397416079926191,0.032779293199304775,0.026645332178216293,zara01
150,6.0,1,5.90986027828,3.10973719027,1.364487857436379,2.61136327888806,0.14003506474492522,0.19107614545976762,zara01
150,6.0,2,5.84209051299,3.67536091559,1.2554700219688133,2.041829223087083,0.2290511895374346,0.28756690196054585,zara01
150,6.0,3,5.75138005074,5.05385991873,1.0174242944162821,1.9505714972376387,0.25098492348050694,0.2553581586812793,zara01
150,6.0,4,5.5493335455,5.69609343976,0.9698208448345225,2.041829223087083,0.2290511895374346,0.22213861814754718,zara01
150,6.0,5,3.18012780644,3.28133358626,0.9330801215787707,3.12300939849968,0.09790949252890473,0.09135740119258617,zara01
150,6.0,6,13.4381972496,6.36553417796,1.224070729035201,7.2661248150863065,0.018086964014042195,0.022139723226702077,zara01
150,6.0,7,13.9755146745,3.01642120858,1.4604198054654096,8.066194190056533,0.014676889872639527,0.021434420652637457,zara01
150,6.0,8,6.26428352289,7.51945430957,0.13586654367677622,3.8672084194220897,0.06385225286695394,0.008675384903008556,zara01
150,6.0,9,8.81070088425,2.90114852532,1.2054536813013148,3.7408034305033384,0.0682404067065347,0.08226064947789118,zara01
150,6.0,10,1.25542437892,6.68939552617,1.048136226887208,4.7842025590660935,0.04172076508007757,0.043729045293880095,zara01
160,6.4,1,5.36265099326,3.08587121029,1.3693237076604148,2.555824093284593,0.14618723852192717,0.20017765146548272,zara01
160,6.4,2,5.34644517982,3.67536091559,1.2391133329249984,2.068470363211855,0.2231889949495794,0.27655645940415396,zara01
160,6.4,3,5.34434052872,5.05911043433,0.9860844232933711,1.9733241772201677,0.24523051388745898,0.241817989860652,zara01
160,6.4,4,5.16334053444,5.73571096651,0.9698208448358021,2.114861566178645,0.21350472589762118,0.20706133364646734,zara01
160,6.4,5,2.81076153905,3.22763513132,0.9330801215769772,3.126231642478342,0.09770776359767586,0.09116917193673393,zara01
160,6.4,6,13.5415356184,6.8318754266,1.1638633381110874,7.351013881506407,0.017671641653218644,0.020567375844417986,zara01
160,6.4,7,14.5321948894,3.19350677997,1.4606705098612411,9.170175607865895,0.011355756649251952,0.016587018854723027,zara01
160,6.4,8,6.22703119849,7.56360637252,0.34482969992436013,3.9867134922908445,0.06008157794131568,0.020717912492485942,zara01
160,6.4,9,8.3634625263,2.94601656766,1.1236786576123787,3.685140882738381,0.07031746260392083,0.0790142319854824,zara01
160,6.4,10,1.74433482858,6.60514861687,1.2404983551679578,3.917942713071757,0.06220928629287,0.07717051732247782,zara01
170,6.8,1,4.81544170823,3.06200523032,1.3300600492867756,2.3766948932586196,0.1690536359967626,0.22485148742596267,zara01
170,6.8,2,4.85079984665,3.67536091559,1.2506890058705789,2.1014829548999825,0.21623183727007375,0.2704387815928773,zara01
170,6.8,3,4.96276728497,5.07390734191,0.9512917905585212,2.017289005616715,0.23465787788914794,0.22322811282583035,zara01
170,6.8,4,4.7775579885,5.77556715307,0.9564610410543636,2.144951111817885,0.20755661813777448,0.1985198190617788,zara01
170,6.8,5,2.44139527166,3.17417533619,0.8898861206174016,3.156944491602578,0.09581587952055333,0.08526522132008954,zara01
170,6.8,6,13.6427693361,7.27387337567,1.1336659831879257,7.657951985589123,0.01628343796358004,0.01845997970866156,zara01
170,6.8,7,15.0890855695,3.37059235135,1.460921218729006,10.011381036090746,0.009527597458502289,0.013919069290634543,zara01
170,6.8,8,5.98962655483,7.54522956794,0.5952870724256143,3.8932734113774266,0.0630001486807373,0.03750317407053454,zara01
170,6.8,9,7.91622416834,2.99064595021,1.1264906337070757,3.61426141667609,0.07310250496438797,0.08234928714290805,zara01
170,6.8,10,2.23345574335,6.52114036737,1.2404983551679578,3.353418221363915,0.08491725411845252,0.10533971405931984,zara01
180,7.2,1,4.30338009651,2.98515677482,1.2802844120706216,2.2106132161726815,0.1954095829142736,0.2501798429743662,zara01
180,7.2,2,4.34610451377,3.65483617281,1.2933171145136184,2.166821604732472,0.2033878791611912,0.2630450250037963,zara01
180,7.2,3,4.58393008764,5.08989754849,0.9479237403519478,2.1233563106252404,0.21179983993381582,0.20077009647600655,zara01
180,7.2,4,4.40293009337,5.82091251501,0.9238562660364091,2.166821604732472,0.2033878791611912,0.18790116659892248,zara01
180,7.2,5,2.10086272428,3.17417533619,0.8510682870499995,3.136178426952648,0.09708896152898645,0.0826293361799378,zara01
180,7.2,6,13.744213519,7.71587132474,1.0911396797659538,9.52924607806941,0.010516090086979684,0.011474523169896934,zara01
180,7.2,8,5.75222191118,7.52685276336,0.5952641231558904,3.219943626853692,0.09210322669805712,0.05482574648024717,zara01
180,7.2,9,7.46603929886,3.02835419856,1.156576919100992,3.5435172483056685,0.07605053610895784,0.08795829474887722,zara01
180,7.2,10,2.72236619301,6.43689345807,1.2309446435207803,3.219943626853692,0.09210322669805712,0.11337397355495353,zara01
190,7.6,1,3.80647197269,2.88587429814,1.2668820058406276,2.255282418222986,0.18774549013715042,0.23785138313248488,zara01
190,7.6,2,3.8199417397,3.58681812989,1.3263907003262352,2.100334962885237,0.21646827599609628,0.28712150819687493,zara01
190,7.6,3,4.20509289032,5.10564909527,0.9479237403519504,1.6134660164881347,0.3668189276658986,0.3477163699449501,zara01
190,7.6,4,4.045139407,5.87461096995,0.9044946769880148,2.1977824615208217,0.19769786320245197,0.17881666491852252,zara01
190,7.6,5,1.76054064202,3.17417533619,0.8510682870500006,3.115513854355845,0.09838117570943203,0.08372909868899145,zara01
190,7.6,6,13.7553681698,8.13949246923,1.0536830485677995,9.970869111150202,0.009605176541192195,0.010120811699955304,zara01
190,7.6,8,5.51481726752,7.50871461858,0.5833858718453563,2.736805044856701,0.12749221268578356,0.07437715565118944,zara01
190,7.6,9,6.99101954643,3.0009083216,1.1895127820046878,3.4916072312866513,0.07832864494682229,0.09317292436135201,zara01
190,7.6,10,3.20706734047,6.37340995135,1.219663737512223,2.5718916021546283,0.14436637821916887,0.17607843642989468,zara01
200,8.0,1,3.30956384886,2.78635316165,1.2614232630267839,2.3917633282581856,0.16693022412352354,0.21056966801168742,zara01
200,8.0,2,3.29377896564,3.51856142718,1.2931302924271764,1.9051559140069012,0.26309363149146414,0.3402143446262848,zara01
200,8.0,3,3.82625569299,5.12163930185,0.9540604174008704,1.689198075249274,0.33466494680354125,0.31929057883682666,zara01
200,8.0,4,3.68734872064,5.92830942488,0.9044946769756506,2.2424518811019616,0.18990006645486723,0.17176359926574972,zara01
200,8.0,5,1.42000809464,3.17417533619,0.8513313684374992,3.095584500883366,0.0996520081652182,0.08483688047884005,zara01
200,8.0,6,13.7440030539,8.55881773732,1.048698140321977,10.300760270944638,0.00899979924837716,0.009438072735044255,zara01
200,8.0,8,5.28625215846,7.50060018539,0.5278822109822899,2.791244268171152,0.1225676031799988,0.06470125736145772,zara01
200,8.0,9,6.51599979401,2.97370110443,1.1894956858371823,3.4421449459468976,0.0805959230770218,0.09586850279618285,zara01
200,8.0,10,3.69050569728,6.31541562002,1.217261237629289,1.987729665311601,0.2416889213550761,0.2941985555299679,zara01
200,8.0,11,0.473546496657,7.30298987123,1.4443981549600964,3.9998686555573695,0.0596870233745143,0.08621182643720861,zara01
210,8.4,1,2.81644409701,2.69041192217,1.2060687715348413,2.551619988723705,0.1466693579142489,0.1768933323214421,zara01
210,8.4,2,2.79308246984,3.46128307524,1.2267283992890776,1.8225780815451074,0.2874743467728345,0.3526529452533125,zara01
210,8.4,3,3.44405105391,5.1636434266,0.9743729425048605,1.8225780815451074,0.2874743467728345,0.2801072251597094,zara01
210,8.4,4,3.32955803428,5.98200787982,0.8747899936230425,2.349171569691872,0.1730381684187933,0.15137205824761915,zara01
210,8.4,5,1.07947554727,3.17417533619,0.8510682870437493,3.090178086997807,0.10000100507001812,0.0851076840875936,zara01
210,8.4,6,13.732637938,8.97814300542,1.0451339986885364,9.938357783164413,0.0096681221157674,0.010104483126661056,zara01
210,8.4,8,5.09325565294,7.53377389755,0.48956706846033743,2.8874546331998654,0.11453574449174023,0.056072928664743504,zara01
210,8.4,9,6.04098004158,2.94649388726,1.181384936220344,3.414643795009416,0.08189937164735955,0.0967546839501021,zara01
210,8.4,10,4.17394405409,6.25742128869,1.2165394016053137,1.5729621095003756,0.3859533897863717,0.46952750585825503,zara01
210,8.4,11,0.999709270721,7.06433007152,1.4589374771375665,3.2751898027072923,0.08902222315511926,0.12987785765910714,zara01
220,8.8,1,2.35805108824,2.62645109585,1.157345088439784,2.710145023384023,0.13001286232900597,0.15046974765047288,zara01
220,8.8,2,2.31785225231,3.4152217339,1.1936718928754593,1.9732995061557856,0.24523664588678115,0.2927320912981028,zara01
220,8.8,3,3.05658478709,5.2450264183,0.9898020612143568,1.9732995061557856,0.24523664588678115,0.2427357375840313,zara01
220,8.8,4,2.99618130063,6.03809293275,0.800585607299131,1.6679727361688417,0.3432365174020057,0.2747902157315235,zara01
220,8.8,5,0.739153465005,3.17417533619,0.8510682870487511,3.1078790415421236,0.09886513564064017,0.08414098163852207,zara01
220,8.8,6,13.7208518918,9.39460435592,1.0091633852289494,10.38466213595128,0.008854960725253628,0.008936102141566345,zara01
220,8.8,8,4.90025914741,7.56694760971,0.4892573158423191,2.9648698396422386,0.10863258588791375,0.05314928738453087,zara01
220,8.8,9,5.57101145179,2.95866553705,1.172172687386617,3.3652450603015467,0.08432143544516107,0.09883928359005159,zara01
220,8.8,10,4.65654055046,6.19727901916,1.2078963791626607,1.8618924406596407,0.27546232239010965,0.33272994181075094,zara01
220,8.8,11,1.56249297386,6.88294862374,1.54062349850656,3.169112369877286,0.09508151757974115,0.14648482025701381,zara01
230,9.2,1,1.89944761437,2.56249026952,1.157564476906728,2.869083881398491,0.11600718563841947,0.1342857971609587,zara01
230,9.2,2,1.84262203477,3.36892173276,1.1903406847281357,2.1248186856977473,0.21150840403433108,0.25176705848398084,zara01
230,9.2,3,2.66911852027,5.32640941,0.989802061216925,2.1248186856977473,0.21150840403433108,0.2093514542778831,zara01
230,9.2,4,2.69963596117,6.09775788268,0.756220225069067,2.430531807712416,0.16164741507427413,0.12224104460930049,zara01
230,9.2,5,0.398620917631,3.17417533619,0.8513313684355011,3.1284614224980043,0.09756853274364859,0.08306315249689435,zara01
230,9.2,6,13.7065402644,9.78505178825,0.9767740914010252,10.95747267709079,0.007953359056472285,0.007768635065971832,zara01
230,9.2,8,4.70747310699,7.59988266208,0.49005553600060164,2.6112186129230937,0.1400505815376155,0.06863256280261212,zara01
230,9.2,9,5.10462076886,2.9973284246,1.1700008801125186,3.283095692768345,0.08859399773680844,0.10365505532475236,zara01
230,9.2,10,5.13008704712,6.11756664605,1.2004721389561517,2.5850137064047716,0.14290442659667205,0.17155278266280927,zara01
230,9.2,11,2.21072551151,6.83521666379,1.624968774434352,2.6112186129230937,0.1400505815376155,0.2275778218399973,zara01
240,9.6,1,1.4408441405,2.498768103,1.1573039087620862,3.0280985210669327,0.1041433107272055,0.12052546057601943,zara01
240,9.6,2,1.37160111943,3.30830214363,1.1829713618187099,2.288242209711182,0.18237587856687357,0.21574544143113808,zara01
240,9.6,3,2.28165225345,5.40779240171,0.9898020612169237,2.288242209711182,0.18237587856687357,0.18051602052173885,zara01
240,9.6,4,2.4030906217,6.15742283261,0.756220225069066,2.5516944774071137,0.14666079493933115,0.11090785935782915,zara01
240,9.6,5,0.0580883702566,3.17417533619,0.8513313684359992,3.1517108906154907,0.09613435951613084,0.08184219584058598,zara01
240,9.6,6,13.6922286369,10.1754992206,0.9770722159696883,11.350700154312861,0.0074118407483593765,0.0072419036644139284,zara01
240,9.6,8,4.50942543884,7.59773472388,0.5003053748057809,2.5516944774071137,0.14666079493933115,0.07337518398143585,zara01
240,9.6,9,4.63823008593,3.03622997195,1.1700008801135535,3.2779396076467804,0.08887292749888731,0.10398140339196618,zara01
240,9.6,10,5.60363354378,6.03809293275,1.2004227265963683,3.153281635352554,0.0960386085193866,0.11528692829736327,zara01
240,9.6,11,2.85895804915,6.78748470385,1.6797849948925776,1.8386265796481729,0.28247779456685074,0.47450196070374395,zara01
250,10.0,1,0.982451131732,2.43480727668,1.1573450884422567,3.2529843372276943,0.09024173522648032,0.10444082903687359,zara01
250,10.0,2,0.907104622486,3.22596451273,1.1793443123603462,3.222650510289624,0.09194856643182792,0.1084390188510637,zara01
250,10.0,3,1.89418598663,5.48917539341,0.9684780780557765,2.4690996557184,0.15663692336213755,0.15169942649033294,zara01
250,10.0,4,2.10654528224,6.21708778254,0.7562202250543459,2.5850349488311477,0.14290207798294086,0.10806544157299323,zara01
250,10.0,6,13.6779170095,10.5661853127,0.9770818849629832,10.875782000745422,0.008073287051758634,0.007888262530379572,zara01
250,10.0,8,4.30822079403,7.57172080571,0.5074593004693427,2.5850349488311477,0.14290207798294086,0.07251698852883863,zara01
250,10.0,9,4.171839403,3.07489285951,1.15074467713406,3.3191060902894525,0.08668203801031801,0.09974889384350571,zara01
250,10.0,10,6.07718004044,5.95861921945,1.1833471273556784,3.4563276267872913,0.07993584616853099,0.09459185393627655,zara01
250,10.0,11,3.53897081835,6.63116253504,1.7623336582841689,2.002361549347282,0.23816963323297025,0.4197343610276592,zara01
260,10.4,1,0.523847657858,2.37084645035,1.1573450884379237,3.4521105011283746,0.08013126599043705,0.09273952712434515,zara01
260,10.4,2,0.442608125542,3.14362688183,1.1790332254136326,3.277459355543507,0.08889897483178602,0.10481484503188603,zara01
260,10.4,3,1.55133832305,5.6664996246,0.9647417303036274,2.7874698613928315,0.12289975615263761,0.1185665234045895,zara01
260,10.4,4,1.80999994278,6.27675273246,0.7109286787063847,2.6240353010482123,0.13868581257706714,0.09859572149073564,zara01
260,10.4,6,13.6633949169,10.956632745,0.976793506079797,10.458257995063823,0.008730772654485306,0.008528162031960317,zara01
260,10.4,8,4.10680568412,7.54570688754,0.5074211541113929,2.9322953483589074,0.11105956271640383,0.05635397148866425,zara01
260,10.4,9,3.71976034752,3.09875883948,1.1292986190747918,3.3608550721171015,0.08454186260289974,0.09547300869146545,zara01
260,10.4,10,6.54188700249,5.9120805585,1.1533948903192441,3.984868624108179,0.060137222561138376,0.06936196522000818,zara01
260,10.4,11,4.22719172683,6.44739448926,1.7834589282633486,2.423207529297194,0.16262606831538165,0.29003691350543265,zara01
270,10.8,1,0.0654546490935,2.30688562403,1.1570845306947863,3.717115085510149,0.06911293987456818,0.07996951359970171,zara01
270,10.8,2,-0.0216779062914,3.06152791072,1.1787221905863918,3.2917898359047295,0.08812663392534727,0.10387681898949036,zara01
270,10.8,3,1.20870112458,5.84382385578,0.9647417303047394,3.175312019021596,0.09471059554928546,0.09137126382841,zara01
270,10.8,4,1.57385808978,6.4163687153,0.6859707189606478,3.345248271210733,0.08533253983620177,0.05853562370217744,zara01
270,10.8,8,3.90560103932,7.51993162917,0.5074211541113938,3.175312019021596,0.09471059554928546,0.04805815970019586,zara01
270,10.8,9,3.26957547803,3.12095420085,1.1270919718080465,3.414853182560939,0.08188932835575514,0.09229680456652464,zara01
270,10.8,10,6.99796489505,5.89895426952,1.140675486558341,4.649534603213235,0.044172544162466854,0.05038653830504169,zara01
270,10.8,11,4.91520217019,6.25479603089,1.7991652531585682,3.345248271210733,0.08533253983620177,0.15352734063706358,zara01
280,11.2,3,0.865853460999,6.02114808697,0.9328400664919636,3.4782697762971915,0.07893050035675282,0.07362953320103725,zara01
280,11.2,4,1.33771623678,6.55622335793,0.6859707189542825,3.7207268163089706,0.06897882834562609,0.04731745647287317,zara01
280,11.2,8,3.70418592941,7.493917711,0.4770658817766376,3.1976837815364965,0.09338999530933653,0.04455318046136468,zara01
280,11.2,9,2.81918014343,3.14314956223,1.1270919718080457,4.007128908698721,0.05947093333295173,0.0670292115155014,zara01
280,11.2,10,7.45404278761,5.88558932073,1.1404125160761012,5.385436617342809,0.03292528509734262,0.03754840722038345,zara01
280,11.2,11,5.60321261356,6.02520530357,1.8131731378000835,4.007128908698721,0.05947093333295173,0.10783109879920767,zara01
290,11.6,3,0.552470912767,6.19918829756,0.8700689337656331,3.536094791214734,0.07637013969062754,0.06644728601215677,zara01
290,11.6,4,1.10157438378,6.69583934076,0.6858188417863184,3.751099377837369,0.06786631083667331,0.04654399469431756,zara01
290,11.6,8,3.52529058623,7.48795121601,0.4474870310547804,3.242464804171536,0.09082822783832083,0.04064445401133734,zara01
290,11.6,9,2.36899527394,3.1653449236,0.9868011022659379,4.474588697121374,0.0476941528829787,0.04706464263656354,zara01
290,11.6,10,7.90991021506,5.87246303175,1.1880568122787947,6.166865235774209,0.025109754476730778,0.029831814860727963,zara01
290,11.6,11,6.29122305693,5.79585323604,1.8170235810696804,4.72265230177647,0.04281534393804584,0.0777964895670381,zara01
300,12.0,3,0.268343014773,6.37818314734,0.8395229994924912,3.645150244439883,0.07186882008023043,0.060335527403741235,zara01
300,12.0,4,0.86543253078,6.83545532359,0.7629410590556228,3.829595853160546,0.06511266839520556,0.04967712818337571,zara01
300,12.0,8,3.34639524305,7.48198472102,0.44748703106769044,4.111617843716366,0.05648666021077833,0.025277047872650636,zara01
300,12.0,9,2.03098830789,3.18754028497,0.753428611008578,4.491386024312297,0.047338077405906225,0.03566586190774848,zara01
300,12.0,10,8.40324043202,5.83690272159,1.2419906810001455,6.901066472223866,0.020051134989336982,0.024903322800232483,zara01
300,12.0,11,6.97902303518,5.55600013733,1.8235740118645807,5.4856767800070925,0.03173298685791542,0.05786745015293483,zara01
310,12.4,3,-0.0157848832219,6.55717799713,0.8395229995001066,3.7927996257149426,0.06638219108486934,0.05572937617295874,zara01
310,12.4,4,0.580252307238,7.01325687438,0.8486557923730564,3.984404820677243,0.06015122388619311,0.05104768456934633,zara01
310,12.4,8,3.16749989986,7.47601822602,0.4474870310676913,4.489765164588666,0.04737226281658449,0.021198473242751783,zara01
310,12.4,9,1.76790692085,3.20997430615,0.6600904365612512,4.489765164588666,0.04737226281658449,0.03126997764349359,zara01
310,12.4,10,8.90077995117,5.79895581344,1.2474612743476043,7.588194970594523,0.016584195924367714,0.020688142181842093,zara01
310,12.4,11,7.66661254833,5.30946456423,1.8259813752500837,6.261196964114533,0.02435884265079077,0.044478793002991325,zara01
320,12.8,4,0.289599990845,7.19511564176,0.8571441692387195,8.341561584731435,0.013723872070504572,0.011763336924611107,zara01
320,12.8,8,2.98860455668,7.47005173103,0.2775772988053389,5.880711436083827,0.027612876051924907,0.007664707546739946,zara01
320,12.8,9,1.50482553382,3.23240832732,0.5359486457435705,7.089499838955701,0.018999413206890855,0.010182709778155661,zara01
320,12.8,10,9.39831947033,5.76100890528,1.2471989549681277,8.288610704368963,0.013899779065617767,0.017335789924926338,zara01
320,12.8,11,8.35399159637,5.06269033132,1.8163649698087945,7.089499838955701,0.018999413206890855,0.03450986859591912,zara01
330,13.2,8,2.95282548805,7.41921719369,0.15540857318210935,7.147008756429025,0.018694883091532263,0.0029053451070613703,zara01
330,13.2,9,1.34087321342,3.2483985339,0.22563166842316879,8.905511769521455,0.012040752185480069,0.0027167750046797837,zara01
330,13.2,10,9.89564852437,5.72306199713,1.230412686218278,5.579737298289312,0.03067212585504647,0.037739372765332825,zara01
330,13.2,11,9.06915203887,4.92951816308,1.8264880138605963,6.07367174586353,0.025886226618720233,0.047280882643171616,zara01
330,13.2,12,15.0366797572,3.79898669184,1.3434799919772764,6.07367174586353,0.025886226618720233,0.03477762753004022,zara01
330,13.2,13,14.8948262733,3.2448186369,1.4281673009256666,6.064379010188321,0.025965620788259886,0.037083250558028504,zara01
340,13.6,8,2.91704641941,7.36838265635,0.1553165183169436,7.644463847956948,0.01634095069978591,0.0025380195686795707,zara01
340,13.6,9,1.32571972553,3.25484234849,0.04116665380671222,9.385805124770654,0.010839975893340695,0.00044624553487426246,zara01
340,13.6,10,10.3818229276,5.72067539913,1.2018459108953503,4.650289458900549,0.04415820475834417,0.053071357821295545,zara01
340,13.6,11,9.80262294592,4.87152383175,1.8393767410818744,4.8098054720772145,0.041277782449214,0.07592539296052184,zara01
340,13.6,12,14.5010460532,3.84242277539,1.3434799919762628,4.8098054720772145,0.041277782449214,0.05545587483366794,zara01
340,13.6,13,14.3236239658,3.25341038969,1.4281673009256652,4.801847699910032,0.04141470947890505,0.059147133855108384,zara01
350,14.0,8,2.88105688566,7.31778677881,0.15531651830972518,8.127465955651223,0.014456430212715685,0.00224532240782652,zara01
350,14.0,9,1.31056623764,3.26128616308,0.04116665381160367,9.866116038897488,0.00981022445292779,0.00040385411386780737,zara01
350,14.0,10,10.8566322149,5.75384911129,1.1899377240951063,3.820326925339567,0.06542900611975946,0.07785644263195136,zara01
350,14.0,11,10.536093853,4.81376816022,1.8317038114214237,3.571098195927769,0.07488033822203607,0.1371586009218288,zara01
350,14.0,12,13.9654123492,3.88585885893,1.3437422127436016,3.6268307799413946,0.07259668609285334,0.0975512316082634,zara01
350,14.0,13,13.7524216583,3.26200214248,1.425550551245985,3.820326925339567,0.06542900611975946,0.09327235574150003,zara01
360,14.4,8,2.84527781703,7.26695224147,0.1577234215773959,8.786677020164435,0.012368643046183734,0.0019508247015135635,zara01
360,14.4,9,1.29541274975,3.26772997768,0.04116665382310724,10.347459211205567,0.008918748877029713,0.0003671550475559086,zara01
360,14.4,10,11.3314415022,5.78726148325,1.1896752872257286,3.1240168515936393,0.09784635374255668,0.11640538899266636,zara01
360,14.4,11,11.2626194114,4.7462274369,1.806751835950992,2.4216704852143125,0.1628325726799983,0.29419804964221025,zara01
360,14.4,12,13.4295681801,3.92929494248,1.3739755196551802,2.802530146695398,0.12158242354186048,0.16705127356686397,zara01
360,14.4,13,13.1833240018,3.27130987467,1.3976175907339905,3.1240168515936393,0.09784635374255668,0.13675178517977785,zara01
370,14.8,8,2.79308246984,7.22733471472,0.18987865432690826,9.532983652738272,0.010507845665650427,0.001995215594868539,zara01
370,14.8,9,1.28025926185,3.27417379227,0.041166653818215444,10.829381981897983,0.008142617542966822,0.0003352043175654432,zara01
370,14.8,10,11.8060403244,5.82043519541,1.2023288214558285,2.664077551223036,0.13454812687254314,0.1617710908117541,zara01
370,14.8,11,11.9729391564,4.65673001201,1.789839254651807,1.5198425643476692,0.4134035253826133,0.739925857741246,zara01
370,14.8,12,12.8695205234,3.97082174763,1.4112652665913725,2.1335557269201337,0.20977967122284866,0.296054763633764,zara01
370,14.8,13,12.634641461,3.28849338025,1.3723695672776686,2.664077551223036,0.13454812687254314,0.1846497546540929,zara01
380,15.2,8,2.70300340292,7.21373110614,0.22801132151433684,10.120423639325148,0.009323393134336144,0.002125839189557679,zara01
380,15.2,9,1.26510577396,3.28061760686,0.04116665380671217,11.06266883044597,0.007802819465736085,0.0003212159676622322,zara01
380,15.2,10,12.2915833324,5.84477849498,1.2681508558442085,2.5476519386296967,0.14712659823486599,0.18657872146899232,zara01
380,15.2,11,12.6832589014,4.56723258712,1.7876044695311413,1.3960273196538968,0.4899858600258355,0.8759009133892437,zara01
380,15.2,12,12.3035798436,4.01187123318,1.418852631207915,1.8329465203982753,0.2842312299718781,0.40328222851706125,zara01
380,15.2,13,12.0859589202,3.30543822603,1.3714921323698364,2.5476519386296967,0.14712659823486599,0.20178297194145656,zara01
390,15.6,8,2.61271387089,7.20012749756,0.22805600891638922,9.71786739676475,0.01011182266586074,0.0023060619200464833,zara01
390,15.6,9,1.24995228607,3.28706142145,0.04116665382310738,10.515420466406123,0.008636108622978906,0.0003555196940609252,zara01
390,15.6,10,12.8204821528,5.8330841648,1.3223006447943133,2.7847181208832312,0.12314276482682593,0.1628317573322664,zara01
390,15.6,11,13.3921053906,4.48036042002,1.766192546116515,2.1646006982091266,0.20380545012068657,0.35995966686107783,zara01
390,15.6,12,11.7374286987,4.05315937853,1.3824208368041797,2.0835395434731363,0.2199722450880055,0.3040942151282547,zara01
390,15.6,13,11.5398019608,3.36032997997,1.3804149475109746,2.7847181208832312,0.12314276482682593,0.1699881132447792,zara01
400,16.0,8,2.52263480397,7.18628522917,0.2701624914416153,9.242326805588117,0.01117914888329735,0.0030201867145083637,zara01
400,16.0,9,1.23479879817,3.29350523605,0.0411666538231073,10.009821714250092,0.009530566092390868,0.00039234151506369936,zara01
400,16.0,10,13.3491705082,5.82162849441,1.3220376265619027,3.3006624537447546,0.0876534786050636,0.11588119681493281,zara01
400,16.0,11,14.0881135081,4.4161609339,1.7476687511620983,3.2205902094194556,0.09206624815763964,0.1609013049418419,zara01
400,16.0,12,11.2072670876,4.15745371101,1.3476649970314094,2.892439372862137,0.11414131001442264,0.15382424822174806,zara01
400,16.0,13,10.9995380244,3.50352585979,1.397042602571076,3.3006624537447546,0.0876534786050636,0.12245564387482619,zara01
410,16.4,8,2.40582666813,7.13759863003,0.3282214334340582,8.77767775622562,0.012394017808330646,0.004067982291057529,zara01
410,16.4,9,1.21964531028,3.29994905064,0.041166653806711875,9.510945673285484,0.010556597910537618,0.0004345798115597601,zara01
410,16.4,10,13.8778588636,5.80993416422,1.3038313882542836,4.0453394073464555,0.05835276663405929,0.07608216872896377,zara01
410,16.4,11,14.7843320908,4.35196144777,1.7479581390189833,4.381970934442771,0.0497315959934972,0.08692874798323728,zara01
410,16.4,12,10.6811043135,4.26890783747,1.3445322183169723,4.104068237077712,0.056694670545181326,0.07622781115486256,zara01
410,16.4,13,10.4594845531,3.64672173962,1.391255192431648,4.381970934442771,0.0497315959934972,0.06918934115386592,zara01
420,16.8,8,2.28249411389,7.0800816183,0.340338680690396,8.322571920123053,0.013786571209655098,0.004692103456738214,zara01
420,16.8,9,1.20449182239,3.30639286523,0.041408883123185324,9.014624073812852,0.011751035570681858,0.0004865972585227584,zara01
420,16.8,10,14.3922355915,5.82186715421,1.1639480268352316,4.916325757891493,0.0395084579036695,0.045985791620278924,zara01
420,16.8,11,15.4805506734,4.28752330185,1.747985607433517,5.5829469851158064,0.03063686862646822,0.05355280541589791,zara01
420,16.8,12,10.1549415394,4.38012330414,1.3002049902846444,5.326414122894345,0.03365902435846409,0.043763631438987406,zara01
420,16.8,13,9.92090433753,3.77798462946,1.3733251309975931,5.5829469851158064,0.03063686862646822,0.04207438161980052,zara01
430,17.2,8,2.15916155965,7.02232594677,0.25863394458014777,7.923873156563447,0.015208849150219287,0.003933524648245643,zara01
430,17.2,9,1.18912786938,3.31283667982,0.04140888312318588,8.54974110096997,0.01306367761488253,0.0005409522995136504,zara01
430,17.2,10,14.7782286026,6.04740066494,1.1172536935353026,12.656671455782446,0.005961181823039256,0.006660152409626117,zara01
430,17.2,12,9.66034853181,4.46890474963,1.2512659331725746,7.923873156563447,0.015208849150219287,0.019030314824430055,zara01
430,17.2,13,9.38611249397,3.88108566294,1.3613968364429756,7.880114867679601,0.015378227648837233,0.020935870471226907,zara01
440,17.6,8,2.08360458529,7.02304192617,0.18233466056754238,7.503231532949835,0.016961907324183567,0.0030927436145331217,zara01
440,17.6,9,1.17397438149,3.31928049441,0.04116665381160408,8.090297870575869,0.01458956550573681,0.0006006035924363877,zara01
440,17.6,10,15.1640111485,6.27269551587,1.1168760634484423,13.10191037957127,0.0055629112739433596,0.006213082444954819,zara01
440,17.6,12,9.16933343106,4.55506093733,1.246550416322787,7.503231532949835,0.016961907324183567,0.021143872636589556,zara01
440,17.6,13,8.85153111552,3.98442535622,1.361396836440608,7.418761364120415,0.017350363539005778,0.023620730033096938,zara01
450,18.0,8,2.01351970379,7.03044037996,0.17641637105796362,7.07990982449433,0.01905091896150868,0.0033608939885087104,zara01
450,18.0,9,1.1588208936,3.32572430901,0.04116665381160428,7.633491855640075,0.01638795975988046,0.0006746374661135006,zara01
450,18.0,12,8.67810786519,4.64121712503,1.2480525872930228,7.633491855640075,0.01638795975988046,0.020453035578772753,zara01
450,18.0,13,8.31673927196,4.08752638969,1.3039635518333295,7.198342720473389,0.018429194009018,0.02403099727742463,zara01
460,18.4,8,1.94322435717,7.03760017395,0.203975356769885,6.656236986879025,0.021553302779389168,0.00439634262399526,zara01
460,18.4,9,1.14366740571,3.3321681236,0.04116665381821518,7.179434532366359,0.01852639429170578,0.0007626696603064096,zara01
460,18.4,12,8.18604043888,4.72832795192,1.2529273762393758,6.670767455976226,0.021459508920327053,0.026887206206930855,zara01
460,18.4,13,7.82761835719,4.18394494878,1.2077546028482866,6.738005942539982,0.021033357459957252,0.02540313428561672,zara01
460,18.4,14,14.6904646519,3.2479212143,1.5868701927909645,6.926384316244995,0.01990481804188813,0.03158636244360009,zara01
460,18.4,15,15.0693018492,4.00948463519,1.5393582684444067,7.243784659932132,0.018198698053493723,0.02801431632356869,zara01
470,18.8,8,1.85040924383,7.02566718396,0.25504310060012364,6.244380878227301,0.0244902157847939,0.006246060568119926,zara01
470,18.8,9,1.12851391781,3.33861193819,0.041166653818216284,6.727567814521735,0.0210986765184706,0.0008685619122584079,zara01
470,18.8,12,7.69144743126,4.81782537682,1.2565628522119199,6.543002462984397,0.02230576972726205,0.028028601629270698,zara01
470,18.8,13,7.36901488332,4.27559031187,1.1694935769229156,6.310450124458259,0.023980084265649758,0.02804455452274766,zara01
470,18.8,14,14.059069323,3.31307533962,1.586870192790972,6.758939523156535,0.0209032714796695,0.03317077844290517,zara01
470,18.8,15,14.4547437291,4.04767020314,1.539358268444415,7.089393546128066,0.018999982935875275,0.029247780832642394,zara01
480,19.2,8,1.74244064259,7.00132388439,0.2765064030074928,5.842556822930622,0.027974703501674966,0.007735184640449258,zara01
480,19.2,9,1.11336042992,3.34505575278,0.04116665381160443,6.280889865600237,0.024206334236644072,0.0009964937815679143,zara01
480,19.2,12,7.19685442364,4.90732280171,1.2565628522096959,6.280889865600237,0.024206334236644072,0.030416780389938686,zara01
480,19.2,13,6.91020094433,4.36747433476,1.1695521338773605,5.886314611561565,0.02756033174827064,0.03223324480655789,zara01
480,19.2,14,13.4276739941,3.37822946494,1.5839460637180278,6.592121082545696,0.02197460263281889,0.034806585342021294,zara01
480,19.2,15,13.840185609,4.08585577109,1.553587239138291,6.935704468038192,0.01985135807140913,0.03084081657930614,zara01
490,19.6,8,1.63468250646,6.97674192502,0.27650640300749324,5.435061158411342,0.03232678473605186,0.008938562968163238,zara01
490,19.6,9,1.09820694203,3.35149956738,0.04116665382310703,5.466821860008111,0.031952256753164,0.0013153674926245362,zara01
490,19.6,12,6.70226141602,4.9968202266,1.2315041933460955,5.840591290195152,0.027993535309908838,0.03447415612073473,zara01
490,19.6,13,6.45159747046,4.45935835765,1.1640085670048659,5.466821860008111,0.031952256753164,0.03719270059582198,zara01
490,19.6,14,12.7988042465,3.44505420886,1.5560519359865832,6.427740408888702,0.023112915100218498,0.035964896287988525,zara01
490,19.6,15,13.2172088845,4.1627042266,1.5862945917968054,6.772112039774398,0.020822032156606912,0.03302987700024472,zara01
490,19.6,16,0.261397666155,7.2440409007,0.35923701885727644,6.787711726552997,0.02072643471777217,0.00744570261955243,zara01
500,20.0,8,1.52671390522,6.95239862545,0.2026806890565457,5.056402270254607,0.037349788486465016,0.007570080866552967,zara01
500,20.0,9,1.08305345413,3.35794338197,0.04116665381821594,5.055930755208644,0.037356755278253155,0.0015378526123116586,zara01
500,20.0,12,6.22976724492,5.09538672388,1.1495148305214027,5.432068870205472,0.032362409357704146,0.037201069508085535,zara01
500,20.0,13,5.99678236856,4.54861712274,1.1561172633222747,5.075399253232949,0.037070714708916076,0.04285809323867285,zara01
500,20.0,14,12.1920333355,3.52930111816,1.5312184428091153,6.27854598299351,0.024224410841108393,0.03709286464609025,zara01
500,20.0,15,12.5858135556,4.27821556966,1.6046863629154053,6.594577240710266,0.02195823674717456,0.03523608306185895,zara01
500,20.0,16,0.350003477307,7.13091615564,0.35923701886788667,6.209217353420375,0.02476838312621931,0.008897720116440692,zara01
510,20.4,8,1.48419995308,7.03712285435,0.27981568559966724,4.692936210827871,0.043359281792913165,0.012132607161993166,zara01
510,20.4,9,1.06789996624,3.36438719656,0.04116665380671222,4.653274846064553,0.04410156204826994,0.001815513737176367,zara01
510,20.4,12,5.80883702566,5.21471662374,1.0937946404680459,5.089224222852656,0.036869581737595435,0.04032775090088043,zara01
510,20.4,13,5.54386145265,4.63668258883,1.1535648939211274,4.716244794263829,0.04293176113407158,0.04952457247847246,zara01
510,20.4,14,11.5854728896,3.61354802746,1.5309578625766953,6.127631931321824,0.025432323593148072,0.03893581576852483,zara01
510,20.4,15,11.9544182267,4.39372691272,1.5618684591208292,6.4151590482132566,0.023203661742161697,0.03624106741119103,zara01
510,20.4,16,0.43860928846,7.01779141057,0.3590022077457054,5.633229880000879,0.0300923728094512,0.010803228274899816,zara01
520,20.8,8,1.46967786052,7.16886306379,0.3313454952515705,3.8208479752954054,0.06541116219798215,0.0216736939334712,zara01
520,20.8,9,1.05274647835,3.37083101115,0.04116665382310703,3.8208479752954054,0.06541116219798215,0.0026927586703714363,zara01
520,20.8,12,5.38790680641,5.3340465236,1.0937946404526122,4.7589736517771986,0.0421642890001604,0.04611907332687048,zara01
520,20.8,13,5.09094053673,4.72498671473,1.1535648939211272,4.368761263745874,0.05003279404339124,0.05771607475324222,zara01
520,20.8,14,10.9789124436,3.69779493676,1.5246223220047534,5.976900210378246,0.026731256431784235,0.040755070251131384,zara01
520,20.8,15,11.3562763852,4.500646503,1.4551122170593898,6.2693509891154084,0.024295520802538734,0.035352709139594665,zara01
520,20.8,16,0.527215099612,6.90490532531,0.3233448259170698,3.5729349963361683,0.07480336795410455,0.024187281989130456,zara01
520,20.8,17,0.218041853572,6.45622490185,0.7707638685031888,3.1963083817733646,0.09347038568370679,0.07204359606005892,zara01
530,21.2,8,1.45515576795,7.30060327323,0.20694415397644733,3.945486634112368,0.06134373697269734,0.012694727749568565,zara01
530,21.2,9,1.03759299045,3.37727482575,0.04116665382310703,3.876148672846447,0.06355804485909884,0.0026164720303880297,zara01
530,21.2,12,4.96697658716,5.45337642345,1.0984718213089708,4.444125706375338,0.04835024869469789,0.05311138574440648,zara01
530,21.2,13,4.63801962082,4.81305218082,1.160139842109591,4.03962037118052,0.05851810782105888,0.06788918836807527,zara01
530,21.2,14,10.3877159507,3.84385473418,1.5227584593666688,5.830810541975193,0.028087528196925393,0.042770521164567976,zara01
530,21.2,15,10.8078043095,4.59467846408,1.3913946362887675,6.173648045105342,0.025054610057804405,0.03486085004873565,zara01
530,21.2,16,0.611822073681,6.8256702718,0.22289300113190239,3.4745808417569872,0.0790981890814887,0.017630432748471692,zara01
530,21.2,17,0.504274402663,6.34166819799,0.7707638685066693,3.0119855214558315,0.10526054692503127,0.0811310263490649,zara01
540,21.6,8,1.45263018664,7.33353832559,0.05167719066920673,3.558530653875653,0.07541017688254041,0.0038969860891576464,zara01
540,21.6,9,1.02243950256,3.38371864034,0.05598820017735235,3.5000788811158685,0.07794992788777912,0.004364276166391157,zara01
540,21.6,12,4.53952194951,5.56315993132,1.1535399182831094,3.807354085339513,0.06587563969866637,0.07599018003484717,zara01
540,21.6,13,4.17878475161,4.89634445092,1.2271604251692465,3.6402427628210545,0.07206272618700427,0.08843252570649915,zara01
540,21.6,14,9.80304387614,4.01616710958,1.5238376502125897,5.692714892919486,0.0294667687385492,0.04490257163390861,zara01
540,21.6,15,10.2591217687,4.68847176537,1.3929200069842702,6.0838893230229525,0.02579935047703305,0.035936431446658514,zara01
540,21.6,16,0.686958117818,6.8256702718,0.18784011034125003,3.458262395021315,0.07984642896661077,0.01499836202744295,zara01
540,21.6,17,0.790506951753,6.22711149412,0.6637475867902365,2.8528364182075028,0.11733231573239625,0.0778790414198881,zara01
550,22.0,8,1.45305111685,7.34189141858,0.02062639419001588,3.137174862166196,0.09702729617685145,0.002001323258135159,zara01
550,22.0,9,0.996131363858,3.39421967152,0.12905935109287547,3.4394224273905385,0.08072356703159016,0.010418131178999262,zara01
550,22.0,12,4.05397894161,5.58774189069,1.215659886909375,3.137174862166196,0.09702729617685145,0.11795219189747368,zara01
550,22.0,13,3.66377662836,4.93405269928,1.290966883307555,3.080165094698736,0.10065222783866365,0.12993869287084153,zara01
550,22.0,14,9.2183718016,4.18847948497,1.516473792797781,5.604409599277845,0.030402664395242085,0.04610484378661082,zara01
550,22.0,15,9.70896597214,4.77987846866,1.4085923264958105,6.047155024930197,0.026113746109291708,0.036783622385608124,zara01
550,22.0,16,0.762094161954,6.8256702718,0.2027948832288799,3.4394224273905385,0.08072356703159016,0.016370326349989986,zara01
550,22.0,17,1.02201857234,6.22377025693,0.5393414071241858,2.8296690023670723,0.11926145606198202,0.06432264152814864,zara01
560,22.4,8,1.45368251218,7.35000585178,0.0206263941908148,2.7370897208972265,0.12746569394171958,0.002629157649047662,zara01
560,22.4,9,0.926046482352,3.42071090929,0.18731117649226514,3.394621227218626,0.08286835861232125,0.015522169745656827,zara01
560,22.4,12,3.56822546859,5.61208519026,1.21592263525152,2.7370897208972265,0.12746569394171958,0.15498842248177938,zara01
560,22.4,13,3.14876850511,4.97176094763,1.2912075165432737,2.7103965414470133,0.12998873370758077,0.1678424300291703,zara01
560,22.4,14,8.63664623859,4.34981350958,1.4488827519895797,5.523008295605081,0.031305452884769845,0.04535793072796546,zara01
560,22.4,15,9.14344622257,4.84694187238,1.4240021508386718,5.995977046133324,0.02656143037737457,0.03782353398673302,zara01
560,22.4,16,0.84880578712,6.81445326122,0.2344721071830136,2.947090678399227,0.10994725334833083,0.025779564171567775,zara01
560,22.4,17,1.21669879875,6.29441355764,0.518000066108633,2.3414318860475705,0.17418402636671987,0.09022733717302878,zara01
570,22.8,8,1.4541034424,7.35835894477,0.020924120316842924,2.3697693521602314,0.17004318267104265,0.003558004013267796,zara01
570,22.8,9,0.855961600847,3.44720214706,0.18766283634945324,3.1226760215131106,0.0979303992856197,0.018377896494773862,zara01
570,22.8,12,3.08247199558,5.63666714963,1.198816332993726,2.3697693521602314,0.17004318267104265,0.20385054470028166,zara01
570,22.8,13,2.63354991674,5.00923053619,1.2782694155493262,2.36637970521372,0.17053067769729824,0.21798414971335592,zara01
570,22.8,14,8.08080788407,4.4109104183,1.3979652816934771,5.480018825342853,0.031798547394664034,0.04445326526602489,zara01
570,22.8,15,8.5777160079,4.9142439359,1.4240021508386698,5.944924976274385,0.0270195819609007,0.03847594282708432,zara01
570,22.8,16,0.946672063096,6.79225789984,0.2508789802845894,2.428380393095277,0.16193396380909802,0.040625827713868114,zara01
570,22.8,17,1.41158949026,6.36505685836,0.46977501328086485,1.8227451589205264,0.2874216479544308,0.1350235084850008,zara01
580,23.2,8,1.45473483773,7.36671203776,0.020626394178340036,1.183269287389784,0.6820311298594798,0.01406784292638025,zara01
580,23.2,9,0.785666254232,3.47393204463,0.2079144535425005,3.0734422989647237,0.10109303938750003,0.021018704041202547,zara01
580,23.2,12,2.61103015001,5.67175014019,1.1155919941756511,1.9131614458684991,0.2608964329241146,0.29105397187912696,zara01
580,23.2,13,2.13201156051,5.0810671359,1.2459395522361079,2.00880648078696,0.23664382714574483,0.2948439040334082,zara01
580,23.2,14,7.52496952955,4.47200732703,1.3979979082323086,5.427241426969395,0.03242000663884978,0.04532310146598955,zara01
580,23.2,15,8.01219625833,4.98130733962,1.3826112773732473,5.8810308703007435,0.0276098764900842,0.038173726602072904,zara01
580,23.2,16,1.04453833907,6.77006253847,0.2508789802867008,0.7240523410057665,1.8215095726589317,0.4569784641711369,zara01
580,23.2,17,1.55954646233,6.44834912846,0.41942299075480305,1.3027056281396072,0.5627024461788812,0.23601034288138995,zara01
580,23.2,18,0.352108128404,6.93736305807,0.4313491062824802,1.3027056281396072,0.5627024461788812,0.24272119726222582,zara01
590,23.6,8,1.45515576795,7.37482647095,0.02062639417834001,1.2058089944510344,0.6567715683522433,0.013546829253959948,zara01
590,23.6,9,0.694534861764,3.48729699341,0.24649984814851922,3.2080839789440545,0.09278546000422262,0.02287160180143138,zara01
590,23.6,12,2.19704527938,5.7485985957,1.052956117161001,1.4528608428309961,0.4524007791144748,0.476358167776989,zara01
590,23.6,13,1.66204297071,5.23213878912,1.23447385511888,1.60232848280291,0.3719360517716639,0.45914533168826127,zara01
590,23.6,14,6.96913117503,4.53334289556,1.400155017992806,5.352896497158226,0.03332680573918302,0.04666269428938855,zara01
590,23.6,15,7.48498115872,5.08560167209,1.339475037386406,5.824781735657796,0.02814570098618727,0.0377004638807398,zara01
590,23.6,16,1.14240461505,6.7478671771,0.2628696236486807,0.7335371537636209,1.7747089945606338,0.46651708548608234,zara01
590,23.6,17,1.70203134154,6.53307335736,0.4146544867147934,0.9275987550322488,1.1098162202778414,0.4601902751670604,zara01
590,23.6,18,0.409354638222,6.77459707467,0.4311551073101285,1.3150462977873947,0.5521909646457044,0.23807995461750206,zara01
600,24.0,8,1.45578716328,7.38317956394,0.02092412031684115,1.2540665780877593,0.607197807385783,0.012705079977862263,zara01
600,24.0,9,0.589302306951,3.49207018941,0.26335187953065514,3.122403118555368,0.09794751857645333,0.025794663112472742,zara01
600,24.0,12,1.78284994364,5.82568571101,1.0384580476334473,1.0527801298718287,0.8615808212912851,0.89471553755657,zara01
600,24.0,13,1.19186391581,5.38344910214,1.2277512601607308,1.3963688541195236,0.4897462004360793,0.6012865147443262,zara01
600,24.0,14,6.41245096007,4.60231557767,1.4108476895038906,4.992621833468422,0.038310166437040535,0.05404980980220814,zara01
600,24.0,15,6.9619753613,5.19419188096,1.3353393663210136,5.311580481393869,0.03384728586735787,0.04519761326180386,zara01
600,24.0,16,1.25184647205,6.73474088811,0.33117144343654614,0.7945614750004262,1.5125731046369275,0.5009210183659092,zara01
600,24.0,17,1.84472668587,6.61779758625,0.3533982313206016,0.8585356859241161,1.2955514910473631,0.45784560552090636,zara01
600,24.0,18,0.466811613149,6.61206975106,0.5451755134861792,1.3779269776471041,0.5029432408708999,0.274192339596196,zara01
610,24.4,8,1.4562080935,7.39153265693,0.02092412031684118,1.2569019543016329,0.6044614088239625,0.012647823245119915,zara01
610,24.4,9,0.484069752139,3.4968433854,0.26335187953065387,2.926778966598339,0.11147860652559473,0.029358100555973588,zara01
610,24.4,12,1.37854646805,5.89083983633,0.9005673207679585,0.8906538264861869,1.2037976906600176,1.0841008610243479,zara01
610,24.4,13,0.729261604852,5.53977127095,1.2058689702211731,1.3936327288121464,0.4916711299620387,0.5928909591748042,zara01
610,24.4,14,5.8532451638,4.70279135335,1.420660516426627,4.629728676246355,0.044551291862138194,0.06329226130433864,zara01
610,24.4,15,6.43896956388,5.30254343003,1.32665952910095,5.094504349833767,0.03679319542979305,0.048812043323008474,zara01
610,24.4,16,1.40716972296,6.75741356909,0.3924664637856308,0.8197502534487788,1.4210464132643301,0.5577130606891058,zara01
610,24.4,17,1.96384993792,6.63975428783,0.2925316357058621,0.950501450555131,1.0569776741194163,0.30919940791473055,zara01
610,24.4,18,0.660860444224,6.41827799369,0.7627768812397362,0.8906538264861869,1.2037976906600176,0.918229048125245,zara01
610,24.4,19,0.270868596088,8.29939453504,0.5441827571529804,1.9211176652545559,0.2587399268595619,0.14080180678399687,zara01
620,24.8,8,1.45683948883,7.39988574992,0.02062639417834181,1.27912398238856,0.583641411045744,0.012038417803033132,zara01
620,24.8,9,0.378837197326,3.5016165814,0.2633518795319026,2.784905035224756,0.12312623544712385,0.03242552552468764,zara01
620,24.8,12,1.06284880361,5.85122230957,0.7954716883293793,1.0549293524831183,0.858073775627442,0.6825733950095263,zara01
620,24.8,13,0.283496502666,5.70826508955,1.1913665820007457,1.6688751396224386,0.3428654242389838,0.40847840856183376,zara01
620,24.8,14,5.29382890241,4.80326712903,1.420919453647152,4.2227509138508905,0.05355258668425894,0.07609391221278897,zara01
620,24.8,15,5.91406958048,5.36244703976,1.3183824153269599,4.576745199134615,0.04558877396530432,0.06010343793217274,zara01
620,24.8,16,1.56249297386,6.78032490986,0.39246646377144845,0.8301548553422822,1.3856487598137848,0.5438206687934092,zara01
620,24.8,17,2.07708016689,6.64572078282,0.28374685135708844,1.2093091992842173,0.6529751725853022,0.18527964923543092,zara01
620,24.8,18,0.941831365574,6.22902077252,0.9284159186118721,0.8393993525525537,1.3552958928890988,1.2582782813875302,zara01
620,24.8,19,0.349793012198,8.09653370528,0.5441827571525315,1.9591105037475613,0.24880179875767117,0.13539364883245877,zara01
630,25.2,8,1.45726041905,7.40800018311,0.020626394178340023,1.1374439098080102,0.7380935371422115,0.015224208237580507,zara01
630,25.2,9,0.273604642513,3.50638977739,0.2633518795313374,2.9101521034890925,0.1127560892623108,0.029694528035832796,zara01
630,25.2,12,0.747151139171,5.81136612302,0.8980394845504468,1.3876323995686022,0.4959324418021159,0.4453669144078166,zara01
630,25.2,14,4.73441264103,4.90374290471,1.3784015308766766,3.5646910527283833,0.07514975860599757,0.10358654230751975,zara01
630,25.2,15,5.38790680641,5.39013157653,1.3172108445536577,3.9326524448366915,0.06174478019334306,0.08133089406525337,zara01
630,25.2,16,1.71781622476,6.80299759083,0.3924232626742531,0.7912722504875791,1.525174413912227,0.5985139196547279,zara01
630,25.2,17,2.19052086098,6.65192593761,0.28374685137024036,1.05324220405744,0.8608250085726906,0.24425638576326114,zara01
630,25.2,18,1.33645344612,6.10969087266,0.9281097222995919,1.0116570638249773,0.9330496309095618,0.8659724338352102,zara01
630,25.2,19,0.428717428307,7.89367287552,0.5441827571408819,1.688593581549505,0.33490460075571976,0.18224930901841388,zara01
630,25.2,20,0.163531390179,6.4144594369,0.8025703168610326,1.5027960712658357,0.42283534203041506,0.33935509443339335,zara01
640,25.6,8,1.45789181438,7.4163532761,0.02092412031683938,1.1361077260507846,0.7398307114047908,0.015480306819526715,zara01
640,25.6,12,0.347898826211,5.92186561029,1.1020497971862897,1.7729133946499804,0.30380599506952277,0.3348093352503465,zara01
640,25.6,14,4.20530335543,4.97963672102,1.2737591796463337,2.7570780065885843,0.12562418993273042,0.16001496511244992,zara01
640,25.6,15,4.86174403235,5.4175774535,1.1694969957431034,3.2620250018133143,0.08974222053453247,0.10495325730645076,zara01
640,25.6,16,1.87313947567,6.8256702718,0.5381387622827482,0.8170661500949582,1.4303981662915892,0.7697526987796683,zara01
640,25.6,17,2.30375108996,6.65789243261,0.3946394929959433,1.1361077260507846,0.7398307114047908,0.29196641685161473,zara01
640,25.6,18,1.65909645918,6.03713829355,0.7598622367350089,1.2385841662708135,0.6224727361682346,0.4729935256113558,zara01
640,25.6,19,0.507641844417,7.69081204577,0.5969922107584905,1.616494376737981,0.36544580898857876,0.21816830142051669,zara01
640,25.6,20,0.438819753569,6.2493068555,0.8024982872301917,1.4431471490336802,0.4585114131947943,0.36795462376431715,zara01
650,26.0,8,1.4583127446,7.42470636909,0.02092412031605712,1.281524476305169,0.5814569572773903,0.0121664753326806,zara01
650,26.0,12,-0.0869220902753,6.09704190328,1.171953398816762,2.0230094307871824,0.23333267895322654,0.2734550261542542,zara01
650,26.0,14,3.72186499862,5.01829960857,1.2127170467850283,2.0636192027453326,0.22423957469247996,0.2719391547933951,zara01
650,26.0,15,4.45323125457,5.43165838168,1.0473487810528235,2.582028698066376,0.14323503289738237,0.1500170371091345,zara01
650,26.0,16,2.1318010954,6.92113419169,0.6890426571961701,0.9465191819043792,1.0658903801849742,0.7344439398424906,zara01
650,26.0,17,2.50453480454,6.68462233017,0.5187391797368661,1.281524476305169,0.5814569572773903,0.3016245050703675,zara01
650,26.0,18,1.93354296213,5.9956114884,0.7027357952572578,1.2228378067180294,0.6386069889405726,0.4487719902299961,zara01
650,26.0,19,0.681065094748,7.48818987581,0.7489666627906745,1.5576222560301844,0.39359275363015844,0.2947878511849719,zara01
650,26.0,20,0.71389765185,6.0839156143,0.8024982872366321,1.4046580289683714,0.48398307010581576,0.388395584811444,zara01
660,26.4,8,1.45894413992,7.43305946208,0.02062639417754465,1.447564053397382,0.4557176005929116,0.00939981086347425,zara01
660,26.4,14,3.2382161767,5.05696249613,1.2127170467850226,1.7372024375056028,0.31642480556350017,0.3837337557324929,zara01
660,26.4,15,4.02514522159,5.46387745464,1.1349022806439717,1.8768675893874127,0.27108414180719387,0.30765401078339816,zara01
660,26.4,16,2.39025225002,7.01659811158,0.6890426571918377,1.0643271037338544,0.8429875066726676,0.5808543515772568,zara01
660,26.4,17,2.71499991417,6.71350016594,0.5311332106100286,1.447564053397382,0.4557176005929116,0.2420467523344118,zara01
660,26.4,18,2.21682899969,5.96649499284,0.7351616221997682,1.228570566662726,0.6326611536323845,0.4651082000071606,zara01
660,26.4,19,0.948987179302,7.28556770585,0.8396042357135207,1.4661478938748063,0.44423811773160854,0.37298420531286025,zara01
660,26.4,20,0.98918601524,5.91876303289,0.7442640452241501,1.5854861623995509,0.3798800355939754,0.28273105199106624,zara01
670,26.8,8,1.45936507014,7.44117389527,0.020626394178340023,1.6240170205219304,0.36206807158407084,0.007468158763884477,zara01
670,26.8,14,2.75477781989,5.09562538368,1.1884865717794173,1.6558123054230378,0.34829654823239775,0.41394577057132687,zara01
670,26.8,15,3.55159872493,5.53833931215,1.0815233409169653,1.3573235965902664,0.5183278968837259,0.5605837187281516,zara01
670,26.8,16,2.64891386975,7.11206203146,0.699300824622119,1.2342369973202407,0.6268653440984803,0.4383674520550956,zara01
670,26.8,17,2.92546502379,6.7426166615,0.5191399387000505,1.3573235965902664,0.5183278968837259,0.2690847126147436,zara01
670,26.8,18,2.52095108309,5.96649499284,0.7172779749204297,1.1160429420669578,0.766671945188514,0.549916900273124,zara01
670,26.8,19,1.21690926385,7.0831841957,0.8483759671757028,1.4424515181882884,0.4589537595570233,0.3893653396531146,zara01
670,26.8,20,1.11546508102,5.64430426322,0.7552897569053247,1.72869741964137,0.31954602134940036,0.2413498367850523,zara01
680,27.2,8,1.45999646547,7.44952698826,0.02092412031683938,1.7981889738003851,0.29532534596259963,0.0061794230715336495,zara01
680,27.2,14,2.28838713696,5.09968260028,1.1570620919893,1.0809484436234764,0.8172622160236541,0.9456231293761405,zara01
680,27.2,15,3.163921993,5.54693106494,0.9121049251698186,1.2265805620881918,0.634715678102442,0.5789272960797385,zara01
680,27.2,16,2.92483362847,7.18151203318,0.7254901419553399,1.4374992619139007,0.4621214435310988,0.33526455166798347,zara01
680,27.2,17,3.12603827327,6.77292645607,0.4990324318320934,1.2265805620881918,0.634715678102442,0.3167437083654178,zara01
680,27.2,18,2.78866270254,5.91876303289,0.649192892410842,0.9597751802380459,1.0366504778876204,0.6729861221589459,zara01
680,27.2,19,1.51345460332,6.9087238821,0.9336735092413128,1.5626814348849185,0.3910483671061359,0.36511150119907104,zara01
680,27.2,20,1.24174414679,5.36984549355,0.38141425145828073,1.6414223963132546,0.3544301612718846,0.13518471465575357,zara01
690,27.6,8,1.46041739569,7.45788008125,0.020924120316841165,1.970935380894262,0.24582531852479664,0.005143678541738648,zara01
690,27.6,14,1.82915226776,5.08894290929,1.1332133819205985,1.399218557023823,0.4877533595544206,0.5527286341237987,zara01
690,27.6,15,2.82191618986,5.53690735335,0.8387304121576697,1.3618285968502961,0.5149042574430387,0.4318658600669387,zara01
690,27.6,16,3.21822199128,7.22494811673,0.7414657139283074,1.4155715483467877,0.47654918564768817,0.35334488215821663,zara01
690,27.6,17,3.31987663923,6.80442954963,0.49090638581510565,1.3618285968502961,0.5149042574430387,0.2527697880621728,zara01
690,27.6,18,3.02017432313,5.82329911301,0.46425421647867154,1.399218557023823,0.4877533595544206,0.22644155377477732,zara01
690,27.6,19,1.92533482285,6.84643367438,1.0411493345121132,1.3951742629967208,0.49058523100936396,0.5107724867868706,zara01
690,27.6,20,1.28320577339,5.38941559713,0.11438258942370984,1.5922409973347909,0.3766637084742626,0.04308377031722352,zara01
700,28.0,8,1.46104879102,7.46623317424,0.02062639417834181,2.0617770254108643,0.22464046538277946,0.004633522787391357,zara01
700,28.0,14,1.38212437491,5.12330992045,1.1117190195396887,1.8591207759883408,0.27628427900519514,0.30715048776988535,zara01
700,28.0,15,2.49401154906,5.50898415679,0.8185422959967916,1.176876248641171,0.6894611282920426,0.5643530949527071,zara01
700,28.0,16,3.5116103541,7.26838420027,0.7391741375724444,1.5515363615043605,0.396686541112806,0.2932204319136544,zara01
700,28.0,17,3.5137150052,6.83569398339,0.4909063858151084,1.1778390751506889,0.6883343867183602,0.3379077460161694,zara01
700,28.0,18,3.12688013371,5.76530478168,0.14798921968851442,1.2891608358296491,0.5745888250483531,0.08503295186064609,zara01
700,28.0,19,2.33700457728,6.78414346665,0.932788767343169,1.2705069142022611,0.5915852215523514,0.5518240495902533,zara01
700,28.0,20,1.32445693487,5.40898570071,0.11438258941836366,1.7077211743651661,0.3274443154433618,0.0374539286907352,zara01
710,28.4,8,1.46146972124,7.47434760743,0.02062639417833825,2.179463578823516,0.201035220339066,0.004146631698442658,zara01
710,28.4,14,0.947092993315,5.20278363375,1.0872759780536163,2.2283363468991606,0.19231355390956123,0.20909790741998505,zara01
710,28.4,15,2.17831388462,5.4161454947,0.8332387172550708,1.2495711932074642,0.6115745051858311,0.5095875562069466,zara01
710,28.4,16,3.8045777867,7.30155791243,0.7320495734634098,1.7054992772588982,0.32829804960239956,0.24033044718030597,zara01
710,28.4,17,3.70755337116,6.86719707695,0.6041530180505374,1.2724532569665243,0.5897768297736196,0.35631545168401035,zara01
710,28.4,18,3.10856966917,5.7445413791,0.06920946458767918,1.2724532569665243,0.5897768297736196,0.040818138614851014,zara01
710,28.4,19,2.6697499156,6.79440583804,0.8213313931464297,1.2429953835728584,0.6180624379507521,0.50763408321357,zara01
710,28.4,20,1.36591856147,5.42855580428,0.11462044522722771,1.7710674088420133,0.304439639870372,0.0348950070667589,zara01
720,28.8,8,1.46210111657,7.48270070042,0.020924120316841165,2.1815661440978893,0.2006478967798607,0.004198380733542932,zara01
720,28.8,14,0.59014416739,5.48297023862,1.1342450233387327,2.1815661440978893,0.2006478967798607,0.2275838783659407,zara01
720,28.8,15,1.85903831332,5.30612332703,0.8554389566195247,1.3001308739689093,0.5649333832442046,0.4832660239219605,zara01
720,28.8,16,4.09670335886,7.29368213904,0.7303083302561015,1.864813372713196,0.2746000628258332,0.20054271337055482,zara01
720,28.8,17,3.99610103646,6.80562284863,0.7730393291743963,1.4110059360549105,0.4796381292144827,0.3707791376544261,zara01
720,28.8,18,3.09025920463,5.72377797653,0.06920946458767918,1.4110059360549105,0.4796381292144827,0.03319549811877043,zara01
720,28.8,19,2.9934452542,6.81278264262,0.7934892881752511,1.2035126800972997,0.6592802129074891,0.5231317868479914,zara01
720,28.8,20,1.40738018807,5.44812590786,0.11462044522125854,1.7053052065070358,0.32837277719307567,0.03763823392041146,zara01
730,29.2,8,1.46252204679,7.49105379341,0.020924120316842938,2.120460940818683,0.2123786362901198,0.004443836138461493,zara01
730,29.2,14,0.233405806575,5.76315684348,1.1340381155960662,2.120460940818683,0.2123786362901198,0.24084546849130978,zara01
730,29.2,15,1.53639530027,5.17891765378,0.9823042610355912,1.6225294907257353,0.3627322615852309,0.356313446170249,zara01
730,29.2,16,4.38861846591,7.28604502545,0.7338120899148717,2.0590300088311504,0.2252402650170991,0.16528402960517705,zara01
730,29.2,17,4.30843125914,6.72089861973,0.8090440461014821,1.601554541865401,0.37229561004019057,0.3012035466927353,zara01
730,29.2,18,3.07194874009,5.70301457395,0.06920946457941135,1.6225294907257353,0.3627322615852309,0.025104505609992812,zara01
730,29.2,19,3.30430222112,6.81182800342,0.741638603435981,1.1834794052701079,0.6817889723480811,0.5056410212902835,zara01
730,29.2,20,1.44884181466,5.46769601144,0.11438258941836306,1.6400764973746196,0.35501211328507093,0.04060720479243166,zara01
740,29.6,8,1.46315344212,7.4994068864,0.020626394178340054,2.4148906596433126,0.16374816374176518,0.0033775341713170193,zara01
740,29.6,15,1.09925926757,5.10541043547,1.0849867415715309,2.4214949880883223,0.16285617601942748,0.17669679176411832,zara01
740,29.6,16,4.6834800845,7.27578265406,0.7724758683911276,2.279413720337125,0.18379134919433296,0.14197438207166932,zara01
740,29.6,17,4.62076148183,6.63617439083,0.7839997108843088,1.8346238448891417,0.28371174466327326,0.22242992579048906,zara01
740,29.6,18,3.05363827556,5.68225117138,0.5907400867652121,1.8346238448891417,0.28371174466327326,0.16759990065869174,zara01
740,29.6,19,3.58485221225,6.76528934248,0.7111702893661547,1.2114398965084807,0.6506802690088034,0.46274447519583806,zara01
740,29.6,20,1.49009297615,5.48726611501,0.24823478556201473,2.012321103199909,0.2358179277581641,0.058538212728726544,zara01
750,30.0,8,1.46357437234,7.50752131959,0.02062639417754286,2.5281555839998897,0.14940453760282116,0.0030816768845093137,zara01
750,30.0,15,0.673488350802,5.27271095507,1.1602682104993292,2.3703614253517884,0.16995824588881053,0.19719714981701517,zara01
750,30.0,16,5.005070772,7.2426089419,0.807981253351848,2.9124787866034905,0.11257600699033944,0.09095930322540087,zara01
750,30.0,17,4.92677775122,6.61588830786,0.7618038189247099,2.468469280145524,0.15671693464586886,0.11938755930339709,zara01
750,30.0,18,2.84590921236,5.28798518225,1.1725573964140472,2.172474557215423,0.20233079321984432,0.2372444681122496,zara01
750,30.0,19,3.86561266849,6.71898934133,0.7111702893661582,1.7571477006067888,0.3092821423332364,0.21995227065891307,zara01
750,30.0,20,1.49430227834,5.27438157367,0.6794474376348549,2.233351143240755,0.19145087671142186,0.1300808076145221,zara01
760,30.4,8,1.46420576766,7.51587441258,0.020924120316055318,2.8114509354340598,0.12081208083021933,0.0025278865149245093,zara01
760,30.4,15,0.291494176831,5.56268261172,1.1195438415871557,2.4318171086951437,0.16147658752725638,0.1807801191266492,zara01
760,30.4,16,5.3264509944,7.20943522974,0.8079812533642786,3.591395211739511,0.07403634720533751,0.05981998060948151,zara01
760,30.4,17,5.23005797419,6.62280944205,0.7583979650520261,3.1564701083714524,0.09584468186021726,0.07268841168384761,zara01
760,30.4,18,2.61713363819,4.85195372817,1.220096215806704,2.4318171086951437,0.16147658752725638,0.1970169733833855,zara01
760,30.4,19,4.14616265962,6.67245068039,0.7537829368099105,2.3774227435223825,0.16895013997477779,0.12735173268463346,zara01
760,30.4,20,1.45978600036,4.94455373046,0.907621274419989,2.571324480621037,0.14443006703888914,0.131087801510401,zara01
770,30.8,8,1.46462669788,7.52422750557,0.020924120316841165,3.122453412242588,0.09794436329979107,0.0020493996420412304,zara01
770,30.8,15,0.0648232537647,5.92974138368,1.0785170647598425,2.764940670026838,0.12491073064125915,0.13471835456821815,zara01
770,30.8,16,5.64804168191,7.17626151758,0.7828315816721423,4.197861510031576,0.05418950305488142,0.04242125438648021,zara01
770,30.8,17,5.53333819716,6.62973057624,0.7605767149228703,3.8416403553887437,0.06470501947557741,0.04921313115175501,zara01
770,30.8,18,2.38583248271,4.42713928468,1.2024166369096754,3.05420469221876,0.10237056540786482,0.12309207097626677,zara01
770,30.8,19,4.46606962625,6.663381608,0.8208183187829746,3.05420469221876,0.10237056540786482,0.08402763539094614,zara01
770,30.8,20,1.40253949054,4.55410629813,0.990935712881606,2.970770069897723,0.10820150522259794,0.1072207357126179,zara01
780,31.2,8,1.46525809321,7.53258059856,0.020626394178340023,3.589566060919877,0.07411182047819719,0.0015286596224576674,zara01
780,31.2,16,5.94921725378,7.14332646522,0.731837370302547,4.500823095166249,0.0471397739226848,0.034498648184234225,zara01
780,31.2,17,5.83851260612,6.62567335964,0.7688394248801409,4.466300009481358,0.04787134149975525,0.036805374666912645,zara01
780,31.2,18,2.15284760636,4.00948463519,1.1957382790468472,3.755299433429886,0.06771458771424514,0.08096892457979826,zara01
780,31.2,19,4.80281380165,6.67030274219,0.8420321557502739,3.447143920483517,0.08036233559694367,0.06766767068382146,zara01
780,31.2,20,1.28720461047,4.17081865979,1.0244340344152474,4.313574928441636,0.05132118663064865,0.05257517027101325,zara01
790,31.6,8,1.46567902343,7.54069503175,0.020626394178340036,3.974874445307191,0.0604400133786313,0.0012466595400917946,zara01
790,31.6,16,6.22976724492,7.11015275306,0.7062612508144702,4.783503238828143,0.04173296463617682,0.02947437580414229,zara01
790,31.6,17,6.14747538705,6.59584088468,0.7762611252093387,4.77618744917333,0.04186090911861375,0.03249499641470097,zara01
790,31.6,18,1.91965226489,3.59182998569,1.1985697315579484,4.459369416627527,0.04802025699165365,0.057555626531830016,zara01
790,31.6,19,5.13955797706,6.67698521658,0.8250968044291029,3.774040435759328,0.06704374785889247,0.05531758211532269,zara01
790,31.6,20,1.08515810523,3.79850937224,1.0590001058660468,4.972301429634371,0.03862393211473101,0.040902748198463144,zara01
800,32.0,8,1.46631041876,7.54904812474,0.02092412031683941,4.39375860845697,0.049465111859030186,0.0010350139520242676,zara01
800,32.0,16,6.51031723605,7.0769790409,0.706522512734699,5.0660491502536305,0.03720767937428383,0.026288063124546044,zara01
800,32.0,17,6.45664863309,6.56600840972,0.7746861268087228,5.086240514831061,0.03691285154881218,0.028595873995814675,zara01
800,32.0,18,1.70476738797,3.1617650266,1.202921542839883,5.154024047058239,0.035948311891609366,0.04324299880314405,zara01
800,32.0,19,5.46262192033,6.68915686637,0.741668083985242,4.087776729935456,0.057147475207065514,0.0423844584414184,zara01
800,32.0,20,0.883111599989,3.42620008469,1.074148147768541,5.623059819459618,0.03020132345964417,0.03244069565433537,zara01
810,32.4,8,1.46673134898,7.55740121773,0.020611288908077036,4.828882437575593,0.04095228296411058,0.0008440793356186046,zara01
810,32.4,16,6.79107769229,7.04380532874,0.8084451157021405,5.349060171722319,0.03337462659596917,0.02698155385989403,zara01
810,32.4,17,6.76350676293,6.52806150156,0.7651438802988579,5.395866013635821,0.032798128869192776,0.025095287589516155,zara01
810,32.4,18,1.49430227834,2.72859749012,1.1951291500763463,5.822292641405407,0.028169771324799316,0.03366651486125244,zara01
810,32.4,19,5.73117540021,6.72209191873,0.6763774981298805,4.3454832517301,0.050570264039866364,0.03420458867105227,zara01
810,32.4,20,0.64086625881,3.06295986952,1.0935040381572299,6.269010648306173,0.024298158852504678,0.02657013482499971,zara01
820,32.8,8,1.4671522792,7.56551565092,0.02062639417834001,5.268062371815455,0.03440880306431699,0.0007097295352094758,zara01
820,32.8,16,7.13097884433,6.89512027352,0.9416119322539656,5.703364035541794,0.02935683261450116,0.027642743882996673,zara01
820,32.8,17,7.04994977713,6.4154140761,0.7696019324118561,5.7000317135343135,0.029391167516371105,0.02261949931643978,zara01
820,32.8,18,1.28973019179,2.30044180944,1.1092582074854451,6.482691601667555,0.022722737889716148,0.02520538350070814,zara01
820,32.8,19,5.99972888009,6.75478831129,0.663252680250159,4.60451185927011,0.04504060238935826,0.029873300254823584,zara01
820,32.8,20,0.393990685219,2.70091295336,1.0953697170350987,6.917962570516529,0.019953310744994318,0.02185625234465782,zara01
830,33.2,8,1.46778367453,7.57386874391,0.020924120316841138,5.6675239407190245,0.029729298070692124,0.0006220594097663951,zara01
830,33.2,16,7.47761487989,6.73378624891,0.9559802783864145,6.0682624955850635,0.02593239716188239,0.024790860258043394,zara01
830,33.2,17,7.33639279133,6.30252799083,0.7696019324118558,6.004738152178669,0.02648397895868139,0.020382121384556126,zara01
830,33.2,18,1.13777438264,1.9159608721,1.0336469162111803,7.053155231432013,0.019195724026520172,0.019841600944453437,zara01
830,33.2,19,6.2600742207,6.76457336308,0.6291804575794702,4.860144822157374,0.04042713465018332,0.025435963077829193,zara01
830,33.2,20,0.147325576738,2.33886603719,1.095221567909164,7.546693402987542,0.016767100567536514,0.018363690172867972,zara01
840,33.6,8,1.46820460475,7.5822218369,0.020924120316839396,6.310158431768607,0.02398230131836688,0.0005018085582602046,zara01
840,33.6,16,7.82425091544,6.57221356451,0.9735034525861193,6.435793767200142,0.02305510711764847,0.022444226378773597,zara01
840,33.6,17,7.62283580553,6.18988056537,0.8019768040062644,6.310158431768607,0.02398230131836688,0.01923324936401909,zara01
840,33.6,18,0.985608108376,1.53147993476,1.0336469162107296,8.108852442801993,0.014522874580209257,0.015011524524348492,zara01
840,33.6,19,6.50189863166,6.72042130013,0.6142961718072625,5.106934082375302,0.03661431196449699,0.02249203167314735,zara01
850,34.0,8,1.46883600008,7.59057492989,0.020626394178340036,6.474807265960582,0.022778110277975376,0.00046983028123121867,zara01
850,34.0,16,8.18098927625,6.39942386952,1.0084566709193832,6.817025924215063,0.020548564639967022,0.020722337088992897,zara01
850,34.0,17,7.93221951668,6.06458417052,0.8671173881115245,6.641082312420108,0.021651782501085466,0.018774637090300042,zara01
850,34.0,18,0.833652299227,1.14699899742,0.8891927679014816,8.093162416084507,0.014579239485808686,0.012963754312284798,zara01
850,34.0,19,6.74351257751,6.67626923718,0.6502492346956572,5.353332410397337,0.033321378463891306,0.021667200845149677,zara01
850,34.0,22,0.358632546802,8.73709660771,0.6336166885644658,7.604947435645029,0.016511211814487347,0.010461779354081959,zara01
860,34.4,8,1.4692569303,7.59868936308,0.020626394177544635,6.762809496877521,0.020879354802585567,0.00043066580233093953,zara01
860,34.4,16,8.54782996233,6.21541716394,1.026141090156554,7.210052825597734,0.01836937959327681,0.018849575201344622,zara01
860,34.4,17,8.26454392478,5.92640014648,0.8997719735931657,6.998033763944389,0.01949931319801549,0.01754493551988966,zara01
860,34.4,18,0.700638349943,0.879700021744,0.6064647419297946,8.530582623900456,0.013122421835747978,0.0079582861721108,zara01
860,34.4,19,7.01206605739,6.61875222545,0.7107483303208814,5.628766278062955,0.03014011813226727,0.021422038638183084,zara01
860,34.4,21,13.9965611854,10.9373013013,1.159087367341489,8.21176219295958,0.014161154271423011,0.01641401502298038,zara01
860,34.4,22,0.468495334026,8.50869917938,0.6333478617497176,7.6325302834020805,0.016392089242291588,0.010381894671215926,zara01
870,34.8,8,1.46988832562,7.60704245607,0.02092412031605356,6.933979967923947,0.01986123347526805,0.00041557883886173924,zara01
870,34.8,16,8.91467064841,6.03117179856,1.0261410901565424,6.713653800471781,0.021186220946173107,0.021740051858003446,zara01
870,34.8,17,8.59686833287,5.78821612245,0.8997719735883605,7.112736312798236,0.018875478277207067,0.01698362634190683,zara01
870,34.8,18,0.586355795417,0.729583007724,0.47143270669355175,8.886002174461336,0.012093682192112782,0.005701357329719335,zara01
870,34.8,19,7.29850907159,6.55264346093,0.7349989833091807,5.923223534639235,0.027217932752250637,0.020005152900681868,zara01
870,34.8,21,13.945839094,10.476449228,1.15908736721723,7.719018598534734,0.01602681439178393,0.018576478098252042,zara01
870,34.8,22,0.578358121251,8.28054041086,0.6333478617497116,7.550961638544221,0.016748150475702116,0.010607405292048351,zara01
880,35.2,8,1.47030925584,7.61539554906,0.02092412031684118,7.106153778194843,0.018910463738933698,0.000395684818520711,zara01
880,35.2,16,9.28151133449,5.84716509298,0.9559032576335852,6.217811762575773,0.024699959536033423,0.023610771783912087,zara01
880,35.2,17,8.92919274097,5.65003209842,0.9035543109157992,6.612001363712167,0.021842659367766602,0.019736029033610877,zara01
880,35.2,18,0.47207324089,0.579704653504,0.47143270669430953,9.245586364812564,0.011171267787805991,0.00526650101041233,zara01
880,35.2,19,7.58495208579,6.48629603661,0.7350662431793072,6.2180159735138805,0.024698337179608978,0.01815491392339098,zara01
880,35.2,21,13.8951170026,10.0155971548,1.1112762471025117,7.230086283039569,0.018267723172815758,0.020300486850594282,zara01
880,35.2,22,0.688220908475,8.05214298253,0.6332338185238217,7.47556381788687,0.017087694672197867,0.010820506147045019,zara01
890,35.6,8,1.47094065117,7.62374864205,0.020626394178340036,7.2797702831196025,0.018019221827287872,0.0003716715721965883,zara01
890,35.6,16,9.61930783543,5.73404034792,0.89074338812772,5.690699083139678,0.029487648395064223,0.02626592783933843,zara01
890,35.6,17,9.25983342819,5.5001537442,0.9094488996263146,6.113803217164477,0.02554750364359743,0.023234149076868948,zara01
890,35.6,18,0.357790686363,0.429587639484,0.40241915822482416,9.609301528674829,0.010341600088636752,0.004161658002366969,zara01
890,35.6,19,7.87139509999,6.41994861229,0.8131534539568228,6.512676228945356,0.022513986721876097,0.018307326065231593,zara01
890,35.6,21,13.7949356104,9.60032910327,1.0296053026712706,6.723328955649467,0.021125289080664134,0.02175070965791528,zara01
890,35.6,22,0.79787323059,7.82398421401,0.7595726479838785,7.407480904268006,0.017403247672687045,0.013219030918262169,zara01
900,36.0,8,1.47136158139,7.63186307524,0.020626394178340023,7.406305075238629,0.017408774009501138,0.00035908023488161135,zara01
900,36.0,16,9.95731480149,5.62115426265,0.8907433880921556,5.160540056655261,0.0358575881843179,0.03193990958811257,zara01
900,36.0,17,9.58984272009,5.34526353418,0.9110115041143249,5.6164570093896184,0.03027237566194215,0.0275784824848998,zara01
900,36.0,18,0.278866270254,0.322190729613,0.33319626074643793,10.00942293363911,0.009531325512929609,0.00317580202086527,zara01
900,36.0,19,8.2300276468,6.40228778711,0.8974050778820489,6.109582968299393,0.0255828101650189,0.02295814374858046,zara01
900,36.0,21,13.6455053826,9.23064507352,0.9964813771474299,6.109582968299393,0.0255828101650189,0.0254927939045393,zara01
900,36.0,22,1.00097206138,7.53114863976,0.9799309037071859,7.316663958508535,0.017837959099686312,0.01747996738084743,zara01
910,36.4,8,1.47199297672,7.64021616823,0.02092412031684115,7.533592178494394,0.01682546862107162,0.00035205812981453795,zara01
910,36.4,16,10.2951113024,5.50802951759,0.9038293553148397,4.635867481546408,0.044433380541702976,0.04016019368946634,zara01
910,36.4,17,9.91964154687,5.19061198397,0.9110115041482735,5.124997271377831,0.03635667056802108,0.03312134513999615,zara01
910,36.4,18,0.199941854144,0.214793819742,0.33319626074643804,10.413160200458181,0.008806559676859676,0.0029343127543700036,zara01
910,36.4,19,8.58844972849,6.38462696193,0.8738615366513157,5.4972962154695075,0.031598982902519834,0.027613135755814634,zara01
910,36.4,21,13.4962856198,8.86119970356,0.991118520188568,5.4972962154695075,0.031598982902519834,0.03131833717380932,zara01
910,36.4,22,1.2659476344,7.19511564176,1.0696087097441158,7.36721988392399,0.01759398096625819,0.018818675280581953,zara01
920,36.8,8,1.47241390694,7.64856926122,0.020924120316839396,7.6613022945788725,0.0162691994913027,0.00034041868761468003,zara01
920,36.8,16,10.6427996635,5.39108621573,0.9705949291975265,4.109331134318219,0.05654954368821589,0.054886700352216336,zara01
920,36.8,17,10.2496508388,5.03572177395,0.8851637685426192,4.635590498003751,0.04443869062370885,0.03933551886158169,zara01
920,36.8,18,0.121017438035,0.107396909871,0.333196260746361,10.7937630830192,0.008196446705776354,0.0027310253937715095,zara01
920,36.8,19,8.92708808988,6.34906665178,0.8006183227267584,4.896311961037537,0.03983210161300803,0.031890310384088294,zara01
920,36.8,21,13.3224414393,8.50655124119,0.9840939589625831,4.896311961037537,0.03983210161300803,0.03919853057014496,zara01
920,36.8,22,1.53092320742,6.85932130356,0.9591232142160449,7.413744990097627,0.01737385109048837,0.016663663901220142,zara01
930,37.2,8,1.47304530227,7.65692235421,0.026743127013921997,7.868752716337063,0.015422670753728676,0.0004124504428608661,zara01
930,37.2,16,11.0306868606,5.25934600629,1.0239683531112946,3.5815563455376718,0.07444367529469935,0.07622796759106526,zara01
930,37.2,17,10.5701892007,4.9109026987,0.859605348791785,4.136317963903546,0.05581405162895251,0.04797805731798842,zara01
930,37.2,18,0.0420930219251,0.0,0.3331962607470242,11.11559271751754,0.007728694323030742,0.0025751720488905966,zara01
930,37.2,19,9.21900319693,6.27221819627,0.7547287166381866,4.332711291276423,0.05086884538218946,0.0383921783921662,zara01
930,37.2,21,13.1119763297,8.17409814019,0.9836813087448126,4.332711291276423,0.05086884538218946,0.05003873239988965,zara01
930,37.2,22,1.8956592424,6.75669758969,0.9525772599083501,7.339351944075152,0.01772784533760952,0.016887142335779096,zara01
940,37.6,8,1.45999646547,7.63114709584,0.11758640915072296,9.850266372406248,0.0098418203256216,0.001157264311596443,zara01
940,37.6,16,11.4183635925,5.12736713704,1.0237192808972981,3.0930618188139074,0.09981462557483754,0.10218215671650575,zara01
940,37.6,17,10.8905170976,4.78632228325,0.8596053487917923,3.657744455703684,0.07137475995260796,0.06135412542399202,zara01
940,37.6,19,9.51091830398,6.19513108096,0.7748138232822405,3.769234476227009,0.06721482501402908,0.05207897555036664,zara01
940,37.6,21,12.90151122,7.84164503918,1.0117057607524065,3.769234476227009,0.06721482501402908,0.06800162567465817,zara01
940,37.6,22,2.27154992819,6.67984913418,0.9570713283237957,8.824513527813322,0.012262805376394155,0.011736379430561737,zara01
950,38.0,8,1.43368832677,7.57148214591,0.16301887183712668,10.201219802909293,0.009176290871446008,0.0014959085855124523,zara01
950,38.0,16,11.8060403244,4.9956269276,0.9877158029219617,2.641814346218922,0.13682542112646487,0.1351446306880618,zara01
950,38.0,17,11.2110554595,4.661503208,0.8599587309424169,3.1865519053170144,0.09404363082163099,0.08087364141458694,zara01
950,38.0,19,9.81651364315,6.10730427467,0.8755973067039495,3.1818710383080053,0.09432053049360616,0.0825868024670893,zara01
950,38.0,21,12.6834693665,7.48747389641,1.0589765085260676,3.1865519053170144,0.09404363082163099,0.09958999581660527,zara01
950,38.0,22,2.64744061398,6.61159243146,0.9452090526417233,8.782843913099295,0.012379441525398409,0.011701160196455439,zara01
960,38.4,8,1.40738018807,7.51181719598,0.1614157387029943,10.552303939863284,0.008575842541467768,0.001384275958831584,zara01
960,38.4,16,12.1705658943,4.88536610013,0.8992769732187161,2.2731642708582145,0.18480330740719303,0.1661893589259485,zara01
960,38.4,17,11.5315938215,4.53668413275,0.9237045859161361,2.7437291114013838,0.12684954669525283,0.11717150800378809,zara01
960,38.4,19,10.1764089806,5.97651870442,0.957058595992997,2.553366450581748,0.14646878753611575,0.14017921215611154,zara01
960,38.4,21,12.4601658852,7.11850584605,1.077943132093252,2.7437291114013838,0.12684954669525283,0.13673659766929006,zara01
960,38.4,22,3.02522548576,6.61851356565,0.9443631386406983,8.757414918283182,0.012451438523733418,0.011758679564864594,zara01
970,38.8,8,1.37644181695,7.45573214305,0.15866413293205983,10.88334088210323,0.00806207655535129,0.0012791623862867002,zara01
970,38.8,16,12.5005751862,4.80804032503,0.8471126101026818,2.221709538768033,0.1934625120854788,0.16388453356975155,zara01
970,38.8,17,11.9058007864,4.40971711931,1.031248127652647,2.363361904449991,0.1709664604481576,0.17630884222856288,zara01
970,38.8,19,10.536093853,5.84573313418,0.964476079966756,2.221709538768033,0.1934625120854788,0.18658996527672375,zara01
970,38.8,21,12.2368624038,6.7497764555,1.0835641580234234,2.363361904449991,0.1709664604481576,0.1852531287657528,zara01
970,38.8,22,3.40279989243,6.62567335964,0.9441001029522045,8.787006672463159,0.01236771502250479,0.011676361026030297,zara01
980,39.2,8,1.33434879503,7.40800018311,0.15910221743759412,10.663308998700783,0.008398222828159429,0.001336175874495188,zara01
980,39.2,16,12.830374013,4.73071454992,0.8471807387801618,2.1636813220513833,0.2039786860575493,0.17280681394964129,zara01
980,39.2,17,12.3159972851,4.28107948726,1.0746456436083818,2.1664159921061534,0.20346404589459122,0.2186517505515583,zara01
980,39.2,19,10.8991461671,5.70635581115,1.0418536725300267,2.1636813220513833,0.2039786860575493,0.21251594318690709,zara01
980,39.2,21,11.9514717152,6.4166073751,1.1548018740902029,2.1664159921061534,0.20346404589459122,0.23496066150904898,zara01
980,39.2,22,3.78037429909,6.63259449384,1.0412782238703215,8.173951518024873,0.014292469269451576,0.01488243701561569,zara01
990,39.6,8,1.2922557731,7.36026822316,0.16255242586254173,10.297613194946676,0.00900530098544955,0.0014638335208071618,zara01
990,39.6,16,13.1603833049,4.65315011501,0.8373357565162999,2.231506248395269,0.1917675710899064,0.16057384421386012,zara01
990,39.6,17,12.7261937837,4.15268051501,1.074305422718194,2.3471856554657613,0.17333110164551865,0.1862105424234992,zara01
990,39.6,19,11.2910322012,5.49251663061,1.1162238460387084,2.0491485296129444,0.2274178264857758,0.2538492009377163,zara01
990,39.6,21,11.5204391707,6.166491905,1.2674231823393536,2.3471856554657613,0.17333110164551865,0.2196838564459492,zara01
990,39.6,22,4.23582079632,6.62400274105,1.180567668483577,7.298971230622702,0.017924542443197702,0.02116113528080083,zara01
1000,40.0,8,1.25121507672,7.30800172703,0.1749798445002287,10.627302409503478,0.00845522762899889,0.0014794944157362632,zara01
1000,40.0,16,13.4874460852,4.60040629928,0.8248880821433824,2.7751321256219947,0.12399496550286444,0.10228196928909271,zara01
1000,40.0,17,13.1361798173,4.02428154277,0.9759550004379238,2.8270210014062447,0.11948497923581822,0.11661196296241828,zara01
1000,40.0,19,11.6829182353,5.27843879026,1.1155194904088095,1.9277055843383497,0.25697446530851276,0.28666002458902845,zara01
1000,40.0,21,11.0567845342,5.93952643547,1.3982004278158626,2.8270210014062447,0.11948497923581822,0.1670639490850905,zara01
1000,40.0,22,4.72452078087,6.60848985407,1.222618864029173,7.084372305727588,0.01902692598395517,0.02326267863247043,zara01
1010,40.4,8,1.21248949655,7.2452341997,0.18451955356036526,11.084083544320261,0.0077726981246799215,0.0014342147879254274,zara01
1010,40.4,16,13.8134565401,4.55840217453,0.8217632078628175,3.5756692412699924,0.0746890103243998,0.06137668071627788,zara01
1010,40.4,17,13.4844995737,3.96676453104,0.844021080742775,3.537426902917266,0.0763126321268723,0.06440947024204857,zara01
1010,40.4,19,12.0834333389,5.0820217751,1.1187030245259504,1.8075280807753393,0.2922814653846109,0.3269761593386411,zara01
1010,40.4,21,10.4620101344,5.80468364863,1.5246703820786853,3.5756692412699924,0.0746890103243998,0.11387612190838152,zara01
1010,40.4,22,5.21343123053,6.59321562688,1.1970227186688225,7.034247353247249,0.019299057956663215,0.023101410823032173,zara01
1020,40.8,8,1.17355345127,7.18246667238,0.18451955356036318,11.560471424440482,0.007145297125799044,0.0013184470357085858,zara01
1020,40.8,16,14.1394669949,4.51639804978,0.8218013829027958,4.425199460173336,0.048764713896490224,0.04007490931699485,zara01
1020,40.8,17,13.8060902612,3.93979597367,0.8068237258049077,4.302049546072637,0.05159653846733636,0.04162931140485256,zara01
1020,40.8,19,12.517412395,4.95505476165,1.1305958175652528,2.744878048373234,0.12674337685492093,0.14329553177627027,zara01
1020,40.8,21,9.86723573457,5.66984086179,1.5062125497005534,4.302049546072637,0.05159653846733636,0.07771535376060938,zara01
1020,40.8,22,5.68003237857,6.54500634734,1.157621431602482,7.019808511199892,0.019378530959055597,0.02243300275117496,zara01
1030,41.2,8,1.1348278711,7.11969914505,0.1416592967197571,12.036882397476584,0.006590879130092206,0.0009336593023337865,zara01
1030,41.2,16,14.4654774497,4.47415526523,0.8218013829027995,5.305689303268063,0.033922492341367294,0.027877551117645265,zara01
1030,41.2,17,14.1276809487,3.9125887565,0.8070858791571041,5.130490103022945,0.03627886351095383,0.029280158451558753,zara01
1030,41.2,19,12.9516019161,4.828326408,1.1305121771463953,3.7513316098252862,0.06785790835879543,0.0767141917153024,zara01
1030,41.2,21,9.27730203229,5.58463931329,1.4883482388800922,5.130490103022945,0.03627886351095383,0.05399558261509937,zara01
1030,41.2,22,6.13190096894,6.47460170643,1.1432553518009543,7.015592873515094,0.019401826897487307,0.02218124243526807,zara01
1040,41.6,8,1.1259883365,7.0796042987,0.07296959267121655,12.488095342824591,0.006123207410502628,0.00044680795058575146,zara01
1040,41.6,16,14.7914879045,4.43215114048,0.8217632077388438,6.197090283630165,0.024865416343936526,0.020433484296555154,zara01
1040,41.6,17,14.4494821013,3.88562019913,0.8070609025313944,5.984781238603836,0.026660900952330136,0.021516970784887672,zara01
1040,41.6,19,13.3855809722,4.70159805435,1.147186932594079,4.765814764681549,0.04204332599726006,0.04823155418684966,zara01
1040,41.6,21,8.68799972534,5.50516559999,1.4866326494430966,5.984781238603836,0.026660900952330136,0.03963496581930253,zara01
1040,41.6,22,6.58376955931,6.40443572531,1.1486706334538346,7.011725510183719,0.01942323521032569,0.022310899892767636,zara01
1050,42.0,8,1.14724531257,7.06265945292,0.0677552605075952,12.931386797344505,0.005710592589336544,0.00038692268854324016,zara01
1050,42.0,17,14.7710727888,3.85865164177,0.8067987411880971,8.11612159226705,0.014496871601143551,0.01169605775896809,zara01
1050,42.0,19,13.8576542131,4.68226661058,1.1811722183181457,7.014065091124948,0.019410279912201508,0.022926883382071196,zara01
1050,42.0,21,8.09869741839,5.42545322689,1.4849720839986518,6.853864624486578,0.020328266133852555,0.030186907724866246,zara01
1050,42.0,22,7.0383741961,6.32376871301,1.1782622735319381,7.014065091124948,0.019410279912201508,0.02287040053924186,zara01
1060,42.4,8,1.16829182353,7.04571460714,0.06775526050759426,13.375388806173534,0.005337753960481073,0.00036166091011783806,zara01
1060,42.4,17,15.0926634764,3.8316830844,0.8067987413137061,7.949766133154847,0.015109937799443742,0.012190678797919602,zara01
1060,42.4,19,14.329727454,4.6629351668,1.1814350794378037,6.996709405585634,0.019506695674821828,0.023045894554152187,zara01
1060,42.4,21,7.5129730183,5.3302279668,1.4833538878297392,6.849337246593095,0.02035514878141861,0.030193889082270074,zara01
1060,42.4,22,7.5041334837,6.20085891615,1.2040050797826574,6.996709405585634,0.019506695674821828,0.023486160682259873,zara01
1070,42.8,8,1.1895487996,7.02876976136,0.06796078052639459,13.819846183795145,0.004999941964108775,0.0003397999584675068,zara01
1070,42.8,19,14.80201116,4.64360372302,1.1814350794372814,13.819846183795145,0.004999941964108775,0.005907106831548648,zara01
1070,42.8,21,6.92766954843,5.23333208812,1.483433854640986,7.8963938199855725,0.015314886485209922,0.022718621092144096,zara01
1070,42.8,22,7.96968230619,6.0779491193,1.2037507120546473,6.981265235072672,0.019593097768873406,0.023585205390637683,zara01
1080,43.2,8,1.21080577568,7.01182491558,0.06775526051735026,13.658296009964081,0.005118919978872901,0.0003468337567360025,zara01
1080,43.2,19,15.2740844009,4.62427227925,1.1811722183176128,8.946600681559271,0.011930407412207465,0.014091865788509982,zara01
1080,43.2,21,6.34215561346,5.13643620943,1.4964216509962265,8.646542073427065,0.012772810351715735,0.019113509954376152,zara01
1080,43.2,22,8.43523112868,5.95503932245,1.2151290058519773,6.967126739353997,0.019672699595169266,0.023904867901502626,zara01
1080,43.2,23,14.8630460418,6.60514861687,1.2048150986023998,8.646542073427065,0.012772810351715735,0.015388874763332146,zara01
1090,43.6,8,1.23185228664,6.9948800698,0.06775526050759538,13.178567535733421,0.005498382757198772,0.00037254435608447337,zara01
1090,43.6,21,5.74106726037,5.07486198111,1.5174323194493773,8.77086691100885,0.012413273946334272,0.01883630307634654,zara01
1090,43.6,22,8.9188799506,5.86816715535,1.2301254949227642,7.045877111034501,0.019235401399624083,0.023661957666750607,zara01
1090,43.6,23,14.4000228006,6.47149912903,1.2048150986023982,8.77086691100885,0.012413273946334272,0.014955699873631307,zara01
1090,43.6,24,15.3130204461,2.90854697911,1.3918314983437718,9.814031204234931,0.009914630032415895,0.013799494373541575,zara01
1100,44.0,8,1.25310926271,6.97793522402,0.06775526050759426,12.700030811451347,0.005920546996474362,0.00040114820409357515,zara01
1100,44.0,21,5.13303355866,5.02832332016,1.52450757769073,8.90082448583592,0.012053437141116242,0.0183755562588506,zara01
1100,44.0,22,9.40463342362,5.78559086465,1.240125245980971,6.072418050267177,0.02589691652780639,0.03211541997919458,zara01
1100,44.0,23,13.9369995594,6.33784964119,1.2535322075184483,4.565887925150023,0.04580584381664652,0.057419100516726176,zara01
1100,44.0,24,14.7563402312,2.9161840927,1.391835622775715,6.072418050267177,0.02589691652780639,0.03604425094345012,zara01
1100,44.0,25,15.0482553382,3.43670111587,1.5270381145217367,6.1129167642502225,0.025554913625431375,0.039023327119344565,zara01
1110,44.4,8,1.27415577367,6.96099037824,0.06775526051735206,12.153749455173399,0.006464736433459861,0.0004380199012250903,zara01
1110,44.4,21,4.52499985695,4.98202331902,1.523475816507178,8.983988155669978,0.011831315636593653,0.01802472324981366,zara01
1110,44.4,22,9.89606945459,5.69680941916,1.2686280771457417,5.119475735466334,0.03643513677341262,0.046222637505396555,zara01
1110,44.4,23,13.4104158551,6.30921046522,1.3266411145093213,3.5673050982489536,0.07503966266010956,0.09955070170381125,zara01
1110,44.4,24,14.1996600162,2.92405986609,1.391835622775715,5.119475735466334,0.03643513677341262,0.050711721281941104,zara01
1110,44.4,25,14.4379065203,3.46056709585,1.5270381145212482,5.062515546644784,0.03725963894814493,0.05689688880711769,zara01
1120,44.8,8,1.29541274975,6.94404553246,0.06796078052639443,11.599603204375923,0.007097168486498198,0.0004823291098697469,zara01
1120,44.8,21,3.91738708546,4.94097383347,1.515398278966479,9.060585436069392,0.011632119690868723,0.017627294160274556,zara01
1120,44.8,22,10.4011857177,5.59346972588,1.2890069063272174,4.194551589011279,0.054275058680603366,0.06996092548061272,zara01
1120,44.8,23,12.8766763371,6.29202695965,1.3245384290786584,3.4465981160457484,0.08038779002529957,0.10647671711721533,zara01
1120,44.8,24,13.6429798013,2.93169697968,1.3765699341780968,4.194551589011279,0.054275058680603366,0.07471341395547051,zara01
1120,44.8,25,13.8275577024,3.48443307582,1.5270381145207457,4.023438898359626,0.0589897507790332,0.09007959780566355,zara01
1130,45.2,8,1.31666972582,6.92710068668,0.06775526050759374,11.055048308636637,0.007813580531345662,0.0005294111843983881,zara01
1130,45.2,21,3.31314175573,4.94861094706,1.5107377769697672,9.13375900304649,0.011446488733896403,0.017292642943956136,zara01
1130,45.2,22,10.9063019808,5.48989137281,1.280400359190101,3.3949349979661174,0.08285304140285354,0.10608506397220599,zara01
1130,45.2,23,12.3517763537,6.26338778368,1.2321370336025583,3.4474704411668067,0.08034711358269107,0.09899865418830481,zara01
1130,45.2,24,13.0987170278,2.89780728812,1.3517948575571979,3.4474704411668067,0.08034711358269107,0.10861281496064588,zara01
1130,45.2,25,13.2172088845,3.50829905579,1.4699677669904319,3.0441745725961598,0.10304626948053904,0.15147469464500227,zara01
1140,45.6,8,1.33771623678,6.9101558409,0.06775526050759538,10.59565437657441,0.008505812698227458,0.0005763135551972142,zara01
1140,45.6,21,2.70889642599,4.95648672045,1.5107377769697805,9.270095123699768,0.011112275518632897,0.016787734414095177,zara01
1140,45.6,22,11.4046833604,5.38798363833,1.2517046661354152,2.8166358705623322,0.12036770230104393,0.15066481462221523,zara01
1140,45.6,23,11.9045379957,6.12902231644,1.1673800104628624,3.3723547875379722,0.08396627088093983,0.09802054617951908,zara01
1140,45.6,24,12.5670821608,2.82239079141,1.3426121851308284,3.3723547875379722,0.08396627088093983,0.11273413842474567,zara01
1140,45.6,25,12.6540042511,3.55984957253,1.4136353643995487,2.6762563883218173,0.13332633717537667,0.1884748252369707,zara01
1150,46.0,8,1.35897321285,6.89321099512,0.06775526050759538,10.649896545284534,0.008419389550622521,0.0005704579323173553,zara01
1150,46.0,21,2.10465109626,4.96412383404,1.424603722948712,9.788261838338945,0.009966902856729498,0.014198886915964996,zara01
1150,46.0,22,11.8874903219,5.28989446065,1.2635698978887047,2.5469704105109634,0.1472053461690664,0.18600424422751863,zara01
1150,46.0,23,11.4572996378,5.994895509,1.1673800104628627,3.298704802122284,0.08775754726372735,0.1024464064429252,zara01
1150,46.0,24,12.0352368288,2.7472129545,1.342612185007066,3.298704802122284,0.08775754726372735,0.11782435228261384,zara01
1150,46.0,25,12.0910100829,3.61140008926,1.4136625928607516,2.466300740816172,0.1569926481782479,0.22193463408373768,zara01
1160,46.4,8,1.38001972381,6.87626614934,0.06775526051735078,9.683461168938308,0.010183806793401839,0.0006900064823453083,zara01
1160,46.4,21,1.57238483401,5.04144960915,1.3448518590740328,9.473153089151676,0.010640995771910196,0.01431056294625235,zara01
1160,46.4,22,12.3928170501,5.17486043719,1.316927949811378,2.656319400609102,0.13533520765781767,0.17822671755810693,zara01
1160,46.4,23,11.0100612798,5.86053004176,1.1655926347485137,3.226701764096876,0.0917178211331921,0.10690561678803029,zara01
1160,46.4,24,11.5036019619,2.67179645779,1.3212301811988585,3.226701764096876,0.0917178211331921,0.1211803534349719,zara01
1160,46.4,25,11.5278054495,3.6631892658,1.3941561986189677,2.257513125311753,0.18737464110427582,0.26122951735953054,zara01
1160,46.4,26,0.411248824208,3.28992533905,1.5417615815868677,10.906091600862652,0.008028475750795835,0.012377995471278802,zara01
1170,46.8,8,1.40127669989,6.85932130356,0.0679607805263957,9.211556860976538,0.01125395845331594,0.0007648278004989803,zara01
1170,46.8,21,1.03990810666,5.11853672445,1.3448518590653613,9.532739003199143,0.010508385022195567,0.014132221132874306,zara01
1170,46.8,22,12.9130868011,5.04884806294,1.3380964395506527,3.054678733234549,0.10233879507412567,0.13693917731659144,zara01
1170,46.8,23,10.54956362,5.78153364806,1.168380299548033,3.127826070174414,0.09760817477528448,0.11404346848228364,zara01
1170,46.8,24,10.9801752343,2.68349078798,1.3065739950061979,3.127826070174414,0.09760817477528448,0.12753230286140663,zara01
1170,46.8,25,10.9799647692,3.70901194735,1.3279616542292614,2.352046259506068,0.17261544962566203,0.2292266980304219,zara01
1170,46.8,26,1.0102325262,3.43670111587,1.5417615815995411,9.823292590631517,0.009895943846809262,0.015257186036676895,zara01
1180,47.2,8,1.42253367596,6.84237645778,0.06775526050759392,8.739139701057384,0.012503569667027202,0.0008471826200642774,zara01
1180,47.2,21,0.507641844417,5.19586249956,1.3446343588000236,9.593867419638565,0.010374900897413053,0.01395044821580679,zara01
1180,47.2,22,13.433146087,4.92259702889,1.3380964395506492,3.6925269910259653,0.07003643394900688,0.09371550290599032,zara01
1180,47.2,23,10.0878031695,5.70850374935,1.1689628422679308,3.4364179910091854,0.08086478084369872,0.09452792405442338,zara01
1180,47.2,24,10.4601159484,2.73265470672,1.305944944658583,3.6925269910259653,0.07003643394900688,0.09146372685762029,zara01
1180,47.2,25,10.4683240877,3.74146968011,1.2819544297283152,3.1914309175617968,0.09375630560341201,0.12019131128325569,zara01
1180,47.2,26,1.6092162282,3.5834768927,1.5152959151661136,8.74083380820541,0.012498723371015083,0.018939264468890393,zara01
1190,47.6,8,1.44358018692,6.825431612,0.06775526049977995,9.043205429206054,0.011676873863915587,0.0007911696304726726,zara01
1190,47.6,22,13.953415838,4.79658465464,1.3382818560978162,4.490694158357679,0.04735266496227201,0.06337121235688742,zara01
1190,47.6,23,9.62583225383,5.63571251043,1.1843233490443947,4.408187295968762,0.049141827687679565,0.058199813945235226,zara01
1190,47.6,24,9.9400566625,2.78181862546,1.3018093373540642,4.490694158357679,0.04735266496227201,0.06164414139648434,zara01
1190,47.6,25,9.95647294105,3.77416607267,1.2822169797680534,4.125638408566195,0.05610338417877025,0.07193671181646957,zara01
1190,47.6,26,2.17073714068,3.78705370185,1.4849639865884852,7.785746466726808,0.015753275468569607,0.02339304674163371,zara01
1200,48.0,8,1.46483716299,6.80848676623,0.19568353695841126,8.525734220576439,0.013137350962662891,0.0025707633026378638,zara01
1200,48.0,22,14.4736855889,4.67057228039,1.3382818560978162,5.389243357747313,0.03287878738403575,0.044001084606552825,zara01
1200,48.0,23,9.15523226871,5.54120322975,1.238629620301133,5.389243357747313,0.03287878738403575,0.04072463993344988,zara01
1200,48.0,24,9.42294388815,2.82692532761,1.2883154177100336,5.376711431180772,0.03303223237922618,0.04255593425553767,zara01
1200,48.0,25,9.44462179445,3.80662380543,1.2821980655713239,5.102733543507199,0.03667461812893424,0.047024124420486486,zara01
1200,48.0,26,2.71605223972,4.01497381058,1.4984662059693712,6.73179455847291,0.02107219005756733,0.031575964687028425,zara01
1210,48.4,8,1.59953483315,6.83903522059,0.44663317256913426,7.923135087223834,0.015211682803302004,0.006794042150554116,zara01
1210,48.4,22,14.9939553399,4.54455990614,1.3382818562193024,6.3868236011406045,0.023410006759528767,0.03132918730024858,zara01
1210,48.4,23,8.66421716795,5.39657539112,1.2799325995372588,5.500743041244204,0.03155939477274593,0.04039389819130327,zara01
1210,48.4,24,8.91256599731,2.86248563776,1.2793004800706425,5.7772672601817305,0.028610566989601856,0.03660151208489093,zara01
1210,48.4,25,8.93277064784,3.83908153819,1.261829230848233,5.650941036260977,0.029904037629051684,0.0377337888007229,zara01
1210,48.4,26,3.29377896564,4.20637896995,1.546977562875977,5.650941036260977,0.029904037629051684,0.046260875251541884,zara01
1220,48.8,8,1.80999994278,6.90084810871,0.5483862433878228,7.290058441613234,0.017968398147683206,0.009853622359904708,zara01
1220,48.8,23,8.17299160209,5.25194755249,1.2799325995337165,4.360743191618442,0.050216953185532084,0.06427431543142102,zara01
1220,48.8,24,8.40197764136,2.89804594792,1.279279783591391,4.729944402661553,0.04268342985506754,0.054604048907929116,zara01
1220,48.8,25,8.43670438445,3.86247019856,1.239371526815374,4.559965922061332,0.04592489667654697,0.056918009312850314,zara01
1220,48.8,26,3.90412778355,4.36150783976,1.5407713725020085,4.559965922061332,0.04592489667654697,0.0707597660843362,zara01
1230,49.2,8,2.02046505241,6.96266099684,0.5822110568493202,6.674012567060373,0.021438645441463164,0.01248181641989213,zara01
1230,49.2,23,7.68197650133,5.10731971387,1.2490797162858418,3.2514665925127684,0.09032600235907777,0.11282437739991114,zara01
1230,49.2,24,7.89159975052,2.93336759828,1.279279783591391,3.7706446170709707,0.06716456058637747,0.08592226453195184,zara01
1230,49.2,25,7.94232184194,3.88466555994,1.237201308410479,3.5234257643677727,0.0769203285562325,0.09516593113313478,zara01
1230,49.2,26,4.48038125371,4.54002536995,1.4769253933386999,3.5234257643677727,0.0769203285562325,0.11360558650865571,zara01
1240,49.6,8,2.26881388176,6.98103780142,0.6274276005799366,6.022782046708839,0.026325527838174656,0.01651736276550625,zara01
1240,49.6,23,7.22989744586,4.92164238969,1.2218110050090973,2.214451744978155,0.1947327244404287,0.2379265857567198,zara01
1240,49.6,24,7.38101139457,2.96892790844,1.2534906315856167,2.950413446334171,0.10969974668734034,0.1375076047598964,zara01
1240,49.6,25,7.44793929943,3.90686092131,1.236938491808247,2.5649340889612184,0.14515064263387115,0.17954241698453843,zara01
1240,49.6,26,5.02274984121,4.74193156051,1.4468279841099874,2.950413446334171,0.10969974668734034,0.1587166633570209,zara01
1250,50.0,8,2.52137201331,6.9948800698,0.6323266998390283,5.3893787007367395,0.03287713604062671,0.020789090932728266,zara01
1250,50.0,23,6.77781839038,4.73596506551,1.1984963552007326,1.7494238164175346,0.31201919547668894,0.3739538685314766,zara01
1250,50.0,24,6.89041722403,2.99016863061,1.210611507760723,2.360771045453162,0.1713419251114395,0.20742850630178464,zara01
1250,50.0,25,6.95376722203,3.92905628268,1.2195270607307993,1.7199206085540077,0.3228156502139659,0.39368242106333967,zara01
1250,50.0,26,5.56511842872,4.94383775106,1.4002013751343656,2.360771045453162,0.1713419251114395,0.23991319915920709,zara01
1260,50.4,8,2.77393014486,7.00848367839,0.6237909095216359,4.817255200655988,0.04115021167000251,0.0256691279646387,zara01
1260,50.4,23,6.32805445111,4.59611042288,1.1383064170945352,1.5965132993046034,0.3746504863480011,0.4264670527775182,zara01
1260,50.4,24,6.4130823554,3.0018629608,1.1939582477468071,2.0466986464603028,0.22796258724297225,0.2721778112164478,zara01
1260,50.4,25,6.47243351631,3.92189648869,1.1927637024168862,1.1626720282409204,0.706410154490776,0.8425803912953026,zara01
1260,50.4,26,6.10643469068,5.02545940257,1.3661972215854774,2.0466986464603028,0.22796258724297225,0.3114418533167857,zara01
1270,50.8,8,3.01933246269,7.02757646236,0.6026111691160428,4.3238603767519885,0.051077314933963634,0.03077976046766414,zara01
1270,50.8,23,5.88376260469,4.56293671072,1.1140617015792382,1.55024423126372,0.39734809402116916,0.44267029374449085,zara01
1270,50.8,24,5.93553702166,3.01355729098,1.193958247746798,2.198706296024488,0.19753176394895788,0.2358446787588319,zara01
1270,50.8,25,6.00014981031,3.89540525092,1.1828279010165208,1.3621072436527026,0.5146936106675564,0.6087939631725201,zara01
1270,50.8,26,6.64775095263,5.09371610528,1.3458736398318412,2.198706296024488,0.19753176394895788,0.265852794128388,zara01
1280,51.2,8,3.25379059481,7.05478367953,0.5900786408571659,4.38267856106422,0.049715537977942245,0.029336077079506973,zara01
1280,51.2,23,5.43926029316,4.53000165836,1.1140617015792391,1.833993129130838,0.28390691686385244,0.316289822891459,zara01
1280,51.2,24,5.45820215303,3.02525162117,1.2000567525542571,2.701787306547001,0.13081847078547965,0.15698958922493667,zara01
1280,51.2,25,5.5276556392,3.86891401315,1.1828279010033402,2.064932797048476,0.22395436818400227,0.26489947523961266,zara01
1280,51.2,26,7.18001721487,5.10731971387,1.3278806425911691,2.701787306547001,0.13081847078547965,0.1737113150494168,zara01
1290,51.6,8,3.48824872693,7.0819908967,0.5903744162843749,4.317893134032293,0.05121858815846976,0.030238144086966384,zara01
1290,51.6,23,4.99496844674,4.4968279462,1.149252859229024,2.782790817207781,0.12331339618577597,0.14171827314774446,zara01
1290,51.6,24,4.97560565666,3.02835419856,1.2130719438816535,3.4349435238794745,0.08093421898790638,0.09817903035420303,zara01
1290,51.6,25,5.05537193321,3.84242277539,1.1816620380768488,2.9405520670332765,0.11043675438052517,0.13049892025988372,zara01
1290,51.6,26,7.70996836091,5.10731971387,1.322882507655659,3.4349435238794745,0.08093421898790638,0.10706646256987384,zara01
1300,52.0,8,3.72291732417,7.10943677366,0.49255650141000484,4.157527380493542,0.05524603902981751,0.027211795701287494,zara01
1300,52.0,23,4.5218428803,4.46962072903,1.2003296865293416,2.7580628697916962,0.12553448889387211,0.15068277370260263,zara01
1300,52.0,24,4.48774753255,3.02286502317,1.2197225102238183,4.157527380493542,0.05524603902981751,0.06738483740537206,zara01
1300,52.0,25,4.58371962253,3.81760215622,1.171259214887425,3.4025219683990593,0.08248396061594374,0.09661009895183555,zara01
1300,52.0,26,8.23823578607,5.09371610528,1.313885994892263,4.284225291002756,0.052026759996147386,0.0683572313185591,zara01
1300,52.0,27,15.2267297512,6.94738676966,1.4130415576090793,11.093656580474175,0.007759289341907722,0.010964198297628815,zara01
1310,52.4,8,3.88034522617,7.12113110385,0.38424876815123193,4.105496073951888,0.05665524209954614,0.021769706986060417,zara01
1310,52.4,23,4.03608940729,4.44527742946,1.2159226352515262,2.6803822743592383,0.13291619724516576,0.1616158128219536,zara01
1310,52.4,24,3.99988940843,3.01737584778,1.2199855749638306,4.105496073951888,0.05665524209954614,0.06911857810752982,zara01
1310,52.4,25,4.11901266048,3.80757844463,1.162300657767703,3.3221368679848293,0.08652395051353609,0.1005668445945432,zara01
1310,52.4,26,8.7505078629,4.95863465865,1.3242784033915431,5.1319451936601315,0.03625829370795014,0.048016075301265844,zara01
1310,52.4,27,14.6755216291,6.82232903461,1.4130415576090782,10.901738041983723,0.00803488930078261,0.011353632492794377,zara01
1320,52.8,8,4.02956498889,7.13091615564,0.37360774788272816,4.151441064161067,0.055408147244406646,0.020700913106337357,zara01
1320,52.8,23,3.55033593427,4.42069547009,1.215659886909364,2.75226391379444,0.12606404267715984,0.15325099986425336,zara01
1320,52.8,24,3.51182081921,3.01188667238,1.2253007663424507,4.151441064161067,0.055408147244406646,0.0678916452801868,zara01
1320,52.8,25,3.65409523332,3.79755473304,1.1622942641339131,3.354441221876706,0.08486546775978644,0.09863864640024131,zara01
1320,52.8,26,9.26256947462,4.82331455221,1.3304385620581498,5.719209832470129,0.029194384304956186,0.038841334674858924,zara01
1320,52.8,27,14.124313507,6.69727129956,1.4314902921303398,10.816274738371064,0.00816236407125359,0.01168434492883299,zara01
1330,53.2,8,4.17857428651,7.14093986723,0.37336514943194904,4.297085827879701,0.051715809344516125,0.01930888088390945,zara01
1330,53.2,23,3.06479292637,4.39635217052,1.1711184907725096,2.961970719491874,0.1088453449437329,0.12747079609811768,zara01
1330,53.2,24,3.01975339291,3.00305625979,1.2789578063274398,4.297085827879701,0.051715809344516125,0.06614233807171045,zara01
1330,53.2,25,3.18938827127,3.78776968125,1.1620312424776011,3.496031931903875,0.07813049945617508,0.09079008135845466,zara01
1330,53.2,26,9.77757759787,4.67940269298,1.3962628485547823,6.648251501765925,0.021605110971285868,0.030166413788109785,zara01
1330,53.2,27,13.5602670132,6.56218985292,1.4680995197583928,10.716614632141246,0.008314883225807418,0.012207076070654986,zara01
1340,53.6,8,4.32758358412,7.15096357881,0.3665406019090145,4.57305199811739,0.04566243877109822,0.01673713779179186,zara01
1340,53.6,23,2.61629177775,4.34766557138,1.1166133273122942,3.284356765792977,0.08852597708023298,0.09884928582113084,zara01
1340,53.6,24,2.48980224687,2.96343873304,1.3288594316783247,4.57305199811739,0.04566243877109822,0.06067896243440788,zara01
1340,53.6,25,2.72468130921,3.77774596966,1.1777550325449782,3.734687770295034,0.06846408100801224,0.08063391595575348,zara01
1340,53.6,26,10.3176310692,4.45649444005,1.4607496568243363,7.623226714704803,0.016432124254866808,0.02400321986619154,zara01
1340,53.6,27,12.9838030779,6.4168460349,1.5044593255925784,10.571981760736762,0.00854394751083893,0.012854021510055125,zara01
1350,54.0,8,4.47091032378,7.163851208,0.29854301466977595,4.928118684442651,0.039319597650407954,0.01173859121815543,zara01
1350,54.0,23,2.17747202419,4.29325113705,1.1057493920473183,3.6742623751393166,0.07073446137961034,0.07821458766729865,zara01
1350,54.0,24,1.95964063572,2.92358254649,1.3288817669620192,4.928118684442651,0.039319597650407954,0.05225109640190978,zara01
1350,54.0,25,2.24797783591,3.7491067937,1.2324062538494691,4.074543932837264,0.05751927089107135,0.07088710916301806,zara01
1350,54.0,26,10.8578950056,4.23382484692,1.4660591530539113,8.62355061793227,0.012841008936752638,0.01882567868617328,zara01
1350,54.0,27,12.3919751896,6.27293417567,1.5960914685081173,10.404576870280245,0.008821095739109152,0.014079275652085423,zara01
1360,54.4,8,4.56035799537,7.20442337395,0.24578729740720423,5.335682522351904,0.03354219044616564,0.008244244338880798,zara01
1360,54.4,23,1.73844180551,4.23859804291,1.1425141706163324,4.093816175261478,0.056978984755974474,0.06509929751103283,zara01
1360,54.4,24,1.42968948969,2.88372635994,1.3288594316658602,5.335682522351904,0.03354219044616564,0.04457285613311972,zara01
1360,54.4,25,1.74391389836,3.67703153419,1.2729770622874734,4.513850965947803,0.046868057095485714,0.05966196163653298,zara01
1360,54.4,26,11.4046833604,4.01616710958,1.5211772324850068,9.666720205797814,0.01021911025852704,0.015545077861525305,zara01
1360,54.4,27,11.7384810243,6.13475015163,1.6555977899701293,10.178220728434878,0.009217807880476589,0.015260982355286282,zara01
1370,54.8,8,4.65001613207,7.2449955399,0.24591055888414382,5.7822111640066645,0.028561662715024572,0.007023614440912105,zara01
1370,54.8,23,1.27057786681,4.17941041258,1.2635925087784508,4.562720149378997,0.04586946946447176,0.05796031799694842,zara01
1370,54.8,24,0.89952787854,2.84410883319,1.328859431676755,5.7822111640066645,0.028561662715024572,0.03795443488323072,zara01
1370,54.8,25,1.2398499608,3.60495627467,1.2732797484000216,4.987897269199762,0.03838277601789654,0.04887201139096169,zara01
1370,54.8,26,12.0108228761,3.84433205378,1.5750642822062384,10.745470690766172,0.00827028534779846,0.013026231054970952,zara01
1370,54.8,27,11.0915112773,6.02186406637,1.6115437728117992,9.992265434807207,0.009564085672772152,0.015412942708594508,zara01
1380,55.2,8,4.73946380366,7.28580636565,0.24591055888414542,5.870544797346266,0.027708599099767313,0.006813837090520508,zara01
1380,55.2,23,0.735786023251,4.10996041087,1.3485055940190935,5.110326143978799,0.036565721413115586,0.04930907987493012,zara01
1380,55.2,24,0.369576732502,2.80425264663,1.3286194263080169,6.259411853452034,0.024372738342978203,0.03238209363480311,zara01
1380,55.2,25,0.735575558141,3.53264235536,1.2732797483895881,5.487928677628868,0.0317069497934326,0.04037181705518317,zara01
1380,55.2,26,12.6169623918,3.67249699799,1.5782417864877205,11.882209912811279,0.006763584826928058,0.010674572200312179,zara01
1380,55.2,27,10.4601159484,5.96768829183,1.5790003324459185,9.900189158437554,0.009742813672906976,0.015383906028478755,zara01
1390,55.6,8,4.82912194036,7.3263785316,0.16697923848101348,6.006872623025186,0.02646516076790901,0.00441913239130304,zara01
1390,55.6,23,0.200783714583,4.04027174935,1.3488049799371966,9.813837464935908,0.009915021494459083,0.013373430367910756,zara01
1390,55.6,25,0.231511620588,3.46056709585,1.2729770622807544,9.911650333150213,0.009720294813690737,0.012373712336434887,zara01
1390,55.6,26,13.2420437674,3.56462276852,1.5931967295159024,13.010948248542197,0.0056409660133465095,0.008987168603774017,zara01
1390,55.6,27,9.83208806127,5.92425220829,1.5319766249447584,9.813837464935908,0.009915021494459083,0.01518958116533616,zara01
1400,56.0,8,4.86048124169,7.34236873818,0.031215205664048132,9.803739635995019,0.006623637940832272,0.00020675822056727164,zara01
1400,56.0,26,13.8797530496,3.499707303,1.602803949023987,9.803739635995019,0.006623637940832272,0.010616393048471074,zara01
1400,56.0,27,9.23457761504,5.97795066322,1.4995610676349198,5.2649164257672885,0.022966623960608158,0.0344398551463393,zara01
1410,56.4,8,4.80470798764,7.32112801601,0.14885063463087322,10.461699162175474,0.0058166866482229785,0.0008658174990369172,zara01
1410,56.4,26,14.5176727969,3.43455317768,1.6028342381716865,10.461699162175474,0.0058166866482229785,0.009323184512487898,zara01
1410,56.4,27,8.63727763392,6.03188777796,1.4995878635187507,6.428467492226296,0.015405124722885835,0.023101338070432256,zara01
1420,56.8,8,4.7491451987,7.30012595363,0.14874506801006784,11.123865334557145,0.005144802145132167,0.0007652639449760271,zara01
1420,56.8,26,15.155382079,3.36939905235,1.6025725188817883,11.123865334557145,0.005144802145132167,0.008244918532872885,zara01
1420,56.8,27,8.0397671877,6.08582489269,1.5812846987776925,7.616491621958051,0.010974132147942304,0.01735322724790554,zara01
1430,57.2,8,4.69337194465,7.27912389126,0.2752622199764969,2.920704557699407,0.037314263201414996,0.0102712069256088,zara01
1430,57.2,27,7.37553930172,6.12305582145,1.663438897356906,2.920704557699407,0.037314263201414996,0.06206999683544714,zara01
1440,57.6,8,4.53552311243,7.2466661585,0.4029385719682613,2.431739942684094,0.053828945303609724,0.02168975835119415,zara01
1440,57.6,27,6.71110095063,6.1602867502,1.6634556167133618,2.431739942684094,0.053828945303609724,0.08954206140704593,zara01
1450,58.0,8,4.37767428021,7.21396976594,0.402938571968261,1.9542042655661396,0.08335088462721284,0.03358528642398042,zara01
1450,58.0,27,6.04687306465,6.19775633876,1.6055542491013892,1.9542042655661396,0.08335088462721284,0.13382436697958122,zara01
1460,58.4,8,4.21982544799,7.18151203318,0.4028783799822339,1.5254071400095408,0.13679763132559689,0.05511280809386337,zara01
1460,58.4,27,5.42999982834,6.25288675249,1.5341759083671278,1.5254071400095408,0.13679763132559689,0.20987163030141906,zara01
1470,58.8,8,4.06197661577,7.14905430042,0.40074156638669606,1.1321695856788776,0.2483288397722717,0.09951568822933102,zara01
1470,58.8,27,4.82491263817,6.31255170242,1.5200543040546735,1.1321695856788776,0.2483288397722717,0.37747332171674497,zara01
1480,59.2,8,3.90496964399,7.12113110385,0.39739850243964187,0.8124081689508251,0.48228256712286466,0.19165836992737248,zara01
1480,59.2,27,4.21982544799,6.37221665235,1.5077696886465537,0.8124081689508251,0.48228256712286466,0.7271710360705023,zara01
1490,59.6,8,3.74838360243,7.09678780428,0.39595346812667004,0.626920766726786,0.809887722219849,0.32067785240615837,zara01
1490,59.6,27,3.63052314104,6.48104552102,1.4933241056751712,0.626920766726786,0.809887722219849,1.2094248584812575,zara01
1500,60.0,8,3.59200802598,7.07220584491,0.3959534681266689,0.7027391037139853,0.6445578270077597,0.2552149070119119,zara01
1500,60.0,27,3.05174408957,6.62280944205,1.4897193521900258,0.7027391037139853,0.6445578270077597,0.9602102684990105,zara01
1510,60.4,8,3.43542198442,7.04786254534,0.39581657695543493,1.0032826791613414,0.3162303131730025,0.12516920008968302,zara01
1510,60.4,27,2.4729650381,6.76457336308,1.449179305058855,1.0032826791613414,0.3162303131730025,0.45827442548259584,zara01
1520,60.8,8,3.27631036154,7.04762388554,0.39903762795353426,1.3348008476254238,0.1786558245909688,0.07129039646486288,zara01
1520,60.8,27,1.94406621761,6.96504759484,1.372755519284018,1.3348008476254238,0.1786558245909688,0.2452507692594898,zara01
1530,61.2,8,3.11635687823,7.05812491673,0.40098762642633523,1.6382341808857048,0.11860367914739883,0.04755860778674609,zara01
1530,61.2,27,1.48988251104,7.25406461229,1.2677956545971953,1.6382341808857048,0.11860367914739883,0.15036522904231223,zara01
1540,61.6,8,2.9561929298,7.06838728811,0.40125015651599144,1.8969109933476869,0.08846189132763661,0.03549534774091482,zara01
1540,61.6,27,1.12493601095,7.56312905292,1.130527087536457,1.8969109933476869,0.08846189132763661,0.10000856436059959,zara01
1550,62.0,8,2.79602898138,7.0788883193,0.393899592091183,3.4573261069015437,0.07988968169048924,0.03146851303017816,zara01
1550,62.0,27,0.849016252229,7.89224091672,1.0735113871683704,3.086808124669293,0.10021947253715542,0.10758674498464411,zara01
1550,62.0,28,0.117018600952,4.89348053332,1.284058978697292,3.4573261069015437,0.07988968169048924,0.10258306307994136,zara01
1550,62.0,29,0.119123252048,5.75575838969,1.2370140792599202,2.986050417250226,0.10709695168917535,0.13248043708532942,zara01
1560,62.4,8,2.64175805602,7.08915069069,0.3196470008815143,2.9846145350175464,0.10720002402855926,0.03426616617515524,zara01
1560,62.4,27,0.57330695862,8.22135278053,1.002097725928263,3.337909575782299,0.0857081748956999,0.08588796715644272,zara01
1560,62.4,28,0.630553468438,4.88393414134,1.2840589786925254,3.337909575782299,0.0857081748956999,0.11005435152217276,zara01
1560,62.4,29,0.612243003901,5.71494756394,1.2367765407456417,2.5067076266233532,0.15197215338738537,0.18795559415611654,zara01
1560,62.4,30,15.0097402232,4.55935681373,1.6665459200390917,14.443798536454784,0.004577291149045174,0.00762826588927228,zara01
1570,62.8,8,2.54115573362,7.09965172188,0.25284143986207575,2.627469706991166,0.1383234928243967,0.034973911092471964,zara01
1570,62.8,27,0.372733709147,8.53709969555,0.8933803277865257,3.743053133617034,0.06815840171521702,0.06089137526574627,zara01
1570,62.8,28,1.14408833592,4.87438774935,1.2753619831244183,3.743053133617034,0.06815840171521702,0.08692663437810993,zara01
1570,62.8,29,1.10515229064,5.67389807839,1.2367765407543507,2.955395147695796,0.10933023211541348,0.1352170662755713,zara01
1570,62.8,30,14.343197221,4.54933310214,1.6665414609274765,13.20311084115674,0.00547795983401399,0.00912924718467971,zara01
1570,62.8,31,14.6123820962,3.77774596966,1.6836007361927645,13.51286646149361,0.005229695613233623,0.008804719384504198,zara01
1580,63.2,8,2.44055341122,7.10991409326,0.24384423285876267,2.8155001864668128,0.12046482696539194,0.029374653317839585,zara01
1580,63.2,27,0.222461620874,8.84401619798,0.8543251722035539,4.23573876428422,0.05322467852728333,0.04547118264830013,zara01
1580,63.2,28,1.65046738968,4.85624960457,1.2540226230046507,4.23573876428422,0.05322467852728333,0.06674495097536315,zara01
1580,63.2,29,1.5982720425,5.63308725264,1.2433188061151306,3.4932676691425977,0.07825419949961689,0.09729491789535892,zara01
1580,63.2,30,13.6766542188,4.53954805035,1.6339011178969045,12.030356167767634,0.006598031912203911,0.01078053171726942,zara01
1580,63.2,31,13.9433135127,3.85435576537,1.6836007361927778,12.333606815091631,0.006277564494722639,0.010568912204812679,zara01
1590,63.6,8,2.34647550722,7.11206203146,0.23310557196904336,3.054401790703146,0.10235735402726502,0.023860069555763478,zara01
1590,63.6,27,0.0721895326016,9.15093270041,0.8543251722032296,4.796962574030315,0.041499104169574016,0.03545372931595108,zara01
1590,63.6,28,2.14611272285,4.82546249041,1.241501466702242,4.796962574030315,0.041499104169574016,0.051521198693355266,zara01
1590,63.6,29,2.09749528253,5.60611869527,1.2597706694921145,4.082593503121481,0.05729267524103078,0.07217563184538764,zara01
1590,63.6,30,13.0362088902,4.56794856652,1.5732636790324348,10.987868428719631,0.007909417148405096,0.01244359872190203,zara01
1590,63.6,31,13.2742449292,3.93096556108,1.65549851824112,11.301587087100845,0.007476399678566753,0.012377168589645646,zara01
1600,64.0,8,2.25408132409,7.11206203146,0.23098545782499968,10.465009691669138,0.008719510646273273,0.002014080158639391,zara01
1600,64.0,28,2.64175805602,4.79467537624,1.2497748727089528,9.781199832820212,0.009981300217701623,0.012474378209047888,zara01
1600,64.0,29,2.60555805716,5.60039086008,1.270504114690064,9.863472684668748,0.009815483325522026,0.012470611952747446,zara01
1600,64.0,30,12.4216507701,4.63477331044,1.5454514497796161,9.863472684668748,0.009815483325522026,0.015169352935715663,zara01
1600,64.0,31,12.6232763451,3.96175267524,1.6131480112636802,10.150852909846703,0.00926757933745814,0.014949977177448972,zara01
1610,64.4,8,2.16168714096,7.11206203146,0.23098545781250035,9.942041240045434,0.009660959499347907,0.0022315411528649005,zara01
1610,64.4,28,3.14476966802,4.77725321086,1.2791129753765793,8.66265335488183,0.012725343376479428,0.016277151828977248,zara01
1610,64.4,29,3.11383129691,5.59442436508,1.2707671786798982,8.73898917348339,0.012504000414378089,0.015889673328791522,zara01
1610,64.4,30,11.80709265,4.70159805435,1.5386076798834831,8.73898917348339,0.012504000414378089,0.01923875106682838,zara01
1610,64.4,31,11.9840938072,3.96175267524,1.5979563447500063,9.01926681323162,0.011738940806138194,0.018758314941813282,zara01
1620,64.8,8,2.06929295784,7.11206203146,0.23496799967198043,9.43436120746139,0.010728682235463749,0.0025208970039832285,zara01
1620,64.8,28,3.66503941902,4.79037949985,1.3010958367373628,7.528538468633904,0.016848065191861897,0.021920947478211193,zara01
1620,64.8,29,3.62210453666,5.58869652989,1.2753029133359504,7.62169473874408,0.01643873069875602,0.020964361151668675,zara01
1620,64.8,30,11.1931659252,4.71162176594,1.534753484123508,7.62169473874408,0.01643873069875602,0.02522939921448387,zara01
1620,64.8,31,11.3449112693,3.96175267524,1.5808744806750752,7.892318425905858,0.015330707010663325,0.02423592348386412,zara01
1630,65.2,8,1.97605691427,7.0824682163,0.2503867101842845,8.921489660350128,0.011997662173590232,0.00300405516154769,zara01
1630,65.2,28,4.18530917001,4.80374444863,1.301095836737362,6.394670606178815,0.023352588405211556,0.030383955551061947,zara01
1630,65.2,29,4.13395568326,5.5789114781,1.291173659770271,6.502284745968015,0.022586004685684488,0.02916245432960373,zara01
1630,65.2,30,10.5794496655,4.72140681773,1.5356003128313631,6.502284745968015,0.022586004685684488,0.03468307586094773,zara01
1630,65.2,31,10.7196194286,3.93788669527,1.5623934768515058,6.787041277651692,0.02073052978693877,0.032389244510788964,zara01
1640,65.6,8,1.88239994049,7.03998677195,0.25686330752332504,8.42029116189868,0.013468435906866022,0.0034595469942035203,zara01
1640,65.6,28,4.70557892101,4.81687073762,1.2964848453116489,5.2613130522207046,0.03449714031586982,0.04472501962611473,zara01
1640,65.6,29,4.65464636448,5.56005735392,1.3023168953708553,5.382942643567744,0.03295580142468668,0.04291889699585637,zara01
1640,65.6,30,9.96510201055,4.67964135278,1.5432138038636438,5.382942643567744,0.03295580142468668,0.05085784767596563,zara01
1640,65.6,31,10.0960113087,3.9113954575,1.5484374462899047,5.685643191837975,0.029540114800934134,0.04574101992546906,zara01
1650,66.0,8,1.78895343182,6.9975053276,0.25662378954425613,7.9315831981607126,0.015179295437202122,0.0038953683177066446,zara01
1650,66.0,28,5.22248123025,4.80947228383,1.2904959876575368,4.1332094816103275,0.055898035870894605,0.07213619100932656,zara01
1650,66.0,29,5.17512658058,5.54120322975,1.3023168953708346,4.279465860142906,0.05214254802665072,0.0679061212627924,zara01
1650,66.0,30,9.35054389044,4.60327021687,1.5461245862306587,4.279465860142906,0.05214254802665072,0.0806188754927176,zara01
1650,66.0,31,9.48187411885,3.88800679713,1.4888457311136822,4.613147819355261,0.044872125341315725,0.06680767226041599,zara01
1660,66.4,8,1.69550692314,6.95502388325,0.22671776551285852,4.249122241615382,0.05288992258393897,0.011991085066378717,zara01
1660,66.4,28,5.73769981861,4.79300475765,1.2887042261762558,3.2972853124208674,0.08783312322201337,0.11319091709446846,zara01
1660,66.4,29,5.6958172618,5.52234910557,1.3017405423103148,3.606412521670118,0.07342104770201416,0.0955751544526114,zara01
1660,66.4,30,8.73766949121,4.52689908096,1.5255774657669225,3.2005914667546422,0.09322038580877177,0.14221491993996083,zara01
1660,66.4,31,8.90541018358,3.87774442574,1.4413935279417598,3.606412521670118,0.07342104770201416,0.10582862297238642,zara01
1660,66.4,32,0.0391465103903,4.02595216137,1.2537744419683037,5.7499460425365365,0.0288831026312367,0.036212895883792035,zara01
1660,66.4,33,-0.0164162785508,4.84216867639,1.1888066992243784,5.7525870211365016,0.028856588596455283,0.03430490584022784,zara01
1670,66.8,8,1.62500111142,6.91994089269,0.07972325957401838,4.800063551426892,0.041445502289245595,0.0033041705371810995,zara01
1670,66.8,28,6.25291840697,4.77653723146,1.264137745924289,2.2664304268793827,0.18590308555290078,0.23500710753121426,zara01
1670,66.8,29,6.2162974779,5.51972384777,1.3010036784476118,2.6821589206082215,0.13274016975410072,0.17269544912784546,zara01
1670,66.8,30,8.13952764966,4.45172124405,1.4905480673206895,2.1998735998053833,0.19732218972660362,0.2941182085364754,zara01
1670,66.8,31,8.32894624832,3.86724339456,1.4321188766541597,2.6821589206082215,0.13274016975410072,0.1900997027951252,zara01
1670,66.8,32,0.540053471299,4.05053412074,1.2535263380131045,5.758811187215148,0.02879424547281022,0.03609434508338221,zara01
1670,66.8,33,0.459024404093,4.85099908898,1.18906973525731,5.794372466868125,0.028441897365351704,0.033819399370434336,zara01
1680,67.2,8,1.64709994793,6.9134970781,0.0577180533735625,5.2734109626117585,0.03433903976404759,0.0019819825298981837,zara01
1680,67.2,28,6.74898467036,4.78584496365,1.2342568647002745,1.4226267794695142,0.47183420670151516,0.5823646086217533,zara01
1680,67.2,29,6.73656722889,5.53285013676,1.3013588329230883,2.024264772736546,0.23304336751567853,0.30327304477066974,zara01
1680,67.2,30,7.55296138913,4.39134031473,1.4092449620369365,1.403404467238485,0.48484807179421635,0.6832697025293223,zara01
1680,67.2,31,7.76321603365,3.78824700085,1.4276200649579716,2.024264772736546,0.23304336751567853,0.33269738747075744,zara01
1680,67.2,32,1.0407499671,4.07535473991,1.2532635761246067,5.752281267943344,0.028859656328432213,0.03616875609589809,zara01
1680,67.2,33,0.934675551847,4.85982950156,1.1890697352563102,5.814779809887316,0.028242610356133603,0.03358243321911491,zara01
1690,67.6,8,1.66940924955,6.90729192331,0.05763704478638305,5.751019975757841,0.028872316500284535,0.001664114999213526,zara01
1690,67.6,28,7.23999977112,4.80183517023,1.2281884929543485,1.1012253588176317,0.7874427243424401,0.967128092898008,zara01
1690,67.6,29,7.257047445,5.54621508554,1.30135883292309,1.8457545376748115,0.28030025474570386,0.364771212383914,zara01
1690,67.6,30,7.01374977827,4.39134031473,1.3886404999171948,1.1802243392210283,0.6855549148732755,0.9519893197103152,zara01
1690,67.6,31,7.19895907474,3.70137483376,1.4148251283748812,1.8457545376748115,0.28030025474570386,0.39657584390410233,zara01
1690,67.6,32,1.5414464629,4.09993669928,1.237088031943881,5.480056536433437,0.03179810975181592,0.03933706101240949,zara01
1690,67.6,33,1.41011623449,4.86865991415,1.2061087287014507,5.623925932386278,0.03019202186401437,0.036414861107332774,zara01
1700,68.0,8,1.69150808606,6.90108676851,0.05746508079656844,5.366701775507646,0.03315556683393448,0.0019052873269680697,zara01
1700,68.0,28,7.73101487187,4.81782537682,1.2601599851231726,1.643031459882017,0.3537362957934263,0.44576432524457027,zara01
1700,68.0,29,7.77731719599,5.55934137453,1.2851396891124853,2.277602263128453,0.18408381690506345,0.23657341922801292,zara01
1700,68.0,30,6.44212654053,4.40446660371,1.4565348756484322,1.765352605771507,0.30641389548985026,0.4463025251642608,zara01
1700,68.0,31,6.65069746417,3.5798969957,1.3993066043735547,2.277602263128453,0.18408381690506345,0.2575897007535475,zara01
1700,68.0,32,2.02888365679,4.13048515364,1.216877289521672,4.4217393168146195,0.048841063454031684,0.05943358091329806,zara01
1700,68.0,33,1.89860575393,4.90278826551,1.2244630865291535,4.570766414605476,0.04570811662960857,0.055967901567725034,zara01
1710,68.4,8,1.71360692257,6.89464295392,0.057465080793129925,4.816247214451806,0.04116743802253079,0.0023656901520109005,zara01
1710,68.4,28,8.24812764622,4.80135785064,1.3016861153581407,2.5331368091962503,0.1488175294948316,0.19371371186532288,zara01
1710,68.4,29,8.28495904041,5.52592900257,1.2704615532089027,3.011349302125474,0.10530502922338682,0.1337859909878529,zara01
1710,68.4,30,5.8490358616,4.42594598569,1.438914853301011,2.6727671747625603,0.13367467108378236,0.1923464697325816,zara01
1710,68.4,31,6.10959166732,3.44362225007,1.395333119255643,3.011349302125474,0.10530502922338682,0.14693559489957497,zara01
1710,68.4,32,2.51295340893,4.162226907,1.2127733296128795,3.346489785353869,0.08526923654813391,0.1034122559220286,zara01
1710,68.4,33,2.38730573848,4.93691661687,1.21487958245545,3.4992379786526233,0.07798739670969426,0.09474529595146089,zara01
1720,68.8,8,1.73570575908,6.88843779913,0.05763704478301912,4.345780966569099,0.05056333547976122,0.002914321231425817,zara01
1720,68.8,28,8.77155437386,4.77677589126,1.309995132263742,3.5243321889380086,0.07688076729694177,0.1007134309236952,zara01
1720,68.8,29,8.79112762906,5.48726611501,1.269369924686075,3.890997581520555,0.06307386733353286,0.08006407022682609,zara01
1720,68.8,30,5.29109285599,4.38943103633,1.3439059009903014,2.500209111671052,0.15276318864689997,0.2052993506766635,zara01
1720,68.8,31,5.56827540536,3.30710884463,1.4091025386534102,3.1874052635836705,0.09399328129895103,0.132446171294716,zara01
1720,68.8,32,2.99702316107,4.19396866036,1.108615810804779,2.719900446068387,0.12908190481679296,0.14310224056869425,zara01
1720,68.8,33,2.86590339777,4.9972975462,1.1817122812936547,2.500209111671052,0.15276318864689997,0.1805221361536211,zara01
1730,69.2,8,1.7580150607,6.88223264434,0.05763704478638262,4.0020921115644565,0.05962072075004401,0.003436362152066698,zara01
1730,69.2,28,9.2949811015,4.75243259169,1.3099951322631567,4.550977547497754,0.04610648307546894,0.060399268394637926,zara01
1730,69.2,29,9.29750668282,5.44860322746,1.2868485368876585,4.827928589411099,0.04096846635123243,0.05272021098261472,zara01
1730,69.2,30,4.78597659288,4.26532794048,1.3003461501959672,1.731879589508261,0.31837282715929766,0.4139948801235988,zara01
1730,69.2,31,4.99896728383,3.2505464721,1.4331583309780977,2.5550076117598537,0.14628068501511404,0.20964338239059369,zara01
1730,69.2,32,3.37438710263,4.37320216995,1.0356822174267772,1.9747446875641657,0.24487783316663733,0.2536156172526874,zara01
1730,69.2,33,3.30514408156,5.1634047668,1.1738940490823255,2.312569454048004,0.17855902762474216,0.2096093799386114,zara01
1740,69.6,8,1.78011389721,6.87602748954,0.11380463627960256,3.705789824938581,0.06953601734416026,0.007913521162184294,zara01
1740,69.6,28,9.81840782914,4.72785063232,1.3716947872915006,5.6034258838883835,0.030413340076403405,0.04171782004692624,zara01
1740,69.6,29,9.81693457337,5.40039394792,1.374566574029476,5.821178291652622,0.028180557451157464,0.03873605230987834,zara01
1740,69.6,30,4.28086032978,4.14122484463,1.31681604820542,1.303558678816495,0.5619662205688368,0.7400061377943912,zara01
1740,69.6,31,4.42650218564,3.20281451215,1.4548205413522555,2.233184109935431,0.1914795173134581,0.2785683350358337,zara01
1740,69.6,32,3.72523244037,4.58918928869,1.0115578571700437,1.5536454797209647,0.39561024548820894,0.4001826522005676,zara01
1740,69.6,33,3.74438476535,5.3292733276,1.1613482261842205,2.233184109935431,0.1914795173134581,0.22237439778259532,zara01
1750,70.0,8,1.84830459273,6.87053831415,0.20952467636264363,3.365407357899232,0.08431330279733243,0.017665717481676654,zara01
1750,70.0,28,10.3832961834,4.61186196966,1.4500403339471586,6.292457549149793,0.024117417042021007,0.03497122746155504,zara01
1750,70.0,29,10.3889787413,5.31471507982,1.445802143886161,6.3222626911697795,0.02389055881237596,0.03454102114957158,zara01
1750,70.0,30,3.74691034666,4.09182226609,1.3433499325101848,1.4006470076030912,0.4867589958293865,0.6538876641961316,zara01
1750,70.0,31,3.83677894847,3.18825626437,1.5071536767897378,2.2585209664781587,0.18720745050046625,0.28215039734421055,zara01
1750,70.0,32,4.09228359156,4.7467047565,0.9949459441538527,1.5792543573670512,0.38288399643849286,0.3809488793378967,zara01
1750,70.0,33,4.19877893703,5.4175774535,1.1572521218710585,2.2585209664781587,0.18720745050046625,0.21664621932173572,zara01
1760,70.4,8,1.94743365937,6.86600377796,0.24809562573678792,3.2083004990743227,0.09277293671222811,0.02301655978505966,zara01
1760,70.4,28,10.95281477,4.48537227581,1.4584257125051991,6.49826679348238,0.02261394368919909,0.032980756937472634,zara01
1760,70.4,29,10.9608124442,5.22903621172,1.4458021439727204,6.503739653727956,0.02257590069022152,0.03264028562003749,zara01
1760,70.4,30,3.21001385201,4.05053412074,1.3464437566978094,2.044500622255809,0.22845301177548055,0.30759913140390693,zara01
1760,70.4,31,3.22095803771,3.22357791473,1.5420997398377536,2.687888832007877,0.13217483482732897,0.20382677840032207,zara01
1760,70.4,32,4.46649055647,4.87916094534,0.8930197865755823,2.071788219517724,0.22247471724026482,0.19867432450836434,zara01
1760,70.4,33,4.65485682959,5.4970511668,0.9837803392453477,2.687888832007877,0.13217483482732897,0.1300310038461275,zara01
1770,70.8,8,2.046562726,6.86123058196,0.2478470182758904,3.378069349429222,0.08368242555633011,0.020740439656230587,zara01
1770,70.8,28,11.5223333567,4.35912124177,1.4472153584022729,6.751777231854472,0.020947643420102875,0.030315751279907197,zara01
1770,70.8,29,11.5328566122,5.14335734362,1.44553638792883,6.745862408106154,0.020984393632371368,0.03033370457421485,zara01
1770,70.8,30,2.67290689224,4.00948463519,1.3888481667222503,2.7784641142459523,0.12369774943756502,0.17179739253403045,zara01
1770,70.8,31,2.60513712694,3.25913822489,1.5130824734045691,3.3080780420504716,0.08726094036347716,0.13203299947677863,zara01
1770,70.8,32,4.79165915084,4.89252589413,0.8059914458052126,2.7292551802689746,0.12819854479078585,0.10332693046604981,zara01
1770,70.8,33,4.97055449403,5.57175168411,0.6396717924319151,3.1956976839976052,0.0935061134755576,0.059813223210251974,zara01
1780,71.2,8,2.14548132752,6.85645738597,0.24783283410312149,3.5569915706406783,0.07547544982253503,0.018705294634726793,zara01
1780,71.2,28,12.0876426411,4.25602020829,1.4266468325253192,7.0786233355423915,0.019057844326160898,0.02718881324267807,zara01
1780,71.2,29,12.1049007801,5.06054239312,1.4436676562052846,6.995773498071077,0.019511915307579508,0.028168721040169323,zara01
1780,71.2,30,2.0989685383,4.04194236795,1.4374180503017793,3.1299681307560783,0.09747462001062118,0.1401117782495739,zara01
1780,71.2,31,2.01120458758,3.26510471988,1.4732560392147123,3.5938620194883195,0.07393474577785862,0.10892481072503467,zara01
1780,71.2,32,5.11114518726,4.89252589413,0.7274288440803458,3.501161435858342,0.077901731299431,0.05666796635100278,zara01
1780,71.2,33,5.14587193034,5.64120168583,0.44949623101243297,3.441111832860255,0.08064432441126637,0.03624931987540818,zara01
1790,71.6,8,2.24461039416,6.85192284977,0.15312760729470418,3.68544407263745,0.07030589348659139,0.010765773248318067,zara01
1790,71.6,28,12.6489530885,4.17654649499,1.417271783804351,7.501430423826877,0.01697005348081958,0.024051177968016403,zara01
1790,71.6,29,12.676734483,4.98393259742,1.4423566751004817,7.407088168690396,0.017405093217270642,0.02510435238267643,zara01
1790,71.6,30,1.52481971924,4.07463876051,1.4374180503167546,3.935315086165937,0.06166125519881621,0.08863300122796625,zara01
1790,71.6,31,1.42653251304,3.25842224549,1.4617756544048437,4.273051193420045,0.05229921739920473,0.07644972273858368,zara01
1790,71.6,32,5.37359517896,4.89538981172,0.370778190541027,3.935315086165937,0.06166125519881621,0.02286264862910557,zara01
1790,71.6,33,5.30477308811,5.70444653275,0.22938848362700798,4.116347998564453,0.05635691552766262,0.01292762739478591,zara01
1800,72.0,8,2.26797202132,6.85812800457,0.046204710190320075,3.694796926124035,0.06995040522924852,0.0032320382013128774,zara01
1800,72.0,28,13.2102635359,4.09707278168,1.413565816072588,8.057458309111775,0.01470873243717528,0.02079176137094902,zara01
1800,72.0,29,13.2485681858,4.90732280171,1.4423170921189679,7.973164685172035,0.015021382776821156,0.021665597126270635,zara01
1800,72.0,30,0.950881365288,4.10709649327,1.4371385166175692,4.528088288104471,0.04657379313531501,0.06693299197974015,zara01
1800,72.0,31,0.841860438502,3.2517397711,1.4617756544049605,4.8571415533547295,0.04047714393534329,0.05916850356453021,zara01
1800,72.0,32,5.4072695965,4.90970939971,0.09148145292620706,4.528088288104471,0.04657379313531501,0.004260638264303226,zara01
1800,72.0,33,5.31592773892,5.71017436794,0.03097831655145701,4.650106290851249,0.04416168361711473,0.001368054614536273,zara01
1810,72.4,8,2.21598713925,6.87531151015,0.137127971845932,3.769330222561184,0.0672114103536088,0.00921656438669505,zara01
1810,72.4,28,13.7679960764,4.01354185178,1.3955904553494236,8.611027534425999,0.012878385651547315,0.0179729520956084,zara01
1810,72.4,29,13.8204018887,4.8309516658,1.4423170921189947,8.539482792124192,0.013095082732827518,0.018887261648269444,zara01
1810,72.4,30,0.376943011339,4.13955422603,1.4371385166138253,5.124403068362036,0.03636510257288706,0.05226168956810851,zara01
1810,72.4,31,0.257188363962,3.2450572967,1.4617756544076033,5.448877735723331,0.03216305221405958,0.04701516669795285,zara01
1810,72.4,32,5.44094401404,4.92402898769,0.09148145292131808,5.124403068362036,0.03636510257288706,0.003326732419000471,zara01
1810,72.4,33,5.32687192462,5.71566354334,0.030609051679319575,5.194797091961015,0.035386222550291446,0.0010831387147777745,zara01
1820,72.8,8,2.16379179206,6.89249501572,0.13722172199952515,3.844510547015755,0.06460844204235612,0.008865681672758625,zara01
1820,72.8,28,14.3116274545,3.9140207153,1.3816646027426962,9.153961771755144,0.011396019748931637,0.015745477099255552,zara01
1820,72.8,29,14.3922355915,4.75434187009,1.4423566751021433,9.105890146395348,0.011516660612547863,0.016611132309394348,zara01
1820,72.8,32,5.47461843158,4.93834857567,0.0914814529213161,5.666880674682898,0.02973604779218079,0.0027202968561663926,zara01
1820,72.8,33,5.33781611032,5.72115271873,0.030844437326294823,5.294179224048077,0.03407015451791902,0.0010508747457251336,zara01
1820,72.8,34,0.20814999342,7.03067903976,0.5270367142883536,5.666880674682898,0.02973604779218079,0.015671988924312416,zara01
1830,73.2,8,2.11180690998,6.9099171811,0.13697207927164445,3.920068934481219,0.06214182072163659,0.008511694393968325,zara01
1830,73.2,28,14.8552588327,3.81449957882,1.3816646028656299,9.696690215410356,0.010156038523874637,0.014032238933777289,zara01
1830,73.2,29,14.9640692944,4.67773207438,1.4423566752260069,9.672142038578523,0.010207656585195846,0.014723081614071935,zara01
1830,73.2,32,5.50829284912,4.95266816365,0.09148145292620939,5.483342292554387,0.03176001272105915,0.0029054521086773837,zara01
1830,73.2,33,5.34897076113,5.72664189412,0.0309783165514574,5.098620288409792,0.03673381567671651,0.0011379517701762124,zara01
1830,73.2,34,0.395253475877,6.93354450128,0.5271742362788141,5.483342292554387,0.03176001272105915,0.016743060450429777,zara01
1840,73.6,8,2.05982202791,6.92710068668,0.1371279718498476,3.9959201921285192,0.059805037976504515,0.008200943564121177,zara01
1840,73.6,32,5.54196726666,4.96698775164,0.09148145292620821,5.300149201587718,0.03399344592053914,0.0031097698227794063,zara01
1840,73.6,33,5.35991494683,5.73236972932,0.030743955938537695,4.903410878916667,0.03971685117254498,0.001221053122466182,zara01
1840,73.6,34,0.582356958334,6.83617130299,0.5471839124627725,5.300149201587718,0.03399344592053914,0.01860066673689228,zara01
1850,74.0,8,2.00762668072,6.94428419226,0.1371279718617169,3.57306514065277,0.07479791881980558,0.010256886907237285,zara01
1850,74.0,32,5.5756416842,4.98130733962,0.09148145292131528,5.104690494060167,0.03664650411996838,0.0033524754413816736,zara01
1850,74.0,33,5.37085913253,5.73785890471,0.030844437326292443,4.699314176557484,0.04324166618411489,0.001333764862500391,zara01
1850,74.0,34,0.774090673203,6.71421614534,0.6012076379915605,4.699314176557484,0.04324166618411489,0.025997219989371247,zara01
1850,74.0,35,0.1683720877,5.76745271988,0.5815133276311384,5.202571214843704,0.03528054737753604,0.020516108506159016,zara01
1860,74.4,8,1.95564179864,6.96146769784,0.13712797186171954,3.6364598692492205,0.07221273329553812,0.00990238565940841,zara01
1860,74.4,32,5.60931610174,4.9956269276,0.09148145292131692,4.891834493511288,0.03990505116257593,0.0036505720592519327,zara01
1860,74.4,33,5.38201378334,5.7433480801,0.03084443733185588,4.4833746426504035,0.047507406213862444,0.0014653392137625007,zara01
1860,74.4,34,0.972769736689,6.55526871873,0.6364816836530036,4.4833746426504035,0.047507406213862444,0.030237593892986334,zara01
1860,74.4,35,0.378837197326,5.66840890299,0.5813863630093563,5.00373778600604,0.0381401411534023,0.02217415794984004,zara01
1870,74.8,8,1.90344645145,6.97865120342,0.1371279718498487,3.6998828329950997,0.0697582279384383,0.009565804317037498,zara01
1870,74.8,32,5.64299051928,5.00994651558,0.09148145292620821,4.681258005818397,0.04357588603929013,0.003986385367421134,zara01
1870,74.8,33,5.39295796904,5.7488372555,0.030743955949663414,4.270631021769066,0.05235851025182091,0.0016097077327719824,zara01
1870,74.8,34,1.17165926529,6.39608263232,0.6366681163430525,4.270631021769066,0.05235851025182091,0.03333499409655522,zara01
1870,74.8,35,0.589302306951,5.56960374591,0.5813863630040392,4.8069982703221,0.0413260075124704,0.024026377205152768,zara01
1880,75.2,8,1.85146156938,6.995834709,0.13722172199160224,3.763055191984752,0.06743575216006793,0.009253650035203433,zara01
1880,75.2,32,5.67666493682,5.02426610357,0.1184758790591879,4.47380391220817,0.047710887158900955,0.00565258929684451,zara01
1880,75.2,33,5.40390215475,5.75456509069,0.030743955943962106,4.062299936113662,0.057866525955154575,0.001779045924595412,zara01
1880,75.2,34,1.37033832877,6.23689654591,0.5379317259164188,4.062299936113662,0.057866525955154575,0.031128240179843544,zara01
1880,75.2,35,0.799767416577,5.47055992903,0.5815133276171115,4.612885823332384,0.04487722265032657,0.026096703077605414,zara01
1890,75.6,8,1.79926622219,7.01325687438,0.2787682499895108,3.826608990869973,0.06521435554227814,0.01817969176871463,zara01
1890,75.6,32,5.73159633043,5.04359754734,0.2551035487272842,4.398042512842103,0.049368796006353605,0.01259415505761418,zara01
1890,75.6,33,5.41484634045,5.76005426608,0.03084443733185548,3.9006858557916186,0.06276093875034666,0.0019358258421734878,zara01
1890,75.6,34,1.53534297472,6.1660145854,0.4287318093484675,3.9006858557916186,0.06276093875034666,0.02690761082684447,zara01
1890,75.6,35,1.0102325262,5.37151611215,0.5687161196220494,4.42171739822224,0.04884154766861083,0.027776975466427704,zara01
1900,76.0,8,1.63026273916,6.96743419283,0.47847188588688616,3.981478400875211,0.06023967968370968,0.028822993143486516,zara01
1900,76.0,32,5.87197655855,5.0834537339,0.3648212238012063,4.6412841429106875,0.04432972813697599,0.01617242566970635,zara01
1900,76.0,33,5.42600099126,5.76554344148,0.03084443733185588,3.981478400875211,0.06023967968370968,0.0018580590248952551,zara01
1900,76.0,34,1.69171855117,6.11708932646,0.4098774553882987,3.7507932296530146,0.06787739009085132,0.02782141192883706,zara01
1900,76.0,35,1.23122089131,5.32617075021,0.5675608545629168,4.217727877515378,0.05368021785213392,0.03046679031728067,zara01
1910,76.4,8,1.43179414078,6.90609862431,0.5193255031000684,4.162884776673444,0.05510393350306415,0.028616877989271504,zara01
1910,76.4,32,6.01235678667,5.12330992045,0.2695671780263239,4.554502273298768,0.046035147146091214,0.012409564706198388,zara01
1910,76.4,33,5.43694517696,5.77103261687,0.030743955932837966,3.9981649731889113,0.05973790141252376,0.0018365794085468494,zara01
1910,76.4,34,1.84830459273,6.06816406751,0.41012855739287407,3.600920485340112,0.07364517848308107,0.030203990810206766,zara01
1910,76.4,35,1.4627325119,5.3340465236,0.5791138611852329,3.9981649731889113,0.05973790141252376,0.034595046746109415,zara01
1920,76.8,8,1.23332554241,6.84476305578,0.5372086863652952,4.34777848521667,0.05051688508945844,0.027138109478174535,zara01
1920,76.8,32,6.07907422642,5.14359600342,0.1505403114157976,4.389312961199667,0.04956536253798875,0.007461585111905735,zara01
1920,76.8,33,5.44788936266,5.77676045206,0.0309783165514574,3.7787480380521106,0.06687680436353183,0.0020717308155233766,zara01
1920,76.8,34,2.00489063429,6.01923880857,0.4660322462307624,3.451526618314456,0.08015837934152131,0.03735638957874672,zara01
1920,76.8,35,1.69424413249,5.34192229699,0.5288971262396589,3.7787480380521106,0.06687680436353183,0.035370949639963865,zara01
1930,77.2,8,1.01254764241,6.81158934362,0.6171900875686224,4.564084818352317,0.045842043469538886,0.028293254823289298,zara01
1930,77.2,32,6.12727073653,5.15934755021,0.12701303009221354,4.245987226339373,0.052968053731958446,0.006727633002583222,zara01
1930,77.2,33,5.45904401347,5.78224962746,0.03084443733185588,3.599558914208508,0.07370090315162127,0.0022732628885613615,zara01
1930,77.2,34,2.21451388348,5.9982367462,0.5339065072838385,3.251711272526288,0.09031240943269807,0.04821838308459982,zara01
1930,77.2,35,1.88555691714,5.34979807038,0.42872185000759133,3.599558914208508,0.07370090315162127,0.03159718754639339,zara01
1940,77.6,8,0.739574395224,6.84380841658,0.6874314727643399,4.846864737704849,0.040648973423584374,0.02794338366693312,zara01
1940,77.6,32,6.17567771174,5.17509909699,0.12692085497900513,4.142800375898313,0.05563951915061425,0.007061815341216689,zara01
1940,77.6,33,5.46998819917,5.78773880285,0.030609051673716147,3.4599984714276455,0.07976632215385263,0.002441571476629564,zara01
1940,77.6,34,2.43024062085,5.98033726122,0.541170125611492,3.0458429877570525,0.1029334095125441,0.055704486155522634,zara01
1940,77.6,35,2.03688133096,5.35719652417,0.37876291509704213,3.4599984714276455,0.07976632215385263,0.030212524705562994,zara01
1950,78.0,8,0.46639068293,6.87602748954,0.6874314727633097,5.130115326400259,0.03628416435341691,0.02494287653945537,zara01
1950,78.0,32,6.22387422185,5.19061198397,0.12692085497900288,4.039417054355025,0.0585239987776901,0.007427915961654547,zara01
1950,78.0,33,5.48093238487,5.79322797824,0.03097831655145661,3.3205082405088855,0.08660884705988475,0.0026829962803778017,zara01
1950,78.0,34,2.64596735821,5.96243777624,0.5411701256114821,2.840010327115825,0.11839450428384689,0.06407156875499859,zara01
1950,78.0,35,2.18820574478,5.36459497796,0.4017040372050621,3.3205082405088855,0.08660884705988475,0.034791123521631474,zara01
1960,78.4,8,0.193417435746,6.90824656251,0.687170204267205,5.413540938723656,0.032584310178208904,0.02239096708106578,zara01
1960,78.4,32,6.27228119706,5.20636353075,0.12692085496711195,3.919053329441613,0.06217403244141986,0.007891181354217963,zara01
1960,78.4,33,5.49208703568,5.79895581344,0.3012494597481955,3.162356966605704,0.09548817631870596,0.028765761528350607,zara01
1960,78.4,34,2.86169409558,5.94453829126,0.49593027766338854,2.8369762010793376,0.11864788387975166,0.05884107799665872,zara01
1960,78.4,35,2.35720922781,5.38297178254,0.48053973301021397,3.162356966605704,0.09548817631870596,0.0458858627538232,zara01
1970,78.8,32,6.32047770716,5.22187641773,0.27849315575165023,3.7583598384548518,0.06760435362341093,0.018827349783134217,zara01
1970,78.8,33,5.72191493539,5.79036406065,0.6057859509635493,3.175196315469115,0.09471749814738274,0.05737852968810047,zara01
1970,78.8,34,3.04037897365,6.00539654019,0.4709960718767467,3.3723806848980793,0.0839649812896346,0.03954717636262243,zara01
1970,78.8,35,2.56767433743,5.42616920628,0.5371912108121116,3.7583598384548518,0.06760435362341093,0.03631646457913028,zara01
1980,79.2,32,6.48758700421,5.14908517882,0.5333040355037123,3.7232693054368178,0.06888465409872442,0.03673646401512707,zara01
1980,79.2,33,5.97636725293,5.78057900886,0.7402890445271827,3.213310715160827,0.09248385785761866,0.0684647867676043,zara01
1980,79.2,34,3.21506501464,6.07532386151,0.47016146787639373,3.401076045831745,0.08255410945739729,0.03881376128171839,zara01
1980,79.2,35,2.77813944706,5.46960528983,0.5372514292886178,3.7232693054368178,0.06888465409872442,0.03700837887059174,zara01
1990,79.6,32,6.70562885778,5.03834703175,0.611278122970583,3.747212880654565,0.06800716165963264,0.041571290127857236,zara01
1990,79.6,33,6.30974398657,5.71828880113,0.9582081736419343,3.3274755625500942,0.08624653036539932,0.08264213034438292,zara01
1990,79.6,34,3.38954059052,6.14525118282,0.4698063580086391,3.495951686725008,0.07813408627225323,0.0367078905079001,zara01
1990,79.6,35,2.98860455668,5.51304137338,0.48886466148768515,3.747212880654565,0.06800716165963264,0.03324629806347459,zara01
2000,80.0,32,6.92346024624,4.92737022488,0.7722855998522703,3.8203654554091164,0.06542768636568193,0.05052886001186688,zara01
2000,80.0,33,6.72225560144,5.60373209727,1.0703068216693694,3.565470862258856,0.07511688996580006,0.08039811975298321,zara01
2000,80.0,34,3.5640161664,6.21493984434,0.33456341579108073,3.59773540585302,0.07377563253348021,0.024682627622548723,zara01
2000,80.0,35,3.15697664438,5.56673982832,0.44181927851542074,3.8203654554091164,0.06542768636568193,0.02890721318501882,zara01
2010,80.4,32,7.29156372298,4.84240733619,0.9637420502547156,4.041805723760479,0.05845484494581418,0.05633539211540046,zara01
2010,80.4,33,7.13476721631,5.48917539341,1.0890297869378405,3.811679306321866,0.06572622259457721,0.07157781418840149,zara01
2010,80.4,34,3.63052314104,6.26171716508,0.17194077760573484,3.926532634907717,0.0619373983739312,0.010649564439289909,zara01
2010,80.4,35,3.32534873208,5.62043828325,0.44181927851542824,4.041805723760479,0.05845484494581418,0.02582647741969085,zara01
2020,80.8,32,7.67608347826,4.76006970528,0.9833484464254311,4.2929685813722,0.051815054813902105,0.05095225365269919,zara01
2020,80.8,33,7.58053231849,5.45409240285,1.117596571960514,4.092731085168375,0.057009202000454326,0.06371328872591224,zara01
2020,80.8,34,3.66988011654,6.30276665063,0.1423535679324499,4.2929685813722,0.051815054813902105,0.007376057925374429,zara01
2020,80.8,35,3.49372081978,5.67413673819,0.44181927851542785,4.281083501603394,0.05210315051817406,0.023020176370320403,zara01
2030,81.2,32,8.06081369866,4.67773207438,1.0675383287487135,4.659423075710513,0.0439852525248059,0.04695594296992142,zara01
2030,81.2,33,8.02608695557,5.41900941229,1.1175965719719947,4.4145943383898745,0.04899928897547366,0.054761437388054515,zara01
2030,81.2,34,3.70944755715,6.34381613618,0.14235356793245055,4.4145943383898745,0.04899928897547366,0.006975223611811865,zara01
2030,81.2,35,3.66209290748,5.72783519312,0.35928845738132803,4.374907703560179,0.0498923076360928,0.017925730245766436,zara01
2030,81.2,36,0.41040696377,5.26674446008,1.912200244676582,7.61720200291251,0.01645812801938471,0.031471236425585955,zara01
2040,81.6,32,8.51289275413,4.58942794849,1.1516134874954143,5.0911818883766005,0.03684123294409318,0.0424268607543781,zara01
2040,81.6,33,8.47185205776,5.38392642174,1.11482448841443,4.827945443615152,0.040968180312504564,0.045672330658158025,zara01
2040,81.6,34,3.74880453265,6.38486562173,0.1423535679324499,4.827945443615152,0.040968180312504564,0.005831966639184975,zara01
2040,81.6,35,3.77321848537,5.74120014191,0.2797804996770001,4.712197147691777,0.04300554719320969,0.012032113482599015,zara01
2040,81.6,36,1.14703484746,5.06078105292,1.8808832556690234,7.331941768296914,0.017763697459287336,0.03341144110994392,zara01
2050,82.0,32,8.96497180961,4.5008851628,1.145166669623104,5.522945423670555,0.03130616563691062,0.03585077744109019,zara01
2050,82.0,33,8.91467064841,5.34263827639,1.1100031356769604,5.239506350715469,0.03478489044107485,0.038611337463772606,zara01
2050,82.0,34,3.78837197326,6.42591510728,0.14235356794145826,5.239506350715469,0.03478489044107485,0.004951753264739731,zara01
2050,82.0,35,3.88434406325,5.75432643089,0.27951926918814657,5.047145003853474,0.037486925037280724,0.010478317890531542,zara01
2050,82.0,36,1.86472087128,4.88059290414,1.7788150910702836,7.065074506760206,0.0191310096007882,0.034030528585292534,zara01
2060,82.4,32,9.41410435355,4.42475268669,1.1245958558776543,5.947959283053597,0.026992021318798107,0.030355115316881648,zara01
2060,82.4,33,9.35559505307,5.29705425464,1.1084171685093953,5.650309183275429,0.0299107261168208,0.033153562350466535,zara01
2060,82.4,34,3.82772894876,6.46696459284,0.25019238082405276,5.650309183275429,0.0299107261168208,0.007483435779343571,zara01
2060,82.4,35,3.99525917602,5.76769137967,0.376274508302749,5.3809571656208055,0.03298012612631525,0.012409580741941916,zara01
2060,82.4,36,2.53820922208,4.76126300428,1.7097695652516245,6.83840784339056,0.020420265520017522,0.0349139485004831,zara01
2070,82.8,32,9.85608108376,4.37702072674,1.1113667544418417,6.249117997468734,0.02445310043480625,0.02717636286627101,zara01
2070,82.8,33,9.79672992285,5.25170889269,1.1084171684956792,5.951341619320748,0.026961349193003494,0.0298844223313322,zara01
2070,82.8,34,3.97652778126,6.49417181,0.5785125503687197,5.951341619320748,0.026961349193003494,0.015597478883026076,zara01
2070,82.8,35,4.18530917001,5.76005426608,0.6256869306062216,5.634399514060966,0.030079880471677204,0.018820588085325735,zara01
2070,82.8,36,3.21317082865,4.65124083662,1.7094221057126489,6.610885888682697,0.0218500311473126,0.03735092625372607,zara01
2080,83.2,32,10.298057814,4.3292887668,1.1172539929519205,5.968965150692194,0.026802375997972288,0.029945061604333256,zara01
2080,83.2,33,10.2376543275,5.20612487095,1.1006054127918459,5.767057126095673,0.028711962313042492,0.031600541133610056,zara01
2080,83.2,34,4.28927893417,6.50109294419,0.7820693133522141,6.087701711704076,0.02576704720115288,0.02015161691171972,zara01
2080,83.2,35,4.49364055561,5.72115271873,0.7769394029432259,5.767057126095673,0.028711962313042492,0.022307454856823637,zara01
2080,83.2,36,3.89128941187,4.56293671072,1.7096482102253023,6.3788744031999425,0.02346838907485635,0.0401226893786992,zara01
2080,83.2,37,14.7140367441,4.72546403433,1.7749087725280148,10.2687825084546,0.009055938629617047,0.016073464917182628,zara01
2090,83.6,32,10.7459275673,4.29301247725,1.1379241688883222,6.10414552857942,0.025628407683404776,0.02916318451306947,zara01
2090,83.6,33,10.670581058,5.14383466322,1.083587595146816,5.893255916877574,0.02749544672819387,0.029793724997690983,zara01
2090,83.6,34,4.60203008707,6.50801407839,0.7817997507880717,6.219991669090001,0.0246826494911541,0.0192968892209736,zara01
2090,83.6,35,4.80197194122,5.68225117138,0.7769021163402241,5.893255916877574,0.02749544672819387,0.021361270752853708,zara01
2090,83.6,36,4.56940799508,4.47439392503,1.7427163440939886,6.137789801357569,0.025348213685559225,0.04417474628341098,zara01
2090,83.6,37,14.0453890909,4.96412383404,1.673086405706195,9.271271081984032,0.011109456758702561,0.018587081077766063,zara01
2100,84.0,32,11.2072670876,4.28394340486,1.1535716304824828,5.9331765326912596,0.027126692314480134,0.03129258268281148,zara01
2100,84.0,33,11.0915112773,5.05648517653,1.074805340964054,5.854105446510344,0.027864438779701677,0.029948847623389264,zara01
2100,84.0,34,4.91457077487,6.51469655278,0.8575854498029502,6.346729424544985,0.02370671695634858,0.020330535524361423,zara01
2100,84.0,35,5.11030332682,5.64358828382,0.7794161059773156,6.00995329478314,0.026438035905769604,0.020606230995363396,zara01
2100,84.0,36,5.27509750765,4.39324959313,1.7979255231417914,5.854105446510344,0.027864438779701677,0.050098185670047556,zara01
2100,84.0,37,13.4449321331,5.15075579742,1.5470419181279729,8.20487741875158,0.014184929703928501,0.021944680857676008,zara01
2110,84.4,32,11.6686066079,4.27487433247,1.2165188049987272,5.669664720576544,0.029706851640386608,0.0361389436578376,zara01
2110,84.4,33,11.5124414965,4.96889703003,1.1055696047977541,5.55176462135853,0.03098198875607589,0.034252745064903285,zara01
2110,84.4,34,5.28688355379,6.46720325264,0.9474192397281738,6.40331892339835,0.02328955103008291,0.022064968730531657,zara01
2110,84.4,35,5.42010796819,5.60039086008,0.8040021895356505,6.124974471584464,0.02545439716684788,0.020465391055455754,zara01
2110,84.4,36,5.99909748477,4.31687845722,1.8222291434184048,5.55176462135853,0.03098198875607589,0.05645628283238282,zara01
2110,84.4,37,12.8613123841,5.32426147181,1.5289717875702118,6.93576339436915,0.019851020758078212,0.030351650693572225,zara01
2120,84.8,32,12.1779321732,4.21353876394,1.3111347877722832,5.453214182708753,0.03211191983198942,0.04210305519387602,zara01
2120,84.8,33,11.9617845056,4.89873104892,1.1856327597081184,5.278295685258299,0.03427551203447549,0.040638169923844,zara01
2120,84.8,34,5.66572075112,6.4135047977,0.9565600678466093,6.475720678848789,0.02277168493840989,0.021782484489666975,zara01
2120,84.8,35,5.74127772547,5.51876920857,0.8284477464998553,6.251332011744815,0.02443578254922725,0.020243768986867805,zara01
2120,84.8,36,6.72478118275,4.23979134191,1.8432299736289093,5.278295685258299,0.03427551203447549,0.06317765114342362,zara01
2120,84.8,37,12.2720100772,5.4977671462,1.5404117456687614,5.688079775425098,0.029514812222396897,0.0454649634185881,zara01
2130,85.2,32,12.707462389,4.13000783404,1.340454970333921,5.24274577031942,0.03474191752254423,0.046569976022025554,zara01
2130,85.2,33,12.454062397,4.85481764577,1.2353461248252768,5.038117157061426,0.03762139171197284,0.04647544046191943,zara01
2130,85.2,34,6.04455794845,6.35980634276,0.9565600678324777,5.676246890683479,0.029637995516546552,0.02835052300172644,zara01
2130,85.2,35,6.06244748276,5.43714755707,0.8287762331449191,5.621359553122376,0.03021959592877724,0.025045282881013535,zara01
2130,85.2,36,7.4647765082,4.15506711301,1.8620742410064424,4.478683268182299,0.04760698537534911,0.088647741159408,zara01
2130,85.2,37,11.6789193982,5.67151148039,1.5330589487370576,4.478683268182299,0.04760698537534911,0.07298431495207318,zara01
2140,85.6,32,13.2372030699,4.04647690414,1.3407148402306603,5.032487827375768,0.03770560519626386,0.05055246444650926,zara01
2140,85.6,33,12.9461298233,4.81066558282,1.2353727443108513,4.79880748565078,0.04146720146770283,0.05122745047604701,zara01
2140,85.6,34,6.42339514577,6.30610788783,0.9152636856534033,4.689186736026651,0.043428649698673764,0.03974866598615871,zara01
2140,85.6,35,6.38382770516,5.35528724577,0.8221546729075719,4.724742864876097,0.04277746319901127,0.035169691264198805,zara01
2140,85.6,36,8.20477183364,4.07034288411,1.8620742409940214,3.367038987584319,0.08423160801671624,0.1568455075654328,zara01
2140,85.6,37,11.0864601146,5.81184344262,1.5075449865585278,3.367038987584319,0.08423160801671624,0.12698293837536367,zara01
2150,86.0,32,13.7669437508,3.96294597424,1.340454970333898,4.822229892092939,0.041065352997019765,0.055046256533371175,zara01
2150,86.0,33,13.4384077147,4.76651351988,1.235346124824143,4.560986980115247,0.045904336768339056,0.05670774453939008,zara01
2150,86.0,34,6.76161257694,6.21159860714,0.8739138458451506,3.746401404940839,0.06803662574037564,0.05945814925909884,zara01
2150,86.0,35,6.69784164872,5.26722177968,0.801005465766168,3.8502387943793566,0.06441634079778993,0.05159784106368594,zara01
2150,86.0,36,8.94476715908,3.98561865521,1.9139015583390313,3.1178759878983575,0.09823216308306738,0.18800669000369652,zara01
2150,86.0,37,10.4952636217,5.90277282631,1.493560176626426,3.746401404940839,0.06803662574037564,0.10161679475786148,zara01
2160,86.4,32,14.2964739666,3.87941504434,1.3404549704573991,4.8804648061030385,0.04009119590988309,0.05374044282898414,zara01
2160,86.4,33,13.930475141,4.72260011673,1.2353461248252784,4.283683225004012,0.05203992797356431,0.06428732335832928,zara01
2160,86.4,34,7.0951997757,6.11255479026,0.8701174232461234,3.437579047303184,0.08081016525182559,0.0703143327610119,zara01
2160,86.4,35,6.99522884862,5.1634047668,0.7874687248815472,3.037040623587306,0.10353094540195014,0.08152738156145475,zara01
2160,86.4,36,9.72643457623,3.90041710672,1.9660044819705818,3.437579047303184,0.08081016525182559,0.15887314707387248,zara01
2160,86.4,37,9.90953922161,6.01804550957,1.4915563221279275,3.037040623587306,0.10353094540195014,0.15442223615016,zara01
2170,86.8,32,14.8262146476,3.79588411444,1.3407148404776332,5.9884791642912765,0.026627984551428195,0.03570053406010894,zara01
2170,86.8,33,14.4227530324,4.67844805378,1.2353727443108513,5.305521482590899,0.03392463840210474,0.041909573642561426,zara01
2170,86.8,34,7.42899743956,6.01374963318,0.8701174232461234,3.783613757326411,0.06670490810636488,0.05804110275937966,zara01
2170,86.8,35,7.29261604852,5.05958775393,0.7874687248933506,3.4480669312840186,0.08031931707252517,0.06324895019940611,zara01
2170,86.8,36,10.5083124585,3.81521555822,1.972242563608022,3.783613757326411,0.06670490810636488,0.1315582589689346,zara01
2170,86.8,37,9.33707412343,6.18988056537,1.4942464134019002,2.6477977894318627,0.13620772885870186,0.20352791032473375,zara01
2180,87.2,33,14.9148204587,4.63429599084,1.235110715400033,7.265942922392198,0.01808786958894878,0.02234052154806903,zara01
2180,87.2,34,7.76258463832,5.9147058163,0.8674605633250765,4.158151647356421,0.05522945200485093,0.04790937154826326,zara01
2180,87.2,35,7.59000324843,4.95577074105,0.7874687248974672,3.9047904978914176,0.06262906187062951,0.0493184274927892,zara01
2180,87.2,36,11.2937682476,3.71903565893,2.0044588654710194,3.9047904978914176,0.06262906187062951,0.1255373783027163,zara01
2180,87.2,37,8.76460902525,6.36171562116,1.4885699482983015,3.6579234211188743,0.071367776044198,0.10623592669627657,zara01
2190,87.6,34,8.09659276729,5.82425375221,0.8643225575836323,4.585161527087718,0.04542156592790002,0.039258884032256115,zara01
2190,87.6,35,7.88739044833,4.85195372817,0.7931528497975362,4.395372363327588,0.04942879643232605,0.03920459075236169,zara01
2190,87.6,36,12.0943775246,3.5789423565,2.032193794999811,4.864965791205928,0.040347051292751165,0.08199302728366802,zara01
2190,87.6,37,8.17867416005,6.46600995364,1.4884982451591582,4.864965791205928,0.040347051292751165,0.060056515046606654,zara01
2200,88.0,34,8.43060089627,5.73618828611,0.8633789090170693,5.0209947519211555,0.037878419294163614,0.03270342832548609,zara01
2200,88.0,35,8.19024974108,4.7500459937,0.8014161151752702,4.884236750432335,0.040029297449649774,0.032080124055293674,zara01
2200,88.0,36,12.8951972668,3.43884905407,2.032193794999772,6.152515334446267,0.02522702121431606,0.051266195978060716,zara01
2200,88.0,37,7.5893718531,6.55359810013,1.4894396857187011,6.152515334446267,0.02522702121431606,0.03757412654906992,zara01
2210,88.4,34,8.76439856014,5.64788416022,0.8633789090049985,5.462342810672284,0.03200467909861607,0.027632164923218218,zara01
2210,88.4,35,8.49542415003,4.64861557882,0.803972748853169,5.372717989478641,0.03308135512065346,0.02659650801213962,zara01
2210,88.4,36,13.6958065438,3.29875575164,2.0319346504689384,7.483631174472599,0.017050873449878153,0.03464626058356827,zara01
2210,88.4,37,7.00006954615,6.64118624663,1.4613303903213117,7.483631174472599,0.017050873449878153,0.024916959553829734,zara01
2220,88.8,34,9.09840668911,5.55981869412,0.8465222848832906,5.907965292575686,0.02735870341405984,0.02315975212551422,zara01
2220,88.8,35,8.80059855899,4.54718516394,0.8039727488650298,5.862621393988693,0.02778354672206184,0.022337214431356046,zara01
2220,88.8,36,14.4964158208,3.15866244921,2.0319346504689713,8.80948683236277,0.012304675374763681,0.025002296256754597,zara01
2220,88.8,37,6.42928816884,6.69822593876,1.4270907042589949,8.80948683236277,0.012304675374763681,0.017559887846249813,zara01
2230,89.2,34,9.42104970217,5.48225425922,0.762874146577995,3.775951948741283,0.044650590314594035,0.03406278098044961,zara01
2230,89.2,35,9.10577296795,4.44575474906,0.8450045695249011,3.976285598213319,0.04026474773826204,0.034023895829598846,zara01
2230,89.2,37,5.86334748906,6.7473898575,1.4204682623023852,3.976285598213319,0.04026474773826204,0.05719479625181297,zara01
2240,89.6,34,9.69844271665,5.44836456766,0.6984139511615174,4.6031757893415515,0.03004450147826096,0.020983498988110288,zara01
2240,89.6,35,9.44714737576,4.34981350958,0.9043934729852126,4.81765497220559,0.027428921747222258,0.024806537799209962,zara01
2240,89.6,37,5.29719634416,6.79679243604,1.4677314022984391,4.81765497220559,0.027428921747222258,0.04025828977958468,zara01
2250,90.0,34,9.97562526603,5.4142362163,0.6984503309623897,5.476549496860971,0.02122589876874922,0.014825236020007074,zara01
2250,90.0,35,9.80409620169,4.25649752789,0.922183236879777,5.7371291382775285,0.01934153204957344,0.017836436631689583,zara01
2250,90.0,37,4.69526613064,6.86695841716,1.5202921820303785,5.7371291382775285,0.01934153204957344,0.029404779963456504,zara01
2260,90.4,34,10.2530182805,5.38010786494,0.6984503309872138,6.3578266562113805,0.015749354451593697,0.011000141829550565,zara01
2260,90.4,35,10.1608345625,4.1629428864,0.9221832368435177,6.6761580939255,0.014283245411225443,0.013171769485954199,zara01
2260,90.4,37,4.08933708002,6.93927233647,1.5253110368355454,6.6761580939255,0.014283245411225443,0.021786391867572825,zara01
2270,90.8,34,10.5302008299,5.34597951358,0.6984503310244354,7.24075744856514,0.012142612156772791,0.00848101148039929,zara01
2270,90.8,35,10.5177833884,4.06962690471,0.9140553253471616,7.624604945676992,0.010950789478932422,0.010009627439973849,zara01
2270,90.8,37,3.48361849452,7.01158625578,1.4535387384218985,7.624604945676992,0.010950789478932422,0.01591739672393123,zara01
2280,91.2,34,10.8075938444,5.31185116222,0.6984503310244353,8.07167299967775,0.009771314779413624,0.006824778042225403,zara01
2280,91.2,35,10.870312447,3.98585731501,0.8373583409970392,8.525343489884971,0.00875903680240622,0.007334452525594883,zara01
2280,91.2,37,2.93977665125,7.11444862946,1.3379447240500089,8.525343489884971,0.00875903680240622,0.011719107077539261,zara01
2290,91.6,34,11.0847763938,5.27772281086,0.6751254899132108,8.866695400998015,0.008097604182883545,0.0054668989910925175,zara01
2290,91.6,35,11.1828531348,3.98943721201,0.7814029737954856,9.32917764132033,0.0073146474251066,0.005715687250243789,zara01
2290,91.6,37,2.43739643457,7.23759708611,1.2931343329332097,9.32917764132033,0.0073146474251066,0.009458821718706843,zara01
2300,92.0,34,11.3390182462,5.21543260314,0.6526036666924291,9.645601161004508,0.00684260582271934,0.004465509649637606,zara01
2300,92.0,35,11.4953938226,3.99301710901,0.7814029737953301,10.1361933065593,0.006196270293329474,0.004841784033647313,zara01
2300,92.0,37,1.9350162179,7.36074554276,1.215424404286109,10.1361933065593,0.006196270293329474,0.00753109813006569,zara01
2310,92.4,34,11.5909449824,5.14980115822,0.6505089685918101,10.360439450311787,0.005930943258424829,0.003858131781814485,zara01
2310,92.4,35,11.8079345104,3.996597006,0.7816626791498615,10.885102540257147,0.005372978142724147,0.004199856490055404,zara01
2310,92.4,37,1.49745925499,7.48651925721,1.0611124262830938,10.885102540257147,0.005372978142724147,0.005701333873392051,zara01
2320,92.8,34,11.8426612535,5.0844083731,0.6502543653810509,11.012257309774904,0.005249614614060679,0.003413584819361117,zara01
2320,92.8,35,12.1206856633,3.9999382432,0.7816626791498615,11.574613940730394,0.004751897825996642,0.003714381185714938,zara01
2320,92.8,37,1.12514647606,7.61515688926,0.9846755789993772,11.574613940730394,0.004751897825996642,0.004679077743159126,zara01
2330,93.2,34,12.0943775246,5.01877692817,0.6502543653810509,11.66426322687889,0.0046791341809561664,0.003042627427370435,zara01
2330,93.2,35,12.4332263511,4.00351814019,0.7814029737953425,12.264560926006062,0.004232296770418557,0.0033071292823894844,zara01
2330,93.2,37,0.752833697131,7.7435558615,0.6797763011152682,12.264560926006062,0.004232296770418557,0.002877015043817222,zara01
2340,93.6,34,12.3460937957,4.95338414305,0.7266111149413895,12.039235183965337,0.004392202210632343,0.0031914229453156025,zara01
2340,93.6,35,12.7457670389,4.00709803719,0.7708901482808674,12.686704387937375,0.003955327801932681,0.0030491232357313216,zara01
2340,93.6,37,0.6800127692,7.92756256708,0.488338089083541,12.686704387937375,0.003955327801932681,0.0019315372204948078,zara01
2350,94.0,34,12.6603182044,4.88608207953,0.822803950501645,12.44653043618177,0.004109448214836912,0.003381270225549744,zara01
2350,94.0,35,13.0496786572,3.98561865521,0.7452842685185248,13.078935727073592,0.0037216481495408273,0.002773685818813857,zara01
2350,94.0,37,0.6406557937,8.11777442745,0.4856555987139448,13.078935727073592,0.0037216481495408273,0.0018074392602678952,zara01
2360,94.4,34,12.9903274963,4.81830269641,0.8419869845752496,12.871330083397686,0.0038426715697617983,0.003235479447736777,zara01
2360,94.4,35,13.333385625,3.90614494191,0.7366507657300564,13.47173340943266,0.0035077865852404426,0.002584013674034992,zara01
2360,94.4,37,0.601088353091,8.30798628782,0.48565559872619346,13.47173340943266,0.0035077865852404426,0.0017035761942586567,zara01
2370,94.8,34,13.3201263231,4.7505233133,0.8419269979363772,13.297432393275491,0.0036003485016333887,0.0030312306055049324,zara01
2370,94.8,35,13.6170925928,3.82643256881,0.7366507656130771,13.866068299570596,0.003311108810313441,0.002439130840145601,zara01
2370,94.8,37,0.561731377591,8.4981981482,0.4856555987264456,13.866068299570596,0.003311108810313441,0.0016080585317211832,zara01
2380,95.2,34,13.650135615,4.68298258998,0.8419269979388884,13.725417632424215,0.003379317420973723,0.0028451385713229933,zara01
2380,95.2,35,13.9007995605,3.7469588555,0.7365702387433293,14.262041601575437,0.0031298010010265952,0.0023053182705452704,zara01
2380,95.2,37,0.522163936981,8.68841000857,0.48565559871420777,14.262041601575437,0.0031298010010265952,0.001520005379009898,zara01
2390,95.6,34,13.9799344418,4.61520320686,0.8419869845777633,14.154475931950088,0.003177551033957146,0.0026754566134235313,zara01
2390,95.6,35,14.1845065283,3.6674851422,0.7363974672495376,14.659212700692573,0.0029625032143641263,0.0021815798637763563,zara01
2390,95.6,37,0.482806961481,8.87862186894,0.4853634978360573,14.659212700692573,0.0029625032143641263,0.0014378909224743355,zara01
2400,96.0,34,14.3099437337,4.54742382374,0.8419869844553078,14.585145702380453,0.0029926682698509957,0.0025197877320069233,zara01
2400,96.0,35,14.468003031,3.58777276909,0.7363974672495195,15.057669295207246,0.002807789939378151,0.0020676493999267523,zara01
2400,96.0,37,0.443239520871,9.06859506951,0.4851249793302895,15.057669295207246,0.002807789939378151,0.0013621290363046202,zara01
2410,96.4,34,14.6397425604,4.47964444062,0.8419869844553186,0.9777773590610481,0.33294321879198613,0.28033385678551176,zara01
2410,96.4,35,14.7517099988,3.50829905579,0.7365702387433324,0.9777773590610481,0.33294321879198613,0.24523606615358678,zara01
2420,96.8,34,14.9697518523,4.4118650575,0.8422446850398928,0.9852304240782973,0.3279249782319939,0.2761930700077194,zara01
2420,96.8,35,15.0354169665,3.42882534248,0.7365702386263516,0.9852304240782973,0.3279249782319939,0.2415397794678809,zara01
2530,101.2,38,14.4778948911,4.53859341115,1.241975469513591,0.5561984715902569,1.02894117125187,1.2779196942674054,zara01
2530,101.2,39,14.7205611625,5.03906301115,1.2706180982803323,0.5561984715902569,1.02894117125187,1.3073912742583886,zara01
2540,101.6,38,13.9843542091,4.59634908268,1.242236774720482,0.5614062477068734,1.0099401652669397,1.2545848135618738,zara01
2540,101.6,39,14.2169181552,5.10731971387,1.270618098280316,0.5614062477068734,1.0099401652669397,1.283248252168387,zara01
2550,102.0,38,13.490813527,4.65386609441,1.3245807599999797,0.567160323931968,0.9895515958750947,1.3107410049234256,zara01
2550,102.0,39,13.7132751479,5.17557641659,1.3579903747861164,0.567160323931968,0.9895515958750947,1.3438015425526193,zara01
2560,102.4,38,12.9278193587,4.67773207438,1.4087494864316716,0.6136414872118916,0.8453191344564867,1.1908428965364408,zara01
2560,102.4,39,13.1403891195,5.25337951129,1.5035373901977611,0.6136414872118916,0.8453191344564867,1.2709689253049363,zara01
2570,102.8,38,12.3648251905,4.70159805435,1.4087494863073164,0.6550200539570383,0.7418924208712481,1.045140566797662,zara01
2570,102.8,39,12.5214112321,5.33762642059,1.561712134999543,0.6550200539570383,0.7418924208712481,1.1586223965388165,zara01
2580,103.2,38,11.8018310223,4.72546403433,1.408749486432201,0.7036382125884365,0.6429116475030409,0.905701453241189,zara01
2580,103.2,39,11.9024333447,5.42187332989,1.535960720330404,0.7036382125884365,0.6429116475030409,0.9874870372075775,zara01
2590,103.6,38,11.238836854,4.7493300143,1.349782615705697,0.7504715294938074,0.5651733629484311,0.7628611801677185,zara01
2590,103.6,39,11.3030287124,5.4970511668,1.4080069463101967,0.7504715294938074,0.5651733629484311,0.7957680209008849,zara01
2600,104.0,38,10.7227764052,4.76627486008,1.2911191770493644,0.7728984807743153,0.5328503066249168,0.6879732493800641,zara01
2600,104.0,39,10.781917101,5.53690735335,1.3068461893608085,0.7728984807743153,0.5328503066249168,0.696353392712511,zara01
2610,104.4,38,10.2065054913,4.78345836566,1.2911191770618775,0.795147016015121,0.5034487423883512,0.6500123259652852,zara01
2610,104.4,39,10.2605950245,5.5767635399,1.3068234775365266,0.795147016015121,0.5034487423883512,0.6579186362893361,zara01
2620,104.8,38,9.69044504249,4.80040321144,1.2911191770743708,0.8174500730898795,0.4763516274417369,0.6150267212206126,zara01
2620,104.8,39,9.73948341303,5.61638106666,1.3065611575927985,0.8174500730898795,0.4763516274417369,0.6223825337714892,zara01
2630,105.2,38,9.17417412858,4.81758671702,1.3082922575060858,0.8398143581483686,0.45131891611564173,0.5904570436201327,zara01
2630,105.2,39,9.2183718016,5.65623725321,1.2761418297450182,0.8398143581483686,0.45131891611564173,0.5759469474103535,zara01
2640,105.6,38,8.64422298254,4.8297583668,1.3296716952476553,0.82440156962107,0.46835213825751365,0.6227545816497324,zara01
2640,105.6,39,8.71914856157,5.65074807782,1.248136858287907,0.82440156962107,0.46835213825751365,0.5845675664171566,zara01
2650,106.0,38,8.11069392964,4.84097537739,1.3341111479299368,0.8114306145795557,0.4834453071342271,0.6449697736621846,zara01
2650,106.0,39,8.21992532153,5.64502024262,1.248136858287886,0.8114306145795557,0.4834453071342271,0.6034059068005364,zara01
2660,106.4,38,7.57716487674,4.85195372817,1.3341111479299617,0.8005504319848592,0.49667549683759366,0.6626203172346861,zara01
2660,106.4,39,7.7207020815,5.63953106723,1.2481335426160212,0.8005504319848592,0.49667549683759366,0.6199173473984781,zara01
2670,106.8,38,7.04363582384,4.86317073876,1.3298809595836953,0.7911197593099499,0.5085874787602799,0.6763608042859732,zara01
2670,106.8,39,7.22147884147,5.63404189184,1.233949221007724,0.7911197593099499,0.5085874787602799,0.6275711232305298,zara01
2680,107.2,38,6.51389514291,4.81520011902,1.3339609768949066,0.8651099702092062,0.42531185955185313,0.5673494236527793,zara01
2680,107.2,39,6.73362071736,5.65194137681,1.214696692819272,0.8651099702092062,0.42531185955185313,0.5166249092144507,zara01
2690,107.6,38,5.98773236885,4.70851918855,1.342171947206258,1.0065720898083839,0.31416685105476383,0.42166593422783083,zara01
2690,107.6,39,6.25081375588,5.68010323318,1.2090689915379007,1.0065720898083839,0.31416685105476383,0.37984939777942117,zara01
2700,108.0,38,5.46156959478,4.60183825807,1.3422312590141083,1.1480784340496168,0.24149436930654644,0.3241412913591439,zara01
2700,108.0,39,5.7680067944,5.70826508955,1.229643307697905,1.1480784340496168,0.24149436930654644,0.29695193506452117,zara01
2710,108.4,38,4.93540682072,4.4949186678,1.3400619931198052,1.2295753631171025,0.2105425225433998,0.28214003239597985,zara01
2710,108.4,39,5.26709983349,5.67890993418,1.3266478583798438,1.2295753631171025,0.2105425225433998,0.2793157866300913,zara01
2720,108.8,38,4.41808358126,4.35601866437,1.3391483145650482,1.1993991078240394,0.22127007568534834,0.2963134489177149,zara01
2720,108.8,39,4.72431031576,5.51566663118,1.4171004956904822,1.1993991078240394,0.22127007568534834,0.3135619339351777,zara01
2730,109.2,38,3.90454871377,4.20327639255,1.338470184098382,1.1818222208574993,0.22790078677349498,0.30503840802888593,zara01
2730,109.2,39,4.18152079804,5.35218466837,1.4171004956785134,1.1818222208574993,0.22790078677349498,0.32295831790224294,zara01
2740,109.6,38,3.38785686964,4.06413772932,1.3373803645086109,1.1524414039791084,0.23966930779741485,0.3205290262236331,zara01
2740,109.6,39,3.63873128032,5.18894136537,1.405293744698562,1.1524414039791084,0.23966930779741485,0.3368057790439414,zara01
2750,110.0,38,2.85832665382,3.97941350042,1.3406631857586655,1.0850847779602824,0.2703477660225615,0.36244529725854563,zara01
2750,110.0,39,3.10246618099,5.03667641315,1.3826935998849286,1.0850847779602824,0.2703477660225615,0.37380812582258394,zara01
2760,110.4,38,2.32879643801,3.89468927152,1.3441860914968637,1.0296699395441442,0.30022998134456,0.4035649651737205,zara01
2760,110.4,39,2.57230456984,4.89515115192,1.3714850571079247,1.0296699395441442,0.30022998134456,0.41176093310985507,zara01
2770,110.8,38,1.79610924554,3.81187432102,1.3769007242507787,0.9736435629884335,0.3357763728137505,0.46233073091355253,zara01
2770,110.8,39,2.04235342381,4.75386455049,1.3702452392021855,0.9736435629884335,0.3357763728137505,0.4600959762846198,zara01
2780,111.2,38,1.23732437949,3.7462428761,1.4065998251987408,0.9476324139858388,0.35446251322540345,0.49858690914235887,zara01
2780,111.2,39,1.50251041762,4.65601403261,1.3718107957279977,0.9476324139858388,0.35446251322540345,0.48625550232348663,zara01
2790,111.6,38,0.678539513433,3.68037277138,1.4066347189960307,0.9324417485674644,0.36610588250018855,0.5149772451534466,zara01
2790,111.6,39,0.960562760331,4.56914186551,1.3723779320659262,0.9324417485674644,0.36610588250018855,0.5024356339427797,zara01
2800,112.0,38,0.119754647377,3.61450266666,1.406634718994764,0.9179464567399581,0.3777595285193766,0.5313696682464479,zara01
2800,112.0,39,0.418404637936,4.48250835822,1.3726377081207268,0.9179464567399581,0.3777595285193766,0.5185269734476035,zara01
2880,115.2,40,14.5279855872,3.90161040572,1.280526589124464,0.6089036187045951,0.8585251402757447,1.0993642695549013,zara01
2880,115.2,41,15.0236309204,4.25530422889,1.1536392860304634,0.6089036187045951,0.8585251402757447,0.9904283298669135,zara01
2890,115.6,40,14.0199228126,3.96748051044,1.2807874863489164,0.6552200695944729,0.7414395426911771,0.9496264881631228,zara01
2890,115.6,41,14.567763493,4.3269021688,1.153899182304149,0.6552200695944729,0.7414395426911771,0.8555464820393113,zara01
2900,116.0,40,13.511860038,4.03335061516,1.220163974993845,0.7022284941211092,0.6454955191337165,0.7876103784669112,zara01
2900,116.0,41,14.1116856004,4.39850010872,1.1575302599223747,0.7022284941211092,0.6454955191337165,0.747180596041579,zara01
2910,116.4,40,13.0526251688,4.09850474048,1.1595424466801114,0.7077011289484193,0.6355509181947958,0.7369482666733849,zara01
2910,116.4,41,13.6532925916,4.47272330643,1.192421560954496,0.7077011289484193,0.6355509181947958,0.7578446179399015,zara01
2920,116.8,40,12.5933902996,4.163420206,1.1592819649078168,0.7079562390315689,0.6350929626712256,0.7362518176646251,zara01
2920,116.8,41,13.1732216766,4.56961918511,1.2246375587038933,0.7079562390315689,0.6350929626712256,0.7777586953557126,zara01
2930,117.2,40,12.1343658955,4.22857433132,1.2078941012878648,12.322657826899707,0.004192483330212164,0.005064075884310976,zara01
2930,117.2,41,12.6929402964,4.6665150638,1.2246375587038931,12.832326319909631,0.0038660666155034247,0.004734530381796736,zara01
2930,117.2,42,-0.0926046482352,5.76124756508,1.3693237076628972,12.832326319909631,0.0038660666155034247,0.005293896672012898,zara01
2940,117.6,40,11.6340903299,4.27964752846,1.277957506777205,11.274124752828756,0.005008578104955827,0.006400749987508247,zara01
2940,117.6,41,12.2128693814,4.76341094248,1.1640166432763737,11.798534172388536,0.004573240211657586,0.005323327720070195,zara01
2940,117.6,42,0.454604636791,5.73738158511,1.3693237076663696,11.798534172388536,0.004573240211657586,0.0062622462426758976,zara01
2950,118.0,40,11.1165566253,4.32499289041,1.299027191854326,10.20960407101681,0.006107483777226169,0.007933787500425962,zara01
2950,118.0,41,11.7765752091,4.8321449648,1.0976110832597974,10.810749049141837,0.0054471401656688715,0.005978841417907763,zara01
2950,118.0,42,1.00181392182,5.71351560514,1.369323707658603,10.810749049141837,0.0054471401656688715,0.007458898167789795,zara01
2960,118.4,40,10.5988124556,4.37009959255,1.2990012600562058,9.145485101161093,0.007611436522559525,0.009887265633642648,zara01
2960,118.4,41,11.3451217344,4.89777640972,1.091041897213787,9.828052174821332,0.006590907494287807,0.007190956216928336,zara01
2960,118.4,42,1.54902320684,5.68964962517,1.3337184086372924,9.828052174821332,0.006590907494287807,0.008790414654757139,zara01
2970,118.8,40,10.0812787511,4.4152062947,1.2224930765093776,8.114502607724194,0.009668437956513445,0.01181959846249816,zara01
2970,118.8,41,10.9136682596,4.96340785464,1.0910418972137834,8.875380073569088,0.008081764718346542,0.00881754391114023,zara01
2970,118.8,42,2.06866156251,5.69704807896,1.2772342531395484,8.875380073569088,0.008081764718346542,0.010322306724086898,zara01
2980,119.2,40,9.6294101607,4.499453204,1.149137624218512,7.164798935329476,0.012401439766134593,0.014250961029744887,zara01
2980,119.2,41,10.4822147849,5.02903929956,1.0873415183621602,7.942562593858239,0.010091572177910858,0.010972985414590923,zara01
2980,119.2,42,2.57019991875,5.72497127553,1.2555416182220531,7.942562593858239,0.010091572177910858,0.012670388862658848,zara01
2990,119.6,40,9.17754157033,4.5837001133,1.1491376241816482,6.216991042931893,0.0164709875775074,0.018927431532742293,zara01
2990,119.6,41,10.0448682871,5.00660527839,1.0962861667743886,7.013186240748611,0.012943429984267795,0.014189703242365626,zara01
2990,119.6,42,3.07152780987,5.75313313189,1.249210448730453,7.013186240748611,0.012943429984267795,0.01616906797875837,zara01
3000,120.0,40,8.72567297996,4.6679470226,1.1565025236669453,5.275294499256648,0.02287634848525737,0.02645655475548465,zara01
3000,120.0,41,9.60689039397,4.97438620543,1.0979034097229083,6.091738545987483,0.017155272155189687,0.018834831793907224,zara01
3000,120.0,42,3.56822546859,5.77676045206,1.2186466713354467,6.091738545987483,0.017155272155189687,0.020906215307775585,zara01
3010,120.4,40,8.26706950609,4.7481367153,1.1687882123912647,4.346142054092081,0.03370328932754766,0.03939200728485002,zara01
3010,120.4,41,9.16891250084,4.94216713247,1.0876793508794558,5.191509210550605,0.023620705518306976,0.02569175364546691,zara01
3010,120.4,42,4.04598126744,5.78320426666,1.194761189741455,5.191509210550605,0.023620705518306976,0.028221102227584994,zara01
3020,120.8,40,7.80404626491,4.82570115021,1.173687467531113,3.4188070123122394,0.05446668589955173,0.06392686663825746,zara01
3020,120.8,41,8.73787995632,4.92999548268,1.0446834470568347,4.3007242497072875,0.034418895326648574,0.03595685021373161,zara01
3020,120.8,42,4.5239475314,5.78964808125,1.1947611897412855,4.3007242497072875,0.034418895326648574,0.041122360330047424,zara01
3030,121.2,40,7.34102302374,4.90326558511,1.1736874675311133,7.40124343224713,0.01743259355576234,0.020460416582961907,zara01
3030,121.2,41,8.3350497365,4.9982521854,1.0214302578567143,6.413334142816829,0.023216868760888576,0.023714412245059914,zara01
3030,121.2,42,5.00170333025,5.79609189584,1.2115929593382988,9.807387165102524,0.009928067964821048,0.012028777246009295,zara01
3030,121.2,43,14.7361355807,4.60207691787,1.6919178931604872,9.807387165102524,0.009928067964821048,0.016797475834194154,zara01
3040,121.6,40,6.87799978256,4.98083002002,1.1366242563764661,6.578246849965138,0.022067394000475075,0.025082335295956472,zara01
3040,121.6,41,7.93221951668,5.06650888812,1.0216398593666958,6.142990488117605,0.025305312002288097,0.02585291539524797,zara01
3040,121.6,42,5.49313936123,5.80229705063,1.2457832776352036,5.276120387841822,0.03430378083707662,0.042735076526493,zara01
3040,121.6,43,14.0611739741,4.65147949642,1.691917893159543,8.644975313464826,0.012777440495945296,0.021618380203871194,zara01
3040,121.6,44,0.300754641655,4.86603465636,1.2039757459658949,6.578246849965138,0.022067394000475075,0.026568607153245292,zara01
3040,121.6,45,0.112809298759,4.1629428864,1.4140082459968282,6.814450942332239,0.020564096978257354,0.029077802698734355,zara01
3050,122.0,40,6.44023235454,5.02736868096,1.0771714640908108,5.661649740179513,0.029791020876878068,0.03209003757470666,zara01
3050,122.0,41,7.52917883174,5.13452693104,1.0387644795971538,5.873064762134157,0.027684826259866176,0.028758014142567505,zara01
3050,122.0,42,5.99825562433,5.80826354563,1.2628787508868058,5.305597286145459,0.03392366901461886,0.042841480750679305,zara01
3050,122.0,43,13.3862123675,4.70088207496,1.6605916139853287,7.470488508828211,0.01711092067441621,0.028414251379503742,zara01
3050,122.0,44,0.781667417149,4.84049805779,1.204238457315721,5.661649740179513,0.029791020876878068,0.035875493022632085,zara01
3050,122.0,45,0.6690685835,4.06055783232,1.413695529683151,5.851585638885637,0.027888441895158777,0.03942576563701427,zara01
3060,122.4,40,6.01930213529,5.05314393933,1.0542966062199202,4.7624712418870425,0.04210238028092955,0.04438839664396452,zara01
3060,122.4,41,7.10951140315,5.18369084978,1.0643353768194397,5.64564217011281,0.029960198416482346,0.03188769907119192,zara01
3060,122.4,42,6.50337188743,5.81423004062,1.2628787508866794,5.335000405121589,0.03355076820323173,0.042370552239785815,zara01
3060,122.4,43,12.7331391323,4.68560784777,1.6099479145938855,6.72388949946528,0.021121766965508368,0.034004944678658215,zara01
3060,122.4,44,1.26279065775,4.81496145922,1.2205382155285118,5.335000405121589,0.03355076820323173,0.040949994752383194,zara01
3060,122.4,45,1.22511740313,3.95841143805,1.4033478195259128,5.595000722670009,0.03050500412861377,0.042809131028519104,zara01
3070,122.8,40,5.59837191604,5.0789191977,1.0542966062199202,3.853513058003501,0.06430692039494099,0.06779856792884086,zara01
3070,122.8,41,6.68247769572,5.22450167553,1.072214997973319,4.945999751527457,0.03903581055084003,0.04185478153065581,zara01
3070,122.8,42,7.00848815053,5.82019653561,1.2578124892646056,5.235952698446834,0.03483212362299707,0.043812280120614416,zara01
3070,122.8,43,12.1017438035,4.60613413447,1.590943376585273,6.520534611718462,0.022459752851781825,0.035732195039284494,zara01
3070,122.8,44,1.75633133983,4.78178774706,1.2749902506502409,4.945999751527457,0.03903581055084003,0.049770277878550845,zara01
3070,122.8,45,1.77443133925,3.86414081716,1.3035646970504793,5.09308361429926,0.036813725503543566,0.04798907293332627,zara01
3080,123.2,40,5.17744169679,5.10469445607,1.0381256996937231,2.9220736164997687,0.11183791862609083,0.11610181752600021,zara01
3080,123.2,41,6.2556544534,5.26555116108,1.071474323808771,4.012061720770304,0.05932478473579555,0.06356498360988744,zara01
3080,123.2,42,7.50960557655,5.81995787581,1.2475619349805334,4.166545644854701,0.05500714367696902,0.06862481860339167,zara01
3080,123.2,43,11.4703484746,4.52666042116,1.6164478834955953,6.319398631176971,0.02391221894276472,0.03865285569971531,zara01
3080,123.2,44,2.27933713724,4.73119186952,1.3136185875134776,4.012061720770304,0.05932478473579555,0.07793013992917687,zara01
3080,123.2,45,2.26165806804,3.84385473418,1.2188717451088604,4.239484385692318,0.05313067113898984,0.06475947384998551,zara01
3090,123.6,40,4.77334868631,5.17414445779,1.0237404695755055,2.433928093587896,0.16119660652479406,0.16502348965767066,zara01
3090,123.6,41,5.82988353663,5.31304446122,1.069087110753088,3.0928939785936547,0.09982545902947057,0.10672211157341745,zara01
3090,123.6,42,8.00651370037,5.81327540142,1.242378662055372,3.2957312346802454,0.0879159768739849,0.10922493372199239,zara01
3090,123.6,43,10.812645007,4.50374908039,1.677202451655483,6.076391199646305,0.025863061341226665,0.04337758988882151,zara01
3090,123.6,44,2.80234293466,4.68059599198,1.3136185875259196,3.0928939785936547,0.09982545902947057,0.1311325784894197,zara01
3090,123.6,45,2.74867433171,3.82332999141,1.2186214192302214,3.422440556977582,0.08152664198509296,0.09935011216094813,zara01
3100,124.0,40,4.37114986181,5.2483676555,1.0224754810735461,1.838183455990599,0.28261400260477676,0.28896588827143954,zara01
3100,124.0,41,5.40895331738,5.38631301973,1.068199512155636,2.6889714985415782,0.13206842056317453,0.1410754224167484,zara01
3100,124.0,42,8.5034218242,5.80683158683,1.2423786620678499,4.169838550082132,0.0549203001272004,0.068231808992396,zara01
3100,124.0,43,10.1286334007,4.53787743175,1.7121562098079781,5.8011561829202325,0.02837541787775338,0.04858314792529177,zara01
3100,124.0,44,3.32534873208,4.63000011444,1.3336660492781622,2.216622944614484,0.19435142679864922,0.25919989955012845,zara01
3100,124.0,45,3.23569059538,3.80280524863,1.2554182566668577,2.6889714985415782,0.13206842056317453,0.16580110630416595,zara01
3110,124.4,40,3.96895103732,5.32259085321,1.0224754810735648,1.5759621481430122,0.3844853684816136,0.3931268621039847,zara01
3110,124.4,41,4.98802309813,5.45982023804,1.0682507916755584,2.1007982063818513,0.21637282040711137,0.23114043669697013,zara01
3110,124.4,42,9.00032994803,5.80014911244,1.224134599837938,5.053992049271163,0.0373854207978645,0.045764787128166784,zara01
3110,124.4,43,9.44462179445,4.57200578311,1.6902328857417313,5.526875083439616,0.0312616635113264,0.0528394917298362,zara01
3110,124.4,44,3.86392894762,4.57391506151,1.3537623065346223,1.4312287172263731,0.46617963631586146,0.631096419718432,zara01
3110,124.4,45,3.75111964886,3.76175576308,1.3177457926327216,2.1007982063818513,0.21637282040711137,0.2851243737315465,zara01
3120,124.8,40,3.56675221282,5.39681405092,1.0096636067577571,1.8366607367133345,0.2830828101235498,0.28581841108046463,zara01
3120,124.8,41,4.56709287887,5.53332745636,1.0524528735911198,1.8482804041889007,0.27953465960397134,0.2941970557685152,zara01
3120,124.8,42,9.4808217933,5.7457346781,1.207574103396641,5.224710059600842,0.034982189871076874,0.04224358656841671,zara01
3120,124.8,43,8.78355088511,4.67630011559,1.6669078184918709,4.383915492139029,0.049687487246350026,0.08282446097215598,zara01
3120,124.8,44,4.40250916315,4.51759134878,1.3535006463329444,1.2130631640534082,0.6489400109659447,0.8783407242737141,zara01
3120,124.8,45,4.2854905622,3.70662534935,1.3427564470552735,1.8482804041889007,0.27953465960397134,0.37534696635863385,zara01
3130,125.2,40,3.18012780644,5.4963351874,0.9827146668913366,2.4680907379949666,0.15676501109131522,0.15405527565481852,zara01
3130,125.2,41,4.15942196153,5.60922127267,0.9998201255671957,2.066057793910278,0.22371054212301536,0.22367030231613863,zara01
3130,125.2,42,9.9596299177,5.68606972817,1.206278176462619,5.528008479892479,0.031248845793552665,0.03769480072040829,zara01
3130,125.2,43,8.13258230104,4.81042692302,1.6619249759014687,3.5097916017604245,0.07751909986032747,0.12883092816727829,zara01
3130,125.2,44,4.94087891357,4.46150629584,1.3230063170043553,2.04233084882612,0.22893868684278024,0.3028873288996801,zara01
3130,125.2,45,4.81965101042,3.65149493562,1.3424947554984323,2.4680907379949666,0.15676501109131522,0.21045620523574426,zara01
3130,125.2,46,0.535212773778,4.00256350099,1.3758577730559685,3.9643715052812287,0.060760689041972314,0.08359806631463422,zara01
3130,125.2,47,0.447027892845,3.27178719427,1.0965863239234763,4.3869656702638125,0.04961841763829125,0.05441087819687358,zara01
3140,125.6,40,2.81707549234,5.63356457224,0.9703056439828291,2.903770418738993,0.11325224730762448,0.10988929475632721,zara01
3140,125.6,41,3.78289988041,5.69084292417,0.9634256179112749,2.6181296691164397,0.13931217658028278,0.13421691980442357,zara01
3140,125.6,42,10.4384380421,5.62640477824,1.2062781764610733,5.474896431492434,0.03185807761019304,0.038429703765179006,zara01
3140,125.6,43,7.48140325186,4.94479239026,1.6624299560936213,3.03457578553206,0.10369919999181962,0.17239265648934435,zara01
3140,125.6,44,5.45672889726,4.42355938769,1.272914598858557,2.0994549624800936,0.21664978224129575,0.2757766706544727,zara01
3140,125.6,45,5.35381145865,3.59636452188,1.3319225308516498,2.6181296691164397,0.13931217658028278,0.18555302680926217,zara01
3140,125.6,46,1.08389531457,4.04528360514,1.3758577730659134,3.1610901788578647,0.09556472427059837,0.1314834687186035,zara01
3140,125.6,47,0.880796483783,3.33694131959,1.0963261616942968,3.7367173948210572,0.0683897277049835,0.07497744767412266,zara01
3150,126.0,40,2.45402317823,5.77079395707,0.9703056439828117,2.628607442689377,0.138203778092687,0.13409990590308227,zara01
3150,126.0,41,3.40616733418,5.77246457567,0.9634256179112574,2.897859581701077,0.1137147254029304,0.10955567958692718,zara01
3150,126.0,42,10.9172461665,5.56673982832,1.302454039293842,5.414088458794735,0.032577720089456745,0.04243098312149708,zara01
3150,126.0,43,6.82306838895,5.04264290815,1.6664769701889448,3.493973738377267,0.07822257516349969,0.13035612005884598,zara01
3150,126.0,44,5.95721492795,4.39778412932,1.2531360081343381,2.897859581701077,0.1137147254029304,0.1425000170575206,zara01
3150,126.0,45,5.88249981403,3.57583977911,1.3189648102539457,3.31019380816627,0.08714942741356353,0.11494702799227084,zara01
3150,126.0,46,1.63257785537,4.08800370929,1.3481881100129833,2.4460229045761586,0.1596064151157487,0.21517947114084887,zara01
3150,126.0,47,1.31435460961,3.40209544492,1.1018883611106536,3.1613810733104413,0.09554713830513967,0.1052822796358633,zara01
3160,126.4,40,2.09097086413,5.90802334191,0.9983022459652389,2.4705999984019065,0.15644673660257316,0.15618112852428093,zara01
3160,126.4,41,3.02964525306,5.85408622717,0.9491075576581512,2.7124227789087625,0.12979459755324785,0.12318903348098571,zara01
3160,126.4,42,11.4703484746,5.48201559942,1.409569606485158,5.410649412909342,0.03261914649549,0.04597895748952956,zara01
3160,126.4,43,6.15778817742,5.10421713647,1.670309001054468,3.2167657372601406,0.09228529681931881,0.15414496194229146,zara01
3160,126.4,44,6.45791142375,4.37200887095,1.2531360081343603,3.7349112743032515,0.06845588721836075,0.08578453724211257,zara01
3160,126.4,45,6.4086625881,3.57035060371,1.3154816611782878,4.078382834943412,0.05741103832113871,0.0755231680606619,zara01
3160,126.4,46,2.15768830388,4.14647536022,1.3026334113540259,1.9173533305442225,0.25975689100684884,0.3383680050549674,zara01
3160,126.4,47,1.7535952934,3.46056709585,1.1609135236168011,2.7124227789087625,0.12979459755324785,0.1506803035919656,zara01
3170,126.8,40,1.71444878301,6.07222128411,1.0710688426013986,2.664254059949858,0.13453029964485025,0.1440912123354291,zara01
3170,126.8,41,2.66680340407,5.94525427066,0.9214260596206618,2.5208673219134066,0.15026969501549256,0.1384624129585239,zara01
3170,126.8,42,12.031658922,5.39442745292,1.4199517751389632,6.543146772574674,0.022304785827280866,0.03167172022954185,zara01
3170,126.8,43,5.4925079659,5.1657913648,1.6695645309328182,2.9312401287439056,0.11113953796096146,0.18555463056388277,zara01
3170,126.8,44,6.95839745444,4.34623361258,1.2981943929407345,4.293571908487854,0.0518004938693892,0.06724711069280195,zara01
3170,126.8,45,6.93482536216,3.56462276852,1.3154848747288974,4.3174305440775775,0.05122956435064516,0.06739171704222444,zara01
3170,126.8,46,2.66680340407,4.21592536194,1.284535244968739,2.086339827285888,0.2193821481900772,0.28180410146710905,zara01
3170,126.8,47,2.2412429524,3.46056709585,1.2191191475000043,2.664254059949858,0.13453029964485025,0.16400846421594997,zara01
3180,127.2,40,1.31751158626,6.27675273246,1.1163339876945404,3.1500622680279844,0.09623501197101565,0.10743041466943573,zara01
3180,127.2,41,2.31785225231,6.04573004634,0.9078211821895644,2.6176363409055816,0.13936469197516035,0.12651821942437458,zara01
3180,127.2,42,12.5927589042,5.30707796623,1.3471762850348696,7.766249093035581,0.015832472786591657,0.021329131871556217,zara01
3180,127.2,43,4.82701728926,5.21829652073,1.6673422477818234,2.7371058232075742,0.12746419419252628,0.2125264360566656,zara01
3180,127.2,44,7.49487301887,4.31449185922,1.3482969234213114,4.319054274317848,0.05119105251383918,0.06902073861110815,zara01
3180,127.2,45,7.46098813622,3.55889493333,1.2916152006489094,4.346176349399497,0.050554136145112505,0.06529649070070177,zara01
3180,127.2,46,3.17591850425,4.28513670385,1.2611972849165192,1.958562383570784,0.24894107680126884,0.3139638101659549,zara01
3180,127.2,47,2.7288906114,3.46056709585,1.219119147512504,2.7371058232075742,0.12746419419252628,0.1553940397623609,zara01
3190,127.6,40,0.920574389502,6.48128418082,1.1161001332144758,3.4647786612460556,0.07954637440605965,0.08878171907133174,zara01
3190,127.6,41,1.96890110055,6.14620582202,0.9078211821895639,2.498700889226964,0.15294766083084765,0.13884912626858856,zara01
3190,127.6,42,13.0989274929,5.2445490987,1.2667712748933857,8.937198703502478,0.011955522313156509,0.01514491224265359,zara01
3190,127.6,43,4.16173707774,5.25672074849,1.6659722782907431,2.366371340024952,0.17053188336084477,0.2841013902438778,zara01
3190,127.6,44,8.03513695528,4.28227278626,1.3533220871025335,4.364550285455016,0.050129385276222696,0.06784120430718471,zara01
3190,127.6,45,7.96568346911,3.49374080801,1.2572703021914269,4.373083233332239,0.049933946915966046,0.0627804685286473,zara01
3190,127.6,46,3.67072197698,4.31663979742,1.2192739823623293,2.498700889226964,0.15294766083084765,0.18648510351423048,zara01
3190,127.6,47,3.21653827041,3.46056709585,1.2191191475125036,2.9219845839951466,0.11184473410469328,0.1363520568954763,zara01
3190,127.6,48,0.294651153476,3.43670111587,1.2636289163927221,3.1850476665077223,0.09413248191554968,0.11894852612030356,zara01
3200,128.0,40,0.523847657858,6.68581562917,0.9646814833831877,3.3032553688179744,0.08751592410277206,0.08442499148311262,zara01
3200,128.0,41,1.61994994879,6.2466815977,0.91544814532151,2.968672913470204,0.10835443256662788,0.09919286433048412,zara01
3200,128.0,42,13.5987821282,5.18488414877,1.271856380886863,9.48813829530156,0.010607410343506006,0.013491102530073426,zara01
3200,128.0,43,3.49645686621,5.29514497624,1.6685229199587843,2.1039724696641406,0.21572042955781437,0.3599344810205677,zara01
3200,128.0,44,8.5756113568,4.2500537133,1.3449943786131724,4.934984783538292,0.039210262178058806,0.05273758221343778,zara01
3200,128.0,45,8.4487008957,3.36892173276,1.2474656942348212,4.745399997674136,0.042405845878987915,0.052899837969046494,zara01
3200,128.0,46,4.15100335714,4.31067330242,1.2007998412460419,3.18659057227519,0.09404134853340176,0.11292483638947254,zara01
3200,128.0,47,3.70418592941,3.46056709585,1.2535412934948564,2.906654550753667,0.11302760941223056,0.1416847757032389,zara01
3200,128.0,48,0.79829416081,3.39398101172,1.2636037373339377,3.300682717984394,0.0876524023273387,0.11075790316712313,zara01
3210,128.4,40,0.2864430142,6.92113419169,0.8231262093465861,3.7112692879605373,0.06933083753652376,0.057068029492262806,zara01
3210,128.4,41,1.27962786652,6.39369603432,0.9329578611577249,3.0422782661027234,0.10317477068475502,0.09625771338348778,zara01
3210,128.4,42,14.1041088564,5.08679497109,1.3040161482494832,5.073168608665554,0.03710332145798166,0.048383330334899645,zara01
3210,128.4,43,2.82844060826,5.32044291501,1.6783788257495351,2.3374818380284332,0.17477322163087802,0.2933356744932963,zara01
3210,128.4,44,9.10829854926,4.20423103175,1.3068713122205724,4.948209430755989,0.03900095456444239,0.050969228669487755,zara01
3210,128.4,45,8.9319287874,3.2441026575,1.2474656942348197,4.7168759275914045,0.042920273084381434,0.05354156825995593,zara01
3210,128.4,46,4.63128473731,4.30446814763,1.2008036581909465,3.463048418847459,0.07962588175112485,0.09561505009343045,zara01
3210,128.4,47,4.21919405266,3.44171297167,1.288645721611517,2.918651433212422,0.11210033724262172,0.14445761997891268,zara01
3210,128.4,48,1.30193716814,3.35149956738,1.2523893531247103,3.0422782661027234,0.10317477068475502,0.12921498431667067,zara01
3210,128.4,49,14.7729669748,3.58634081029,1.4387395606261648,5.698267868140782,0.02940936585318342,0.04231241810590325,zara01
3210,128.4,50,14.9125053425,4.46938206923,1.4848376593630859,5.810260026140832,0.02828656712919967,0.042000960127537644,zara01
3220,128.8,40,0.0667174397513,7.1597939914,0.8110095100568543,4.215406992113874,0.05373934378274113,0.04358311887201774,zara01
3220,128.8,41,0.942883691122,6.56075789412,0.9397682715202768,3.3553894978938277,0.08481750640325779,0.07970880138724958,zara01
3220,128.8,42,14.6153286077,4.95052022546,1.322500933643583,5.07549172600568,0.037069363903621595,0.04902426837211329,zara01
3220,128.8,43,2.15389993191,5.31495373962,1.6861420519332335,2.785635710239495,0.1230616516506279,0.20749942582848252,zara01
3220,128.8,44,9.61088923105,4.10423257567,1.280905923915214,4.614380804097016,0.04484814844974494,0.05744625902590722,zara01
3220,128.8,45,9.41494621399,3.11928358225,1.2519648788967694,4.690368052644828,0.04340677656444187,0.054343759764800596,zara01
3220,128.8,46,5.11156611748,4.29826299284,1.2524752912578556,3.4569115433712114,0.07990884407514998,0.10008385275710203,zara01
3220,128.8,47,4.73441264103,3.42285884749,1.2886457216115632,3.1998545158732257,0.09326332948391748,0.12018339052269983,zara01
3220,128.8,48,1.79716157109,3.31593925722,1.1973827945428557,3.3553894978938277,0.08481750640325779,0.10155902284328937,zara01
3220,128.8,49,14.2063948997,3.68729390557,1.4387395606262137,4.614380804097016,0.04484814844974494,0.06452480539548525,zara01
3220,128.8,50,14.3383565235,4.62140836165,1.48450699826544,4.755672170659849,0.04222285187760433,0.0626801190990287,zara01
3230,129.2,41,0.606139515722,6.72781975392,0.9397682715236366,5.6012724090500905,0.030436730102046457,0.02860347323883164,zara01
3230,129.2,42,15.1263378939,4.81400682002,1.3223237133156238,5.0780875977072055,0.03703147455427854,0.04896759694216664,zara01
3230,129.2,43,1.47956972067,5.30970322402,1.6861420519357329,4.224152419908134,0.05351705679979605,0.09023735996596928,zara01
3230,129.2,44,10.1132694477,4.00399545979,1.2855836969721535,3.7312942058950664,0.06858867205286,0.08817647858812638,zara01
3230,129.2,45,9.90364619854,3.0013856412,1.302386446427173,4.247925627761909,0.052919724295950696,0.06892193167170896,zara01
3230,129.2,46,5.63204633358,4.25506556909,1.3418637302335685,4.2843112169823465,0.05202467312371372,0.06981002194196857,zara01
3230,129.2,47,5.24942076428,3.40400472331,1.2948046052801316,4.224152419908134,0.05351705679979605,0.06929413160541431,zara01
3230,129.2,48,2.25892202161,3.30949544263,1.1547807802457783,3.5031515080077065,0.07781324752662735,0.08985724269225662,zara01
3230,129.2,49,13.6398228246,3.78824700085,1.4519814671426796,3.5331467727310413,0.07649763765507754,0.11107315215536859,zara01
3230,129.2,50,13.7644181695,4.77319599427,1.3980543133883223,3.7312942058950664,0.06858867205286,0.095890688813078,zara01
3240,129.6,41,0.269395340321,6.89488161372,0.9397682715247219,6.50077737765553,0.022596480163595514,0.021235455105884822,zara01
3240,129.6,43,0.805029044318,5.30421404863,1.686407526182717,5.3233207750806235,0.03369815381365792,0.05682882020981554,zara01
3240,129.6,44,10.6194380364,3.90280370471,1.3344576535747565,2.7865234218788264,0.12298325585557994,0.16411594703802115,zara01
3240,129.6,45,10.4422264141,2.94530058826,1.3537313750405173,3.3829875856597402,0.08343928498684558,0.11295437799764006,zara01
3240,129.6,46,6.17925561861,4.18680886637,1.3786247202460724,4.440074639892476,0.048438517222807946,0.06677853725542816,zara01
3240,129.6,47,5.76948005016,3.38276400114,1.3261957381285705,4.693179393473374,0.04335478848430987,0.057496935715357377,zara01
3240,129.6,48,2.72089293724,3.30281296823,1.1547850575604155,3.5695547598854738,0.07494510708364155,0.08654548979745451,zara01
3240,129.6,49,13.0667263311,3.9118727771,1.4714056656721255,2.79683063673365,0.12207846094801586,0.17962693909544386,zara01
3240,129.6,50,13.2422542325,4.84383929498,1.3176030210053653,3.3829875856597402,0.08343928498684558,0.10993985396919535,zara01
3250,130.0,43,0.130488367968,5.29872487324,1.686407526180217,6.70072489238774,0.021268056557693003,0.03586661064612,zara01
3250,130.0,44,11.1594915077,3.79158823805,1.3787831189836222,1.922560660292637,0.2583516735016099,0.3562109261851881,zara01
3250,130.0,45,10.9808066296,2.88921553533,1.3534697088066716,2.6696533520631753,0.13398668310646283,0.18134691696807603,zara01
3250,130.0,46,6.72646490363,4.11855216365,1.370811097477582,4.428396105483179,0.048694337521898695,0.06675073825933775,zara01
3250,130.0,47,6.30911259124,3.35221554678,1.3512412984376159,4.694581365643913,0.043328897728011885,0.058547796025869445,zara01
3250,130.0,48,3.18265338776,3.29613049384,1.1753648191980528,3.6504925087508906,0.07165862307579161,0.08422502455545923,zara01
3250,130.0,49,12.4911042563,4.04528360514,1.4772001008938491,1.9019706368001243,0.2639755881977926,0.3899447655192924,zara01
3250,130.0,50,12.7198798304,4.9147212555,1.3098456786900434,2.6696533520631753,0.13398668310646283,0.17550187786901258,zara01
3260,130.4,44,11.6997554441,3.68013411158,1.3741290018984056,1.4126322593010576,0.47853437753187933,0.6575679665719562,zara01
3260,130.4,45,11.51917638,2.8331304824,1.370120525169543,2.272108097118789,0.18497515641873394,0.2534382584557541,zara01
3260,130.4,46,7.2679916307,4.05530731673,1.2949658492997798,4.423379701885629,0.04880484531267297,0.06320060796026993,zara01
3260,130.4,47,6.84874513232,3.32166709241,1.3512412984376159,4.695912697083051,0.043304332983999,0.05851460312927369,zara01
3260,130.4,48,3.66104058194,3.28634544205,1.209952808944822,7.871194446867808,0.015413103675863514,0.018649128087168818,zara01
3260,130.4,49,11.9154821814,4.17869443318,1.4485798440620623,1.4027118855495513,0.48532697241362965,0.7030348700180484,zara01
3260,130.4,50,12.2059240327,4.9989681648,1.2858084831591965,2.272108097118789,0.18497515641873394,0.2378426252969074,zara01
3270,130.8,44,12.2385461247,3.5815676143,1.3350278487588414,1.6216295073100242,0.36313499674378746,0.48479533351190746,zara01
3270,130.8,45,12.0737519439,2.80616192503,1.395560147234546,2.3371324542850567,0.17482548010388627,0.2439794727541297,zara01
3270,130.8,46,7.75921719656,4.03693051215,1.2286600647069847,3.6885224304935122,0.07018859102134097,0.08623791878597288,zara01
3270,130.8,47,7.3883776734,3.29111863805,1.341876869083062,4.1041393201590015,0.056692706675701816,0.07607463173383516,zara01
3270,130.8,48,4.15037196182,3.27441245207,1.2236921477141518,7.287354781948062,0.01798173342409393,0.02200410599335285,zara01
3270,130.8,49,11.3634321989,4.31234392102,1.3528847717239212,1.6652742552448485,0.34434980866017584,0.4658656122823979,zara01
3270,130.8,50,11.7109100949,5.11495682746,1.2708650903728809,2.3371324542850567,0.17482548010388627,0.22217959957170771,zara01
3280,131.2,44,12.7647088988,3.59922843948,1.3161577573644265,2.2497663105150343,0.18866726938363673,0.24831589016003744,zara01
3280,131.2,45,12.6348519261,2.79160367725,1.4034850277459998,2.82212528424432,0.1198998949407245,0.1682777073776252,zara01
3280,131.2,46,8.25023229732,4.01855370758,1.228386046189958,3.204197731207002,0.0930106682999887,0.11425300708650879,zara01
3280,131.2,47,7.92106486587,3.27130987467,1.3110527065634174,3.2813734058402138,0.08868702239972723,0.11627336075421281,zara01
3280,131.2,48,4.63970334169,3.26247946208,1.2236921477141518,6.338888275413418,0.02376540323250456,0.02908153732287635,zara01
3280,131.2,49,10.8669450053,4.44694804806,1.2860253798647787,2.4219124399087786,0.16280003959850328,0.2093649827666662,zara01
3280,131.2,50,11.2161066222,5.23118414992,1.2706089646843133,2.82212528424432,0.1198998949407245,0.1523458813763919,zara01
3290,131.6,44,13.2908716729,3.61712792446,1.3161577572394476,3.0976987768135413,0.09951602338712394,0.13097878615058545,zara01
3290,131.6,45,13.1961623735,2.77704542947,1.3874912352499802,3.567980233202632,0.07501126726398707,0.10407747587377583,zara01
3290,131.6,46,8.74124739808,4.0004155628,1.2393216253793369,2.3946556888559996,0.16652721769632622,0.2063807821053097,zara01
3290,131.6,47,8.43712531467,3.27703770987,1.2902305872199522,3.082681904469544,0.10048794290260606,0.12965261757975444,zara01
3290,131.6,48,5.12903472157,3.2505464721,1.2140371356881534,5.407780708494608,0.032653763102272707,0.039642881026122664,zara01
3290,131.6,49,10.3704578117,4.5815521751,1.2861034738420891,2.3322805436024554,0.1755536257152362,0.22578012787793916,zara01
3290,131.6,50,10.7213031494,5.34717281258,1.2856692312368379,3.082681904469544,0.10048794290260606,0.1291942563001648,zara01
3300,132.0,44,13.8170344469,3.63478874964,1.3161477157357901,4.088719158444927,0.05712113385131761,0.07517984983864999,zara01
3300,132.0,45,13.7448449143,2.79160367725,1.3510363430386576,4.411347672482754,0.04907144056010723,0.06629729960196613,zara01
3300,132.0,46,9.24110203344,3.98442535622,1.293612083015897,1.7342873472227138,0.3174894297098996,0.41070816250255243,zara01
3300,132.0,47,8.95318576347,3.28276554506,1.2904936524074504,2.4821091633868004,0.1549992605278455,0.20002556183903328,zara01
3300,132.0,48,5.61078935751,3.2457732761,1.1980874932626628,4.50970537877344,0.0469542644656135,0.056255317011599006,zara01
3300,132.0,49,9.87397061808,4.71639496194,1.2597324870168947,1.7038597516881626,0.3289301579804289,0.41436400596754575,zara01
3300,132.0,50,10.2060845611,5.42545322689,1.3149352390182878,2.4821091633868004,0.1549992605278455,0.20381398968984038,zara01
3310,132.4,44,14.343197221,3.65244957481,1.3161477157357901,4.887311223779797,0.039978950625874615,0.05261820454375881,zara01
3310,132.4,45,14.2745855952,2.84912068898,1.3321350243399455,4.825174844366144,0.04101524140387204,0.05463783960585582,zara01
3310,132.4,46,9.775893877,3.97798154162,1.336813596551058,1.5039080147080084,0.42221031022417144,0.5644164833117126,zara01
3310,132.4,47,9.46945667738,3.28849338025,1.2881363259118956,2.2000498070597896,0.1972905829795352,0.25413716669627445,zara01
3310,132.4,48,6.08749283081,3.2457732761,1.1914956018624823,3.760376473390835,0.06753186261325402,0.08046391728927356,zara01
3310,132.4,49,9.38190319178,4.77749187066,1.2223708138575626,1.4915703527772224,0.42922390068343325,0.5246707688055259,zara01
3310,132.4,50,9.6776066708,5.47867436222,1.3278476057621709,2.2000498070597896,0.1972905829795352,0.2619718282487987,zara01
3320,132.8,44,14.869359995,3.67011039999,1.3161477156112766,4.900120559997305,0.039770206995087536,0.052343467085972074,zara01
3320,132.8,45,14.8043262762,2.90663770071,1.3324287971809974,4.83631648580437,0.04082648174137991,0.05439837995979878,zara01
3320,132.8,46,10.3104752554,3.97153772703,1.3368135966009524,1.9449157499382692,0.25244675671633227,0.3374742567962058,zara01
3320,132.8,47,9.9836229402,3.29493719484,1.2638464272791012,2.3873196818917046,0.16755223486297827,0.21176029341420397,zara01
3320,132.8,48,6.563985839,3.2457732761,1.203337962242548,3.4508299995232727,0.08019074574005111,0.09649656856954339,zara01
3320,132.8,49,8.89614971876,4.72856661172,1.2202660939940788,1.7994141580783394,0.29492332090516593,0.3598849288287091,zara01
3320,132.8,50,9.14912878053,5.53165683776,1.3278178132232104,2.3873196818917046,0.16755223486297827,0.22247884209642155,zara01
3330,133.2,45,15.3342774222,2.96439337224,1.332722623852735,7.13297215428561,0.01876853284774332,0.025013248342710723,zara01
3330,133.2,46,10.845267099,3.96509391244,1.3385823317991983,2.751698490315231,0.12611585568878556,0.16881645618474575,zara01
3330,133.2,47,10.4803205989,3.30925678283,1.24226007431549,2.938662465332781,0.11057882484551701,0.1373676591703115,zara01
3330,133.2,48,7.05016024224,3.2481598741,1.2621241494950537,3.4307044327161482,0.08113435251988001,0.10240162566898542,zara01
3330,133.2,49,8.41060671086,4.67964135278,1.220266093994077,2.4822710262786987,0.1549790469328745,0.18911567625170353,zara01
3330,133.2,50,8.62065089026,5.58463931329,1.322172193686327,2.815240139894979,0.1204870829084382,0.1593046707199161,zara01
3340,133.6,46,11.3813217332,3.96509391244,1.3420023280380318,3.6854855377639986,0.07030431148262417,0.09434854968079256,zara01
3340,133.6,47,10.9770182576,3.32357637081,1.2422600743150853,3.4040277679251507,0.08241100184717003,0.10237589727904607,zara01
3340,133.6,48,7.57358696987,3.25985420429,1.309149757409304,3.4040277679251507,0.08241100184717003,0.10788834307608035,zara01
3340,133.6,49,7.92485323784,4.63071609384,1.2349366550570575,3.3202899818192844,0.08662023386939101,0.10697050187492578,zara01
3340,133.6,50,8.09659276729,5.63642848983,1.2655744023823836,3.6854855377639986,0.07030431148262417,0.08897533698952703,zara01
3340,133.6,51,0.429559288746,3.24219337911,1.5007786065279742,8.032170573793794,0.014801493425369698,0.022213764677459308,zara01
3350,134.0,46,11.9188496232,3.97153772703,1.3439162810474696,4.545492857314662,0.04621781636677618,0.06211287588977272,zara01
3350,134.0,47,11.4737159163,3.33789595879,1.2422600744403958,4.255657564639023,0.052727603450994344,0.06550139658809591,zara01
3350,134.0,48,8.09722416262,3.27130987467,1.309412774545069,3.377148245083043,0.08372807990843799,0.10963461742023903,zara01
3350,134.0,49,7.4233148816,4.64360372302,1.2780378477348568,4.255657564639023,0.052727603450994344,0.06738787283072582,zara01
3350,134.0,50,7.61252301516,5.67819395478,1.214670425965731,4.515064266414017,0.04684287145395091,0.05689865062242854,zara01
3350,134.0,51,1.0298057814,3.23336296652,1.5005155536042318,7.067520254165846,0.019117771146694964,0.028686512955862005,zara01
3360,134.4,46,12.4563775132,3.97798154162,1.343916281047621,5.599364085548502,0.030457479967265055,0.04093230320768927,zara01
3360,134.4,47,11.9704135751,3.35221554678,1.2397572635980378,5.245292005943603,0.03470819599207606,0.043029738087560596,zara01
3360,134.4,48,8.62086135537,3.28300420486,1.311228103449292,3.350267195694776,0.08507706362834282,0.11155543678842669,zara01
3360,134.4,49,6.90620210725,4.71854290013,1.3063293058952357,5.245292005943603,0.03470819599207606,0.045340333579204514,zara01
3360,134.4,50,7.12845326302,5.71995941973,1.214670425978185,5.389878543311539,0.032871038452265626,0.03992747827915879,zara01
3360,134.4,51,1.62984180894,3.22453255393,1.4306142438409748,6.9912640654268525,0.019537094171791235,0.027950045205427033,zara01
3370,134.8,46,12.9939054032,3.98442535622,1.3439162810476672,6.593574286751844,0.021964917425812153,0.02951901014041657,zara01
3370,134.8,47,12.4652170478,3.36247791816,1.2153229101777077,6.242418122360233,0.024505618749046408,0.029782239893796476,zara01
3370,134.8,48,9.14597180389,3.29350523605,1.3312565330560744,3.514264108118211,0.07732191260540655,0.1029353013043383,zara01
3370,134.8,49,6.3890893329,4.79372073704,1.3063293058952814,4.508070243709397,0.04698833247432074,0.06138223574635613,zara01
3370,134.8,50,6.64438351088,5.76172488468,1.2165821578954277,5.154672496598498,0.03593926798043466,0.04372307219281925,zara01
3370,134.8,51,2.17368365221,3.19589337796,1.3319162078819164,4.508070243709397,0.04698833247432074,0.062584521603892,zara01
3370,134.8,52,0.00820813927539,4.07392278111,1.399240357368424,6.421351407960262,0.023158930927383994,0.032404910787103426,zara01
3370,134.8,53,0.272762782075,6.79416717824,1.2486082264301288,6.435156287180335,0.023059675118005347,0.028792500051147626,zara01
3380,135.2,46,13.5314332932,3.99086917081,1.3439162809225313,7.592685552993975,0.016564584767046534,0.022261415155155194,zara01
3380,135.2,47,12.9425519164,3.33694131959,1.1950436568794438,7.219076407546141,0.018323486186066808,0.02189736593857725,zara01
3380,135.2,48,9.68581481008,3.29350523605,1.3493444341375316,4.126314877560088,0.05608499048365516,0.07567796974777652,zara01
3380,135.2,49,5.87197655855,4.86865991415,1.2440403168556886,4.126314877560088,0.05608499048365516,0.06977198933213465,zara01
3380,135.2,50,6.15905096808,5.80659292703,1.2372910823021106,4.361659891258376,0.050195846989023296,0.062106873848119776,zara01
3380,135.2,51,2.69332200788,3.15842378941,1.3024473657787292,4.024895367809084,0.05894706583105439,0.07677545061204213,zara01
3380,135.2,52,0.566361610002,4.03239597596,1.3992403573701069,5.371116025238428,0.03310109144759779,0.04631638302647732,zara01
3380,135.2,53,0.761041836406,6.68915686637,1.2486082264363787,5.42548273309016,0.03244102821837698,0.040506134707520194,zara01
3390,135.6,46,14.0689611831,3.9973129854,1.343916280922478,8.615428398525655,0.012865232144360458,0.017289794936653224,zara01
3390,135.6,47,13.4198867851,3.31140472102,1.194780951259103,8.172175660154013,0.014298681605764148,0.017083792410685927,zara01
3390,135.6,48,10.2254473512,3.29350523605,1.3490813526499785,5.101386553644082,0.03669398810227863,0.04950317510314427,zara01
3390,135.6,49,5.41211029402,4.98345527782,1.1850167932615647,4.400988513147539,0.04930272366415064,0.05842455549555285,zara01
3390,135.6,50,5.66151144893,5.87890684634,1.256918046371149,4.46819746292982,0.04783069228665662,0.060119260305524024,zara01
3390,135.6,51,3.21296036354,3.12119286065,1.323029911493769,3.6878705026932233,0.07021340856207088,0.09289443971555247,zara01
3390,135.6,52,1.12451508073,3.99086917081,1.3984613020716874,4.400988513147539,0.04930272366415064,0.0689479511310487,zara01
3390,135.6,53,1.24932089074,6.58414655449,1.3016670486814221,4.459935894076023,0.048008059208658194,0.06249050874305708,zara01
3400,136.0,46,14.6064890731,4.00375679999,1.3439162810476175,9.641252299344993,0.010273170266667256,0.01380628077934842,zara01
3400,136.0,47,13.8970111886,3.28586812245,1.194780951133615,9.126579593069675,0.011464504543123505,0.01369757164230875,zara01
3400,136.0,48,10.7650798922,3.29350523605,1.343071068243388,6.086627000444641,0.025776147341686376,0.034619197745397685,zara01
3400,136.0,49,4.95224402949,5.09848930128,1.2077923804668622,3.4673849762756186,0.07942683475655489,0.09593112582356754,zara01
3400,136.0,50,5.16397192977,5.95122076565,1.2566577010366133,3.423966882407016,0.08145397279422724,0.10235976219189245,zara01
3400,136.0,51,3.74859406754,3.07680213791,1.3643594094020102,3.2039939045493617,0.09302250268996017,0.12691612683117096,zara01
3400,136.0,52,1.68182669102,3.94647844806,1.3951834632284266,3.4673849762756186,0.07942683475655489,0.11081500638892221,zara01
3400,136.0,53,1.79379412934,6.55574603833,1.379604826323034,3.478419608016715,0.07892370069528742,0.10888351839049312,zara01
3410,136.4,46,15.1440169631,4.01020061459,1.3439162810477696,10.669061900919182,0.00838916839968858,0.011274339996792945,zara01
3410,136.4,47,14.3743460572,3.26033152389,1.1950436567539149,10.076865361663877,0.009404169975201828,0.011238393675900566,zara01
3410,136.4,48,11.2998717358,3.28515214306,1.3145328997780599,7.004472073452035,0.019463483255470915,0.025585389083595894,zara01
3410,136.4,49,4.47533009108,5.22020579913,1.2834921973729274,2.5032961360998924,0.1523866507585696,0.1955870772324174,zara01
3410,136.4,50,4.66664287573,6.02353468497,1.1870926383815377,3.0205901357440768,0.1046616994713071,0.12424313296288954,zara01
3410,136.4,51,4.30022311987,3.02525162117,1.3853711013870857,3.0205901357440768,0.1046616994713071,0.14499529386960888,zara01
3410,136.4,52,2.23661271999,3.89588257052,1.3929829838803665,2.653320624124792,0.13564129156960805,0.18894601106801942,zara01
3410,136.4,53,2.35236853028,6.54667696594,1.385939464532148,2.653320624124792,0.13564129156960805,0.18799061900643152,zara01
3420,136.8,47,14.8516809258,3.23479492532,1.1950596310822215,11.000782156389455,0.007890858448315805,0.009430046386166317,zara01
3420,136.8,48,11.8155112544,3.24338667811,1.2933205016655294,8.101507034702482,0.014549221480946013,0.018816806424579995,zara01
3420,136.8,49,3.95863824695,5.35743518397,1.3363345312315813,1.9101177509222205,0.26172855107849996,0.3497569006154082,zara01
3420,136.8,50,4.22108823865,6.06458417052,1.1017520572392567,2.6398279443042485,0.1370314137455281,0.15097464200053934,zara01
3420,136.8,51,4.85206263731,2.97346244463,1.3856330368739103,3.154863264237219,0.09594233850756281,0.13294087387101897,zara01
3420,136.8,52,2.79160921407,3.84528669298,1.392982983892864,2.6398279443042485,0.1370314137455281,0.19088242760630336,zara01
3420,136.8,53,2.90231386174,6.53307335736,1.3336620518180162,2.69006555166128,0.1319610176150683,0.17599140151250536,zara01
3430,137.2,47,15.3290157945,3.20901966695,1.1950756796666484,11.896691484935799,0.006747128532826589,0.008063329217165972,zara01
3430,137.2,48,12.331150773,3.20162121316,1.2933205015409368,9.004308051489335,0.011777976760671912,0.015232698811249695,zara01
3430,137.2,49,3.44215686793,5.4949032286,1.336411217027455,1.7029070845653937,0.3292982915124299,0.44007793052518807,zara01
3430,137.2,50,3.78837197326,6.09775788268,1.0849650383524785,2.345093035734953,0.17364058012737493,0.18839395867744396,zara01
3430,137.2,51,5.40390215475,2.92191192789,1.4286326790089205,3.5631355988596782,0.07521538479033363,0.10745515667570114,zara01
3430,137.2,52,3.34639524305,3.79469081544,1.4407405911658666,2.345093035734953,0.17364058012737493,0.2501710320630982,zara01
3430,137.2,53,3.41837431054,6.50228624319,1.2924449534077787,2.7085520091977995,0.1301658394467775,0.16823218229907475,zara01
3440,137.6,48,12.8467902915,3.15985574821,1.2964693164785663,9.507737008003106,0.010563724381292418,0.013695544528082146,zara01
3440,137.6,49,2.92546502379,5.63237127324,1.2843967939734957,2.1309982503299,0.2102834994519118,0.27008745252156285,zara01
3440,137.6,50,3.35565570787,6.13093159484,1.0884178502857458,2.4431849549999836,0.1599774210262368,0.17412228068763433,zara01
3440,137.6,51,5.99215213615,2.89327275193,1.483613573414129,4.127699699420975,0.05604736434901105,0.08315263050227995,zara01
3440,137.6,52,3.94095917774,3.75889184549,1.4891017399003577,2.4431849549999836,0.1599774210262368,0.23822265599494127,zara01
3440,137.6,53,3.93443475934,6.47149912903,1.2984522493180286,2.712615129860798,0.1297761907922129,0.16850818684207447,zara01
3450,138.0,48,13.3651658565,3.12071554105,1.312376142317757,9.5031490713598,0.010573926767252216,0.013876969219956932,zara01
3450,138.0,49,2.45718015488,5.78750014305,1.233277352988927,2.929383350704901,0.1112804733247106,0.137239687581254,zara01
3450,138.0,50,2.92293944248,6.19369912216,1.125038631037802,2.9503086818969617,0.1097075376255184,0.12342521794474137,zara01
3450,138.0,51,6.58966258238,2.87012275135,1.494633968248395,4.948840114338378,0.038991014581000995,0.058277294849232546,zara01
3450,138.0,52,4.53552311243,3.72309287553,1.4891017399011082,2.929383350704901,0.1112804733247106,0.1657079464448454,zara01
3450,138.0,53,4.45407311501,6.42257387009,1.380582864963993,2.700709488647449,0.13092290750873747,0.18074992273782867,zara01
3460,138.4,48,13.8944856073,3.09183770529,1.3252835407721157,9.418187962981563,0.01076556121615398,0.01426742108694351,zara01
3460,138.4,49,1.98889528596,5.94262901286,1.2332773530047232,3.8669913533074083,0.0638594215147133,0.0787563783300785,zara01
3460,138.4,50,2.48917085154,6.37436459055,1.1745931521613633,3.7675970084598522,0.06727326333782473,0.07901871444015703,zara01
3460,138.4,51,7.18696256349,2.84697275078,1.490876497911352,5.874669366027512,0.027669704689485018,0.04125211242570074,zara01
3460,138.4,52,5.13008704712,3.68729390557,1.4891017399003568,3.7675970084598522,0.06727326333782473,0.10017673348512968,zara01
3460,138.4,53,5.00759635332,6.21040530814,1.4817367085981714,3.0305544506565605,0.10397458582460006,0.154062960577601,zara01
3470,138.8,48,14.423805358,3.06272120972,1.325283540647354,9.336390152233388,0.010955025638688113,0.014518515166323123,zara01
3470,138.8,49,1.52061041704,6.09775788268,1.2332773529929013,4.863965406578292,0.04036364956895081,0.04977957489752872,zara01
3470,138.8,50,2.05561272571,6.55526871873,1.1745931521565955,4.679075112477069,0.04361655377697263,0.05123170538710194,zara01
3470,138.8,51,7.78173696329,2.8314598638,1.4860235857972621,6.646093165922532,0.02161914588052589,0.032126560683253196,zara01
3470,138.8,52,5.72465098181,3.65149493562,1.517975567589034,4.679075112477069,0.04361655377697263,0.06620886297587765,zara01
3470,138.8,53,5.56090912653,5.9982367462,1.4885484488751957,3.8678872919762233,0.06382984076719746,0.09501381046596251,zara01
3480,139.2,48,14.9531251087,3.03384337396,1.3252672557811798,9.250844406767008,0.011158572232903887,0.014788090401536606,zara01
3480,139.2,49,1.05232554813,6.25288675249,1.1622092284667482,5.890879061125509,0.02751763896616398,0.03198125395209197,zara01
3480,139.2,50,1.62184413477,6.73593418711,1.065888392141544,5.6331795174281485,0.030092910884293035,0.03207568439731787,zara01
3480,139.2,51,8.37545903755,2.81928821401,1.484354034185383,6.581164400029759,0.02204783258189875,0.03272678923798534,zara01
3480,139.2,52,6.34426026455,3.6648598844,1.5496401333996221,5.6331795174281485,0.030092910884293035,0.0466331824371188,zara01
3480,139.2,53,6.12579748076,5.80086509184,1.5073652605741656,4.599994560408041,0.04512910760879965,0.06802604905021785,zara01
3490,139.6,49,0.688852303804,6.51326459398,1.11799465894577,6.886021094728874,0.020138850800920118,0.022515127632734437,zara01
3490,139.6,50,1.28257437806,6.9151676967,0.9477395070511874,6.539025194014897,0.022332912312977765,0.02116578330651894,zara01
3490,139.6,51,8.96897064669,2.80711656423,1.4843601797817856,8.715318221694332,0.012572014806726149,0.018661398158731298,zara01
3490,139.6,52,6.9640800124,3.67798617338,1.5496401333998333,6.539025194014897,0.022332912312977765,0.034607977215889645,zara01
3490,139.6,53,6.70773350888,5.62545013905,1.5193324172590257,5.5763539139145655,0.030709357019081132,0.046657721632270964,zara01
3500,140.0,49,0.325168594371,6.77364243547,1.118208558493039,7.885850778675484,0.015355864541120104,0.017171059152940284,zara01
3500,140.0,50,0.953617411713,7.09416254648,0.9360242353529687,7.452313652069664,0.017194483382438317,0.016094453160336152,zara01
3500,140.0,51,9.56269272095,2.79470625464,1.517552450388932,9.622967426192231,0.01031224804181999,0.01564937728488239,zara01
3500,140.0,52,7.58368929514,3.69135112217,1.5727142261696763,7.452313652069664,0.017194483382438317,0.027042008627198837,zara01
3500,140.0,53,7.28945907188,5.44979652646,1.519332417247059,6.545748937325976,0.02228705548308086,0.03386144588042857,zara01
3510,140.4,50,0.624870910478,7.27315739627,0.9357931740160145,10.56439678382429,0.008556220603258058,0.008006852835904077,zara01
3510,140.4,51,10.1825124688,2.77227223347,1.5590873201748348,10.56439678382429,0.008556220603258058,0.013339895051158313,zara01
3510,140.4,52,8.22224043774,3.68323668898,1.6321954910625678,8.40283014337424,0.013524468683517223,0.022074576804253714,zara01
3510,140.4,53,7.87139509999,5.27438157367,1.486172157844604,7.5171282826750305,0.01689925108335057,0.02511519644850088,zara01
3520,140.8,51,10.8090671001,2.7474516143,1.5676270026814498,3.397289287704062,0.05515883228303973,0.08646847492327037,zara01
3520,140.8,52,8.88857297481,3.64361916223,1.6690534715937204,2.119295628088793,0.14174150460088814,0.23657415032302964,zara01
3520,140.8,53,8.45017415146,5.19228260257,1.4614321560604846,3.397289287704062,0.05515883228303973,0.08061089118918141,zara01
3530,141.2,51,11.4356217315,2.72239233533,1.5676388965401593,3.390221332042399,0.05538906301680791,0.08683004962806211,zara01
3530,141.2,52,9.555115977,3.60376297567,1.6693338667374387,2.076804299485379,0.14760088943803434,0.24639516349947904,zara01
3530,141.2,53,9.02895320294,5.11018363146,1.461390288386402,3.390221332042399,0.05538906301680791,0.08094503877558551,zara01
3540,141.6,51,12.0621763629,2.69733305636,1.5673641295110812,3.3849389199262774,0.05556207420872153,0.08708600207598291,zara01
3540,141.6,52,10.2216589792,3.56390678912,1.6160983080811775,2.034319118037161,0.15383032654617015,0.24860493046284063,zara01
3540,141.6,53,9.60773225441,5.02832332016,1.4753326324468155,3.3849389199262774,0.05556207420872153,0.08197254120655845,zara01
3550,142.0,51,12.6885205291,2.67251243719,1.5673641295110794,3.3272644415952985,0.057504983806495436,0.09013124888641644,zara01
3550,142.0,52,10.8450566339,3.51665214878,1.5500328271670676,2.0275430909327676,0.1548602432391206,0.24003846064371387,zara01
3550,142.0,53,10.1827229339,4.86150012016,1.5031128084112295,3.3272644415952985,0.057504983806495436,0.08643647770702363,zara01
3560,142.4,51,13.3150751605,2.64745315822,1.5676388964152037,3.2634473828986144,0.05977600591606379,0.09370719194636692,zara01
3560,142.4,52,11.4579310331,3.46748823004,1.5370840920199387,2.0301334510201885,0.15446530578100964,0.2374261642849854,zara01
3560,142.4,53,10.7566612879,4.67343619799,1.5099115722424559,3.2634473828986144,0.05977600591606379,0.09025648307509822,zara01
3570,142.8,51,13.9416297918,2.62239387925,1.5676270026814534,3.207517256424086,0.09281825063379219,0.14550439603518756,zara01
3570,142.8,52,12.0708054324,3.4185629711,1.5550997504309099,3.071706464230996,0.10120732790669064,0.15738749036947386,zara01
3570,142.8,53,11.3305996418,4.48537227581,1.5030436002855188,3.814423564271802,0.06563168415487304,0.09864728284494241,zara01
3570,142.8,54,15.1021344063,3.9149753545,0.7318516233441286,3.814423564271802,0.06563168415487304,0.048032654591552953,zara01
3580,143.2,51,14.5681844232,2.59757326008,1.567364129511138,2.129518889833686,0.21057576561381516,0.3300489015674388,zara01
3580,143.2,52,12.6954658777,3.34004389699,1.6032862492635704,2.2457360944900517,0.18934504460152432,0.3035743063758214,zara01
3580,143.2,53,11.8971717169,4.29253515765,1.4888602663124026,3.163416619958576,0.0954242154615524,0.142073322844739,zara01
3580,143.2,54,14.832739066,4.02953205836,0.7318516234591337,2.2457360944900517,0.18934504460152432,0.13857247828556765,zara01
3580,143.2,55,15.0432041756,4.67343619799,0.48091587220287024,2.6999648412141335,0.13099513426485182,0.0629976392493133,zara01
3580,143.2,56,0.153429064917,8.46406979684,0.9146809841101471,15.334512286404765,0.004060985570799776,0.0037145062783562463,zara01
3590,143.6,51,15.1945285894,2.57251398111,1.5671131540097452,1.9657958518469039,0.2471124083961639,0.38725310571665666,zara01
3590,143.6,52,13.3375949272,3.21761141974,1.6342418496403717,1.9657958518469039,0.2471124083961639,0.4038414393664338,zara01
3590,143.6,53,12.455956583,4.09516350328,1.481644389252329,2.527867108966337,0.1494386390301132,0.22141492105647134,zara01
3590,143.6,54,14.5633437256,4.14408876222,0.6594960021921663,1.6935883870973993,0.3329320829380775,0.21956737769917287,zara01
3590,143.6,55,14.9503890622,4.50494237939,0.4806545908391407,2.0635711573783415,0.22425001658884122,0.10778679996917999,zara01
3590,143.6,56,0.295913944133,8.12708215964,0.914578562117954,14.812960169155346,0.004351987826939542,0.003980234769117206,zara01
3600,144.0,52,13.9797239767,3.09517894248,1.6342418495175848,1.520514182211793,0.41303840169413253,0.6750046415064063,zara01
3600,144.0,53,13.014741449,3.89755318912,1.5759451590150824,1.8944313976184988,0.2660808481026782,0.4193288244740431,zara01
3600,144.0,54,14.3564565229,4.25649752789,0.4335659575519297,1.3888989804393674,0.4950283412978649,0.21462743681015226,zara01
3600,144.0,55,14.8575739489,4.33668722059,0.4806545907678492,1.8944313976184988,0.2660808481026782,0.12789298115595504,zara01
3600,144.0,56,0.43818835824,7.79009452245,0.9145785621184387,14.3598222977637,0.004630983684229843,0.00423539839911688,zara01
3610,144.4,52,14.6218530261,2.97274646523,1.6344444373217208,1.4293979161902135,0.4673745852239589,0.7638977909648462,zara01
3610,144.4,53,13.6471891034,3.68228204978,1.7331408159767454,1.2186352811837708,0.6430191207142653,1.114442683563371,zara01
3610,144.4,54,14.2954216411,4.36437175736,0.3099895458567625,1.4293979161902135,0.4673745852239589,0.1448812354185678,zara01
3610,144.4,55,14.7647588356,4.168193402,0.5192837914603838,1.2186352811837708,0.6430191207142653,0.3339094069860259,zara01
3610,144.4,56,0.580673237457,7.45310688525,0.9187550269631151,14.559496586348214,0.0045048326722069215,0.004138837663217792,zara01
3620,144.8,52,15.2641925407,2.85055264778,1.6346470969286364,1.9211514135989096,0.2587308365115641,0.4229336107895459,zara01
3620,144.8,53,14.3286751284,3.45483926065,1.6460252879364616,1.1137123233628983,0.7698840665579731,1.2672486423337816,zara01
3620,144.8,54,14.2341762942,4.47224598683,0.33646999784490045,1.9211514135989096,0.2587308365115641,0.08705516400345525,zara01
3620,144.8,55,14.61006698,4.00304082059,0.8006452676508912,1.3251827185818652,0.5437757732208025,0.4353714994924397,zara01
3620,144.8,56,0.780194161382,7.13950790843,1.0311389309996521,14.18107217287369,0.004748465067097073,0.004896327193175667,zara01
3630,145.2,53,14.9061913892,3.29636915364,1.4971594068105578,1.4944529723744187,0.42756965533791236,0.6401399315559035,zara01
3630,145.2,54,14.1152635073,4.56436866952,0.6066632048023665,1.4944529723744187,0.42756965533791236,0.25939077738354116,zara01
3630,145.2,55,14.2082890857,3.85101452818,1.073840076572983,1.1053190614698607,0.7816207186665622,0.8393356523839312,zara01
3630,145.2,56,1.20891158969,6.91850893389,1.2058170986964964,13.819862264997612,0.004999930327953403,0.006029001481737394,zara01
3630,145.2,58,14.8569425536,4.7459887771,1.0619459785835352,1.4504559629744942,0.45390219864631653,0.48201961452268083,zara01
3640,145.6,54,13.7644181695,4.59420114448,0.8802784629857374,12.307839903723561,0.006303876628708531,0.005549166829571258,zara01
3640,145.6,55,13.8065111914,3.69922689556,1.184255220319584,12.53281272024609,0.0060795898609814145,0.007199786030269254,zara01
3640,145.6,56,1.637629018,6.69750995936,1.1948351800186103,12.957738161371088,0.00568738963689086,0.006795493220630469,zara01
3640,145.6,58,14.4743169843,4.93047280228,1.1159967886899627,12.957738161371088,0.00568738963689086,0.006347108570798773,zara01
3650,146.0,54,13.4135728318,4.62403361945,1.008694912253002,1.6015912300755457,0.37227855362420065,0.37551548298163756,zara01
3650,146.0,55,13.2677205108,3.73741246351,1.3503553585571677,1.8477753663084528,0.27968748649816916,0.3776774961141882,zara01
3650,146.0,56,2.0859197015,6.53832387295,1.1889162355187737,12.041190358659229,0.006586163953021193,0.007830397253535402,zara01
3650,146.0,58,14.0422321142,5.11113827066,1.3010054175522312,1.577019599444204,0.3839699173844632,0.49954694269426925,zara01
3650,146.0,59,14.9975332468,4.38704443833,1.3610053652625045,1.8477753663084528,0.27968748649816916,0.3806561697207925,zara01
3660,146.4,54,12.9577054043,4.61400990786,1.1734095148629133,1.5324857638555605,0.4066104017814702,0.4771205142926092,zara01
3660,146.4,55,12.7289298302,3.77559803147,1.3184723788982107,1.9375279697137469,0.2543755823563814,0.3353871792030359,zara01
3660,146.4,56,2.55357317509,6.44118933447,1.1944049828408472,10.5633589402194,0.008557901972813631,0.010221600758992118,zara01
3660,146.4,57,0.211096504954,6.31135840342,1.4156139504044594,12.859122456383503,0.005774956507988492,0.008175108995687531,zara01
3660,146.4,58,13.4950228292,5.28297332646,1.4338873909548149,1.6908810611817149,0.33399907371853305,0.47891706039559223,zara01
3660,146.4,59,14.4898914024,4.5837001133,1.360897629134292,1.9375279697137469,0.2543755823563814,0.3461791269384543,zara01
3670,146.8,54,12.4753193731,4.59420114448,1.2408241849142472,1.5183554706530349,0.4142137056650213,0.5139663837121099,zara01
3670,146.8,55,12.2151844976,3.80614648583,1.2551158698014293,2.017706058966853,0.23456088185793728,0.29440108525451525,zara01
3670,146.8,56,3.02143711378,6.34381613618,1.1568922333775458,9.614418463550816,0.010330595114662175,0.011951385254320688,zara01
3670,146.8,57,0.639393003042,5.94095839427,1.4154149715295286,11.912300706718927,0.006729457987532836,0.009524975585832948,zara01
3670,146.8,58,12.9478135442,5.45480838225,1.3587820684196437,1.804115120669748,0.29338836652343775,0.3986508515149773,zara01
3670,146.8,59,13.982249558,4.78011712846,1.360652296000282,2.017706058966853,0.23456088185793728,0.31915580245185327,zara01
3680,147.2,54,11.9653624124,4.58895062889,1.3270565904497134,1.5584809108466804,0.39315916832203507,0.5217444654174848,zara01
3680,147.2,55,11.7262740479,3.8292964864,1.223382766245553,2.091436940353906,0.21831412364487746,0.2670817364951439,zara01
3680,147.2,56,3.46741268108,6.29465221744,1.1136106473205785,8.667442964636319,0.012711283269304971,0.014155420389805948,zara01
3680,147.2,57,1.06747903602,5.57055838511,1.408454924569066,10.942002370327417,0.007975864605399003,0.011233645781170335,zara01
3680,147.2,58,12.4414344904,5.55051096194,1.2714844140569261,1.8638759962307665,0.27487633481809914,0.34950097551430626,zara01
3680,147.2,59,13.4748181787,4.97677280342,1.3365110163319949,2.091436940353906,0.21831412364487746,0.291779231272244,zara01
3690,147.6,54,11.4137333601,4.60541815507,1.3796869906791285,1.6099915076203128,0.3684038936382451,0.5082820593682241,zara01
3690,147.6,55,11.2375740633,3.85244648697,1.229197045958958,2.1066417214055106,0.21517411232623782,0.26449138323825255,zara01
3690,147.6,56,3.90812662064,6.25742128869,1.105472394798378,7.713929194102275,0.01604796933002185,0.017740587086910176,zara01
3690,147.6,57,1.51892669617,5.23667332531,1.4051303818043772,9.914922188626004,0.009713880612599295,0.013649268773983786,zara01
3690,147.6,58,11.945368227,5.62735941744,1.2549130856351642,1.9108345006612648,0.26153224031731076,0.32820023068967374,zara01
3690,147.6,59,12.9541274975,5.07366868211,1.3221223475912591,2.1066417214055106,0.21517411232623782,0.2844865025296308,zara01
3700,148.0,54,10.8621043078,4.62188568125,1.3215419894282514,1.6455737976575702,0.3526441266712479,0.46603402072130923,zara01
3700,148.0,55,10.7436124511,3.86628875536,1.2442321954550235,2.104415682472036,0.2156295729938356,0.2682932570111493,zara01
3700,148.0,56,4.34863009508,6.21995170013,1.1545440654689272,6.814361935749415,0.020564634182465687,0.0237427763539052,zara01
3700,148.0,57,2.06255807433,5.04765476394,1.4388864875801441,8.809840703823808,0.012303686892418052,0.01770360881691727,zara01
3700,148.0,58,11.4493019636,5.70396921315,1.1454559062417868,1.9685190253070328,0.24642918970143052,0.2822737708138813,zara01
3700,148.0,59,12.4279647234,5.12784445664,1.2978210276886801,2.104415682472036,0.2156295729938356,0.279848594022931,zara01
3710,148.4,54,10.3565671145,4.61735114506,1.2070582183479213,1.6603215126424944,0.346407265211424,0.4181337363688773,zara01
3710,148.4,55,10.2422845599,3.86628875536,1.2535828092624843,2.1278420970408933,0.21090777431807362,0.2643903602249488,zara01
3710,148.4,56,4.82722775437,6.1660145854,1.237017685094876,5.883160638676284,0.027589889955018158,0.03412918180417893,zara01
3710,148.4,57,2.60618945249,4.85863620257,1.4345916755844432,7.75413260028233,0.015881990619261686,0.02278417153410303,zara01
3710,148.4,58,11.0428938369,5.78630684405,1.0366624657686985,2.0802511087162685,0.22066825348421196,0.22875849577381535,zara01
3710,148.4,59,11.9207438092,5.17414445779,1.2488482185282916,2.1278420970408933,0.21090777431807362,0.2633917982308932,zara01
3720,148.8,54,9.89691131503,4.59229186609,1.1511086341224777,1.6560107747592552,0.3482130680479985,0.4008310691443289,zara01
3720,148.8,55,9.74074620369,3.86628875536,1.2535828091750272,2.193576461278867,0.19845672842344214,0.24878194311674406,zara01
3720,148.8,56,5.33108122681,6.10109911987,1.2700832805146753,4.943634550980018,0.03907317156764788,0.049626181924750955,zara01
3720,148.8,57,3.11004292494,4.5786882575,1.4443626880529623,6.786882023622445,0.020731502681154222,0.02994380893992911,zara01
3720,148.8,58,10.6364857103,5.86864447495,1.0316834101394103,2.193576461278867,0.19845672842344214,0.20474451434500762,zara01
3720,148.8,59,11.4324647549,5.21233002574,1.2244247948449765,2.1618831508835687,0.20431815041045087,0.25017220939942136,zara01
3730,149.2,54,9.4370450505,4.56723258712,1.1511086340600691,1.6547956387310874,0.3487246497658399,0.401419955255032,zara01
3730,149.2,55,9.23941831256,3.86628875536,1.2064679997271033,2.314586294904643,0.17824798435668437,0.215050489142197,zara01
3730,149.2,56,5.83493469926,6.03594499455,1.252493764812585,4.037067855447109,0.0585921296689978,0.0733862770775102,zara01
3730,149.2,57,3.60379407212,4.27559031187,1.4363703610828564,5.8405369781796805,0.027994055944363407,0.04020983224497895,zara01
3730,149.2,58,10.2351287462,5.95575530185,0.9850522503608684,2.314586294904643,0.17824798435668437,0.1755835781128408,zara01
3730,149.2,59,10.9441857005,5.2505155937,1.1692912087041192,2.195977182705805,0.1980230455111829,0.23154660623704187,zara01
3740,149.6,54,8.97738925108,4.54217330815,1.142344414142207,1.789335395040522,0.29825509844237963,0.34071004569508645,zara01
3740,149.6,55,8.77639507138,3.90614494191,1.1618130756618572,2.4443822126769126,0.15982074561944482,0.18568183202269847,zara01
3740,149.6,56,6.31984631184,5.93881045607,1.2047242710428427,3.188473129956225,0.09393033238755434,0.11316015121440832,zara01
3740,149.6,57,4.09712428908,3.99039185121,1.3800633958359745,4.911359167842206,0.039588403809333365,0.054634506996834434,zara01
3740,149.6,58,9.87944271093,6.08749551129,0.9480018131665621,2.4443822126769126,0.15982074561944482,0.15151035662886556,zara01
3740,149.6,59,10.5057868772,5.34001301859,1.11885989991678,2.246502543813241,0.18921586724938907,0.21170604629331818,zara01
3750,150.0,54,8.52320554451,4.55911815393,1.1344310664818176,1.9384308365651888,0.25413867548253527,0.28830280866192903,zara01
3750,150.0,55,8.31337183021,3.94576246866,1.1618130756618572,2.3936957138925252,0.166660813637163,0.19362871248409996,zara01
3750,150.0,56,6.76056025139,5.76745271988,1.1822466978031465,2.8000938405935405,0.12179408849404896,0.1439906589340336,zara01
3750,150.0,57,4.58813938984,3.77559803147,1.3398512374748965,4.012312229117903,0.059317377092016316,0.07947646110050315,zara01
3750,150.0,58,9.52396714077,6.21923572073,0.9670374978853175,2.575698280821651,0.1439399693375071,0.1391953477938322,zara01
3750,150.0,59,10.0671775887,5.42951044348,1.1469150080051238,2.2972467632570805,0.18094895753624426,0.2075330750812004,zara01
3760,150.4,54,8.07133695414,4.59420114448,1.1330711561648708,1.8625390598889666,0.2752710906253147,0.31190173291359025,zara01
3760,150.4,55,7.85034858903,3.98561865521,1.1366360920937524,2.412081600585847,0.16412978109903303,0.18655583298460793,zara01
3760,150.4,56,7.20127419095,5.59585632388,1.1862841218863724,2.0926721258464736,0.2180564828487017,0.25867694327780294,zara01
3760,150.4,57,5.07915449059,3.56080421172,1.3549675034572284,3.1656065952379366,0.09529223166551709,0.12911787723869353,zara01
3760,150.4,58,9.15249622229,6.35216922917,1.0630084656875114,2.0926721258464736,0.2180564828487017,0.23179588726621353,zara01
3760,150.4,59,9.63004155603,5.61375580886,1.2183566130740424,2.412081600585847,0.16412978109903303,0.19996860420440188,zara01
3760,150.4,60,0.385151150615,4.07583205951,1.1321364153607687,4.722173338590574,0.042824029774868676,0.04848264356062265,zara01
3760,150.4,61,0.153218599807,3.56581606752,1.1820020617453548,4.925938440419516,0.03935441143878415,0.046516995459417836,zara01
3760,150.4,62,0.22477673708,2.90401244291,1.1104616380504462,4.898607843188651,0.03979477330109243,0.04419056914577726,zara01
3770,150.8,54,7.61946836377,4.62928413504,1.1248498078476132,1.998689414495984,0.23904560168998176,0.26889039912779306,zara01
3770,150.8,55,7.40563581239,3.9992222638,1.1122929006070137,1.918479117580943,0.2594521234053806,0.28858675491121966,zara01
3770,150.8,56,7.64998580467,5.43643157767,1.242693263083887,1.5008721246365142,0.42392009006834674,0.526802640013849,zara01
3770,150.8,57,5.59332075341,3.36987637195,1.4454158557237127,2.9155653913714112,0.11233777278034027,0.16237479797339152,zara01
3770,150.8,58,8.71809623602,6.49083057281,1.140144384376162,2.1615592385263787,0.2043793896596025,0.23302201340262324,zara01
3770,150.8,59,9.19332645355,5.86124602116,1.2546901602047624,1.998689414495984,0.23904560168998176,0.29992816428064706,zara01
3770,150.8,60,0.83723020609,4.04934082174,1.1321364153670483,4.804380213184119,0.04137105945393101,0.046837682950110496,zara01
3770,150.8,61,0.624870910478,3.53288101516,1.1819813180692262,4.971123047706527,0.03864224553709515,0.045674412313090405,zara01
3770,150.8,62,0.668226723061,2.92954904148,1.11046163804799,4.944738553830544,0.03905572592243444,0.04336988538297989,zara01
3780,151.2,54,7.17538698246,4.67820939398,1.100012775297817,1.7097013785766688,0.3266862519323876,0.3593590506397875,zara01
3780,151.2,55,6.96092303575,4.01258721258,1.1125558611577047,1.8316445119257911,0.2846354601575833,0.3166728494916396,zara01
3780,151.2,56,8.17299160209,5.38583570013,1.3136185875259436,1.2483173411495536,0.6128036943327383,0.8049903233800518,zara01
3780,151.2,57,6.19946026913,3.27441245207,1.5340275268820596,2.8901442965054733,0.11432266222942881,0.17537411080638374,zara01
3780,151.2,58,8.28348578464,6.62925325664,1.1459368931284506,2.243759146926427,0.18967885060000927,0.21735999274875017,zara01
3780,151.2,59,8.75682181619,6.10873623347,1.1995022259034684,2.132450039704537,0.2099972714761798,0.2518921945693326,zara01
3780,151.2,60,1.28930926157,4.02284958397,1.1236732600917283,4.966864308338732,0.03870854000159944,0.04349575133698832,zara01
3780,151.2,61,1.09652322115,3.5001846226,1.1822437651326727,5.107929090016096,0.036600048660854555,0.04327017933284773,zara01
3780,151.2,62,1.11167670904,2.95508564005,1.1104616380467418,5.097794735686886,0.03674571421663281,0.04080470600019952,zara01
3790,151.6,54,6.74919513547,4.75983104549,1.084528790038788,2.0300577124887336,0.2317152476287464,0.2513018571443425,zara01
3790,151.6,55,6.51599979401,4.02619082117,1.1125558611576636,2.5428328391981325,0.14768478637006222,0.16430757467983015,zara01
3790,151.6,56,8.69599739951,5.33523982259,1.3136473470839145,2.0300577124887336,0.2317152476287464,0.304392120326395,zara01
3790,151.6,57,6.80559978485,3.17894853218,1.4764510838721105,2.8676114225275087,0.11612635078292466,0.17145487647956204,zara01
3790,151.6,58,7.84045672888,6.75574295049,1.2156183269800747,2.2747562941494324,0.18454472303371147,0.2243359474672416,zara01
3790,151.6,59,8.27317299427,6.13355685264,1.2163579241401659,2.0517385572588314,0.2268440236689049,0.2759235257335118,zara01
3790,151.6,60,1.73528482886,4.00948463519,1.1076986269727334,4.780744154905087,0.041781148757509344,0.046280921112036626,zara01
3790,151.6,61,1.56838599693,3.46724957024,1.1425325042132577,4.979086021254058,0.03851874450814986,0.04400891762204713,zara01
3790,151.6,62,1.55512669502,2.98062223862,1.133750098150921,5.069859521239051,0.03715177179571908,0.04212082491987713,zara01
3800,152.0,54,6.32321375359,4.84121403719,1.0842703944778336,1.9504354813971068,0.25101993014027824,0.2721734786749977,zara01
3800,152.0,55,6.07128701737,4.03955576995,1.112292900606594,2.705255014293491,0.13048330868450808,0.14513565789743707,zara01
3800,152.0,56,9.21900319693,5.28440528526,1.3274920899348044,2.7417361169434975,0.12703403004298452,0.16863667003460225,zara01
3800,152.0,57,7.38037999924,3.2505464721,1.4450130871727858,2.7417361169434975,0.12703403004298452,0.1835658359284135,zara01
3800,152.0,58,7.32144976854,6.77149449727,1.2983868682273798,2.410838720875199,0.1642990551000894,0.2133237356041228,zara01
3800,152.0,59,7.7840520795,6.13355685264,1.2225392055374833,1.9504354813971068,0.25101993014027824,0.3068817059677703,zara01
3800,152.0,60,2.17536737309,4.00948463519,1.1002063605749846,3.89603569642689,0.06291084627653669,0.06921491322260075,zara01
3800,152.0,61,2.00825807605,3.43550781688,1.0928094755366142,4.10768524933593,0.056594869795604935,0.061847409979398,zara01
3800,152.0,62,2.01751854087,2.90926295851,1.1744312057159199,4.208396452410119,0.05391853583576584,0.06332361105203552,zara01
3800,152.0,63,15.2928157956,2.79780883204,1.1481565130923548,8.216370695213104,0.014145272950731874,0.016240987267851913,zara01
3810,152.4,54,5.89723237171,4.92283568869,1.096126578427653,2.0726651678341717,0.2222864981700238,0.24365413866977295,zara01
3810,152.4,55,5.62657424073,4.05315937853,1.123475369890506,2.666865347610304,0.1342669752714546,0.15084563970717688,zara01
3810,152.4,56,9.75169038939,5.21972847953,1.3451407110513112,3.3402338759013452,0.08558893641247274,0.11512916278399904,zara01
3810,152.4,57,7.9414799815,3.39374235193,1.4479648500878672,2.5712034262230055,0.1444436671346442,0.2091493528287569,zara01
3810,152.4,58,6.8022323431,6.78748470385,1.2985705683550115,2.9763580023838783,0.1077956030197825,0.13998019747957016,zara01
3810,152.4,59,7.29514162984,6.13355685264,1.2083400286358743,2.6210139456987847,0.13900573505064023,0.16796619387164138,zara01
3810,152.4,60,2.61544991732,4.00948463519,1.1023178339464133,3.0114410461168166,0.10529861305492927,0.11607253906027114,zara01
3810,152.4,61,2.44034294611,3.40400472331,1.0827954211228177,3.2516875048518483,0.0903137296848975,0.0977912929673309,zara01
3810,152.4,62,2.48201503781,2.82692532761,1.179344312364974,3.375189258146058,0.08382530101348179,0.09885889198253164,zara01
3810,152.4,63,14.8394739495,2.72430161373,1.1450862620001048,8.278887089065881,0.013932449030531853,0.015953855980878704,zara01
3820,152.8,54,5.4596754088,4.9937176492,1.1570653965438102,1.9860706586468193,0.24209286569233146,0.28011727764272487,zara01
3820,152.8,55,5.17659983635,4.12523463805,1.1472883957239617,2.424134151204458,0.16250176490053403,0.18643638915504607,zara01
3820,152.8,56,10.2869031632,5.15171043661,1.3488314728976136,4.330308125306783,0.050925321824859454,0.06868967684481017,zara01
3820,152.8,57,8.50279042887,3.53693823175,1.4533925619773105,3.3738339165527393,0.08389266339113345,0.12192897297713957,zara01
3820,152.8,58,6.28301491765,6.80108831243,1.297798620679175,2.8955737287834737,0.11389433591296926,0.14781191205102212,zara01
3820,152.8,59,6.81738583099,6.13021561544,1.1802464826627066,2.5907773736665476,0.14226929878673614,0.16791283948393498,zara01
3820,152.8,60,3.05721618242,4.00638205779,1.1125452737460038,2.1227135954669296,0.2119281168489904,0.2357796247742351,zara01
3820,152.8,61,2.87221735106,3.37274028955,1.0827954211219506,2.424134151204458,0.16250176490053403,0.17595616695853394,zara01
3820,152.8,62,2.94651153476,2.7445876967,1.1584560317453456,2.6228762474710243,0.13880841066297972,0.16080344058951382,zara01
3820,152.8,63,14.3852902429,2.67298975679,1.1396333604777276,8.320191573847628,0.013794460813509586,0.015720627732878256,zara01
3830,153.2,54,4.97686844731,5.02164084577,1.209051656643568,1.7965307076070147,0.2958707906399278,0.35772306957564703,zara01
3830,153.2,55,4.72452078087,4.22260783633,1.1560541383139555,1.6714768808187883,0.3417988790174616,0.3951380085592075,zara01
3830,153.2,56,10.8221159369,5.0834537339,1.3432756513558055,4.590553647308766,0.04531492314763205,0.06087043290727372,zara01
3830,153.2,57,9.07104622486,3.66939442059,1.4610363348887265,4.3117121968652246,0.051365539426191424,0.0750469194628251,zara01
3830,153.2,58,5.76400795731,6.79297387924,1.2979343937669146,2.772600797902218,0.12422147858244773,0.16123132949673905,zara01
3830,153.2,59,6.35099514806,6.12377180085,1.166351045758382,2.5019678829104732,0.1525484927900481,0.1779250940945376,zara01
3830,153.2,60,3.50529640081,3.99110783061,1.1208613978668784,1.2505393858580092,0.610627885300781,0.6844292250947294,zara01
3830,153.2,61,3.30430222112,3.34123719599,1.1132937717811258,1.6714768808187883,0.3417988790174616,0.38052256321191047,zara01
3830,153.2,62,3.40511500863,2.7445876967,1.1462456033000241,1.9812559463562789,0.243270930331316,0.27884823430297745,zara01
3830,153.2,63,13.9292123503,2.67298975679,1.0787452741506878,8.326900544616416,0.01377224141710058,0.014856740343159622,zara01
3840,153.6,54,4.49406148583,5.04980270214,1.2090516566303204,1.7528932461075248,0.3107852842151202,0.37575546273661603,zara01
3840,153.6,55,4.2724417254,4.31974237481,1.1537278814875314,1.10890489582856,0.7765738822205418,0.8959549399528534,zara01
3840,153.6,56,11.3529089434,5.01591301058,1.3244450230910068,5.57833045226101,0.030687598728197124,0.04064403740617459,zara01
3840,153.6,57,9.64224853238,3.79731607324,1.463569564116104,4.416324938558452,0.048960894353587595,0.0716576748078148,zara01
3840,153.6,58,5.24479053187,6.78509810585,1.2941939294627312,2.6501775566960433,0.13596321908310938,0.17596277276757152,zara01
3840,153.6,59,5.88439400002,6.11732798626,1.1663510457585147,2.41447803182068,0.16380413676855438,0.19105312621957415,zara01
3840,153.6,60,3.95337661921,3.97559494363,1.122750610365106,1.2026065164612094,0.6602741220923186,0.7413231735874352,zara01
3840,153.6,61,3.76206383456,3.335270701,1.1445012390697034,1.10890489582856,0.7765738822205418,0.8887897704305799,zara01
3840,153.6,62,3.8635080174,2.7445876967,1.1603179352274244,1.627371819072226,0.36057681627086824,0.4183837469462922,zara01
3840,153.6,63,13.5259612003,2.59351604349,0.9887018104241807,8.414915322473755,0.013485649930664036,0.01333328650119426,zara01
3850,154.0,54,4.01125452435,5.0777258987,1.19167625594839,1.7453819590167474,0.31346598174955986,0.37354996749850183,zara01
3850,154.0,55,3.8024731356,4.26413464148,1.1834137696590257,1.023763105291945,0.9111133990546249,1.0782241421620817,zara01
3850,154.0,56,11.8731786944,4.94956558626,1.311207922393254,6.55880705682251,0.02219839993211941,0.02910671785544884,zara01
3850,154.0,57,10.213661305,3.92499906609,1.323309055393829,5.2703348310859495,0.03437913673437792,0.045494222957224925,zara01
3850,154.0,58,4.72873008307,6.78032490986,1.254845404216985,2.681261904295561,0.1328290010725763,0.16667986154265535,zara01
3850,154.0,59,5.41800331709,6.11088417166,1.1727609177412837,2.3730339409201027,0.16957564681952889,0.1988716911906425,zara01
3850,154.0,60,4.40314055848,3.96580989184,1.143503791889978,1.1789537183696508,0.687033428848409,0.7856253310433291,zara01
3850,154.0,61,4.21982544799,3.329304206,1.1445012390697025,1.023763105291945,0.9111133990546249,1.0427704141510263,zara01
3850,154.0,62,4.33326614208,2.75842996509,1.2355650537172183,1.5965236572725103,0.374645625029338,0.4628990418142948,zara01
3850,154.0,63,13.1751158626,2.43432995708,0.9496844363621307,8.584278999220295,0.012958768557812462,0.012306740813773429,zara01
3860,154.4,54,3.54107546945,5.02378878397,1.182485203642379,1.760783215080118,0.30800630222635733,0.3642128950112703,zara01
3860,154.4,55,3.3322940807,4.20828824835,1.183413769648084,1.6102641576895889,0.36827914784056354,0.4358266146287853,zara01
3860,154.4,56,12.3934484454,4.88321816194,1.3112079223932505,3.0367213083059617,0.10355271937967277,0.135779146035992,zara01
3860,154.4,57,10.6747903602,4.03096401716,1.1672627573737555,4.386848550057586,0.04962106710148356,0.057920823608705846,zara01
3860,154.4,58,4.24108242406,6.80347491043,1.2205063013806297,2.7497072687951616,0.12629857734473857,0.15414820950466226,zara01
3860,154.4,59,4.94677193664,6.08415427409,1.1816564461601706,2.0785631914067215,0.2210267905737731,0.261177731855593,zara01
3860,154.4,60,4.86763705542,4.00709803719,1.165531310719088,1.5484687762717932,0.3982598051406035,0.4641842726922562,zara01
3860,154.4,61,4.67758706143,3.32333771101,1.1445012390695413,1.6102641576895889,0.36827914784056354,0.4214959410269997,zara01
3860,154.4,62,4.84848473044,2.82740264721,1.2993158667595823,2.0507752509221437,0.22705718365109046,0.29501900137960624,zara01
3860,154.4,63,12.8474216869,2.2517552103,0.9230864990369652,2.8081864005379686,0.12109313375262057,0.11177943689312148,zara01
3860,154.4,64,15.0061623163,3.3355093608,1.2846613797116146,4.386848550057586,0.04962106710148356,0.06374626852535449,zara01
3870,154.8,54,3.07405339119,4.94908826666,1.182349290337316,1.996897379436299,0.23947483788292181,0.2831429046245164,zara01
3870,154.8,55,2.86232549091,4.15268051501,1.220177450759425,2.471808939687941,0.15629374041929475,0.19070609775447037,zara01
3870,154.8,56,12.9137181964,4.81687073762,1.3464627984720314,2.806078183342785,0.12127515756701082,0.16329248804281396,zara01
3870,154.8,57,11.123712439,4.13430371044,1.1519800775714601,3.6301441196825075,0.07246422429280089,0.08347734272197646,zara01
3870,154.8,58,3.75343476506,6.8268635708,1.2205063013687838,2.818746308973278,0.12018752750204877,0.14668963466218451,zara01
3870,154.8,59,4.47448823064,6.05241252073,1.1833729279570728,2.1799708061113265,0.20094167900702434,0.23778894303515266,zara01
3870,154.8,60,5.33192308725,4.04814752274,1.1631514977957624,2.1799708061113265,0.20094167900702434,0.23372561490661567,zara01
3870,154.8,61,5.13534867486,3.31737121602,1.13685595438529,2.4216473772523863,0.16283568027268713,0.18512071270438368,zara01
3870,154.8,62,5.3634928537,2.89661398912,1.2993158667596287,2.7988464220366325,0.12190267756229699,0.15839008315717545,zara01
3870,154.8,63,12.5546647194,2.03385881316,0.9047086378479571,2.806078183342785,0.12127515756701082,0.10971868260724672,zara01
3870,154.8,64,14.585232097,3.04076450815,1.22675500451308,3.6301441196825075,0.07246422429280089,0.08889584979935179,zara01
3880,155.2,54,2.60703131293,4.87462640915,1.1772633855903356,2.082333699406852,0.22022708323243068,0.259265281604896,zara01
3880,155.2,55,2.37131039015,4.03693051215,1.2614407560343888,2.951868034555738,0.10959166011807403,0.13824338659440707,zara01
3880,155.2,56,13.4586123652,4.72283877653,1.397978387590265,3.1389820011913563,0.09691560943225533,0.13548592740643217,zara01
3880,155.2,57,11.572844983,4.23788206351,1.236490723462349,2.9692320784833894,0.10831362585219495,0.13392879359081072,zara01
3880,155.2,58,3.26578710606,6.85001357138,1.220506301368784,2.951868034555738,0.10959166011807403,0.1337573117515754,zara01
3880,155.2,59,4.00220452464,6.02067076737,1.1836554552941851,2.568081205510098,0.14479510396428383,0.17138751470721325,zara01
3880,155.2,60,5.7943149331,4.09158360629,1.1513936200978614,2.633066081805461,0.1377361262848786,0.15858849706140257,zara01
3880,155.2,61,5.58511261413,3.38300266094,1.136535604845141,3.0761812461964766,0.10091309860295303,0.11469132955750456,zara01
3880,155.2,62,5.87871144206,2.96558667124,1.2581867962670203,3.5853614944035384,0.07428574480426595,0.09346534326358882,zara01
3880,155.2,63,12.2675903099,1.81858767382,0.8275647351045043,3.1389820011913563,0.09691560943225533,0.08020394064729598,zara01
3880,155.2,64,14.1767193193,2.81093512103,1.0959423661055625,2.9692320784833894,0.10831362585219495,0.11870549139792716,zara01
3890,155.6,54,2.14800690884,4.77749187066,1.170919174925941,2.1885856751445663,0.19936287014044335,0.23343780741571546,zara01
3890,155.6,55,1.88008482428,3.92118050929,1.261440756022177,3.0857924758578985,0.10028545528876724,0.12650416053749078,zara01
3890,155.6,56,14.0140297895,4.61663516566,1.4136442044544388,3.5864931888706604,0.07423887143895903,0.1049473503549226,zara01
3890,155.6,57,12.1070054312,4.24217793991,1.347243085958686,2.615597513187524,0.13958204295337695,0.1880509422929254,zara01
3890,155.6,58,2.77813944706,6.87340223175,1.2422743079158463,3.0857924758578985,0.10028545528876724,0.12458204456287887,zara01
3890,155.6,59,3.52971035353,5.98869035421,1.1912430097987035,2.644969063258485,0.13649922595345945,0.16260374875999234,zara01
3890,155.6,60,6.24807770945,4.14361144262,1.1421347787648095,3.28539758198694,0.08846989578514422,0.10104454484991145,zara01
3890,155.6,61,6.03508701851,3.44839544606,1.1365356048451014,3.567914019956075,0.07501405140373509,0.08525614028402559,zara01
3890,155.6,62,6.3606765431,3.03360471416,1.1556221815006538,4.092297729456913,0.057021276669998754,0.06589505213733629,zara01
3890,155.6,63,12.0318693871,1.62765983405,0.7583608699311161,3.5864931888706604,0.07423887143895903,0.056299855127153256,zara01
3890,155.6,64,13.7869379362,2.67824027238,1.029027971069663,2.2952285832297297,0.18126731199410026,0.1865291342825406,zara01
3900,156.0,54,1.69403366738,4.665083105,1.1692076231484765,2.1729556567474773,0.2022412097312908,0.23646196413259507,zara01
3900,156.0,55,1.38906972353,3.80543050643,1.2887679933717213,3.083539451770631,0.1004320583044112,0.12943362225116772,zara01
3900,156.0,56,14.5694472138,4.51067021458,1.4135882667708715,4.1400823827867095,0.055712598600181976,0.07875467569253251,zara01
3900,156.0,57,12.6506368094,4.23549546551,1.3594441816408713,2.9262992498818554,0.1115151595435384,0.15159863480621677,zara01
3900,156.0,58,2.2761801606,6.75860686809,1.287039886085156,3.083539451770631,0.1004320583044112,0.12926006487940714,zara01
3900,156.0,59,3.05174408957,5.95122076565,1.2162187890986755,2.71457213646091,0.1295891400886101,0.157608747038908,zara01
3900,156.0,60,6.70205095092,4.19587793876,1.1421688692206224,4.0504282022933165,0.058206234606271945,0.06648134916183589,zara01
3900,156.0,61,6.48485095778,3.51402689098,1.1362752700216843,4.210241887502384,0.053871279001750684,0.061212602094127745,zara01
3900,156.0,62,6.79339280849,3.09995213848,1.0941728795203538,4.704218098693934,0.04315155844181951,0.04721526495607649,zara01
3900,156.0,63,11.7961484643,1.43673199427,0.736746364847941,4.1400823827867095,0.055712598600181976,0.04104605449491656,zara01
3900,156.0,64,13.3973670183,2.54578408354,0.9678773611583933,2.2879137861022336,0.18242824141688863,0.17656816490334448,zara01
3910,156.4,54,1.24006042591,4.55267433933,1.1691359559258951,2.1583342920512725,0.2049906063855025,0.23966188855234338,zara01
3910,156.4,55,0.869852298082,3.71521710214,1.3298488532476171,3.0651147474093317,0.10164310108509818,0.13516996141854945,zara01
3910,156.4,56,15.1248646381,4.40470526351,1.4135882667685284,4.742842652773429,0.04245158874623024,0.06000906775735398,zara01
3910,156.4,57,13.1944786526,4.22881299112,1.3450907730729385,3.4158454785846617,0.08184175790637983,0.11008459341194073,zara01
3910,156.4,58,1.77443133925,6.64381150442,1.2869733974910087,3.0651147474093317,0.10164310108509818,0.13081196713501084,zara01
3910,156.4,59,2.56072898881,5.90062488812,1.2342992055566782,2.763163255088139,0.12507148090112785,0.15437562951405936,zara01
3910,156.4,60,7.15581372727,4.2481444349,1.1795811055139522,4.883184964948817,0.040046543066377074,0.04723814554224917,zara01
3910,156.4,61,6.93461489705,3.5794196761,1.1362752700216843,4.9516534182643746,0.03894672133036734,0.04425419629612244,zara01
3910,156.4,62,7.22589860877,3.1662995628,1.0941276954184342,4.838173068577473,0.04079515454475445,0.04463510842629105,zara01
3910,156.4,63,11.6406147483,1.18685518397,0.7468960641254612,4.742842652773429,0.04245158874623024,0.031706924550432086,zara01
3910,156.4,64,13.0961914464,2.328365006,0.9186521379907032,2.902878534089733,0.11332184957075418,0.10410335938923418,zara01
3920,156.8,54,0.786087184451,4.44050423347,1.1691359559162295,2.144632642593522,0.20761826534177275,0.24273397911602287,zara01
3920,156.8,55,0.338848826497,3.63550472903,1.3423830239124692,3.040631810195425,0.10328653607631197,0.138650092627564,zara01
3920,156.8,57,13.7252716591,4.17988773218,1.3126976106591437,6.0873289373193336,0.025770203130253914,0.0338284840752851,zara01
3920,156.8,58,1.2724720528,6.52925480056,1.2869733974894886,3.040631810195425,0.10328653607631197,0.13292702424905184,zara01
3920,156.8,59,2.06950342295,5.85002901058,1.2342992055580027,2.8105663354203974,0.12088814179006276,0.14921213737285763,zara01
3920,156.8,60,7.63925208408,4.30613876623,1.2175224466165175,5.179052004258085,0.03560170835750786,0.04334587906316069,zara01
3920,156.8,61,7.38437883632,3.64505112102,1.1938548120988175,4.980515882080876,0.03849663092024005,0.04595938807372071,zara01
3920,156.8,62,7.65861487416,3.23240832732,1.1502803143719542,4.52826067833641,0.04657024708761932,0.05356883846032633,zara01
3920,156.8,63,11.5385391701,0.897599506722,0.7671266128707622,4.52826067833641,0.04657024708761932,0.03572527590887989,zara01
3920,156.8,64,12.8331100594,2.07490829871,0.9134844786084548,5.302377460941845,0.03396488126300628,0.031026391851535367,zara01
3930,157.2,54,0.332113942989,4.3280954678,1.1688805726369405,7.582090779036782,0.016610909890763848,0.019416169865136664,zara01
3930,157.2,57,14.2259681549,4.03167999656,1.3054274055937085,6.112115420127497,0.02556161494595978,0.033368832681689636,zara01
3930,157.2,58,0.770723231449,6.4144594369,1.287039886079978,7.626139127983966,0.016419575834810348,0.02113264901191587,zara01
3930,157.2,59,1.57848832219,5.79943313304,1.2502239092890557,6.657135098519274,0.021547487675418975,0.026939184276920058,zara01
3930,157.2,60,8.122900906,4.36413309756,1.217558007954736,5.0087367138309915,0.03806404824593661,0.04634518675701554,zara01
3930,157.2,61,7.88549626234,3.66891710099,1.2613289779088244,4.688063422620619,0.04344946419054953,0.0548040682581519,zara01
3930,157.2,62,8.1426846263,3.2457732761,1.2265992001052488,4.219747968055324,0.05362883424108108,0.06578108518268704,zara01
3930,157.2,63,11.4364635919,0.60810516967,0.7329849371073315,4.416129561314151,0.04896522667948033,0.035890773598105115,zara01
3930,157.2,64,12.5700286724,1.82121293161,0.9397470329452011,4.650886741002256,0.04414686360417787,0.04148688408586264,zara01
3940,157.6,54,-0.121648833364,4.21592536194,1.1685535659850494,8.530476871242092,0.01312274719612727,0.01533463303155483,zara01
3940,157.6,57,14.7266646507,3.88347226094,1.3055950440041488,6.120175008098718,0.02549433568222409,0.033285278316889905,zara01
3940,157.6,58,0.268763944992,6.29966407324,1.2872963450053094,8.533079231715302,0.01311474424426418,0.016882562331320697,zara01
3940,157.6,59,1.0824220588,5.68869498597,1.2707554787172648,7.578797318664076,0.016625349981470295,0.021126754574545353,zara01
3940,157.6,60,8.60633926281,4.42236608869,1.2292509002305692,4.691961993221458,0.043377289509594796,0.053321572179231426,zara01
3940,157.6,61,8.39250671143,3.68848720457,1.268207119087121,4.448739120235845,0.048250020723035164,0.06119101977705431,zara01
3940,157.6,62,8.63980321524,3.2457732761,1.242796472337485,3.9544664587673517,0.06106545389002035,0.07589193067620463,zara01
3940,157.6,63,11.3316519673,0.348920627181,0.6225375698537532,4.448739120235845,0.048250020723035164,0.030037450646311543,zara01
3940,157.6,64,12.3069472854,1.53792374935,0.9943888589854943,4.045330102393357,0.05835303507711211,0.05802560796867004,zara01
3950,158.0,57,15.2275716116,3.73550318511,1.3057627820551165,6.1103069039554825,0.025576748534521476,0.03339716632236089,zara01
3950,158.0,59,0.586355795417,5.5777181791,1.2707554787116104,8.862852029717631,0.01215694312430092,0.015448502079590837,zara01
3950,158.0,60,9.10093227043,4.46675681144,1.2710891774367523,4.378661467342822,0.04980680038191751,0.06330888492820805,zara01
3950,158.0,61,8.89930669541,3.70805730815,1.2679327573692771,4.006993188378991,0.059474962064921075,0.07541025264540853,zara01
3950,158.0,62,9.13692180417,3.2457732761,1.2425333909499816,3.5405667906353675,0.07617733918523877,0.09465288757138163,zara01
3950,158.0,63,11.2203159244,0.159424746209,0.5495898856794857,4.240268493942889,0.0531110231635058,0.02918928114875167,zara01
3950,158.0,64,12.0438658983,1.22456343233,1.02265503783446,4.006993188378991,0.059474962064921075,0.060822369580704944,zara01
3960,158.4,59,0.0902895320294,5.46698003204,1.2706904493365272,9.798618409865554,0.009945845114160797,0.012638090397144487,zara01
3960,158.4,60,9.62162295164,4.47916712102,1.3018405268986502,4.170208961741675,0.05491054415754612,0.07148477173835144,zara01
3960,158.4,61,9.40610667938,3.72738875192,1.2679327573692734,3.683565145567562,0.07037763558000942,0.08923410953809123,zara01
3960,158.4,62,9.633829928,3.2457732761,1.241748482905212,3.1715165992448746,0.09493741546124287,0.11788839161994015,zara01
3960,158.4,63,11.1087694163,-0.0300711347639,0.5498470587947177,4.1252351685369995,0.05611435287997184,0.030854311887221413,zara01
3960,158.4,64,11.7807845113,0.911441775106,0.9844327616762653,3.683565145567562,0.07037763558000942,0.06928205015427447,zara01
3970,158.8,60,10.1421031677,4.49181609041,1.30184773928221,4.115458896736544,0.056381268801705096,0.07339982732736239,zara01
3970,158.8,61,9.91290666336,3.7469588555,1.285710926257587,3.5238230988283186,0.07690298297826297,0.09887500547695392,zara01
3970,158.8,62,10.1303171216,3.2483985339,1.2351772807940258,2.9814189049464144,0.10742995160587589,0.13269503550037956,zara01
3970,158.8,63,10.9974333733,-0.219805675536,0.5499710812448236,4.112349575274279,0.0564665600739502,0.03105497509804618,zara01
3970,158.8,64,11.5385391701,0.620515479255,0.8575313699619384,3.5238230988283186,0.07690298297826297,0.06594672034750947,zara01
3980,159.2,60,10.662793849,4.50446505979,1.2859916102290536,4.178624797409137,0.054689584975632456,0.07033034744557225,zara01
3980,159.2,61,10.4342287399,3.75769854649,1.303850923780266,3.496465993258379,0.07811110197000935,0.10184523246109126,zara01
3980,159.2,62,10.6215426875,3.27488977167,1.2295857215422716,2.982046934543342,0.10738470611775229,0.13203870135440124,zara01
3980,159.2,64,11.3447008041,0.381855679542,0.7686506525783432,4.178624797409137,0.054689584975632456,0.04203718518075864,zara01
3990,159.6,60,11.1704356934,4.52260320457,1.2538933399238503,4.379451064725236,0.04978884207008883,0.06242989747420479,zara01
3990,159.6,61,10.9557612816,3.76867689728,1.3038509237299714,3.6307267962780467,0.0724409673407987,0.09445222218319307,zara01
3990,159.6,62,11.1125577882,3.30138100944,1.2293230221417801,3.158417413692178,0.09572653324404834,0.11767883114672908,zara01
3990,159.6,64,11.1508624382,0.143195879828,0.7686506525787058,4.379451064725236,0.04978884207008883,0.0382702259483119,zara01
4000,160.0,60,11.665028701,4.54646918454,1.237921211564812,4.695616413247857,0.04330979798689236,0.05361411759656104,zara01
4000,160.0,61,11.4770833581,3.77941658826,1.3035878992727283,3.909624101273161,0.06247429665365861,0.08144073713328408,zara01
4000,160.0,62,11.603572889,3.3278722472,1.2390629982439203,3.483856467390762,0.07867755838464306,0.09748645138658692,zara01
4000,160.0,64,10.9570240722,-0.0954639198854,0.7688165394691415,4.695616413247857,0.04330979798689236,0.03329728901339017,zara01
4010,160.4,60,12.1596217086,4.57033516451,1.237921211564812,5.099444901270719,0.03672193645131618,0.04545886406281936,zara01
4010,160.4,61,11.9984054346,3.79039493905,1.2960021145790832,4.305571033969269,0.05151217229138213,0.06675988421619329,zara01
4010,160.4,62,12.1030065941,3.34123719599,1.2592183446402991,3.9120278484262125,0.06239754552519744,0.07857213398585683,zara01
4010,160.4,64,10.7629752411,-0.334123719599,0.768982480500244,5.099444901270719,0.03672193645131618,0.028238525781105445,zara01
4010,160.4,65,12.6228554149,12.3427688618,0.8574730318572117,8.575140668958785,0.012986402998103639,0.011135490351703511,zara01
4010,160.4,66,13.3811612049,12.2842972109,0.5424130192264143,8.605718408362927,0.012894280678629855,0.006994025713648437,zara01
4020,160.8,60,12.6542147162,4.59420114448,1.2379212116903158,7.417040295258021,0.017358416518032518,0.021488352009028006,zara01
4020,160.8,61,12.5134135579,3.81068102202,1.2830655402976443,8.202706468036368,0.014192439142068648,0.018209829595959744,zara01
4020,160.8,62,12.6108589037,3.34123719599,1.2696307738750274,8.67036123876384,0.012702727970317176,0.01612777434327775,zara01
4020,160.8,65,12.7099879703,12.0110317402,0.8575399024749056,8.202706468036368,0.014192439142068648,0.012170582877770581,zara01
4020,160.8,66,13.3958937626,12.0678327725,0.542413019093232,8.3041752355151,0.013847723131944194,0.007511185311565037,zara01
4030,161.2,60,13.1488077239,4.61806712446,1.237921211690314,7.069969562728635,0.019104527183163765,0.02364989943935263,zara01
4030,161.2,61,13.0237914487,3.83717225979,1.2779250881673812,7.84539147713739,0.015514655742318403,0.019826567807388812,zara01
4030,161.2,62,13.1187112132,3.34123719599,1.2693676923750274,8.344248727722082,0.013715034350098288,0.017409421503828498,zara01
4030,161.2,65,12.7973309908,11.6792946186,0.8578953448419576,7.84539147713739,0.015514655742318403,0.013309950938160505,zara01
4030,161.2,66,13.4106263202,11.8513683342,0.5423952186238589,8.02352665209614,0.014833402553015114,0.008045566620678339,zara01
4040,161.6,60,13.6434007315,4.64193310443,1.2379212115648155,6.74817486889462,0.020970014256013574,0.025959225454335776,zara01
4040,161.6,61,13.5343798047,3.86366349756,1.2781878160854871,7.511805033445676,0.016923210917146336,0.021631042003341348,zara01
4040,161.6,62,13.6263530576,3.34123719599,1.2693676923749813,8.040362619524089,0.014771347337251302,0.01875027108275601,zara01
4040,161.6,65,12.8846740113,11.3473188372,0.8578284212496172,7.511805033445676,0.016923210917146336,0.014517211303529927,zara01
4040,161.6,66,13.4251484128,11.6349038958,0.5423952186322684,7.772008030375021,0.015809018246264985,0.008574735908044416,zara01
4050,162.0,60,14.1379937391,4.6657990844,1.237921211564812,6.455984199528334,0.022911127617258456,0.028362170858272612,zara01
4050,162.0,61,14.0449681606,3.89015473533,1.2781878160854907,7.2057883300705985,0.018391128585554493,0.023507316482117336,zara01
4050,162.0,62,14.1342053671,3.34123719599,1.2696307737499843,7.76187701376667,0.015850313914746377,0.020124046319759586,zara01
4050,162.0,65,12.9718065667,11.0155817156,0.7811209975370423,7.2057883300705985,0.018391128585554493,0.01436569670658034,zara01
4050,162.0,66,13.4398809705,11.4184394575,0.5886590268595736,7.55256256946484,0.01674105095419506,0.009854770763303,zara01
4060,162.4,60,14.6325867467,4.68966506437,1.237921211564812,6.259802194635983,0.024369698826193588,0.030167767096391143,zara01
4060,162.4,61,14.5555565166,3.9166459731,1.2781878160854907,6.9915995386664065,0.01953521934615375,0.024969679352811292,zara01
4060,162.4,62,14.6420576766,3.34123719599,1.269630773874983,7.571982252461154,0.016655290318198405,0.02114606913580675,zara01
4060,162.4,65,13.0042181935,10.7339631519,0.6635025060377343,6.9915995386664065,0.01953521934615375,0.012961666992169843,zara01
4060,162.4,66,13.4706088765,11.1661760492,0.7062438917556707,7.330265868714247,0.01777182092351917,0.012551239972611037,zara01
4070,162.8,60,15.1271797543,4.71353104434,1.2379212115648148,6.151551690367852,0.025234925487875128,0.031238849533698203,zara01
4070,162.8,61,15.0661448725,3.94313721087,1.2781878159606612,6.860942934959917,0.020286343163145797,0.02592975666152982,zara01
4070,162.8,62,15.1499099862,3.34123719599,1.2696307739999833,7.460813107113421,0.01715532934064913,0.02178093406899298,zara01
4070,162.8,65,12.9997984262,10.4855183004,0.6212057803526558,6.860942934959917,0.020286343163145797,0.01260199363516375,zara01
4070,162.8,66,13.5255402701,10.8599755262,0.777428271622898,7.086332960096724,0.019016398659047813,0.014783885941995535,zara01
4080,163.2,65,12.995589124,10.2370734489,0.6212012680029962,0.6652358111950121,0.7192814941050928,0.4468185761891733,zara01
4080,163.2,66,13.5804716637,10.5540136629,0.7774282716228944,0.6652358111950121,0.7192814941050928,0.5591897687724554,zara01
4090,163.6,65,12.9913798219,9.98862859741,0.6212057803379675,0.6942208256749667,0.6604726704728022,0.41028944065295836,zara01
4090,163.6,66,13.6354030573,10.2478131399,0.7774282715490474,0.6942208256749667,0.6604726704728022,0.5134701266110542,zara01
4100,164.0,65,12.9869600546,9.74018374591,0.6276912066173468,0.7317139702979506,0.5945213201556937,0.3731758048082653,zara01
4100,164.0,66,13.6903344509,9.94185127666,0.7369688301707362,0.7317139702979506,0.5945213201556937,0.4381436818267033,zara01
4110,164.4,65,12.987801915,9.48648837881,0.637539585514706,0.7425145727240188,0.5773513213258558,0.3680843220944539,zara01
4110,164.4,66,13.7090658457,9.6628579708,0.689462510155823,0.7425145727240188,0.5773513213258558,0.3980620912431057,zara01
4120,164.8,65,12.9909588916,9.23016775392,0.6408501640670938,0.7455582827787928,0.5726469191848325,0.3669808721121157,zara01
4120,164.8,66,13.7189577058,9.39102445892,0.6803221949437004,0.7455582827787928,0.5726469191848325,0.389584408987573,zara01
4130,165.2,65,12.9941158683,8.97384712903,0.6405486744735424,0.7487188298495011,0.56782252456089,0.36371796544369855,zara01
4130,165.2,66,13.7286391009,9.11895228725,0.6803221949312082,0.7487188298495011,0.56782252456089,0.3863022662406445,zara01
4140,165.6,65,12.9970623798,8.71776516393,0.6405486744735193,0.7526672662617264,0.5618806415530901,0.3599119001591625,zara01
4140,165.6,66,13.738530961,8.84711877538,0.6890126819422904,0.7526672662617264,0.5618806415530901,0.38714288776794936,zara01
4150,166.0,65,13.0002193565,8.46144453904,0.6405518619524491,0.7486531760688667,0.5679221202917195,0.3637835715968437,zara01
4150,166.0,66,13.7412670075,8.56788680971,0.707032054974374,0.7486531760688667,0.5679221202917195,0.4015391437752581,zara01
4160,166.4,65,13.0033763331,8.20536257395,0.640551861950909,0.7376208442227714,0.5850375822721497,0.3747469126356836,zara01
4160,166.4,66,13.7370577053,8.28149505006,0.7160567288250279,0.7376208442227714,0.5850375822721497,0.4189200974014987,zara01
4170,166.8,65,13.0065333097,7.94904194906,0.681157726850878,0.7277741834296482,0.6009755948458998,0.40935917007808736,zara01
4170,166.8,66,13.7328484031,7.9951032904,0.7160567288375534,0.7277741834296482,0.6009755948458998,0.43033261855655786,zara01
4180,167.2,65,12.9492867999,7.663127509,0.7347043241868814,0.7806842589113663,0.5222750531373366,0.3837177399549344,zara01
4180,167.2,66,13.7286391009,7.70871153074,0.7160567288250547,0.7806842589113663,0.5222750531373366,0.37397856609645286,zara01
4190,167.6,65,12.8855158717,7.37387183175,0.7405048029373938,0.8403117158179183,0.45078482741455017,0.33380832979177855,zara01
4190,167.6,66,13.7244297987,7.42231977109,0.7340852581782477,0.8403117158179183,0.45078482741455017,0.3309144964154469,zara01
4200,168.0,65,12.8217449435,7.08461615449,0.7244907245952747,0.8376052951694455,0.45370263223136287,0.32870334877608354,zara01
4200,168.0,66,13.6583437543,7.12566564004,0.7924160264392636,0.8376052951694455,0.45370263223136287,0.35952123701781113,zara01
4210,168.4,65,12.6973600637,6.8256702718,0.7192816124678693,0.8332601132804149,0.4584467945619458,0.3297523496232424,zara01
4210,168.4,66,13.5305914327,6.81874913761,0.8308322662164368,0.8332601132804149,0.4584467945619458,0.3808923892655627,zara01
4220,168.8,65,12.532776348,6.58701047209,0.722012651058356,0.8732840844611467,0.41738711386580357,0.3013587765998447,zara01
4220,168.8,66,13.4028391112,6.51207129498,0.8837413310910008,0.8732840844611467,0.41738711386580357,0.3688622435879964,zara01
4230,169.2,65,12.3300984474,6.37985376594,0.7493811484644675,0.8276637474097159,0.4646674607650764,0.34821303540220083,zara01
4230,169.2,66,13.1435460961,6.22711149412,1.0036125495047539,0.8276637474097159,0.4646674607650764,0.4663460949703385,zara01
4240,169.6,65,12.0392356659,6.2466815977,0.7998741351703373,0.8419770584760994,0.4490033803286962,0.3591461905289739,zara01
4240,169.6,66,12.8278484317,5.95169808525,1.0436837194785586,0.8419770584760994,0.4490033803286962,0.46861751803989954,zara01
4250,170.0,65,11.7483728844,6.11327076966,0.8002375984610606,0.8615540666802413,0.42882989517848863,0.34316580546594205,zara01
4250,170.0,66,12.5009961164,5.69394550156,1.0437929186699049,0.8615540666802413,0.42882989517848863,0.44760960790126403,zara01
4260,170.4,65,11.4572996378,5.97985994162,0.8333636603107591,0.7269273825495982,0.6023765685569576,0.5019987420580612,zara01
4260,170.4,66,12.0733310137,5.59394704548,1.0983255176409616,0.7269273825495982,0.6023765685569576,0.6616055564751068,zara01
4270,170.8,65,11.0955101143,5.97818932302,0.9145783866265471,0.732912102702129,0.5925791144662699,0.5419600504571491,zara01
4270,170.8,66,11.6454554458,5.4937099296,1.098325517762713,0.732912102702129,0.5925791144662699,0.6508447627115358,zara01
4280,171.2,65,10.7257229167,5.99107695221,0.925029264722463,0.7739353119970941,0.5314235575051435,0.4915823426551784,zara01
4280,171.2,66,11.217790343,5.39371147352,1.088766112145186,0.7739353119970941,0.5314235575051435,0.5785959606072387,zara01
4290,171.6,65,10.3559357191,6.00396458139,0.9228404379582281,0.7296015849652195,0.5979688897873271,0.5518298721367324,zara01
4290,171.6,66,10.7785496593,5.40922436051,1.0987863416167738,0.7296015849652195,0.5979688897873271,0.657040048810061,zara01
4300,172.0,65,9.98846363772,6.02973983976,0.9162138913327713,0.6993715662617273,0.6507799798074136,0.5962536577008128,zara01
4300,172.0,66,10.3393089755,5.42473724749,1.0987969117358927,0.6993715662617273,0.6507799798074136,0.7150750320319327,zara01
4310,172.4,65,9.63025202114,6.10706561487,0.9164766386372369,5.585405837935108,0.020406600093719435,0.01870217225990631,zara01
4310,172.4,66,9.90006829168,5.44048879427,1.0987969117234022,5.45771239176527,0.021372672532018463,0.023484226573457473,zara01
4310,172.4,67,15.159170451,6.89941614992,1.1214371892971449,5.585405837935108,0.020406600093719435,0.022884720252211575,zara01
4320,172.8,65,9.27182993944,6.18463004977,0.9167337840664905,5.4833288493656225,0.021173445633302337,0.01941041293714336,zara01
4320,172.8,66,9.46082760789,5.45600168125,1.0936866231785292,5.430424328451868,0.021588008996695263,0.02361051666074335,zara01
4320,172.8,67,14.7190879068,6.81254398282,1.1213794532734358,5.4833288493656225,0.021173445633302337,0.02374346688818739,zara01
4330,173.2,65,8.91340785775,6.26195582488,0.9275808370170702,5.385618859595423,0.021948704558955878,0.020359197746236676,zara01
4330,173.2,66,9.02705901695,5.4987217854,1.086126318484189,5.393415661498234,0.021885291679852446,0.02377019128119079,zara01
4330,173.2,67,14.2790053625,6.72591047552,1.1211213403668383,5.393415661498234,0.021885291679852446,0.02453606754243539,zara01
4340,173.6,65,8.54698810189,6.34357747638,0.9496882693085117,5.300386563775816,0.022660267597444845,0.02152019031668514,zara01
4340,173.6,66,8.60107763507,5.5817753957,1.084804799692252,5.343690844504025,0.022294486516359787,0.024185165979621292,zara01
4340,173.6,67,13.8391332834,6.63903830843,1.1261397435566065,5.343690844504025,0.022294486516359787,0.025106707328259634,zara01
4350,174.0,65,8.17236020676,6.42949500428,0.9608846230491754,8.466611475661217,0.01332146905407724,0.012800394770488265,zara01
4350,174.0,66,8.17530671829,5.6650676658,1.0846038327133256,8.276364442506292,0.013940943581787785,0.01512040084044727,zara01
4350,174.0,67,13.4032600414,6.51445789298,1.147158094864409,13.568861289955631,0.00518662174324501,0.005949875117763265,zara01
4350,174.0,68,0.0822918578636,3.93263617968,1.1057782159217031,13.568861289955631,0.00518662174324501,0.0057352533379061805,zara01
4360,174.4,65,7.79773231163,6.51541253218,0.9608846230585668,7.7037504596575515,0.01609040474702091,0.01546102250020096,zara01
4360,174.4,66,7.74953580152,5.7483599359,1.0795264516720966,7.440070861387262,0.01725111769759051,0.01862303787545759,zara01
4360,174.4,67,12.9739112178,6.3330764452,1.1652243399079194,12.671889189529416,0.005946872795238653,0.006929440927348323,zara01
4360,174.4,68,0.521532541652,3.98466401602,1.1057431645037183,7.7037504596575515,0.01609040474702091,0.017791855063116552,zara01
4360,174.4,69,0.638340677494,2.78444388326,1.9310700551812527,8.073228327636999,0.014651325307221965,0.028292735569495603,zara01
4370,174.8,65,7.42310441649,6.60133006007,0.9608846230585999,6.952720170432864,0.01975431074176171,0.018981613430880152,zara01
4370,174.8,66,7.32776372183,5.8309362266,1.0276054358971916,6.615038725555667,0.021822605417486516,0.022425027952448644,zara01
4370,174.8,67,12.5445623941,6.15169499741,1.1837826620528606,11.623317683741229,0.007068238026649566,0.008367257627210483,zara01
4370,174.8,68,0.960773225441,4.03645319255,1.1040078365089123,6.952720170432864,0.01975431074176171,0.021808913863737116,zara01
4370,174.8,69,1.41011623449,2.81618563662,1.9310700551863171,7.105163276325626,0.018915736567874677,0.03652761245801559,zara01
4380,175.2,65,7.04847652136,6.68724758797,0.9674734082258589,6.198711681930193,0.02485240994098427,0.02404404574823027,zara01
4380,175.2,66,6.94282303633,5.90659138311,0.9807619297758331,5.6587888934792145,0.029821150676422627,0.029247449285544146,zara01
4380,175.2,67,12.070174037,6.05002592274,1.2168227571093806,10.393823203247782,0.008839358162127664,0.01075593216991749,zara01
4380,175.2,68,1.40253949054,4.04695422374,1.1065496302828044,6.232796643977848,0.024581335086296188,0.027200467251598776,zara01
4380,175.2,69,2.18189179149,2.84792738998,1.8941408075795974,6.198711681930193,0.02485240994098427,0.04707396383591515,zara01
4390,175.6,65,6.6645881614,6.75526563089,0.9827628556886612,5.3813045262772885,0.032975868560713245,0.03240745875554049,zara01
4390,175.6,66,6.55788235082,5.98224653962,0.9810200740849294,5.032914552931027,0.037699211579588776,0.03698368333675161,zara01
4390,175.6,67,11.5907345173,5.95718726065,1.2208636037371783,9.194736442869486,0.01129517103892515,0.013789863219409965,zara01
4390,175.6,68,1.84598947653,4.03000937796,1.1097083456524164,5.535875263223058,0.031160096239047533,0.03457861884780352,zara01
4390,175.6,69,2.92378130292,2.88682893733,1.820974643108243,5.3813045262772885,0.032975868560713245,0.06004822048352913,zara01
4400,176.0,65,6.27122887151,6.80562284863,0.9911249889174526,4.863402701502246,0.040372990413562466,0.04001467967620652,zara01
4400,176.0,66,6.17273120021,6.05790169613,0.9810200740849305,4.388696309204581,0.04957929229062789,0.048638280996030195,zara01
4400,176.0,67,11.1112949976,5.86434859856,1.2069867672922812,8.029433803370514,0.014811585094069553,0.01787738721116555,zara01
4400,176.0,68,2.28964992762,4.01282587238,1.1018865413429968,4.863402701502246,0.040372990413562466,0.04448645477047431,zara01
4400,176.0,69,3.636205699,2.93265161888,1.7847604680767926,4.684362631792706,0.043518144140690176,0.07766946330637153,zara01
4410,176.4,65,5.87808004673,6.85574140657,0.990864028892571,4.259848892607979,0.05262389556711218,0.052143125177650684,zara01
4410,176.4,66,5.7877905147,6.13355685264,0.977416256887551,3.737280168194109,0.06836913250302666,0.06682510157775731,zara01
4410,176.4,67,10.6356438498,5.81518467982,1.178083890335305,6.897254074494359,0.020073307299435735,0.023648039955215326,zara01
4410,176.4,68,2.7265754952,3.98967587181,1.0921034065971362,4.259848892607979,0.05262389556711218,0.05747073561725515,zara01
4410,176.4,69,4.34863009508,2.97871296022,1.8019023495547026,4.167801186286275,0.054974007093827285,0.09905779254680427,zara01
4420,176.8,65,5.48493122195,6.90609862431,0.9683504347411314,3.944020781845955,0.06138934401740553,0.059446397967727514,zara01
4420,176.8,66,5.39885099211,6.16983314219,0.9765689984984811,3.2028143186538394,0.09309103506646124,0.09090981888404104,zara01
4420,176.8,67,10.1688322367,5.86721251616,1.1745495619069206,5.851977917328458,0.02788470310186885,0.03275196581220461,zara01
4420,176.8,68,3.16202780701,3.96509391244,1.0903808668208448,3.747717837615508,0.06798883670685985,0.07413372670256671,zara01
4420,176.8,69,5.07683937439,2.98324749642,1.8228997431468157,3.944020781845955,0.06138934401740553,0.11190661944128004,zara01
4430,177.2,65,5.10904053616,6.94905738826,0.9359648861366459,4.026750019988143,0.05889277831549602,0.05512157255033396,zara01
4430,177.2,66,5.00991146953,6.20610943175,0.9763348113565281,3.3199545266768666,0.08663773933258676,0.08458744088763714,zara01
4430,177.2,67,9.70181015841,5.91947901229,1.1763956318551374,4.877647685647177,0.04013751919952259,0.047217602259820086,zara01
4430,177.2,68,3.59748011883,3.94027329327,1.0738325448872768,3.367134779824478,0.0842268154436966,0.0904454955756557,zara01
4430,177.2,69,5.80694283968,2.98324749642,1.8249955818375385,4.026750019988143,0.05889277831549602,0.10747906022791782,zara01
4440,177.6,65,4.74072659432,6.98867491501,0.9261282900259434,4.3896989905353205,0.049556645383255875,0.04589581124821683,zara01
4440,177.6,66,4.62118241205,6.2426243811,0.9763348113689391,3.7806435605418427,0.06680976037704096,0.06522869479532231,zara01
4440,177.6,67,9.23436714993,5.97890530242,1.1961632008541223,4.620716522171512,0.044725245250719234,0.05349869251808595,zara01
4440,177.6,68,4.01988359385,3.91950989069,1.0554297338921275,3.152679586928519,0.09607529186260069,0.10140071972415313,zara01
4440,177.6,69,6.53683583986,2.98324749642,1.8800955703947662,4.031208362198201,0.058762584614973634,0.11047927503955957,zara01
4450,178.0,65,4.37241265247,7.02853110156,0.9261603376430917,4.4867386175344075,0.047436194661776156,0.04393352206445403,zara01
4450,178.0,66,4.23224288946,6.27890067066,0.9594137430052381,4.497753462123302,0.04720413991652357,0.04528830056265484,zara01
4450,178.0,67,8.76250437415,6.10229241887,1.2190661387327402,4.533702636285926,0.04645851447331494,0.05663600185024317,zara01
4450,178.0,68,4.4408138131,3.89898514792,1.0535757997879995,3.1302933719892816,0.09745436560320732,0.10267556118323126,zara01
4450,178.0,69,7.31092651306,2.9999536824,1.9590344091661485,4.497753462123302,0.04720413991652357,0.09247453435156296,zara01
4460,178.4,65,4.00409871063,7.06838728811,0.9261282900272862,3.3032088969005433,0.08751838659396455,0.08105325372221536,zara01
4460,178.4,66,3.85572080834,6.29894809384,0.9181151008555015,2.6212293639427555,0.13898288841134032,0.12760228861096665,zara01
4460,178.4,67,8.29085206348,6.22567953533,1.20992245165407,4.155504726779909,0.0552998331214826,0.06690850966640517,zara01
4460,178.4,68,4.86174403235,3.87846040514,1.0916929766800725,3.3032088969005433,0.08751838659396455,0.0955432079750025,zara01
4460,178.4,69,8.10353811591,3.02381966237,1.9826900383923303,3.3525571851061806,0.08496087826560535,0.16845108699027916,zara01
4460,178.4,70,5.12671960537,4.55148104034,1.1144427059134105,2.7559199432078034,0.12572978903814142,0.1401186463095886,zara01
4470,178.8,65,3.63578476878,7.10800481487,0.9370038008140202,3.65762147610195,0.07137955967678648,0.0668829187175801,zara01
4470,178.8,66,3.49793012198,6.29512953704,0.8945308903315117,3.0391202558470085,0.10338930399910708,0.09248492615707657,zara01
4470,178.8,67,7.82109393879,6.32734861,1.1738753293875293,3.5197660062890552,0.07708037109684811,0.09048274601062556,zara01
4470,178.8,68,5.3131916925,3.85769700257,1.1874219313745147,3.5197660062890552,0.07708037109684811,0.0915269231188837,zara01
4470,178.8,69,8.89636018387,3.04768564234,2.0132651890188784,3.6735833788344063,0.07076061180090361,0.1424598764924377,zara01
4470,178.8,70,5.57227424245,4.53740011215,1.1147056560399378,2.874213918900644,0.11559344460945956,0.12885266650730381,zara01
4480,179.2,65,3.25463245525,7.0827068761,0.9577104153445182,4.1321765461464555,0.05592598544158243,0.05356089874580938,zara01
4480,179.2,66,3.14013943561,6.29107232045,0.8945342232694412,3.627608556459628,0.0725655592809104,0.06491237620746176,zara01
4480,179.2,67,7.35891255806,6.34142953819,1.155980522448344,4.033926704542603,0.05868341460877774,0.06783688427850768,zara01
4480,179.2,68,5.81073121165,3.83597896079,1.245033248701465,3.627608556459628,0.0725655592809104,0.09034653401535062,zara01
4480,179.2,69,9.71359620455,3.06606244692,2.0569496315290277,4.033926704542603,0.05868341460877774,0.12070882805639054,zara01
4480,179.2,70,6.01803934463,4.52331918397,1.110416593130619,3.377463402891614,0.08371245497108439,0.09295569905159187,zara01
4490,179.6,65,2.87179642084,7.05024914334,0.960261589050124,4.395754291977719,0.04942020748393716,0.04745632696971233,zara01
4490,179.6,66,2.78234874925,6.28701510385,0.8945308903189807,4.1149485709881475,0.05639525419999961,0.05044729694929089,zara01
4490,179.6,67,6.89673117732,6.35527180657,1.155980522460422,4.08449425174582,0.05723936453547926,0.06616759052102587,zara01
4490,179.6,68,6.30827073081,3.81426091902,1.2325814403529018,4.296192136726191,0.051737327361845054,0.06377046947967258,zara01
4490,179.6,69,10.5415659458,3.0818139937,2.070041559868209,4.8990148542498115,0.03978816126150059,0.08236314740204452,zara01
4490,179.6,70,6.46022653996,4.51138619398,1.064712482697086,4.084071873628572,0.05725120463328264,0.060956072222501274,zara01
4500,180.0,65,2.48917085154,7.01779141057,0.9600247109255324,5.043772946173549,0.03753706620359383,0.03603651113109774,zara01
4500,180.0,66,2.42455806289,6.28319654706,0.8945308903314797,4.782951034612488,0.04174260155244326,0.03734004653145928,zara01
4500,180.0,67,6.43454979658,6.36935273475,1.156252528025092,3.9983106102783132,0.059733549626737985,0.06906706776382808,zara01
4500,180.0,68,6.79612885492,3.79970267124,1.112957038112403,4.626746856638009,0.044608734694874176,0.049647605239949155,zara01
4500,180.0,69,11.369325222,3.09780420028,2.055968243744338,5.920729542271117,0.027240867633136066,0.05600635878577074,zara01
4500,180.0,70,6.86979164329,4.51783000858,1.0237764298224796,4.71829161054898,0.04289452122812876,0.04391439980187822,zara01
4510,180.4,65,2.10654528224,6.98509501801,0.9197559458254358,5.728127272558002,0.02910355653000771,0.026768169163141283,zara01
4510,180.4,66,2.06676737652,6.27913933046,0.8768726810440235,5.499858797992994,0.031569543551535385,0.027682470293370898,zara01
4510,180.4,67,5.97215795073,6.38343366294,1.1550424106503518,3.906782927795677,0.06256519745911869,0.07226545649599572,zara01
4510,180.4,68,7.19790674919,3.85029854878,1.01237782951849,5.0414089900042685,0.03757227730584821,0.03803734054896143,zara01
4510,180.4,69,12.1859298473,3.11856760286,2.036184712765165,7.019281414280628,0.01938144144144765,0.039464194774428946,zara01
4510,180.4,70,7.27914628151,4.52427382317,1.023776429822283,5.104168388613865,0.0366540016461105,0.03752550294395508,zara01
4520,180.8,65,1.75338482829,7.01254089498,0.8583614074059353,6.433315475939741,0.023072873470354277,0.019804864144912362,zara01
4520,180.8,66,1.72328831761,6.30109603203,0.838018566943059,6.222580817469374,0.02466211339904395,0.020667308928454024,zara01
4520,180.8,67,5.51102889554,6.40013984892,1.1432469135468317,3.789035281356144,0.06651415583922253,0.07604210337036413,zara01
4520,180.8,68,7.59968464347,3.90089442632,1.0124151464250664,5.451199592875231,0.032135659304464076,0.032534628220195046,zara01
4520,180.8,69,12.9976937751,3.14124028383,2.0302012292825404,8.165205287938628,0.014323104671877633,0.029078784711988468,zara01
4520,180.8,70,7.68871138484,4.53071763776,1.0071946618213088,5.487799316408636,0.03170844463601766,0.0319365761720535,zara01
4530,181.2,65,1.42947902458,7.09965172188,0.8382836111882038,3.689173505701398,0.07016381906688415,0.058817179622143397,zara01
4530,181.2,66,1.401487165,6.36195428096,0.8190217002468811,3.6587365168960386,0.07133605887130627,0.058425780225688874,zara01
4530,181.2,67,5.05937077029,6.44095067467,1.1337454123591488,3.689173505701398,0.07016381906688415,0.07954790798067728,zara01
4530,181.2,68,8.00146253774,3.95172896366,1.0012480156725465,5.861182635590134,0.02779718858238487,0.027831879909388416,zara01
4530,181.2,69,13.809457703,3.1639129648,2.0302012292825404,9.343607305633745,0.010938108496783701,0.02220656131619607,zara01
4530,181.2,70,8.08459625605,4.54646918454,0.965087595227484,5.88943972611285,0.027531090819960424,0.026569914233425064,zara01
4530,181.2,71,0.170055808577,5.57366096251,1.3996839748544052,4.965641171052251,0.038727611733957314,0.054206417528403474,zara01
4540,181.6,65,1.10578368597,7.18676254877,0.8383611622473007,3.5721888125458396,0.07483462211970876,0.0627384407766166,zara01
4540,181.6,66,1.07947554727,6.42281252989,0.8190217002566783,3.5287295162900283,0.07668927670160715,0.06281018179560516,zara01
4540,181.6,67,4.60771264503,6.48176150042,1.1339806250942706,4.191668451651466,0.05434974792070912,0.061631561120841755,zara01
4540,181.6,68,8.39945206005,3.94528514906,0.9939570631103171,6.267857810113685,0.02430709792625859,0.024160211667518867,zara01
4540,181.6,69,14.6212216308,3.18658564577,2.0304725578161653,10.541752516596322,0.008593018552678624,0.017447888360019127,zara01
4540,181.6,70,8.45943461629,4.57630165951,0.9400590834820749,6.316559966550579,0.023933716093993987,0.022499107215640173,zara01
4540,181.6,71,0.608665097037,5.22569497453,1.3996633424987046,4.191668451651466,0.05434974792070912,0.07607134983866175,zara01
4550,182.0,65,0.781877882259,7.27411203547,0.8383611622400589,3.45670630063076,0.07991833356926134,0.06700042701541464,zara01
4550,182.0,66,0.757674394652,6.48367077882,0.8187631994679822,3.398389597609514,0.08268468012471149,0.06769917324589544,zara01
4550,182.0,67,4.15584405467,6.52233366637,1.1339806250942703,3.5171044248385837,0.07719707693623679,0.08753998955960426,zara01
4550,182.0,68,8.79617879169,3.92499906609,0.9933906226953731,6.675473089139357,0.02142926537528072,0.02128763127505451,zara01
4550,182.0,69,15.4331960237,3.20949698655,2.0307439281296102,11.753874012449922,0.006912088967859443,0.014036682702172228,zara01
4550,182.0,70,8.83427297653,4.60613413447,0.9176567021081478,6.745100496317421,0.02098913460247134,0.019260820039407857,zara01
4550,182.0,71,1.04706392039,4.87749032674,1.3766250705918504,3.5171044248385837,0.07719707693623679,0.10627143148683146,zara01
4560,182.4,65,0.458182543655,7.36122286236,0.8383611622436796,3.3426736402732855,0.08546404199913206,0.071649733580435,zara01
4560,182.4,66,0.435873242034,6.54452902774,0.8189663343933483,3.2683657013830345,0.08939435463006525,0.07321096692684358,zara01
4560,182.4,67,3.70418592941,6.56314449212,1.0830413082896055,3.3426736402732855,0.08546404199913206,0.09256108785845778,zara01
4560,182.4,68,9.19311598844,3.90447432331,0.9645923639691679,7.741393122683788,0.015934305426002795,0.015370109339074775,zara01
4560,182.4,70,9.19037994202,4.64455836222,0.8079237498054619,7.712225349422862,0.016055060997176403,0.012971265084194179,zara01
4560,182.4,71,1.47872786023,4.55052640114,1.3443834428974666,3.000549149375553,0.10606446168540237,0.14259130616968768,zara01
4570,182.8,65,0.134276739941,7.44857234906,0.8386928166288097,3.6728016866100077,0.07079073534743173,0.059371681219762155,zara01
4570,182.8,66,0.113861624307,6.60514861687,0.8191696120822848,3.1766699421143345,0.09462964145651961,0.07751772668342287,zara01
4570,182.8,67,3.29020105878,6.55932593532,1.035008997745635,3.278813427230781,0.08882556368388346,0.09193525764264729,zara01
4570,182.8,68,9.56753341847,3.90280370471,0.871732386662129,7.667165181845025,0.01624432771373794,0.014160706567618541,zara01
4570,182.8,70,9.47092993315,4.71758826094,0.7246734116481952,7.579046521118403,0.01662425670149247,0.01204715681998592,zara01
4570,182.8,71,1.90744528854,4.23215422832,1.3348302920201294,3.6728016866100077,0.07079073534743173,0.094493617936132,zara01
4580,183.2,67,2.87621618814,6.55526871873,1.0352720672350306,7.483203559140915,0.01705282219366692,0.017654310484628965,zara01
4580,183.2,68,9.88933457108,3.94480782946,0.8116268625485056,7.5532345989040754,0.016738072103625393,0.013585068946576143,zara01
4580,183.2,70,9.75147992428,4.79037949985,0.7249280378952514,7.466922659718239,0.01712726730956131,0.012416036285227762,zara01
4580,183.2,71,2.33616271684,3.9140207153,1.243761570099661,7.5532345989040754,0.016738072103625393,0.020818170840046453,zara01
4590,183.6,67,2.4620208524,6.55145016193,1.0352720672224933,8.162609154598993,0.014332217102031253,0.014837744027101467,zara01
4590,183.6,68,10.2113461888,3.98705061401,0.8116268625360807,8.162609154598993,0.014332217102031253,0.011632412399707585,zara01
4590,183.6,70,10.0322403805,4.86340939856,0.70362404446296,7.756139846755301,0.01587377133873817,0.011169167190243167,zara01
4590,183.6,71,2.70300340292,3.63455008984,1.1531007981325878,7.51661280164253,0.016901569026905882,0.0194892127346182,zara01
4600,184.0,67,2.04803598177,6.54739294534,1.0350089977455972,8.85094018215255,0.01218968746472059,0.012616436205692527,zara01
4600,184.0,68,10.5331473414,4.02905473876,0.8076595067358634,8.85094018215255,0.01218968746472059,0.009845116965020568,zara01
4600,184.0,70,10.2940589769,4.94025785407,0.6682325738710474,8.401177205475681,0.013529791105718312,0.009041047134511752,zara01
4600,184.0,71,3.069844089,3.35484080457,1.1531007981325871,7.493694673946916,0.017005107977465923,0.01960860358114678,zara01
4610,184.4,67,1.63405111113,6.54357438854,1.0350062031537224,9.504804414235837,0.010570244008640178,0.010940268117791052,zara01
4610,184.4,68,10.8345333784,4.15769237081,0.821338802584396,9.504804414235837,0.010570244008640178,0.00868175155708141,zara01
4610,184.4,70,10.5434601318,5.01973156737,0.6544844755229321,9.038786757149838,0.011688293292037391,0.007649806504997298,zara01
4610,184.4,71,3.43668477508,3.07537017911,1.152891571250081,7.476602522823449,0.0170829471040771,0.019694785728401467,zara01
4620,184.8,67,1.2200662405,6.53975583175,1.0453919452269003,10.164311672153747,0.009243052822986573,0.009662612970456926,zara01
4620,184.8,68,11.1336042992,4.29587639484,0.7580513039501042,10.164311672153747,0.009243052822986573,0.007006708244944664,zara01
4620,184.8,70,10.7928612867,5.09944394048,0.6631909826508813,9.680542512725463,0.010189948497058184,0.006757881956925888,zara01
4620,184.8,71,3.80331499604,2.79566089384,1.1528632919481034,7.482231473127692,0.01705725346175144,0.01966468137750795,zara01
4630,185.2,67,0.799767416577,6.60180737967,1.064352639124166,10.785934980100642,0.005472232323777444,0.00582438491571309,zara01
4630,185.2,68,11.3680624313,4.44599340886,0.6960570975021348,10.785934980100642,0.005472232323777444,0.00380898614814589,zara01
4630,185.2,70,11.0471031391,5.18655476737,0.6729150215176091,10.344603876742598,0.0059491153945357604,0.0040032491137247704,zara01
4640,185.6,67,0.378837197326,6.67149604119,1.066650010029007,11.414202069235738,0.0048863999339083955,0.00521207853850913,zara01
4640,185.6,68,11.6027310285,4.59587176308,0.6960570976074185,11.414202069235738,0.0048863999339083955,0.0034012133557453595,zara01
4640,185.6,70,11.3019763869,5.27438157367,0.7228923546840264,11.012125071491017,0.0052497406940300315,0.003794997411787924,zara01
4650,186.0,67,-0.0420930219251,6.74118470271,1.0666500100291305,12.045669427474957,0.0043875112383279045,0.004679938906365382,zara01
4650,186.0,68,11.8371891607,4.7459887771,0.7187792505494313,12.045669427474957,0.0043875112383279045,0.0031536520396625383,zara01
4650,186.0,70,11.5749496341,5.42282796909,0.7769040097895884,11.691610006709421,0.004657270707361679,0.003618252287224881,zara01
4660,186.4,68,12.0886949667,4.90326558511,0.7644045671279706,0.7097794205187696,0.6318344781712042,0.4829771607829865,zara01
4660,186.4,70,11.8481333464,5.57103570471,0.77690400978959,0.7097794205187696,0.6318344781712042,0.49087473961452166,zara01
4670,186.8,68,12.3572484466,5.06770218712,0.787399304136215,11.872018187850088,0.004516801618536736,0.003556526451357155,zara01
4670,186.8,70,12.1211065936,5.71948210013,0.7512870097903755,11.708283511139392,0.0046440155223927485,0.003488988535238537,zara01
4670,186.8,72,0.523847657858,4.11091505006,1.4692713776720987,11.872018187850088,0.004516801618536736,0.006636407336739035,zara01
4680,187.2,68,12.6258019264,5.23237744892,0.8447777079042983,11.566123073821396,0.004758877267887418,0.0040201934305638025,zara01
4680,187.2,70,12.3671403067,5.87413365035,0.6719772651996716,11.38677444563236,0.0049099682851340976,0.0032993870604615325,zara01
4680,187.2,72,1.1085197324,4.17057999999,1.4690096557707877,11.566123073821396,0.004758877267887418,0.006990836657154722,zara01
4690,187.6,68,12.9337123818,5.42044137109,0.9401730048976176,11.303565890191948,0.004982521513009103,0.004684432222852792,zara01
4690,187.6,70,12.5498240219,6.04382076794,0.623130074727487,11.0072744231938,0.005254368589295628,0.003274155091693545,zara01
4690,187.6,72,1.69298134183,4.23024494992,1.4690096557682484,11.303565890191948,0.004982521513009103,0.0073193722126833945,zara01
4700,188.0,68,13.2679309759,5.62401818025,0.9783454970890507,11.070955050913202,0.005194095710009863,0.005081620149337705,zara01
4700,188.0,70,12.732507737,6.21326922574,0.6233229200560105,10.630300558407736,0.005633639273521925,0.003511576482513908,zara01
4700,188.0,72,2.27765341637,4.28990989985,1.4103228546758737,11.070955050913202,0.005194095710009863,0.007325351889200819,zara01
4710,188.4,68,13.60214957,5.8275949894,0.968398734225061,10.903280004536274,0.005355077895261017,0.005185850655447372,zara01
4710,188.4,70,12.9154019173,6.38295634334,0.627818306785113,10.32763629493187,0.005968679410864168,0.003747246201471908,zara01
4710,188.4,72,2.82086386431,4.20112845436,1.3738170151750053,10.903280004536274,0.005355077895261017,0.00735689713009714,zara01
4720,188.8,68,13.9359472339,6.01637489098,0.9225432658627026,10.74945215260492,0.0055094400420557426,0.00508269680947285,zara01
4720,188.8,70,13.1403891195,6.50634345979,0.6645289534696035,10.073590345740417,0.0062735238211457005,0.00416893821943258,zara01
4720,188.8,72,3.35944407984,4.09587948268,1.371919263748324,10.74945215260492,0.0055094400420557426,0.00755850692616265,zara01
4730,189.2,68,14.2676402466,6.14668314162,0.8908191798515507,10.591387912920759,0.005675111177915955,0.005055497885077458,zara01
4730,189.2,70,13.4076798087,6.5836692349,0.6959630165181675,9.856845225821532,0.006552458039685912,0.004560268462908526,zara01
4730,189.2,72,3.89802429537,3.99063051101,1.3595100030566256,10.591387912920759,0.005675111177915955,0.00771537041483521,zara01
4740,189.6,68,14.5993332594,6.27675273246,0.8904653083981733,10.423373179132561,0.005859540353854292,0.0052177174082664035,zara01
4740,189.6,70,13.675180963,6.6612336698,0.6959630166382099,9.625620819579828,0.006871042325387849,0.004781991344225749,zara01
4740,189.6,72,4.43786730156,3.95483154105,1.3511876175239799,10.423373179132561,0.005859540353854292,0.007917338370509999,zara01
4750,190.0,68,14.9308158071,6.40682232331,0.8902204007069181,1.7676531483714946,0.30561683922745014,0.27206634507984245,zara01
4750,190.0,70,13.9424716523,6.73855944491,0.7587718132569972,2.22717979743584,0.19251333830771322,0.1460736947839013,zara01
4750,190.0,72,4.97897309841,3.98895989241,1.3557150390019348,10.139351276013423,0.00928861673087044,0.012592717393566042,zara01
4750,190.0,73,14.7205611625,4.65171815621,1.5381709301134934,2.22717979743584,0.19251333830771322,0.2961184206440289,zara01
4750,190.0,74,15.0482553382,5.17891765378,1.3669024087359163,1.9118682163375658,0.26124950441797085,0.35710257686998875,zara01
4760,190.4,70,14.2409111777,6.88127800514,0.8445720287611932,9.177063451501917,0.011338716923238394,0.009576363155408324,zara01
4760,190.4,72,5.52028936037,4.02308824377,1.3557150390019348,9.177063451501917,0.011338716923238394,0.015372069055820038,zara01
4760,190.4,73,14.1074762982,4.59992897968,1.5206099498303325,8.606539649582947,0.012891820035907574,0.019603429818023092,zara01
4760,190.4,74,14.5023088439,5.20875012875,1.3666397194532136,9.059937533339115,0.011633783444411586,0.015899190542650092,zara01
4770,190.8,70,14.5469274471,7.04046409155,0.8625926908985669,8.994666412240774,0.011803240591783075,0.010181389063389357,zara01
4770,190.8,72,6.06139515722,4.05721659513,1.3603853137771262,8.994666412240774,0.011803240591783075,0.01605695515603973,zara01
4770,190.8,73,13.5091239915,4.54098000915,1.4350087519978478,7.463423599777116,0.017143330549818127,0.02460082937738109,zara01
4770,190.8,74,13.9565728146,5.23858260371,1.3666397195773903,7.983073085461549,0.01498411755205131,0.020477890209450057,zara01
4780,191.2,70,14.8531541816,7.19965017796,0.862455096588911,8.813246934312453,0.012294178230062609,0.010603176672889934,zara01
4780,191.2,72,6.60649979115,4.09062896709,1.3764855596459218,8.813246934312453,0.012294178230062609,0.01692275880139444,zara01
4780,191.2,73,12.9688600551,4.45339186265,1.3682945689362398,6.372693704132107,0.023513933831191353,0.032173987955545234,zara01
4780,191.2,74,13.4106263202,5.26841507867,1.4082262531879954,6.905310850928634,0.020026493533728006,0.028201833953495407,zara01
4790,191.6,70,15.159170451,7.35859760456,0.8620841082815373,8.628407910325897,0.012826555522026271,0.011057569679529646,zara01
4790,191.6,72,7.16065442479,4.12237072045,1.3879371561353893,8.628407910325897,0.012826555522026271,0.017802452994253815,zara01
4790,191.6,73,12.4285961187,4.36580371616,1.3685682698682955,5.273563246405195,0.0343370565874016,0.04699260612618996,zara01
4790,191.6,74,12.8316368036,5.29944085264,1.459565186344409,5.791850760928438,0.028466669314069618,0.04154895950199469,zara01
4800,192.0,72,7.71501952354,4.15435113361,1.3825105929366655,4.679948652824509,0.029066848477622483,0.04018522592359807,zara01
4800,192.0,73,11.882018229,4.32117433361,1.4032635660943218,4.1703366999996,0.03660478691125445,0.05136616381720967,zara01
4800,192.0,74,12.2446496129,5.3309439462,1.4698266354355458,4.679948652824509,0.029066848477622483,0.04272322810057867,zara01
4810,192.4,72,8.26622764565,4.15339649441,1.3736175183189543,3.600226174081043,0.04911572432003303,0.06746621935092167,zara01
4810,192.4,73,11.3089217355,4.44694804806,1.4666459263843583,3.0568218526859643,0.06813023143145734,0.09992292639257049,zara01
4810,192.4,74,11.657451957,5.36220837996,1.4698266354355425,3.600226174081043,0.04911572432003303,0.0721915998242938,zara01
4820,192.8,72,8.81112181447,4.07607071931,1.375581286806499,6.466165981900665,0.022839031585442704,0.03141694445771755,zara01
4820,192.8,73,10.7360357071,4.57296042231,1.4664530336837907,4.540636006525841,0.04631674219582162,0.06792132710341264,zara01
4820,192.8,74,11.0704647663,5.39371147352,1.4382395357934548,4.327837938549988,0.05098347139384635,0.07332644423062445,zara01
4820,192.8,75,15.2713483544,4.35315474677,1.804802726331955,6.466165981900665,0.022839031585442704,0.04121994647218863,zara01
4830,193.2,72,9.35580551818,3.998983604,1.3753208086416167,5.219364991228944,0.03505387596304991,0.04821032503552473,zara01
4830,193.2,73,10.1631496787,4.69897279656,1.4311836741162962,4.399745897318727,0.04933057663460501,0.07060111591418951,zara01
4830,193.2,74,10.5074705981,5.39967796852,1.4075644579832256,4.158511441023491,0.05521989553363652,0.07772556232669343,zara01
4830,193.2,75,14.5557669817,4.44861866666,1.8048027263302355,5.219364991228944,0.03505387596304991,0.06326533090655438,zara01
4840,193.6,72,9.90048922189,3.92165782889,1.3613478833312604,3.9885611693370397,0.06002592597306061,0.081716167268425,zara01
4840,193.6,73,9.59931365002,4.70995114734,1.403624224159296,4.244114436714065,0.053014810203496306,0.07441287184083484,zara01
4840,193.6,74,9.94447642981,5.40564446351,1.407564458045539,3.989841961365549,0.05998739392674427,0.08443612362206207,zara01
4840,193.6,75,13.840185609,4.54408258654,1.7984424412002882,4.244114436714065,0.053014810203496306,0.09534408468214584,zara01
4850,194.0,72,10.4447519954,3.98203875822,1.3709802230996335,2.765820919404685,0.12483123518627752,0.17114115466548557,zara01
4850,194.0,73,9.04158110951,4.64431970242,1.403952174444609,4.088705747378113,0.057121508569698554,0.08019586616398465,zara01
4850,194.0,74,9.38148226156,5.4116109585,1.4075644579956754,3.826665720662289,0.065212421968931,0.09179068738328364,zara01
4850,194.0,75,13.1302867942,4.64360372302,1.7368069431460442,4.088705747378113,0.057121508569698554,0.09920903268682871,zara01
4860,194.4,72,10.9888043038,4.05769391473,1.3735201176253327,2.5611629570437904,0.14557840550669665,0.19995486865526635,zara01
4860,194.4,73,8.48384856901,4.5786882575,1.4039521744446088,3.991853768382505,0.05992694449336342,0.08413456402927895,zara01
4860,194.4,74,8.81848809331,5.4175774535,1.3935536345793562,3.7076617753209984,0.0694658194015843,0.09680434510611097,zara01
4860,194.4,75,12.4706891406,4.77868516966,1.6830209136650824,3.991853768382505,0.05992694449336342,0.1008583008743772,zara01
4870,194.8,72,11.5330670773,4.13358773104,1.373520117501577,3.6268571314961155,0.07259563116925034,0.09971155985368987,zara01
4870,194.8,73,7.9261160285,4.51305681258,1.386560803275527,3.9058199308359907,0.06259605270767821,0.08679323312423552,zara01
4870,194.8,74,8.26664857587,5.40707642231,1.379854261050119,3.5787828536462647,0.07455910500534883,0.10288069874171384,zara01
4870,194.8,75,11.8113019522,4.9140052761,1.6781013298169722,3.9058199308359907,0.06259605270767821,0.10504251929004808,zara01
4880,195.2,72,12.0771193856,4.20924288755,1.3826145699271344,4.694138283668693,0.043337077785136506,0.05991847516379528,zara01
4880,195.2,73,7.38732534786,4.4111490781,1.3612750817740231,4.694138283668693,0.043337077785136506,0.0589936841058089,zara01
4880,195.2,74,7.71480905843,5.39633673132,1.3801172937272816,4.520944943753536,0.046721087775118145,0.06448058122019083,zara01
4880,195.2,75,11.1552822055,5.04693878454,1.6301072250245858,3.8212206730116187,0.06539840323743774,0.10660640962241853,zara01
4890,195.6,72,12.6283275078,4.28800062145,1.394225772953821,5.7671655315287325,0.02871088292545135,0.04002945293892407,zara01
4890,195.6,73,6.86116257379,4.28537536365,1.3525354048652016,5.7671655315287325,0.02871088292545135,0.03883248566161275,zara01
4890,195.6,74,7.16275907589,5.38583570013,1.3801172937269914,5.574735881086337,0.030727186010365223,0.04240712080047112,zara01
4890,195.6,75,10.530411295,5.15887023061,1.5867303284597076,3.771787303216698,0.0671238709180288,0.10650748174925084,zara01
4900,196.0,72,13.1812193507,4.36747433476,1.3966966309341082,6.84938190438723,0.02035488335218917,0.028429597001059383,zara01
4900,196.0,73,6.33499979973,4.15936298941,1.3526048556272574,6.84938190438723,0.02035488335218917,0.0275321140578975,zara01
4900,196.0,74,6.61091955845,5.37509600915,1.4020046845038832,6.647115223820096,0.021612498088422367,0.03030082356379938,zara01
4900,196.0,75,9.90575084964,5.27056301687,1.5867303284351,3.739656208993077,0.06828228160955915,0.10834556712463378,zara01
4910,196.4,72,13.7343216588,4.44694804806,1.3967390998605504,7.936269243582892,0.015161375211522981,0.02117648556559067,zara01
4910,196.4,73,5.80883702566,4.03335061516,1.3680147799545417,7.936269243582892,0.015161375211522981,0.020740985373799852,zara01
4910,196.4,74,6.04182190202,5.34717281258,1.447236585777997,7.744995618766706,0.015919485553799285,0.023039261920222622,zara01
4910,196.4,75,9.28087993916,5.38249446294,1.5552357444401652,4.550647233594899,0.04611317670137275,0.07171686069566033,zara01
4920,196.8,72,14.2872135018,4.52666042116,1.396739099862378,9.048667861118243,0.011662780104028379,0.016289860984393452,zara01
4920,196.8,73,5.25489285713,3.98299339742,1.3902819236951494,9.048667861118243,0.011662780104028379,0.01621455235866209,zara01
4920,196.8,74,5.4554661066,5.30158879083,1.4700271269993668,8.865679671110469,0.012149189631062983,0.017859638328722012,zara01
4920,196.8,75,8.68252763249,5.498005806,1.5197389854514847,5.68823483607113,0.029513203103362955,0.04485236534172843,zara01
4930,197.2,72,14.8403158099,4.60613413447,1.3969570374855456,10.161484919885106,0.009248196058429069,0.012919332567868572,zara01
4930,197.2,73,4.70115915371,3.93287483948,1.3902819237075983,10.161484919885106,0.009248196058429069,0.012857599806937793,zara01
4930,197.2,74,4.8693207763,5.25624342889,1.4700271269993677,9.992166134265739,0.009564275766409962,0.014059744826725312,zara01
4930,197.2,75,8.08733230247,5.61399446866,1.5162373859075096,6.827779192743067,0.02048389054149402,0.031058440647850453,zara01
4940,197.6,73,4.14721498517,3.88251762174,1.3850153396016298,3.821023943346135,0.043603425086521895,0.060391412604003346,zara01
4940,197.6,74,4.28296498088,5.21065940714,1.44101345199892,3.250712415578572,0.06024527942244374,0.08681425806717515,zara01
4940,197.6,75,7.49192650734,5.72998313132,1.5165473642379874,3.821023943346135,0.043603425086521895,0.06612665938671332,zara01
4950,198.0,73,3.59811151416,3.8281031874,1.3592220071369547,3.8607761327222803,0.0427101290272303,0.05805254730147028,zara01
4950,198.0,74,3.72102313818,5.15433569441,1.3449604000040392,3.2464817809615023,0.060402398329502144,0.08123883381845051,zara01
4950,198.0,75,6.89483699133,5.83738004119,1.5170718465663593,3.8607761327222803,0.0427101290272303,0.06479433431042773,zara01
4960,198.4,73,3.06710804257,3.75698256709,1.33914168105867,3.8925539960892888,0.04201562533059994,0.05626487513595084,zara01
4960,198.4,74,3.21590687508,5.07247538311,1.2792662687411733,3.1970585818899253,0.06228434971661816,0.07967826766294847,zara01
4960,198.4,75,6.29522189401,5.93212798168,1.5176368084134366,3.8925539960892888,0.04201562533059994,0.06376445953022643,zara01
4970,198.8,73,2.5363150361,3.68562328697,1.3391416810587184,3.9322497797464475,0.04117161750464657,0.055134629077078966,zara01
4970,198.8,74,2.71079061198,4.99061507181,1.2792185780984482,3.159582916537382,0.06377061554069031,0.08157655613642467,zara01
4970,198.8,75,5.69560679669,6.02687592216,1.5179432488191305,3.9322497797464475,0.04117161750464657,0.06249617883414179,zara01
4980,199.2,73,2.00531156451,3.61450266666,1.3391416810570553,3.9796804175725113,0.04019608230323979,0.05382824922746828,zara01
4980,199.2,74,2.20567434888,4.90899342031,1.279036668562668,3.1342892763414443,0.06480402328411615,0.08288672205077348,zara01
4980,199.2,75,5.09578123425,6.12186252245,1.5179432488210836,3.9796804175725113,0.04019608230323979,0.06101537176125947,zara01
4990,199.6,73,1.47451855804,3.54314338655,1.338880937174928,4.034573124824124,0.0391097410489721,0.052363286748316515,zara01
4990,199.6,74,1.69508599292,4.86675063576,1.281434196905585,3.1093683484272985,0.06584696709634201,0.0843785553997695,zara01
4990,199.6,75,4.49616613693,6.21661046294,1.5176368084134375,4.034573124824124,0.0391097410489721,0.059354382583438024,zara01
5000,200.0,73,0.943725551561,3.47202276623,1.3391416810636256,14.086512158652564,0.004812430084710048,0.0064445257136397805,zara01
5000,200.0,74,1.18323484631,4.8345315628,1.2824230065275408,13.873046376331358,0.00496166805580898,0.00636295726552221,zara01
5000,200.0,75,3.89655103961,6.31135840342,1.5178966662324112,11.38801866337956,0.007363343174292643,0.011176794056583983,zara01
5000,200.0,76,15.0240518506,3.88943875593,0.9751331437389864,14.086512158652564,0.004812430084710048,0.004692760077527386,zara01
5010,200.4,73,0.412722079976,3.40066348612,1.339141681059909,14.229974252666722,0.004715884429541278,0.0063152374026601565,zara01
5010,200.4,74,0.671173234596,4.80231248983,1.282441778561519,13.992246317379847,0.004877491244148416,0.006255098546063931,zara01
5010,200.4,75,3.29672547717,6.40610634391,1.5130316994698834,11.611803537846784,0.007082262561894407,0.010715687760115025,zara01
5010,200.4,76,14.6340600025,3.89635989012,0.9751384829796305,14.229974252666722,0.004715884429541278,0.004598640388530141,zara01
5020,200.8,73,-0.1180709265,3.3295428658,1.33884128624,14.373603875305594,0.004622107460210842,0.0061882682971681835,zara01
5020,200.8,74,0.159322087987,4.76985475707,1.2821980655812797,14.111364505644383,0.0047954941087648105,0.006148773269764663,zara01
5020,200.8,75,2.70300340292,6.51278727438,1.4733938089334486,11.832347736319253,0.006820709187519359,0.010049590689426516,zara01
5020,200.8,76,14.2440681543,3.90351968411,0.975138482979666,14.373603875305594,0.004622107460210842,0.0045071948569189975,zara01
5030,201.2,75,2.16168714096,6.72400119713,1.4525217769833472,12.777475627366698,0.003899330085006306,0.005663861864117986,zara01
5030,201.2,76,13.8540763062,3.9104408183,0.8050295417343551,12.026141791811028,0.004401771386376543,0.0035435560019941056,zara01
5030,201.2,77,14.9165041796,7.48460997881,1.1510574403263316,12.777475627366698,0.003899330085006306,0.004488352906634816,zara01
5040,201.6,75,1.62058134412,6.93545377967,1.4523852752545618,13.530424796059078,0.005216131343599607,0.007575832357237863,zara01
5040,201.6,76,13.6000449189,3.90280370471,0.46716873368000417,12.35736679137735,0.006253447481240412,0.002921415140945495,zara01
5040,201.6,77,14.587126283,7.1628965688,1.1288460750389033,12.968539542844512,0.005677919629584498,0.006409497288242805,zara01
5040,201.6,78,15.1440169631,7.37029193475,1.0542962650114502,13.530424796059078,0.005216131343599607,0.005499347793366223,zara01
5050,202.0,75,1.07947554727,7.14690636222,1.3043355666958114,13.825797444148584,0.004995638479650357,0.00651598894736215,zara01
5050,202.0,76,13.4815530622,3.88036968354,0.30117829254559075,12.82504536286301,0.005805686252043451,0.001748546672445857,zara01
5050,202.0,77,14.2695344326,6.85454810757,0.9069657244085207,13.193298554475863,0.005486111139072112,0.004975714763434193,zara01
5050,202.0,78,14.9047181335,7.02304192617,1.0539013384146214,13.825797444148584,0.004995638479650357,0.0052649100799390955,zara01
5060,202.4,75,0.694534861764,7.4163532761,1.101650279260942,13.385621990732686,0.005329595752763195,0.005871350649379504,zara01
5060,202.4,76,13.3632716706,3.85817432217,0.31039859824917865,13.158933459811497,0.005514802963842983,0.0017117871095972776,zara01
5060,202.4,77,14.059069323,6.6652908864,0.7078092983636188,13.385621990732686,0.005329595752763195,0.00377233743032504,zara01
5060,202.4,78,14.6656297689,6.67603057738,1.0333708963417625,13.990695858406815,0.00487857235822229,0.005041374690684314,zara01
5060,202.4,79,0.182683715155,3.93024958168,1.2361509601440777,14.143356337027372,0.004773824128394474,0.005901167279873794,zara01
5070,202.8,75,0.413984870633,7.72470173733,1.042150876740061,13.492544789996414,0.005245460791910081,0.005466561563194705,zara01
5070,202.8,76,13.2361507443,3.84242277539,0.34362269059540307,12.566053446307025,0.006047467971681487,0.002078047215718717,zara01
5070,202.8,77,13.8486042134,6.47579500542,0.6967709460504559,13.406727055344241,0.005312829106097718,0.003701824962460105,zara01
5070,202.8,78,14.4324344275,6.34453211558,0.9824725871576617,13.958403327393947,0.004901171459311677,0.0048152666037332365,zara01
5070,202.8,79,0.671173234596,4.00685937739,1.2364571120655181,13.406727055344241,0.005312829106097718,0.006569085333423212,zara01
5080,203.2,75,0.133224414393,8.03281153876,1.0421074906330052,13.623773750299836,0.005144895246153403,0.005361533874538601,zara01
5080,203.2,76,13.0888251676,3.84242277539,0.3683139417500101,11.931391916595759,0.0067079398425238515,0.0024706277644219016,zara01
5080,203.2,77,13.6452949175,6.29178829985,0.6416248019652813,12.679170885123172,0.005940044133776039,0.003811279640999082,zara01
5080,203.2,78,14.2084995508,6.03666097395,0.9521426530581794,13.193963586207397,0.005485558106464739,0.005223033848994139,zara01
5080,203.2,79,1.15987321915,4.0837078329,1.227547869071216,12.679170885123172,0.005940044133776039,0.007291688518605754,zara01
5090,203.6,76,12.9414995909,3.84242277539,0.36831394187499455,3.8528224156600217,0.06432997729093669,0.023693627516753774,zara01
5090,203.6,77,13.4710298067,6.12806767724,0.5979624722033364,2.3461830420489553,0.17347927526814386,0.10373409631538241,zara01
5090,203.6,78,13.9843542091,5.72855117252,0.925328018744104,2.155232257823098,0.20558111860812567,0.19022996917285356,zara01
5090,203.6,79,1.64268018063,4.15029391702,1.1440724630933718,11.992557855735576,0.006639688995623852,0.007596285343397337,zara01
5090,203.6,80,0.00294651153476,3.85602638397,1.3143655963212293,13.658383479893695,0.005118854414725111,0.006728046135291728,zara01
5090,203.6,81,15.1680099856,6.98676563661,0.8358102054572761,3.8528224156600217,0.06432997729093669,0.0537676515365997,zara01
5100,204.0,76,12.7941740141,3.84242277539,0.39041688159462345,3.2119637748494525,0.09256144052315417,0.036137548964956065,zara01
5100,204.0,77,13.2965542308,5.96434705464,0.597758310341156,1.8182950994077334,0.288830229643843,0.17265067004735166,zara01
5100,204.0,78,13.7418984028,5.46196817624,0.8569656113717092,1.8303992803908873,0.2850228702899595,0.24425479829295452,zara01
5100,204.0,79,2.07413365536,4.12642793705,1.0802826188570762,11.3719246504214,0.007384199731330042,0.007977022623924936,zara01
5100,204.0,80,0.521743006762,3.94122793247,1.3141059932509889,12.934017658573735,0.00570826968410013,0.0075012714029689094,zara01
5100,204.0,81,14.8390530193,6.92710068668,0.8355513489360333,1.8303992803908873,0.2850228702899595,0.23815124374839572,zara01
5100,204.0,82,15.0693018492,6.10969087266,0.6326595477825748,1.7786958548272114,0.3018338866709683,0.19095809024671173,zara01
5110,204.4,76,12.6291693682,3.84385473418,0.4638824212719576,3.161046188085259,0.09556738414651077,0.04433202955251071,zara01
5110,204.4,77,13.12228912,5.80086509184,0.5707587149313161,1.750475717550639,0.3116443091226457,0.1778737053904991,zara01
5110,204.4,78,13.456297249,5.29132641945,0.8315870260287259,1.6671277128207889,0.34358456077797883,0.2857204630867454,zara01
5110,204.4,79,2.50558713009,4.10256195707,1.0802826188570764,10.751678691261592,0.008260737608391744,0.008923931257284575,zara01
5110,204.4,80,1.04032903688,4.02642948097,1.3138947896537199,12.211567515566076,0.006403664231678427,0.008413741068694176,zara01
5110,204.4,81,14.510306518,6.86743573675,0.8355513489338019,1.8960633215211424,0.26562301863569954,0.22194167152892716,zara01
5110,204.4,82,14.8167437176,6.12568107925,0.6326407676298992,1.7253062942576054,0.3208034045367449,0.20295331210441137,zara01
5120,204.8,76,12.4231240259,3.84886658998,0.5155215583588331,3.136878007544455,0.09704566116529173,0.05002913047589448,zara01
5120,204.8,77,12.9025635456,5.73356302832,0.5849419496193222,1.710948688363127,0.32621010623325675,0.19081397552560742,zara01
5120,204.8,78,13.1706960953,5.12092332245,0.8030323732459725,1.7272093676400035,0.32009685894445095,0.2570481403067438,zara01
5120,204.8,79,2.93704060482,4.0786959771,1.0848301366766826,9.488867172580338,0.010605780812118971,0.011505470647973961,zara01
5120,204.8,80,1.558915067,4.11186968926,1.274087309749106,10.86739191033773,0.00808575770823278,0.0103019612857654,zara01
5120,204.8,81,14.1813495517,6.80777078683,0.7714683831974298,1.9664370768012134,0.24695127554341365,0.19051510127202032,zara01
5120,204.8,82,14.5641855861,6.14143262603,0.6326407676291367,1.7272093676400035,0.32009685894445095,0.20250632255829293,zara01
5120,204.8,85,0.341163942703,2.90735368011,0.8647522396598685,12.118589274804949,0.006502303683797991,0.0056228816735129266,zara01
5130,205.2,76,12.2168682184,3.85363978597,0.5157775774671419,3.113748959568214,0.09849273359961831,0.050800343534127705,zara01
5130,205.2,77,12.6636856462,5.70778776995,0.6006611710736275,1.708181457900869,0.3272678740933364,0.19657710450767993,zara01
5130,205.2,78,12.8728879651,5.02235682517,0.7754360841505584,1.832579100504192,0.28434521433125837,0.22049153954798223,zara01
5130,205.2,79,3.37186152131,4.05005680114,1.1317302947814363,4.192950473399736,0.054316517427238246,0.06147164827942936,zara01
5130,205.2,80,2.05035109797,4.163420206,1.22593474882912,3.1952929839604964,0.09352980102109366,0.11466143312283203,zara01
5130,205.2,81,13.9056402581,6.7438099605,0.6442725246376136,2.007480559266825,0.2369565323054291,0.15266458329779306,zara01
5130,205.2,82,14.3116274545,6.15742283261,0.6251128275729554,1.832579100504192,0.28434521433125837,0.17774784093745097,zara01
5130,205.2,83,0.147325576738,6.73020635192,1.1059318568736063,4.192950473399736,0.054316517427238246,0.06007036697721319,zara01
5130,205.2,85,0.686958117818,2.89876192732,0.864744881063405,3.869259574930439,0.06378457263884657,0.05515738268025949,zara01
5140,205.6,76,12.010612411,3.85841298197,0.5155215582338518,2.9961692378471336,0.10637478628456568,0.054838495582212266,zara01
5140,205.6,77,12.4248077467,5.68201251158,0.6006611710736062,1.6881613964320548,0.3350761001301468,0.20126720270295093,zara01
5140,205.6,78,12.5630833238,4.9958655874,0.777600136715918,1.832323147983679,0.2844246587868186,0.22116865355800847,zara01
5140,205.6,79,3.83677894847,3.97774288182,1.1764834592809232,4.161075807699107,0.055151855232058795,0.06488524542917322,zara01
5140,205.6,80,2.53505224544,4.20685628955,1.216608749025571,3.0360118376033487,0.10360112248786194,0.12604203202760267,zara01
5140,205.6,81,13.6831786372,6.67555325778,0.5816564404116903,2.0189017264659594,0.23428313304933918,0.13627229321797707,zara01
5140,205.6,82,14.0771693224,6.02783056136,0.6699539573842193,1.832323147983679,0.2844246587868186,0.19055142573188538,zara01
5140,205.6,83,0.491015100756,6.45169036565,1.1059484982422738,4.161075807699107,0.055151855232058795,0.060995111469170714,zara01
5140,205.6,85,1.03275229293,2.89040883433,0.5959223543620058,3.602250037227496,0.07359082522312815,0.04385441782640941,zara01
5150,206.0,76,11.8045670687,3.86342483776,0.5739024422996539,2.8798679438822683,0.11514000253277294,0.06607912865994674,zara01
5150,206.0,77,12.1859298473,5.65623725321,0.6564310015068288,1.674153987950897,0.3407066251170196,0.22365039114557683,zara01
5150,206.0,78,12.2530682173,4.96937434963,0.7776001368393978,1.840946473179462,0.28176630673847153,0.2191015186765672,zara01
5150,206.0,79,4.30190684075,3.90566762231,1.1764377296697706,4.14278904560118,0.05563982349299781,0.0654567876293291,zara01
5150,206.0,80,3.01975339291,4.2502923731,1.2097402649691695,2.9106548243843644,0.11271714273630187,0.13635846612038152,zara01
5150,206.0,81,13.4607170163,6.60753521487,0.5816564404116903,2.0351871270549085,0.23054870550241574,0.1341001393840582,zara01
5150,206.0,82,13.8425007252,5.89823829012,0.6699539573842197,1.840946473179462,0.28176630673847153,0.18877045225697492,zara01
5150,206.0,83,0.834915089884,6.17341303919,1.105948498240331,3.296810625193595,0.08785841813157404,0.09716688559038537,zara01
5150,206.0,84,0.189418598663,5.79943313304,1.266127165647617,3.2265511218067955,0.09172638563729053,0.11613726866204295,zara01
5150,206.0,85,1.16366159112,2.89303409213,0.21265871990473978,3.296810625193595,0.08785841813157404,0.018683858732715913,zara01
5160,206.4,76,11.5524298673,3.88776813733,0.7229822204645089,2.7862600890328424,0.12300650354971904,0.08893151506795137,zara01
5160,206.4,77,11.9022228795,5.63022333504,0.7122156154019061,1.7114268125470886,0.32602786396260053,0.23220213577029247,zara01
5160,206.4,78,11.9432635759,4.94288311187,0.8079151776366145,1.8583254706015553,0.2765208117307378,0.22340536072965983,zara01
5160,206.4,79,4.76682426791,3.8335923628,1.1762234928412527,4.1381514364428895,0.05576460401336424,0.06559163730950864,zara01
5160,206.4,80,3.50024523818,4.27773825006,1.1966811906640944,2.8293493566498324,0.11928840470793524,0.1427501901783123,zara01
5160,206.4,81,13.2382553954,6.53927851215,0.7033084962181093,2.0555977443573594,0.22599306753141438,0.15894284448123666,zara01
5160,206.4,82,13.6080425931,5.76864601887,0.7690051171206435,1.8583254706015553,0.2765208117307378,0.21264591921129142,zara01
5160,206.4,83,1.1786046139,5.89489705292,1.0417512167957148,2.9947992791455387,0.10647212996746191,0.11091747094843495,zara01
5160,206.4,84,0.649284863195,5.58726457109,1.266127165645786,3.1373291579311506,0.09701775268811154,0.12283681222832249,zara01
5160,206.4,85,1.2025976364,2.90019388612,0.0987679623375526,2.9947992791455387,0.10647212996746191,0.010516035322625284,zara01
5170,206.8,76,11.2314705752,3.94146659227,0.8135508253938419,2.6615074868187962,0.13480810307890972,0.10967324352962513,zara01
5170,206.8,77,11.6185159118,5.60444807667,0.7119536234462859,1.6706531236590036,0.3421360270282811,0.24358498415430113,zara01
5170,206.8,78,11.6071507958,4.94622434906,0.844058093007312,1.8154181026163823,0.2897464065625526,0.24456279937890948,zara01
5170,206.8,79,5.23174169507,3.76127844348,1.1705683687038442,4.181894033928016,0.05460411016431791,0.06391784415957061,zara01
5170,206.8,80,3.97631731616,4.28895526065,1.1905175766319795,3.0640424676540396,0.10171425474013293,0.1210926080621509,zara01
5170,206.8,81,12.9410786607,6.39178675593,0.8292792191023249,1.9669809914974923,0.24681471920931944,0.204678317608864,zara01
5170,206.8,82,13.2889774869,5.62974601544,0.9723394475249434,1.8154181026163823,0.2897464065625526,0.2817318608793701,zara01
5170,206.8,83,1.57469995022,5.78964808125,1.024854370177672,2.901273055527522,0.11344730218109042,0.11626696342515745,zara01
5170,206.8,84,1.10915112773,5.37509600915,1.2283647098184536,3.0659979904801555,0.10158454746968304,0.12478287317463613,zara01
5170,206.8,85,1.24132321657,2.90759233991,0.09882336310834007,3.0640424676540396,0.10171425474013293,0.010051744729478358,zara01
5180,207.2,76,10.910511283,3.9951650472,0.8135508255171251,2.471494691692554,0.15633348812115616,0.12718523831693826,zara01
5180,207.2,77,11.3350194091,5.5784341585,0.7119808116066483,1.5531010808863395,0.3958876356791878,0.2818644001559052,zara01
5180,207.2,78,11.2680915042,4.95290682345,0.8478128430126072,1.7012205421120112,0.32995152938088784,0.2797371441807683,zara01
5180,207.2,79,5.69244982004,3.69158978197,1.1636984244885802,4.405620341283253,0.04919910978849435,0.05725292654711156,zara01
5180,207.2,80,4.45238939413,4.30041093104,1.1905247157415852,3.03503667475963,0.1036677076440106,0.12341896817446749,zara01
5180,207.2,81,12.6439019259,6.2445336595,0.8290435358366101,1.887102064029094,0.26815172972136786,0.22230945814890582,zara01
5180,207.2,82,12.8850949415,5.48153827982,1.0756452390442397,1.7012205421120112,0.32995152938088784,0.3549107916939176,zara01
5180,207.2,83,1.97100575164,5.68439910957,1.024931003012273,2.854251764152405,0.11721598076461356,0.12013829273414267,zara01
5180,207.2,84,1.55744181123,5.21185270614,1.1185671978569165,3.03503667475963,0.1036677076440106,0.11595929724761099,zara01
5180,207.2,85,1.28025926185,2.9149907937,0.09908180775655266,3.4614734627129407,0.07969835713028164,0.007896657299695645,zara01
5190,207.6,76,10.5895519908,4.04886350214,0.8073369038208772,2.2863992710771006,0.182670003058202,0.14747623468995896,zara01
5190,207.6,77,11.0513124413,5.55242024033,0.6902544278878409,1.4466232434369353,0.4563105442999012,0.31497037369491754,zara01
5190,207.6,78,10.9290322126,4.95958929785,0.8093177460439632,1.5964859862240057,0.3746633056856602,0.3032216620828989,zara01
5190,207.6,79,6.15231608457,3.62261709985,1.1623088892702977,4.448920624154019,0.0482460838628794,0.05607685214630499,zara01
5190,207.6,80,4.9284614721,4.31186660142,1.1811432144558733,3.070263840220675,0.10130245876860765,0.11965271178223681,zara01
5190,207.6,81,12.3469356562,6.09704190328,0.8105245624800393,1.8177592263477125,0.28900054829845234,0.23424204296609458,zara01
5190,207.6,82,12.4812123961,5.3330918844,1.0757481197783525,1.5964859862240057,0.3746633056856602,0.4030433466412911,zara01
5190,207.6,83,2.36710108796,5.5789114781,1.0865169797820755,2.857616093348238,0.11694014174812963,0.1270574496274656,zara01
5190,207.6,84,1.97837203048,5.1624501276,1.0595484422746113,3.070263840220675,0.10130245876860765,0.10733486238686628,zara01
5190,207.6,85,1.31919530713,2.92238924749,0.09876796233755247,3.8674862076911882,0.06384308061974171,0.0063056509821639755,zara01
5200,208.0,76,10.2734333962,4.10136865808,0.7919574427310168,2.1041699340266065,0.21567994319057074,0.17080933625757538,zara01
5200,208.0,77,10.7831798917,5.55838673533,0.6456796280222562,1.3470362414832269,0.5262750985167398,0.3398051098476648,zara01
5200,208.0,78,10.620700827,4.96197589584,0.6814124001537516,1.4735500876051753,0.43978617902311745,0.2996757558025899,zara01
5200,208.0,79,6.611971884,3.55340575793,1.162048729801462,4.248997243098388,0.052893034498940755,0.06146428355483901,zara01
5200,208.0,80,5.39674634102,4.26795319828,1.1794730336045056,3.114298563421562,0.09845797314986048,0.11612852427361689,zara01
5200,208.0,81,12.0487065958,5.98725839541,0.7847151763007129,1.7579546864611117,0.308998256713532,0.24247562149357219,zara01
5200,208.0,82,12.0773298508,5.18464548897,0.9842537042625612,1.4735500876051753,0.43978617902311745,0.43286117578698124,zara01
5200,208.0,83,2.80592084153,5.44263673247,1.1902743505591953,2.9003988708547537,0.11351569886908537,0.13511482474967376,zara01
5200,208.0,84,2.39930224973,5.11304754906,1.085080592379319,3.114298563421562,0.09845797314986048,0.1068348358299177,zara01
5200,208.0,85,1.3579208873,2.92954904148,0.10161372772566046,4.254813360484345,0.052748529058799454,0.005359974669709937,zara01
5210,208.4,76,9.96447061522,4.15220319541,0.7827920788813745,1.9926339704456058,0.24050068751482076,0.18826203315212636,zara01
5210,208.4,77,10.5381985041,5.61184653046,0.626673030532999,1.3784015135161656,0.5025970086249557,0.31496399053182084,zara01
5210,208.4,78,10.3839275787,4.95433878225,0.5922314168788964,1.3871168566041732,0.49630115189691437,0.29392513438653795,zara01
5210,208.4,79,7.07162768342,3.48443307582,1.1702579881662858,3.6238037173758975,0.07271802075199241,0.08509884466866086,zara01
5210,208.4,80,5.84693121051,4.09564082288,1.2048424022922097,3.1485496555158132,0.09632749979258845,0.1160594562569046,zara01
5210,208.4,81,11.7500566053,5.90253416651,0.7760879936346305,1.6629440772470465,0.34531551584445563,0.267995225862631,zara01
5210,208.4,82,11.7704717209,4.9941949688,0.8843012695709633,1.3871168566041732,0.49630115189691437,0.4388797387119729,zara01
5210,208.4,83,3.27294291979,5.28535992445,1.232138378583939,3.0029239033638375,0.10589677351374947,0.1304794788145019,zara01
5210,208.4,84,2.83117665468,5.0004001236,1.1706390353649254,3.1485496555158132,0.09632749979258845,0.1127647314363108,zara01
5210,208.4,85,1.39875111857,2.93909543347,0.11713100878102718,4.596074778340413,0.045206117539506846,0.005295038150476123,zara01
5220,208.8,76,9.65550783429,4.20303773275,0.7827437011311785,1.9252197890067,0.25763849164152836,0.2016649065013441,zara01
5220,208.8,77,10.2934275816,5.6655449854,0.6264160315887295,1.4791819006307898,0.4364436847986812,0.2733953210435522,zara01
5220,208.8,78,10.1471543304,4.94694032846,0.5920474516033573,1.3496531831810465,0.5242362102163082,0.31037271229676716,zara01
5220,208.8,79,7.54517418008,3.47846658082,1.1839602071985953,2.9877610095466394,0.10697435367940952,0.12665337794720952,zara01
5220,208.8,80,6.29690561489,3.92332844749,1.2048424022877842,3.1403360989132993,0.09683204836856102,0.11666735777482397,zara01
5220,208.8,81,11.4514066147,5.81780993761,0.7819406878131205,1.5682754532424596,0.3882636135847125,0.30359911705923776,zara01
5220,208.8,82,11.4880275438,4.79324341744,0.8665889999362517,1.4791819006307898,0.4364436847986812,0.3782172963381818,zara01
5220,208.8,83,3.74017546316,5.12832177624,1.2321383785681495,3.157459614583838,0.09578461835406495,0.11801990435054659,zara01
5220,208.8,84,3.27925687308,4.79252743805,1.2348758427335174,3.1403360989132993,0.09683204836856102,0.1195755573327395,zara01
5220,208.8,85,1.44736855889,2.95747223805,0.1299365818949424,4.944783905776971,0.03905500951294081,0.005074674441985988,zara01
5230,209.2,76,9.34654505336,4.25363361029,0.783003309480756,1.624891803624275,0.3616783277599761,0.2831953276035269,zara01
5230,209.2,77,10.0486566591,5.71900478053,0.6264160316131517,1.614918387511906,0.36615942980023986,0.22936813695320066,zara01
5230,209.2,78,9.91038108205,4.94503105006,0.5942904374305832,1.3423762103339003,0.5299353469067537,0.3149355091231425,zara01
5230,209.2,79,8.01872067673,3.47250008583,1.1839602071984376,2.3972330987351977,0.1661693232870695,0.19673786642898297,zara01
5230,209.2,80,6.74709048438,3.7510160721,1.0541974897216106,2.8177165700511813,0.12027538899301783,0.12679401315172964,zara01
5230,209.2,81,11.158228717,5.69991199656,0.8001665046178411,1.4584131662320678,0.44896266704680504,0.3592448879947456,zara01
5230,209.2,82,11.2055833667,4.59229186609,0.8665889999362508,1.614918387511906,0.36615942980023986,0.3173097340878177,zara01
5230,209.2,83,4.20719754141,4.97104496823,1.1967286891677673,3.3662256026646697,0.08427231889305652,0.1008511017220156,zara01
5230,209.2,84,3.72733709147,4.5846547525,1.224322917751525,3.132708732622698,0.09730414627873618,0.11913169628130346,zara01
5230,209.2,85,1.49598599922,2.97584904263,0.12969052705160042,5.308011137671511,0.03389282202547348,0.004395577951749747,zara01
5240,209.6,76,9.03737180732,4.30446814763,0.728924791020847,1.6562783210904313,0.3481005801851784,0.25373914266571673,zara01
5240,209.6,77,9.80388573658,5.77270323547,0.6061514077929071,1.6562783210904313,0.3481005801851784,0.21100165673277366,zara01
5240,209.6,78,9.67402876394,4.9937176492,0.6030894634254923,1.3189994133318157,0.5488860297615806,0.33102738117066044,zara01
5240,209.6,79,8.49226717339,3.46653359084,1.1839602072108961,1.9310234605017589,0.25609215911644606,0.3032029257725933,zara01
5240,209.6,80,7.08130907846,3.61354802746,0.8387910786569833,2.7158022096862986,0.1294717765844828,0.1085997711369343,zara01
5240,209.6,81,10.8705229122,5.54884034334,0.8123933566590715,1.3189994133318157,0.5488860297615806,0.4459113641412815,zara01
5240,209.6,82,10.9231391896,4.39134031473,0.7802355788033457,1.7778897071788615,0.3021076695066414,0.23571515237844423,zara01
5240,209.6,83,4.64264985323,4.80875630443,1.1273772791422685,3.5905036509167947,0.07407311981903274,0.08350835227916037,zara01
5240,209.6,84,4.16931382168,4.38370320114,1.1891577469919614,3.012118086505788,0.1052512819744537,0.125160377340757,zara01
5240,209.6,85,1.54439297443,2.9942258472,0.12969052705159564,5.57144504648738,0.030763495423544854,0.0039897339354288824,zara01
5250,210.0,76,8.7768160016,4.37797536594,0.6553407046648746,1.646444786226601,0.3522711196161364,0.23085760376232314,zara01
5250,210.0,77,9.57405783687,5.81852591701,0.5654639839044255,1.646444786226601,0.3522711196161364,0.1991966307126129,zara01
5250,210.0,78,9.43788691094,5.04264290815,0.6030894634254906,1.198740787475238,0.6645395252993347,0.400776785737806,zara01
5250,210.0,79,8.96581367005,3.46056709585,1.1587142765420009,1.6510048517884777,0.3503278654892922,0.4059298992129286,zara01
5250,210.0,80,7.36564744156,3.49087689041,0.7743025270675763,2.58863443052255,0.14250494520078702,0.11034193918859588,zara01
5250,210.0,81,10.5828171073,5.39776869012,0.8237097653068643,1.198740787475238,0.6645395252993347,0.54738769642145,zara01
5250,210.0,82,10.6600578025,4.28895526065,0.7056472850963236,1.8758950711982592,0.2713652903645462,0.19148818041511756,zara01
5250,210.0,83,5.0465323986,4.64097846523,1.0933621134520282,3.7395436070524446,0.06828639378686528,0.07466175583082447,zara01
5250,210.0,84,4.59697892444,4.19898051616,1.1647532211363838,3.22975529169625,0.09154447641688991,0.10662672378381624,zara01
5250,210.0,85,1.59301041476,3.01260265178,0.12993658189493745,5.7924161185570435,0.028461112716296335,0.0036981397032820845,zara01
5260,210.4,76,8.53709624174,4.46126763604,0.6346929830893862,1.4074282065982897,0.482079740857099,0.3059726288115504,zara01
5260,210.4,77,9.35938342505,5.85671148497,0.54511031389474,1.6196974246298184,0.3640018565519602,0.19842116628330714,zara01
5260,210.4,78,9.20153459283,5.09132950729,0.6030291782381306,1.1070043617036986,0.7792426559870911,0.4699060584879938,zara01
5260,210.4,79,9.41915551618,3.47894390042,1.1342853928766616,1.627005289334133,0.3607392951682102,0.4091813131459233,zara01
5260,210.4,80,7.65019626978,3.36844441316,0.7743025270725225,2.3184010956128636,0.17766187257207913,0.13756403689699734,zara01
5260,210.4,81,10.3014252557,5.21662590214,0.8513194265257634,1.1389259695174327,0.7361738566904573,0.6267191055009796,zara01
5260,210.4,82,10.3969764155,4.18680886637,0.7151979762818657,1.499079297848815,0.4249346725061005,0.3039124178283604,zara01
5260,210.4,83,5.45041494397,4.47320062603,1.0932477023622171,3.086704363921688,0.10022621048219298,0.10957207432612943,zara01
5260,210.4,84,5.0246440272,4.01401917138,1.1628072938785432,3.5229484103705038,0.07694117513680153,0.08946775964865923,zara01
5260,210.4,85,1.64162785508,3.03097945636,0.129936581883245,6.018037636239781,0.026367052451504502,0.0034260446698847306,zara01
5270,210.8,76,8.29716601677,4.54455990614,0.6346929831012156,1.5942833941374257,0.37569925762039946,0.23845368256800342,zara01
5270,210.8,77,9.14470901323,5.89489705292,0.5451103138947597,1.5942833941374257,0.37569925762039946,0.20479754025148414,zara01
5270,210.8,78,8.96539273983,5.14001610643,0.6029848921702369,1.0692504047301084,0.8352424053391913,0.5036385517194615,zara01
5270,210.8,79,9.87249736231,3.497320705,1.1342853928272492,1.876509253375494,0.2711876835135722,0.307604228124104,zara01
5270,210.8,80,7.93453463288,3.2457732761,0.7871176204618819,2.156576995361201,0.20532481757492851,0.16161478183134773,zara01
5270,210.8,81,10.0261368923,5.00541197939,0.8672408714255291,1.2522375182186916,0.6089728895350293,0.5281261793948813,zara01
5270,210.8,82,10.123371773,4.09062896709,0.7659008302148512,1.5627312019261406,0.3910234606983069,0.2994851931823175,zara01
5270,210.8,83,5.85429748934,4.30566144663,1.1182897966022263,2.4545221767717362,0.15850299080218858,0.177252277345024,zara01
5270,210.8,84,5.44978354864,3.827387208,1.151904136769214,2.936311223077604,0.11075598706156901,0.1275802796681789,zara01
5270,210.8,85,1.6902452954,3.04935626094,0.40669654096142954,6.247377767832739,0.024466725331022496,0.009950532560780236,zara01
5280,211.2,76,8.0574462569,4.62785217624,0.6091776976387157,1.5700436084994047,0.3873895948277327,0.23598910146635313,zara01
5280,211.2,77,8.93003460141,5.93308262088,0.5451103138947614,1.5700436084994047,0.3873895948277327,0.21117006363610982,zara01
5280,211.2,78,8.73114507282,5.19824909756,0.6077147879861361,1.0970331127216195,0.7934725537592408,0.48220500478061495,zara01
5280,211.2,79,10.3258392084,3.51569750958,1.1365636260842487,2.1073601730844573,0.21502742088538143,0.24439234518903302,zara01
5280,211.2,80,8.24728578579,3.168447501,0.8057483408776607,2.0866754254178352,0.21931158779744658,0.176709948003038,zara01
5280,211.2,81,9.75105899406,4.79419805664,0.7637647779893498,1.4017617285507036,0.4859851343487107,0.3711783282419674,zara01
5280,211.2,82,9.80767410855,4.01903102717,0.8092870331969071,1.5967059911906378,0.37456006550269483,0.3031266041647151,zara01
5280,211.2,83,6.27670096436,4.13024649384,1.1494638351742132,2.192774918015605,0.19860184201973727,0.22828563500067042,zara01
5280,211.2,84,5.86397888439,3.63359545064,1.1435866568006725,2.428273955161395,0.16194816014328456,0.1852017550332787,zara01
5280,211.2,85,1.96363947281,3.0775181173,0.8072498138135202,6.284304188965332,0.024180038310067417,0.01951933142380571,zara01
5290,211.6,76,7.83477417092,4.69849547696,0.5461997341001337,1.5477022040295716,0.39865441660635403,0.2177449363482345,zara01
5290,211.6,77,8.71536018959,5.97126818883,0.5614776141834668,1.5477022040295716,0.39865441660635403,0.22383553071983747,zara01
5290,211.6,78,8.50447414975,5.29466765664,0.6156970080071322,1.0755103502021033,0.8255477415678867,0.508287274450393,zara01
5290,211.6,79,10.7804438452,3.54600730414,1.1718507135225829,2.2663649993912762,0.18591381934687568,0.21786324185534484,zara01
5290,211.6,80,8.5602474038,3.09088306609,0.8057483408685011,1.9201074788379058,0.25901224944410195,0.20869869025420348,zara01
5290,211.6,81,9.45430318949,4.79014084005,0.7450130400657436,1.3932331359601247,0.4919532025578082,0.3665115510076713,zara01
5290,211.6,82,9.49197644411,3.94743308726,0.8149309020417618,1.349552112007953,0.5243147357543233,0.42728028056205863,zara01
5290,211.6,83,6.70352420668,3.95292226265,1.155724355178493,2.0470790427165544,0.22787787331060416,0.2633640081913443,zara01
5290,211.6,84,6.27838468524,3.43956503347,1.1438249361909518,2.30834931947702,0.17921250925729748,0.20498773696584865,zara01
5290,211.6,85,2.33321620531,3.10973719027,0.9277082783317662,4.450904749949511,0.048203079139817605,0.04471839555909006,zara01
5290,211.6,86,0.414195335743,3.61235472846,1.335021069318868,6.298542997562685,0.02407083661941284,0.032135074043048294,zara01
5300,212.0,76,7.63798929342,4.7502846535,0.5085357397469877,1.518378459624893,0.4142011629750536,0.21063609481758153,zara01
5300,212.0,77,8.50279042887,6.07174396451,0.6228145857304581,1.5792832914112132,0.3828699669340479,0.23845699984466323,zara01
5300,212.0,78,8.27780322668,5.39084755593,0.6156970080071289,1.0528219993264247,0.8615122946043561,0.5304305421492582,zara01
5300,212.0,79,11.2480973188,3.68395266838,1.2191037253850352,2.467898719917054,0.15678940665254504,0.19114254975102687,zara01
5300,212.0,80,8.8729985567,3.01355729098,0.8580356691094501,1.9017900733561532,0.2640257163425519,0.22654348218408338,zara01
5300,212.0,81,9.15523226871,4.80899496423,0.7491615882713526,1.421342813005344,0.47268705222924956,0.3541189828033684,zara01
5300,212.0,82,9.1680706404,3.89277999313,0.8521065168275765,1.7426366490594731,0.31445441400331464,0.26794865541742113,zara01
5300,212.0,83,7.13055791411,3.77559803147,1.1484259806438988,1.9017900733561532,0.2640257163425519,0.303213992205903,zara01
5300,212.0,84,6.69279048609,3.2457732761,1.146613219450864,2.192539964264787,0.19864440885878065,0.22776830516748023,zara01
5300,212.0,85,2.70300340292,3.14195626323,0.9279703665077861,4.472665965620195,0.04773516768790841,0.044296821054659,zara01
5300,212.0,86,0.947934853753,3.62929957424,1.3347676218706979,6.1843537370566075,0.024967941414406856,0.03332639978471475,zara01
5310,212.4,76,7.44141488103,4.80231248983,0.5085357397469877,1.414976919766735,0.4769497989766413,0.24254601884476337,zara01
5310,212.4,77,8.29232531925,6.23450994791,0.6651518986444835,1.665904598949942,0.3440892683277737,0.22887163013140982,zara01
5310,212.4,78,8.05113230361,5.48726611501,0.6158137192932461,1.0406260505974012,0.8818241628313427,0.5430394174758222,zara01
5310,212.4,79,11.7159612575,3.82165937281,1.2191037253850365,3.0316453068483566,0.10389977435858122,0.12666460198721105,zara01
5310,212.4,80,9.23142063839,2.94697120686,1.0374099380556514,1.9179471161486548,0.25959607736883794,0.2693075505426963,zara01
5310,212.4,81,8.85616134793,4.8278490884,0.7513962506103496,1.414976919766735,0.4769497989766413,0.3583782906804083,zara01
5310,212.4,82,8.81154274469,3.90614494191,0.892197548864684,1.2877867209009568,0.5758156933011371,0.5137413501610932,zara01
5310,212.4,83,7.55738115643,3.61378668726,1.1260792140530875,1.2877867209009568,0.5758156933011371,0.6484140833519783,zara01
5310,212.4,84,7.14297535558,3.13312585064,1.1601612473639569,1.8389332906522895,0.2823835749197331,0.3276104805139709,zara01
5310,212.4,85,3.07279060053,3.17417533619,1.1595842814846067,4.506085950584727,0.04702972500668717,0.05453492988029798,zara01
5310,212.4,86,1.48146390665,3.64648307982,1.2618529123276885,6.070993101796211,0.025909074704129658,0.03269344137112165,zara01
5320,212.8,76,7.24463000353,4.85410166637,0.5087901154548098,1.5291925889027955,0.4083635897534269,0.20777135797818666,zara01
5320,212.8,77,8.08186020962,6.39727593132,0.6649694366470286,1.7556597705687391,0.3098066006641947,0.20601192071320049,zara01
5320,212.8,78,7.82446138055,5.5836846741,0.6158137192932676,1.0443477739730875,0.8755502800353537,0.5391758743768331,zara01
5320,212.8,79,12.1836147311,3.95960473705,1.2189357419591562,3.733439861114679,0.06850985714858149,0.08350911355492198,zara01
5320,212.8,80,9.69591713534,2.90592172131,1.16579336464763,2.1058750822609364,0.21533080815840963,0.2510312273552857,zara01
5320,212.8,81,8.55477531095,4.83715682059,0.7825385250849796,1.3102548814460306,0.5562369170240393,0.4352768166458079,zara01
5320,212.8,82,8.45480438388,3.91927123089,0.8921975488651781,1.2450940382257976,0.6159806571127042,0.5495764324243164,zara01
5320,212.8,83,7.98420439875,3.48777431301,1.1125904419660915,1.4650543736024364,0.4449015261227601,0.4949931855803103,zara01
5320,212.8,84,7.59316022507,3.02047842517,1.1602336990701667,1.8664531888037041,0.2741177621753908,0.3180406651895899,zara01
5320,212.8,85,3.63031267593,3.11618100486,1.4010640580325784,3.343766847153391,0.0854081681239115,0.11966231462081615,zara01
5320,212.8,86,1.95732551952,3.61569596566,1.1631202045616884,1.7459671307260751,0.3132558968263796,0.3643542627968538,zara01
5320,212.8,87,0.440713939556,3.7507774123,1.2560956562187053,3.2521151116487825,0.09028998130918792,0.11341285332253903,zara01
5320,212.8,88,0.516691844131,4.33525526179,1.427976903705286,3.343766847153391,0.0854081681239115,0.12196089146872366,zara01
5320,212.8,89,14.9202925516,6.82376099341,1.3760446647672846,6.668313570947173,0.021475305674988406,0.029550979798314385,zara01
5330,213.2,76,7.04784512603,4.90612950271,0.5571833236769276,1.4321645493976203,0.4655705954555065,0.25940817178214537,zara01
5330,213.2,77,7.87139509999,6.55980325492,0.6583403311714394,1.8473958531830201,0.2798024114880982,0.18420521224164194,zara01
5330,213.2,78,7.59779045748,5.68010323318,0.6262711818810768,1.1167868973310535,0.7656508378438691,0.4795050551247166,zara01
5330,213.2,79,12.6512682047,4.09755010128,1.1371454734175954,4.303605959838542,0.051559225087764615,0.05863033942147046,zara01
5330,213.2,80,10.1604136323,2.86463357596,1.192025115204025,2.322291791044641,0.17706707289398743,0.2110683979652949,zara01
5330,213.2,81,8.23360555366,4.76197898368,0.8246956875392557,1.1944903364489388,0.6692773086177508,0.5519501101849387,zara01
5330,213.2,82,8.09827648817,3.93263617968,0.9013346546957274,1.0265146523330109,0.9062355116629833,0.8168214719777609,zara01
5330,213.2,83,8.41102764107,3.36176193876,1.1125904419780768,1.4114128984763523,0.47936157434698073,0.533333105870014,zara01
5330,213.2,84,8.04334509456,2.90759233991,1.210385227773708,1.8641214732118472,0.27480394536169034,0.33261863599972313,zara01
5330,213.2,85,4.18762428622,3.05818667353,1.4010949608896428,3.365120092144848,0.084327698336072,0.11815111320209239,zara01
5330,213.2,86,2.40835224944,3.56462276852,1.1348066628604323,1.8499422961746592,0.27903264638460373,0.31664810627282725,zara01
5330,213.2,87,0.943094156232,3.75841452589,1.2561002262062277,3.3192310569800116,0.08667551109892219,0.10887312909789656,zara01
5330,213.2,88,1.08705229122,4.36604237596,1.4277142048058598,3.365120092144848,0.084327698336072,0.12039585277299346,zara01
5330,213.2,89,14.3852902429,6.69440738196,1.3760446647642992,6.448062036791274,0.022967459947938557,0.03160425072454858,zara01
5340,213.6,76,6.81864862165,4.98536455621,0.6189076761944039,1.401541749678555,0.4861377018359184,0.3008743553537563,zara01
5340,213.6,77,7.66050906015,6.71326150614,0.6019494057044027,2.042296745021914,0.228946332886735,0.13781410901937247,zara01
5340,213.6,78,7.35533465119,5.75957694648,0.6377149300251398,1.209016838707553,0.6532910114947572,0.4166134316814319,zara01
5340,213.6,79,13.0477844712,4.2438485585,1.0040579737558584,4.328949571821117,0.05095729061010329,0.05116407395806874,zara01
5340,213.6,80,10.6463775704,2.8283572864,1.2583451775523637,2.7875384561654273,0.12289370767852094,0.1546427044087967,zara01
5340,213.6,81,7.91243579637,4.68656248697,0.8250199508038857,1.209016838707553,0.6532910114947572,0.5389781181640253,zara01
5340,213.6,82,7.7337509183,3.92380576709,0.9184982113914991,1.3751538598445208,0.5049737440515172,0.4638174807109872,zara01
5340,213.6,83,8.8378508834,3.23574956451,1.13822346903435,1.720828643206426,0.32247505795325965,0.36704867914061223,zara01
5340,213.6,84,8.53793810218,2.80830986323,1.338449922679385,1.9796681674361036,0.2436613142958282,0.3261284672792086,zara01
5340,213.6,85,4.74514636162,2.9999536824,1.3758809625176802,3.1281400017573575,0.09758858437894032,0.13427027540603426,zara01
5340,213.6,86,2.85937897937,3.51331091158,1.1571503984048992,1.9543935797861656,0.2500042130446661,0.28929247472753866,zara01
5340,213.6,87,1.44547437291,3.76629029928,1.2512220473434,3.3874927370325816,0.08321749461122215,0.10412356398224172,zara01
5340,213.6,88,1.65720227319,4.39682949012,1.3720700303395785,3.3891976506930344,0.08313379163936295,0.11406538401686492,zara01
5340,213.6,89,13.8502879342,6.56505377052,1.4338189985288954,6.017374151936083,0.026372867310098403,0.037813918194900736,zara01
5340,213.6,90,12.0806972925,12.3864436051,0.5972062752866317,8.139067133463001,0.01441524807496858,0.008608876610184774,zara01
5350,214.0,76,6.58124397799,5.07175940371,0.6313432118572986,1.408709849238322,0.48120294867637264,0.3038042151725439,zara01
5350,214.0,77,7.44478232278,6.78318882746,0.5666925070244155,2.1769625515027857,0.20149740872047361,0.11418707170672852,zara01
5350,214.0,78,7.11308931001,5.83928931959,0.637714930013262,1.3178724471137777,0.5498251805863468,0.35063172655715125,zara01
5350,214.0,79,13.3971565532,4.39563619112,0.9521786117464309,4.262102647009801,0.05256825637278259,0.050054369374966594,zara01
5350,214.0,80,11.1649636005,2.79924079084,1.2982442656865045,2.744296567814544,0.12679709307375478,0.16461359898872013,zara01
5350,214.0,81,7.59105557397,4.61114599026,0.8256340100855629,1.3178724471137777,0.5498251805863468,0.4539543686935243,zara01
5350,214.0,82,7.3641741858,3.90065576652,0.9257713775206036,1.9548257385095202,0.24989368701986708,0.23134442286608492,zara01
5350,214.0,83,9.30676714764,3.19804131616,1.1958449614119646,2.065752763823636,0.22377661342186894,0.267602135642375,zara01
5350,214.0,84,9.09903808444,2.72859749012,1.417053160748948,2.0936746046322767,0.21784771624845908,0.3087017948718189,zara01
5350,214.0,85,5.28498936781,2.97250780543,1.2979437190747125,2.4672116421770625,0.15687674533834214,0.20361718628078437,zara01
5350,214.0,86,3.32913710406,3.46915884863,1.1823415948442546,2.0179247598281873,0.23451004162041478,0.2772709766164737,zara01
5350,214.0,87,1.94406621761,3.76175576308,1.2403526866328558,3.4328821468551736,0.08103144692826875,0.10050757289922581,zara01
5350,214.0,88,2.18420690769,4.39921608812,1.2368322285493645,3.4132606681711386,0.08196575987912055,0.10137789345603476,zara01
5350,214.0,89,13.2765600454,6.40037850872,1.5071806773794922,5.100413624987565,0.03670798855016628,0.05532557104827825,zara01
5350,214.0,90,12.0703845021,12.1477838054,0.5972062752812323,7.864865968925801,0.015437918016115128,0.009219621516501146,zara01
5360,214.4,76,6.34404979944,5.15815425121,0.6312412150233419,1.4366224724454628,0.4626856931748384,0.2920662791336021,zara01
5360,214.4,77,7.22926605053,6.85311614877,0.5666005482366094,2.288043763623469,0.18240751550464443,0.10335219828740937,zara01
5360,214.4,78,6.87063350373,5.91876303289,0.6314171510085607,1.4092086500527174,0.4808623576029555,0.30362473986491784,zara01
5360,214.4,79,13.7463181701,4.54766248354,0.9519373665657815,4.176602484661819,0.05474255923947383,0.05211148768149601,zara01
5360,214.4,80,11.6833391655,2.77012429527,1.2982442656865045,2.723146045326729,0.1287743939712157,0.16718061854038557,zara01
5360,214.4,81,7.26315093318,4.56532330872,0.8402238783575336,1.4092086500527174,0.4808623576029555,0.40403203506130253,zara01
5360,214.4,82,6.99459745329,3.87726710614,0.9257713775206018,1.4859763767997867,0.43246162054491816,0.40036059017666065,zara01
5360,214.4,83,9.79378341131,3.19804131616,1.2178037405749809,2.87637980568374,0.11541942860978478,0.14055821189602288,zara01
5360,214.4,84,9.66034853181,2.64912377682,1.4133157306769435,2.935057895507984,0.11085059723628093,0.15666689282896995,zara01
5360,214.4,85,5.7833707474,3.01642120858,1.250806942292347,2.142159451125241,0.2080979459151289,0.26029035542742057,zara01
5360,214.4,86,3.80121034495,3.42596142489,1.1848790603845454,2.024026444939885,0.2330982521565257,0.276193237992504,zara01
5360,214.4,87,2.43739643457,3.73956040171,1.2345865917818466,3.4232257294485997,0.08148924735274973,0.10060553215609916,zara01
5360,214.4,88,2.64596735821,4.35959856137,1.1589298053030166,3.4128324640317245,0.08198632946751845,0.09501640084730013,zara01
5360,214.4,89,12.6929402964,6.22687283432,1.5010894033728204,4.192723578983494,0.05432239639719614,0.081542773597649,zara01
5360,214.4,90,12.0600717118,11.9091240057,0.597194975641763,7.5521217456004734,0.01674300539042054,0.009998838696302102,zara01
5370,214.8,76,6.10664515578,5.2443104389,0.6352439834192679,1.4836949586874706,0.43379260076509446,0.2755641396878228,zara01
5370,214.8,77,7.01353931316,6.92280481029,0.5666005482485199,2.335996508535599,0.1749955493192344,0.0991525741853291,zara01
5370,214.8,78,6.63596490649,6.00515788039,0.6228238201211019,1.4444964516103636,0.4576552232321419,0.2850385744318183,zara01
5370,214.8,79,14.095479787,4.69945011616,0.9401678326652781,2.4212375297027293,0.16289081195816305,0.15314470163979352,zara01
5370,214.8,80,12.2019251956,2.74100779971,1.3063374774639605,2.724159558005747,0.12867859179843646,0.16809766701358417,zara01
5370,214.8,81,6.91925094405,4.58871196909,0.8619782997815019,1.4444964516103636,0.4576552232321419,0.3944888712077654,zara01
5370,214.8,82,6.62502072079,3.85411710557,0.8868545810505232,1.4836949586874706,0.43379260076509446,0.38471095521434473,zara01
5370,214.8,83,10.2810101401,3.19804131616,1.2012675461023457,3.4275246947607543,0.08128496012790802,0.09764498458787908,zara01
5370,214.8,84,10.2201857234,2.5822990329,1.3840138839003353,3.813493491008185,0.0656637018932672,0.09087947508857454,zara01
5370,214.8,85,6.28175212699,3.06057327153,1.2510690030734897,2.0343167121774823,0.23074603559621798,0.28867921271652036,zara01
5370,214.8,86,4.27307312073,3.38252534134,1.1237889697346444,2.0343167121774823,0.23074603559621798,0.2593098496130274,zara01
5370,214.8,87,2.93072665154,3.71712638054,1.2175891950830475,3.4147377237594094,0.08189486611842861,0.09971430411857143,zara01
5370,214.8,88,3.10793827384,4.31974237481,1.1589554154740282,3.1380039944094156,0.09697602930038043,0.11239089432884394,zara01
5370,214.8,89,12.1156345007,6.09322334648,1.469623444358353,3.4275246947607543,0.08128496012790802,0.11945828307770756,zara01
5370,214.8,90,12.0499693865,11.670464206,0.5971949756471275,7.264926031234005,0.018092933558454552,0.010805009015826362,zara01
5370,214.8,91,15.0499390591,4.22976763032,1.076892996136946,3.213656608899917,0.09246395040033002,0.09957378058126937,zara01
5370,214.8,92,15.1478053351,3.09398564349,1.2108705622395282,2.966951828813558,0.10848017861937519,0.13135545487668726,zara01
5380,215.2,76,5.86587307037,5.3302279668,0.6729384912619064,1.5094862605124457,0.4190955536440537,0.2820255295638029,zara01
5380,215.2,77,6.7980230409,6.9927321316,0.6214815129124658,2.391279858066929,0.16699773102421522,0.1037860025298783,zara01
5380,215.2,78,6.4044532859,6.09465530528,0.6205210488363635,1.4925850721944465,0.42864049169048823,0.2659804474775163,zara01
5380,215.2,79,14.4442204736,4.8280877482,0.893961247502537,1.6421517894630224,0.35411537731549836,0.3165654244647945,zara01
5380,215.2,80,12.7268251791,2.71260728354,1.3337935166101347,2.032764672822362,0.2310985246473124,0.30823771387275267,zara01
5380,215.2,81,6.57514048981,4.61186196966,0.8619782997814991,1.4925850721944465,0.42864049169048823,0.36947880224487284,zara01
5380,215.2,82,6.28511956875,3.88013102374,0.8224894431699304,1.5094862605124457,0.4190955536440537,0.34470166855169143,zara01
5380,215.2,83,10.7547671019,3.20567842975,1.1198554886899257,2.889947610155027,0.1143382240841166,0.12804228780765664,zara01
5380,215.2,84,10.7673950084,2.63003099284,1.3732178032923688,3.4445262585318117,0.08048452445216188,0.11052278186722868,zara01
5380,215.2,85,6.7803439717,3.10448667467,1.262844054376247,2.0979315025745726,0.21696454666102122,0.27399238776130846,zara01
5380,215.2,86,4.69189868888,3.30376760743,1.0278535728552087,1.6942690340421944,0.33266463581827016,0.34193053448838584,zara01
5380,215.2,87,3.40953477593,3.67822483318,1.1388276229145005,2.8826643943553494,0.11491671803359937,0.1308703328313399,zara01
5380,215.2,88,3.56969872436,4.27988618826,1.1183095735895485,2.5250018770331684,0.14977798079447008,0.16749814983536743,zara01
5380,215.2,89,11.542117077,5.98630375621,1.4582928190837965,3.4445262585318117,0.08048452445216188,0.1173700040559619,zara01
5380,215.2,90,12.0396565961,11.4318044063,0.47852969105036713,7.027873159174492,0.01933408184654241,0.009251932212768451,zara01
5380,215.2,91,14.623536747,4.29086453905,1.076935349834273,1.0897780225008622,0.8040726525470414,0.8659342633629199,zara01
5380,215.2,92,14.6757320942,3.20233719256,1.210680935696196,1.6421517894630224,0.35411537731549836,0.42872073635273905,zara01
5380,215.2,93,15.0061623163,3.84242277539,1.1067062527625975,1.1345986396967027,0.7418000614072515,0.820954766259084,zara01
5390,215.6,76,5.59479400918,5.4111336389,0.7072375184349411,1.504395875122879,0.4219365175317762,0.29840933559625443,zara01
5390,215.6,77,6.52736490993,7.02686048296,0.6817423230683107,2.4098728917487575,0.16443077707784554,0.11209941994897796,zara01
5390,215.6,78,6.17294166532,6.18415273017,0.6205210488408486,1.5499988612971418,0.3974739070240774,0.24664092567345045,zara01
5390,215.6,79,14.7914879045,4.86388671816,0.8727694240680073,1.660415081291341,0.346368224435599,0.30229959575611604,zara01
5390,215.6,80,13.2675100457,2.68540006638,1.353144703981493,1.9085135268859006,0.26216873417453285,0.354752234197801,zara01
5390,215.6,81,6.23124050068,4.63525063003,0.8643479232297635,1.5499988612971418,0.3974739070240774,0.3435557460742814,zara01
5390,215.6,82,5.97489399716,3.95554752045,0.7978262969343388,1.504395875122879,0.4219365175317762,0.33663204932374774,zara01
5390,215.6,83,11.1756973211,3.2443413173,1.0567280140679305,2.642914192358474,0.13671156529326112,0.14446694089246603,zara01
5390,215.6,84,11.3146042935,2.67776295278,1.349487182417067,2.957828528351837,0.1091504159873902,0.147297087330474,zara01
5390,215.6,85,7.29009046721,3.12310213905,1.2886555457642195,2.2163176785390664,0.19440496874684457,0.250521041099741,zara01
5390,215.6,86,5.07515565351,3.20138255336,0.9919200212578362,1.4426626800869244,0.45881941567193457,0.4551121645468133,zara01
5390,215.6,87,3.83046499518,3.57393050071,1.084217639511947,2.1781201285255545,0.20128329124679403,0.21823489490879475,zara01
5390,215.6,88,3.98578824609,4.14719133962,1.087912273270828,1.9983165520922384,0.2391348162170471,0.2601577015288894,zara01
5390,215.6,89,10.9688101184,5.87914550614,1.437650644715631,3.5712238998303216,0.07487506687230121,0.10764418816208982,zara01
5390,215.6,90,12.0360786893,11.287892547,0.34644494580193774,6.990002205448821,0.019544148619480433,0.006770971509220915,zara01
5390,215.6,91,14.1971344349,4.35220010757,1.0766749390607833,1.0412944863143676,0.8806923915899472,0.9482194270464018,zara01
5390,215.6,92,14.2038693184,3.31092740142,1.210680935696156,1.1260786537598155,0.7530675431537888,0.9117245177878344,zara01
5390,215.6,93,14.5635541908,3.8343083422,1.1069747972932642,1.054507188256915,0.8587609602521168,0.9506267398984559,zara01
5400,216.0,76,5.32371494798,5.49203931101,0.7072375184469183,1.5006103114835658,0.4240680265933951,0.2999168187805945,zara01
5400,216.0,77,6.25691724406,7.06098883432,0.6817423230807129,2.4280695859468455,0.16197542345679475,0.11042550146941744,zara01
5400,216.0,78,5.94143004473,6.27365015507,0.5852117007320762,1.613118704794569,0.3669769001915048,0.2147591758904559,zara01
5400,216.0,79,15.1387553354,4.89968568812,0.8727694240680073,2.0423365203146173,0.22893741533701878,0.19980957613130806,zara01
5400,216.0,80,13.8079844472,2.65843150901,1.3528819523371367,1.7552564052059711,0.30994900676539616,0.4193244173977256,zara01
5400,216.0,81,5.88544632557,4.661503208,0.8779223054044764,1.613118704794569,0.3669769001915048,0.3221772062463143,zara01
5400,216.0,82,5.66487889068,4.03072535736,0.7978262969343388,1.274771541885989,0.5876336575517938,0.468829584958529,zara01
5400,216.0,83,11.5966275404,3.28276554506,1.0561751755644262,2.297801635873417,0.18086157706161818,0.19102150790591357,zara01
5400,216.0,84,11.843503114,2.71666450014,1.1173070090667572,2.0147747719892273,0.23524390155408967,0.2628396600465946,zara01
5400,216.0,85,7.81120207864,3.11618100486,1.3028899994549692,2.4691204774169417,0.1566342815849728,0.2040772390488747,zara01
5400,216.0,86,5.45862308325,3.09923615908,0.9946174406045583,1.3913466197799556,0.49328817811314446,0.4906330251953812,zara01
5400,216.0,87,4.25139521444,3.46939750843,1.0842176395119478,1.5208632604482646,0.4128488170368669,0.44761796988301183,zara01
5400,216.0,88,4.39072311701,3.99110783061,1.0725700115009282,1.3913466197799556,0.49328817811314446,0.5290861068720872,zara01
5400,216.0,89,10.3929775784,5.93881045607,1.4606901597415238,3.706459073067614,0.06951090839398334,0.10153389988578596,zara01
5400,216.0,90,12.0333426428,11.1547203788,0.33300067880247,6.983483870746137,0.01958065038836229,0.006520369870718489,zara01
5400,216.0,91,13.7709425879,4.4132970163,1.0766749390625636,1.4517181724764363,0.45311324302965994,0.4878556733273997,zara01
5400,216.0,92,13.7317960775,3.41927895049,1.1942836709611402,0.9947886028866385,0.9649610418789534,1.152437215429683,zara01
5400,216.0,93,14.1207356001,3.82595524921,1.1049508869122535,1.2086872910603783,0.6536472986283222,0.7222481623471632,zara01
5410,216.4,76,5.05263588678,5.57294498311,0.7072375184433436,1.4975733533889624,0.425789722132815,0.3011344664598929,zara01
5410,216.4,77,5.98625911308,7.09511718568,0.6319604889929221,2.438145059128033,0.16063948406611153,0.10151780690199057,zara01
5410,216.4,78,5.73433237686,6.34787335278,0.5349510930051886,1.6605738350609616,0.3463020007824187,0.18525463382843857,zara01
5410,216.4,80,14.3484588487,2.63122429184,1.3528969180588664,1.389259257021422,0.4947716232050484,0.6693750041770927,zara01
5410,216.4,81,5.5318649414,4.69968877596,0.8890934035283333,1.105584512833569,0.7812454287181825,0.6946001572100008,zara01
5410,216.4,82,5.35465331909,4.10614185407,0.8828747953427292,1.007327983156157,0.9410865894730415,0.8308616300807985,zara01
5410,216.4,83,12.0175577596,3.31641657682,1.0527740666314198,1.7397998546987548,0.3154807041901869,0.3321299038940471,zara01
5410,216.4,84,12.208449614,2.67704697339,0.917497167052241,1.869563196414721,0.273206534080007,0.25066622103856795,zara01
5410,216.4,85,8.33231369007,3.10949853047,1.303153058452258,3.2204375806369727,0.09207497510359038,0.1199877854131593,zara01
5410,216.4,86,5.86755679125,3.12906863404,1.0369702390328375,1.3019160298519261,0.5633851993090435,0.5842136847950616,zara01
5410,216.4,87,4.67232543369,3.36510317596,1.0976612880185423,1.218314533720297,0.643357742466971,0.706188888252997,zara01
5410,216.4,88,4.79860449946,3.87225525035,1.0419732259187091,1.105584512833569,0.7812454287181825,0.8140368195957295,zara01
5410,216.4,89,9.81588224783,6.06959602631,1.4793898942321064,3.8723811612514143,0.06368177862725043,0.09421017974788043,zara01
5410,216.4,90,12.0306065964,11.0215482106,0.33329894078902667,7.207704009778089,0.018381353814052676,0.006126485756492092,zara01
5410,216.4,91,13.3445402758,4.47463258483,1.1477621144080625,1.7613480404256003,0.30780879228743996,0.3532912702692242,zara01
5410,216.4,92,13.2683519061,3.50495781859,1.1557993423599577,1.2649244233418984,0.5968184300112817,0.6898023489153418,zara01
5410,216.4,93,13.6796007303,3.8307284452,1.0963205770454056,1.3369755200399507,0.5342253240615844,0.585682215547465,zara01
5410,216.4,94,14.9196611562,3.3309748246,1.1599671327766432,1.660449433636433,0.3463538928486785,0.40175913201371033,zara01
5420,216.8,76,4.78155682558,5.65385065521,0.7072375184433687,1.5258430534416187,0.4101584396921024,0.2900794370564466,zara01
5420,216.8,77,5.75601028315,7.12948419684,0.5324976586325401,2.4603995322861896,0.15774663741612907,0.08399971508124497,zara01
5420,216.8,78,5.53754749936,6.4151754163,0.5200356496396815,1.7153452910581688,0.32454003057050096,0.16877238563181257,zara01
5420,216.8,80,14.8889332502,2.60401707467,1.3528969180588686,2.120648525066446,0.21234106559015448,0.28727557321425606,zara01
5420,216.8,81,5.17828355723,4.73787434391,0.8890934035283654,0.9982007325525497,0.9583753029122338,0.8520851599237661,zara01
5420,216.8,82,4.96697658716,4.13931556623,1.012535787835798,0.7975967470960902,1.501082748782931,1.5199000036456503,zara01
5420,216.8,83,12.4384879789,3.30734750443,1.0525762330304838,1.0396121850129212,0.8835449720674962,0.929998438411829,zara01
5420,216.8,84,12.573185649,2.63719078683,0.9172201732284488,1.4813968967837878,0.43513951255356775,0.3991187390829262,zara01
5420,216.8,85,8.85363576662,3.10257739627,1.303156985356745,3.590695779523053,0.0740651931188057,0.09651857378456798,zara01
5420,216.8,86,6.28301491765,3.19183616137,1.0501719767254718,1.6216269947040123,0.363136122052981,0.3813553791168013,zara01
5420,216.8,87,5.12229983807,3.35698874277,1.1251243249408225,1.1724055915541727,0.6947293070724111,0.7816568426364519,zara01
5420,216.8,88,5.21953471871,3.90208772531,1.0698818592365245,0.8368039974535677,1.3637158546858876,1.4590148540816634,zara01
5420,216.8,89,9.23878691723,6.20062025636,1.4569899051373294,3.7074529187909504,0.069473646229854,0.10122240122997936,zara01
5420,216.8,90,12.02787055,10.8881373825,0.3332989407890391,7.042123331041192,0.019255913596295814,0.006417975605570651,zara01
5420,216.8,91,12.864890291,4.56222073132,1.2367700802191206,1.3253398610656617,0.5436468323923831,0.6723661365087985,zara01
5420,216.8,92,12.8173251762,3.55603101573,1.1347730570206478,0.9507215549183915,1.0564883227072672,1.1988744836651424,zara01
5420,216.8,93,13.2529879531,3.95339958225,1.109666073384414,1.0396121850129212,0.8835449720674962,0.9804398798126801,zara01
5420,216.8,94,14.4762111703,3.46748823004,1.1598793953470756,1.3162009274057163,0.5512225769557404,0.639351709261081,zara01
5420,216.8,95,14.7681262773,4.15721505121,1.116349654057907,1.5578890458017893,0.3934579590118856,0.43923665642924864,zara01
5430,217.2,76,4.51047776438,5.73475632731,0.6727610400635666,1.5810439959610252,0.3820176876395153,0.257006616859039,zara01
5430,217.2,77,5.56596028916,7.1645671874,0.4828397117913961,2.5008859630026845,0.15268051076623074,0.07372021381453,zara01
5430,217.2,78,5.34076262186,6.48271613962,0.5201324189526194,1.782973321879359,0.3003873862747209,0.15624121784592546,zara01
5430,217.2,81,4.82470217306,4.77605991187,0.8890934035407927,1.1685125157911176,0.699366209524863,0.6218018835478836,zara01
5430,217.2,82,4.54604636791,4.15411247381,1.0529860624030718,1.304582908263151,0.5610841663853482,0.5908138070388178,zara01
5430,217.2,83,12.8594181981,3.29803977224,1.0669744896549804,0.7784938557579033,1.5756545340430483,1.6811831923331375,zara01
5430,217.2,84,12.9372902887,2.59208408469,0.9175165791831154,1.4878878368445272,0.43135118451808235,0.3957718632456157,zara01
5430,217.2,85,9.37474737805,3.09565626208,1.3028899994550154,3.307481761512203,0.08729240641194977,0.11373240334249221,zara01
5430,217.2,86,6.69826257894,3.25460368869,1.0501719767254718,2.3326274184979447,0.17550141796241334,0.18430667101971085,zara01
5430,217.2,87,5.57227424245,3.34863564978,1.1165719667574179,1.304582908263151,0.5610841663853482,0.6264908511773345,zara01
5430,217.2,88,5.65098819345,3.94981968526,1.0955714239212815,1.1685125157911176,0.699366209524863,0.7662056340115834,zara01
5430,217.2,89,8.67958112096,6.3292578884,1.419512531310184,3.3423432505952886,0.08548093902662512,0.12134126413645613,zara01
5430,217.2,90,12.0251345036,10.7549652143,0.3332989407916043,6.727020612006684,0.021102109157996842,0.007033310630829161,zara01
5430,217.2,91,12.3719810042,4.65649135221,1.2545517888858932,1.4432552487762151,0.4584427308053819,0.5751401480336259,zara01
5430,217.2,92,12.3662984463,3.60710421287,1.1348066629225377,1.0494025250953398,0.8671359111934316,0.9840316096817121,zara01
5430,217.2,93,12.8263751759,4.07583205951,1.1096660733844141,0.7784938557579033,1.5756545340430483,1.7484503798018982,zara01
5430,217.2,94,14.0327611843,3.60376297567,1.1405352611269644,1.2954599265051852,0.5690146077104098,0.6489812241900494,zara01
5430,217.2,95,14.3339367562,4.26150938368,1.1161635814810504,1.7613854405977263,0.30779572078210365,0.3435503740726942,zara01
5430,217.2,96,0.316329059767,2.62979233304,1.3250900252214957,4.993184619919437,0.03830153097522637,0.05075297664598461,zara01
5430,217.2,97,0.315697664438,3.5798969957,1.2293230221599272,4.66496810072629,0.04388074832903597,0.05394361415048967,zara01
5440,217.6,76,4.26254986525,5.79633055564,0.5059672010430211,1.632976105700131,0.3581061025531951,0.18118994238526517,zara01
5440,217.6,77,5.37612076027,7.19941151816,0.4827857947906438,2.5510864310458845,0.1467307158868462,0.07083950528963119,zara01
5440,217.6,78,5.14397774436,6.55025686294,0.521788047038138,1.861846396687984,0.2754759470760331,0.14374005643078477,zara01
5440,217.6,81,4.47112078888,4.81424547982,0.9149458867340302,1.8073255383234135,0.29234697956073546,0.26748166644821253,zara01
5440,217.6,82,4.12511614866,4.16914804119,1.0633054148224257,1.9707492094731358,0.24587176564283475,0.26143677975997665,zara01
5440,217.6,83,13.2917135333,3.3319294638,1.103361344575778,1.1997293367848698,0.6634448459892586,0.7320193973225783,zara01
5440,217.6,84,13.2940286495,2.498768103,0.922183236831407,1.8015976486923033,0.29420887495712533,0.2713144926124885,zara01
5440,217.6,85,9.89585898948,3.08897378769,1.30288999944247,2.7387201010418987,0.12731397659112267,0.16587610688982646,zara01
5440,217.6,86,7.11372070534,3.31737121602,1.0308552224565006,2.7914975940067057,0.1225453583951955,0.12632652268949085,zara01
5440,217.6,87,6.01551376332,3.34815833018,1.0375981591341994,2.0609772553564247,0.22481484438261892,0.2332674686774469,zara01
5440,217.6,88,6.0893870168,4.00948463519,1.0905401983788547,1.8073255383234135,0.29234697956073546,0.31881613308562345,zara01
5440,217.6,89,8.13237183593,6.45646356165,1.4045676782575065,3.1877096539263063,0.09397533155809701,0.1319947132600357,zara01
5440,217.6,90,12.0223984571,10.6215543862,0.33329894079159195,6.434126990443669,0.023067053631640824,0.007688224542608731,zara01
5440,217.6,91,11.8790717175,4.7505233133,1.2545517888835045,2.001266493243758,0.23843034860135656,0.29912322036194944,zara01
5440,217.6,92,11.9152717163,3.65841606981,1.131892411101648,1.4146326659208002,0.477181960702837,0.540118640034146,zara01
5440,217.6,93,12.3997623987,4.19850319656,1.0971484611186668,1.2435943312928963,0.6174672310849398,0.677453222376046,zara01
5440,217.6,94,13.6042542211,3.73621916451,1.0763726313850142,1.2757448941331384,0.5867373085330587,0.6315479807174893,zara01
5440,217.6,95,13.8999577001,4.36604237596,1.1012635217442244,1.5095215530016992,0.41907595703426903,0.4615130643218904,zara01
5440,217.6,96,0.845859275585,2.65294233361,1.3250900252182953,4.220634114631971,0.053606317236424256,0.07103319625867335,zara01
5440,217.6,97,0.806712765195,3.55340575793,1.2295857215690131,3.875255213317268,0.06358735548971285,0.07818610438248393,zara01
5450,218.0,76,4.10827893989,5.78034034906,0.38774351314610234,1.6935181320047492,0.33295970668660213,0.1291029664067589,zara01
5450,218.0,77,5.18607076628,7.23425584891,0.5158826055173336,2.4856777451208982,0.15455452831734232,0.07973199276285306,zara01
5450,218.0,78,4.94403589021,6.61254707066,0.5458457135905626,1.964020768953135,0.24755929087286865,0.13512917778247463,zara01
5450,218.0,81,4.09565103331,4.84121403719,1.0481775506027275,1.964020768953135,0.24755929087286865,0.25948609113607163,zara01
5450,218.0,82,3.69555685991,4.13788360743,1.0928836536077247,2.4742388396175814,0.155986905317889,0.17047553899877674,zara01
5450,218.0,83,13.7351635193,3.40853925951,1.125097909073557,1.08746685836489,0.8074940324395194,0.9085098474870783,zara01
5450,218.0,84,13.6509774754,2.40521346151,1.0131459525401563,2.0669931875588103,0.22350811274591934,0.22644633978841708,zara01
5450,218.0,85,10.4169706009,3.0820526535,1.3028899994049707,2.01161368695991,0.23598381524001774,0.30746095289764946,zara01
5450,218.0,86,7.52265441335,3.27656039027,1.0274423803316393,2.900844610312202,0.11348081624324147,0.11659499996293336,zara01
5450,218.0,87,6.39940212327,3.4185629711,0.9754150200728521,2.707619829359155,0.13025548191210873,0.12705315350389856,zara01
5450,218.0,88,6.51621025912,4.06175113132,1.0133117504023266,2.5429646846311513,0.14766947270097786,0.14963521186361645,zara01
5450,218.0,89,7.5851625509,6.58390789469,1.3648950534035331,2.739330892958123,0.1272572082185673,0.17369273400746596,zara01
5450,218.0,90,12.0196624107,10.488382218,0.37618898110480536,6.197254607434453,0.024864097719514387,0.009353599587194433,zara01
5450,218.0,91,11.3861624307,4.84479393418,1.1515901743066057,2.01161368695991,0.23598381524001774,0.2717566429257899,zara01
5450,218.0,92,11.4682438235,3.72309287553,1.1211594454723,1.2313033561296187,0.6298559779453343,0.7061689789606043,zara01
5450,218.0,93,11.9754647377,4.29110319885,1.070997803787818,1.3082979360495426,0.5579021942508761,0.5975120247710929,zara01
5450,218.0,94,13.210474001,3.85936762117,1.0314686256695706,1.3082979360495426,0.5579021942508761,0.575458609561989,zara01
5450,218.0,95,13.4767123647,4.46484753304,1.0517442377432908,1.5112681864038087,0.4181078309446883,0.4397425019514219,zara01
5450,218.0,96,1.3753894914,2.67609233419,1.3241745140072845,3.4767189770236238,0.07900093035873754,0.1046110185639046,zara01
5450,218.0,97,1.29793833106,3.52691452017,1.2295857215727581,3.0910482986795924,0.09994470715106393,0.12289058485971895,zara01
5460,218.4,76,3.95400801453,5.76435014248,0.387974571151612,1.824606899859898,0.28683540480101183,0.11128484316877159,zara01
5460,218.4,77,4.97118588935,7.27912389126,0.598735794001407,2.1745764500663345,0.2019398461770346,0.1209086141413288,zara01
5460,218.4,78,4.71441845561,6.62877593704,0.5754755771113561,2.104747455559247,0.21556159861479507,0.12405043536589569,zara01
5460,218.4,81,3.63262779214,4.82331455221,1.1584227246312806,2.104747455559247,0.21556159861479507,0.2497114543932254,zara01
5460,218.4,82,3.25757896678,4.06055783232,1.1119306946698146,1.8406307763129248,0.28186296965389007,0.31341208764894685,zara01
5460,218.4,83,14.1786135053,3.48538771502,1.1240041142742783,1.5311339473638663,0.4073286998669578,0.4578391345124532,zara01
5460,218.4,84,14.1026356007,2.44316036967,1.1670571438278778,2.3431899442506756,0.1739227494019296,0.2029777871637077,zara01
5460,218.4,85,10.9380822123,3.07537017911,1.303153058477093,1.8253118468807927,0.28661389227617007,0.37350177032171505,zara01
5460,218.4,86,7.93158812135,3.23551090472,1.0274423803204444,3.010756013182762,0.10534653538652788,0.10823749507604614,zara01
5460,218.4,87,6.78308001812,3.48872895221,0.9753613233905567,3.2607078602507418,0.08981473674104726,0.0876018204877223,zara01
5460,218.4,88,6.89652071221,4.0849011319,0.9522733728054613,2.657399958286154,0.13522516944888982,0.12877132819928433,zara01
5460,218.4,89,7.07688931116,6.73617284691,1.3018006861930627,2.657399958286154,0.13522516944888982,0.17603621837913794,zara01
5460,218.4,90,12.0215565967,10.3206043788,0.5924962670832198,5.999972718527869,0.026526065071469145,0.01571659453525205,zara01
5460,218.4,91,10.970072909,4.90040166752,1.0491719703395619,1.8253118468807927,0.28661389227617007,0.3007072620860803,zara01
5460,218.4,92,11.0374217441,3.84242277539,1.1178606050841347,1.060120371364473,0.8496910073800138,0.9498361036443701,zara01
5460,218.4,93,11.5545345184,4.33883515879,1.0590697258607487,1.3114912471602116,0.5551886628393774,0.5879835049542951,zara01
5460,218.4,94,12.8166937809,3.98251607782,1.0326958024188957,1.449814451855816,0.4543039710634242,0.4691578039394336,zara01
5460,218.4,95,13.0791437726,4.55100372074,1.0167982442483752,1.5393014248912427,0.40301762488014936,0.40978761337928615,zara01
5460,218.4,96,1.90428831189,2.69685573676,1.3127696306539505,2.740252625725566,0.12717161216065886,0.16694703032581557,zara01
5460,218.4,97,1.78895343182,3.5004232824,1.2203155395965062,2.2691796884867617,0.18545289061688622,0.22631104428287735,zara01
5470,218.8,76,3.79952662407,5.7485985957,0.38797457115162537,1.8366959222678425,0.2830719642016753,0.10982472391619322,zara01
5470,218.8,77,4.7186277578,7.33878884119,0.6487753658922478,1.925345900252365,0.25760474181297566,0.1671276106252913,zara01
5470,218.8,78,4.48480102101,6.64500480342,0.5754755771113746,2.1256801299856734,0.21133700873869976,0.12161928706889487,zara01
5470,218.8,81,3.16960455096,4.80541506723,1.1584227246438121,1.6008593974180303,0.3726190056063169,0.4316503237285375,zara01
5470,218.8,82,2.81960107365,3.98299339742,1.1119306946698548,1.345193156795511,0.5277182133009197,0.5867860795056263,zara01
5470,218.8,83,14.623536747,3.54767792274,1.1231501654757967,2.2716338100424407,0.18505240521149,0.20784163953497917,zara01
5470,218.8,84,14.5782867484,2.51380367038,1.2019548331649421,2.8471690717441014,0.11779988522246594,0.1415901413894184,zara01
5470,218.8,85,11.4594042889,3.06844904492,1.3031530584773023,1.4084683133044158,0.48136800424541487,0.6272961869855275,zara01
5470,218.8,86,8.34052182935,3.19470007896,1.0692493680458584,2.3921798897707394,0.1668720924984124,0.17842787944841748,zara01
5470,218.8,87,7.16696837808,3.55889493333,0.9711545668661239,3.3948636209975778,0.08285652540796162,0.08046649304460096,zara01
5470,218.8,88,7.27662070019,4.10805113247,0.94747692486172,2.8790645358089586,0.1152042715432134,0.1091533889326984,zara01
5470,218.8,89,6.5945032799,6.90514398511,1.2798944822697182,2.8790645358089586,0.1152042715432134,0.14744931148206114,zara01
5470,218.8,90,12.041340317,10.0148811754,0.7661873876288465,5.701044097226446,0.029380729955727724,0.02251114473140762,zara01
5470,218.8,91,10.5541938524,4.95577074105,1.0491719703379467,2.0530027200993346,0.22656474542730393,0.23770538036907976,zara01
5470,218.8,92,10.6063891996,3.96175267524,1.1178606050841753,1.2351623854847498,0.6259263963571957,0.6996984601700121,zara01
5470,218.8,93,11.1336042992,4.38656711873,1.0590697258621944,1.317964412590824,0.5497484513964369,0.5822219417135903,zara01
5470,218.8,94,12.4197565841,4.09874340028,1.0391683416273962,1.4084683133044158,0.48136800424541487,0.5002223906841972,zara01
5470,218.8,95,12.6817856456,4.63739856823,1.0167982442484118,1.9889240276849212,0.24139873683590243,0.24545381177853,zara01
5470,218.8,96,2.42539992332,2.69685573676,1.302779028587528,2.236037338219755,0.1909911657119036,0.24881928533495337,zara01
5470,218.8,97,2.27302318396,3.47918256022,1.19780165329635,1.6008593974180303,0.3726190056063169,0.4463236609648883,zara01
5480,219.2,76,3.64525569871,5.73260838912,0.3877435131336828,1.857088152729477,0.27688940825821035,0.10736207190754504,zara01
5480,219.2,77,4.46606962625,7.39845379112,0.6487753658922486,1.857088152729477,0.27688940825821035,0.17963902715440863,zara01
5480,219.2,78,4.25518358641,6.6612336698,0.5754966865342114,1.9006894993397643,0.2643315674263277,0.15212194120024605,zara01
5480,219.2,81,2.70658130978,4.78751558225,1.1491210341572846,1.3320322901606116,0.538197748248386,0.6184543530483072,zara01
5480,219.2,82,2.38162318052,3.90566762231,1.0865946000463687,1.334288210021704,0.5363793935674717,0.5828269526265606,zara01
5480,219.2,83,15.0693018492,3.60376297567,1.1231987232385716,3.113484252089161,0.09850948195574401,0.11064572435958478,zara01
5480,219.2,84,15.0537274311,2.5846856309,1.20173857154288,3.4390523219976568,0.08074094265272637,0.09702950508851299,zara01
5480,219.2,85,11.9805159003,3.06176657052,1.302889999505175,1.8684936091705444,0.2735194084298126,0.3563657019137743,zara01
5480,219.2,86,8.78376135022,3.161287707,1.1536190029432074,1.6682763262519538,0.34311160557553555,0.3958200683222924,zara01
5480,219.2,87,7.5588544122,3.53097173676,0.9914977086887357,2.6739123640590456,0.1335601946160661,0.13242462693385115,zara01
5480,219.2,88,7.65356371153,4.12260938025,0.9077521739207067,2.5223452715457224,0.15009364776558085,0.13624783505089483,zara01
5480,219.2,89,6.11043352776,7.07435378311,1.290080433513136,2.8066674956490747,0.1212242349409484,0.15638901356491697,zara01
5480,219.2,90,12.0609135722,9.70891931214,0.7661873876662697,5.444205023309005,0.032218286426746026,0.02468524471239217,zara01
5480,219.2,91,10.1381043307,5.01137847438,1.0494327426443095,2.0461177580350487,0.22809204179151354,0.23936725699260852,zara01
5480,219.2,92,10.1755671202,4.0810825751,1.1178606051356987,1.6682763262519538,0.34311160557553555,0.38355094703774933,zara01
5480,219.2,93,10.7126740799,4.43429907868,1.0629738465874599,1.3216029257805841,0.546725586542286,0.5811549997546389,zara01
5480,219.2,94,12.0110333412,4.18752484577,1.0458300922011659,1.3216029257805841,0.546725586542286,0.5717820705822554,zara01
5480,219.2,95,12.2842170535,4.72355475593,1.0256179995376773,1.6893118017770643,0.3346198882167241,0.3431921803583578,zara01
5480,219.2,96,2.94651153476,2.69685573676,1.302779028587528,2.104382356513004,0.21563640266449338,0.2809265831913577,zara01
5480,219.2,97,2.74656968061,3.46581761144,1.1843292693384522,1.3223027625490729,0.5461470240119142,0.6468179058994004,zara01
5490,219.6,76,3.49098477336,5.71661818254,0.387974571151612,1.8854360393131795,0.2686258320291073,0.10421999198173786,zara01
5490,219.6,77,4.2135114947,7.45811874105,0.6774452948055678,1.8854360393131795,0.2686258320291073,0.1819793059713495,zara01
5490,219.6,78,4.02556615181,6.67770119598,0.6125450761343476,1.6912407497967923,0.3338570207444553,0.20450247418989884,zara01
5490,219.6,81,2.25197667299,4.7500459937,1.1110506903186343,1.6187721404699669,0.36441809970550865,0.4048869812424103,zara01
5490,219.6,82,1.96384993792,3.8302511256,1.0547361734648864,1.8830610636286924,0.2693038579855728,0.28404452067103425,zara01
5490,219.6,85,12.5016275118,3.05484543633,1.2859729631660983,2.6571921650088717,0.135246319578844,0.17392311034611513,zara01
5490,219.6,86,9.26151714907,3.13551244864,1.1963891749740794,1.5631812241157377,0.39079835064519586,0.46754691630963685,zara01
5490,219.6,87,7.95410788808,3.46104441544,1.003426834205731,1.9370835942305276,0.25449230549461205,0.25536440843217634,zara01
5490,219.6,88,8.00125207263,4.06031917252,0.8833192152538879,1.7489025183694724,0.31220523127601246,0.2757768798888859,zara01
5490,219.6,89,5.619418427,7.2433249213,1.2981888217636823,2.619363144759144,0.13918100139977088,0.18068322021905797,zara01
5490,219.6,90,12.0806972925,9.40319610871,0.7799620528623877,5.14941765072642,0.03601265557016227,0.028088504767529866,zara01
5490,219.6,91,9.72201480893,5.06674754792,1.0153949035409184,1.9853783275304402,0.24226173793741415,0.2459913340246159,zara01
5490,219.6,92,9.74453457566,4.20041247496,0.9944063530839298,1.1693236936135187,0.6983962239066085,0.6944896420225583,zara01
5490,219.6,93,10.2967950233,4.53787743175,1.072521211927107,1.3313018050573076,0.538788528333946,0.5778621253811462,zara01
5490,219.6,94,11.6020996332,4.27606763147,1.0460871984459665,1.5167511510729697,0.4150904251012046,0.4342207798958644,zara01
5490,219.6,95,11.8818077639,4.81973465521,1.0379208032397205,1.8705642129597368,0.27291420400917915,0.28326332984073616,zara01
5490,219.6,96,3.46762314619,2.69685573676,1.3027790285749812,2.3860818466676577,0.16772612316088528,0.2185100757981858,zara01
5490,219.6,97,3.22011617727,3.45269132245,1.1843292693509053,1.6187721404699669,0.36441809970550865,0.43159102176247044,zara01
5500,220.0,76,3.33650338289,5.70086663576,0.3879745711528904,1.9056925274628105,0.26294548618071983,0.10201616223755305,zara01
5500,220.0,77,3.93569755,7.50990791758,0.7506364128923033,1.9056925274628105,0.26294548618071983,0.19737645653291824,zara01
5500,220.0,78,3.76669406697,6.70013521716,0.6653558111739596,1.5366929335984156,0.40438700739067873,0.269061245330635,zara01
5500,220.0,81,1.83104645374,4.63429599084,1.0913876277504917,2.212982505505703,0.19499138349544526,0.21281118346488037,zara01
5500,220.0,82,1.55133832305,3.75531194849,1.0483638213767577,2.640454001120227,0.13696644061581725,0.14359066108437094,zara01
5500,220.0,85,13.0092693562,3.06892636452,1.2695927366787174,3.270040617125502,0.08930280245440825,0.11337818936117106,zara01
5500,220.0,86,9.73948341303,3.10973719027,1.1963891749997204,1.5442336611503666,0.40044728369361,0.47909079536907706,zara01
5500,220.0,87,8.34936136395,3.39135575393,1.0034268342057293,1.4183611411542179,0.47467650195617467,0.47630313962973403,zara01
5500,220.0,88,8.34915089884,3.9980289648,0.9793847778758028,1.4766023804024488,0.4379698893997367,0.42894104284605106,zara01
5500,220.0,89,5.12840332625,7.4122960595,1.1811644920868951,2.4778813691249626,0.15552863536997952,0.18370490160174976,zara01
5500,220.0,90,12.1080577568,9.08673321429,0.7941313180348021,4.857832639112367,0.040465628022795776,0.032135022516848834,zara01
5500,220.0,91,9.33076017014,5.10111455908,0.9676210783610414,1.4766023804024488,0.4379698893997367,0.42378889667063924,zara01
5500,220.0,92,9.39642528434,4.24170062031,0.8763731712637884,1.0752485825256344,0.8259497472481694,0.7238401993004028,zara01
5500,220.0,93,9.88154736203,4.64742227982,1.0736348714099206,1.3417119177478807,0.5304602274930541,0.5695205981325824,zara01
5500,220.0,94,11.1931659252,4.36484907696,1.0550558233612148,1.8009559886052977,0.2944185588405196,0.3106280150103067,zara01
5500,220.0,95,11.4775042883,4.92021043089,1.0415033661753461,2.154352945190445,0.20574897129563366,0.21428824619151712,zara01
5500,220.0,96,3.98873475762,2.69685573676,1.2738068325511192,2.8998781965506977,0.11355646610800973,0.1446490024087424,zara01
5500,220.0,97,3.69366267393,3.43932637367,1.1941263034403042,2.212982505505703,0.19499138349544526,0.2328443399761268,zara01
5510,220.4,76,3.18223245754,5.68487642917,0.47334396384690397,2.1214906566060536,0.2121725203113311,0.10043058178355321,zara01
5510,220.4,77,3.61999988556,7.54952544434,0.7954716883306098,1.9153475587500297,0.2603012160804628,0.20706224783003663,zara01
5510,220.4,78,3.49540454066,6.72519449613,0.6813730742124946,1.4114477568419683,0.47933789716218905,0.32660793657595333,zara01
5510,220.4,81,1.41011623449,4.51854598797,1.091387627750491,2.9562541959511552,0.10926670151690115,0.11925232616065173,zara01
5510,220.4,82,1.13861624307,3.68061143118,1.0486226824871234,3.043697346256535,0.1030785856037441,0.10809054294277672,zara01
5510,220.4,85,13.5169112006,3.0830072927,1.2693215180626578,3.2996721267949343,0.08770610118403913,0.11132724149828162,zara01
5510,220.4,86,10.2172392119,3.0839619319,1.2062639225658902,1.6713743015603428,0.3418408355695628,0.4123502672073423,zara01
5510,220.4,87,8.74461483983,3.32142843261,1.0751331365123553,1.4916477064555216,0.4291793845600962,0.46142497784853853,zara01
5510,220.4,88,8.77302762963,3.92523772589,1.099304105270182,1.0827741974818326,0.8145084347544566,0.8953924661027642,zara01
5510,220.4,89,4.69989636305,7.46098265864,1.0551110668071204,2.336205699087733,0.1749642115165478,0.18460667586629143,zara01
5510,220.4,90,12.1356286861,8.77027031987,0.794131318034802,4.819950180535055,0.04110420787957835,0.03264213878018605,zara01
5510,220.4,91,8.95023925194,5.12665115764,0.9536846445129235,1.2144126947092788,0.6474985276208336,0.617509403136716,zara01
5510,220.4,92,9.04831599302,4.28298876566,0.8763731712637869,0.8493440285198266,1.3237443106176376,1.1600939994383745,zara01
5510,220.4,93,9.46629970074,4.75696712789,1.0501051975429636,1.0827741974818326,0.8145084347544566,0.8553195407782387,zara01
5510,220.4,94,10.7833903568,4.48131505922,1.0696911329703207,1.5076879257003302,0.42009592460050826,0.4493728855421321,zara01
5510,220.4,95,11.0732008127,5.02068620657,1.0415033661753463,2.1174444923397955,0.2129841638752558,0.2218237236181205,zara01
5510,220.4,96,4.48438009079,2.76511243948,1.2485444045533205,3.4687568563555815,0.07936402116108689,0.09908950454352636,zara01
5510,220.4,97,4.17520684475,3.47273874563,1.2102389093182402,2.9562541959511552,0.10926670151690115,0.13223881366861615,zara01
5520,220.8,76,2.96019176688,5.65862385121,0.5959505606091098,2.252672463660203,0.1881807873839554,0.11214644573733192,zara01
5520,220.8,77,3.30430222112,7.58938163089,0.7955089995530513,1.9611827065605347,0.24827630420908428,0.19750603437409767,zara01
5520,220.8,78,3.22390454924,6.7502537751,0.6813730742000716,1.2889306241157936,0.5747940942668683,0.39164921904266187,zara01
5520,220.8,81,0.98918601524,4.40279598511,1.0798246782080185,3.241068496960199,0.0909065053746518,0.09816308791319887,zara01
5520,220.8,82,0.725894163098,3.60567225407,1.0486759376816068,3.933726275928396,0.061711074536014106,0.06471491895439412,zara01
5520,220.8,85,14.0243425799,3.09684956108,1.269321518062704,3.9521697704514405,0.061136447330694274,0.07760180813475741,zara01
5520,220.8,86,10.7042554756,3.08825780829,1.220603140531368,1.6718486921148454,0.3416468669923551,0.41701523880357116,zara01
5520,220.8,87,9.20574389502,3.31140472102,1.2080604303904043,1.5150351486989675,0.41603126075919844,0.5025909039286198,zara01
5520,220.8,88,9.21605668539,3.85005988898,1.1133964005750254,1.0109140597178512,0.9344216851769171,1.0403817408952292,zara01
5520,220.8,89,4.28696381796,7.47912080342,1.013628551704317,2.252672463660203,0.1881807873839554,0.19074541897457675,zara01
5520,220.8,90,12.1629891504,8.45380742545,0.7941313180348323,4.751725644071116,0.04229301704222439,0.03358620936741128,zara01
5520,220.8,91,8.56950786862,5.15194909641,0.9536846445137901,1.4535958450991115,0.4519433871474026,0.4310114685120289,zara01
5520,220.8,92,8.7002067017,4.32427691101,0.8761119215865113,0.8379280586382615,1.3600595219772356,1.1915643612715079,zara01
5520,220.8,93,9.06620552734,4.84980578998,0.9365200660443311,1.0109140597178512,0.9344216851769171,0.8751046583151416,zara01
5520,220.8,94,10.3731938581,4.60971403147,1.0746456436643146,1.3842112745782376,0.4983868988079893,0.5355893096633733,zara01
5520,220.8,95,10.6688973371,5.12116198225,1.0116969836120744,1.930400603702898,0.25625744550873314,0.25925488464932084,zara01
5520,220.8,96,4.97707891242,2.84124491559,1.24631990084125,4.0076257852684325,0.05945618750432029,0.07410142971478323,zara01
5520,220.8,97,4.65864520156,3.51808410758,1.2138730339539696,3.536297710750039,0.07636137541233359,0.09269301444866744,zara01
5530,221.2,76,2.70889642599,5.62783673704,0.6329355948259701,2.207032015670366,0.19604425305148787,0.12408338591735647,zara01
5530,221.2,77,2.98860455668,7.62923781744,0.7901199394710046,2.020852028972033,0.23383114300825983,0.18475464856012208,zara01
5530,221.2,78,2.95261502294,6.77531305407,0.7298912068753358,1.1799526223352572,0.6858706873724055,0.5006109837666612,zara01
5530,221.2,81,0.586355795417,4.25840680629,1.0690051217560235,3.4545621708042455,0.08001756956585286,0.08553919169636562,zara01
5530,221.2,82,0.313172083123,3.53073307696,1.0486759376853338,4.182577944332052,0.05458625454207707,0.057243291666642986,zara01
5530,221.2,85,14.5319844243,3.11093048926,1.2695927366787654,4.826622045397222,0.04099064929770463,0.05204143062011233,zara01
5530,221.2,86,11.1935868554,3.10019079828,1.2236921476516702,2.048882995174096,0.22747677682912418,0.2783615455789107,zara01
5530,221.2,87,9.71086015812,3.34123719599,1.264991145721372,1.5021923394412,0.4231752857836452,0.5353129896044224,zara01
5530,221.2,88,9.66371597357,3.93239751988,1.1426961004186955,1.328772562768276,0.5408415864794495,0.6180175718143276,zara01
5530,221.2,89,3.88960569099,7.4924857522,0.9160797496890677,2.207032015670366,0.19604425305148787,0.17959217026338725,zara01
5530,221.2,90,12.1905600797,8.13734453103,0.7972949806775183,4.759150352198706,0.04216115805922544,0.03361487970017194,zara01
5530,221.2,91,8.18898695042,5.17748569498,0.9536846445013194,1.827553454469084,0.28591122406581077,0.2726691440821398,zara01
5530,221.2,92,8.35230787549,4.36556505636,0.876111921586513,1.3810956934151788,0.5006380335613808,0.4386149496027545,zara01
5530,221.2,93,8.72630437529,4.87414908955,0.8522131548553235,1.2441263914850669,0.6169392148210812,0.5257637146166397,zara01
5530,221.2,94,9.96299735945,4.73835166351,1.0743945984766927,1.2441263914850669,0.6169392148210812,0.6628361599922216,zara01
5530,221.2,95,10.3146845576,5.30302074963,0.994837744810054,1.6452606189825734,0.35277839248951326,0.3509572604019835,zara01
5530,221.2,96,5.46977773406,2.9171387319,1.2462744485932473,3.535995921355417,0.07637441051598914,0.09518347635244868,zara01
5530,221.2,97,5.14208355837,3.56319080972,1.2256332415450013,3.308979389162114,0.08721340807326025,0.10689165204301695,zara01
5540,221.6,76,2.4576010851,5.59704962288,0.6326744666797451,2.1833573776965363,0.20031880743477123,0.12673659465971646,zara01
5540,221.6,77,2.676274334,7.6609795708,0.7658061405600348,2.0754818283245786,0.22168357239074732,0.1697666409981193,zara01
5540,221.6,78,2.6413371258,6.78987130185,0.784496315045394,1.2068895933236483,0.6555960028335415,0.5143126483814029,zara01
5540,221.6,81,0.18541976158,4.11067639026,1.0682169110524078,4.336935458903909,0.050769801305426895,0.05423316032522762,zara01
5540,221.6,85,15.0396262687,3.12501141745,1.2695927366790665,5.010717430792174,0.03803396105562271,0.04828764070335308,zara01
5540,221.6,86,11.6829182353,3.11212378826,1.223692147776591,2.7595685924936983,0.12539753374650717,0.1534479773961509,zara01
5540,221.6,87,10.2159764212,3.37106967095,1.2649911457213259,1.6360269759637556,0.356771752211456,0.4513131075909747,zara01
5540,221.6,88,10.111796192,4.03263463576,1.1478225396494368,1.4685955224608669,0.442758576493149,0.5082082737219357,zara01
5540,221.6,89,3.55412430625,7.48508729841,0.8386510020912161,2.1833573776965363,0.20031880743477123,0.16799756859288825,zara01
5540,221.6,90,12.2109751954,7.81777905921,0.805187659544529,4.328264178015252,0.05097343037201038,0.04104317710019505,zara01
5540,221.6,91,7.80825556711,5.20278363375,0.9001212612107885,1.7768204280593516,0.30247139182620425,0.27226093069078555,zara01
5540,221.6,92,8.00419858417,4.40685320171,0.8546039719909441,1.6156505063877442,0.36582766065624645,0.3126377718609834,zara01
5540,221.6,93,8.38619275814,4.89873104892,0.8522131548552966,1.167256748489972,0.7008718142459464,0.5972921799676933,zara01
5540,221.6,94,9.5530113259,4.86675063576,1.113662407110805,1.167256748489972,0.7008718142459464,0.7805345917292577,zara01
5540,221.6,95,9.96573340588,5.4939485894,0.9941922454034657,1.687966995636455,0.33515328506516906,0.33320679703328826,zara01
5540,221.6,96,5.96247655569,2.99303254821,1.2717612281885884,2.879218647314545,0.11519193914977022,0.14649664201053691,zara01
5540,221.6,97,5.63499284511,3.60829751187,1.3423772444664361,2.6954511406632418,0.13143422059241458,0.1764343068674392,zara01
5550,222.0,76,2.20651620931,5.56626250872,0.6326744666812654,2.1627447592862756,0.20415538763593957,0.12916390099267508,zara01
5550,222.0,77,2.376782483,7.6609795708,0.7484665461124895,2.1016256027478692,0.21620248479226956,0.16182032705340804,zara01
5550,222.0,78,2.32563946136,6.80323625063,0.7899385330221685,1.2426964180176086,0.6183598583089324,0.48846627935235404,zara01
5550,222.0,86,12.1722496152,3.12405677825,1.2255627992988631,3.607767874897047,0.07336589295518711,0.08991450914321986,zara01
5550,222.0,87,10.7210926843,3.40090214592,1.2730081542890759,2.3052126920816067,0.1797005382354081,0.22876025050381038,zara01
5550,222.0,88,10.5598764104,4.13263309184,1.1994901362723405,1.8161742849626905,0.28950517915735186,0.34725860679900034,zara01
5550,222.0,89,3.21885338661,7.47745018482,0.8386510020912175,2.1627447592862756,0.20415538763593957,0.17121512042320167,zara01
5550,222.0,90,12.2210775206,7.493917711,0.810039021925983,3.9160853360198784,0.06226831131009372,0.05043976199061094,zara01
5550,222.0,91,7.4691962755,5.15648363261,0.8555552200243152,1.671896688256139,0.3416272515507478,0.2922809783668021,zara01
5550,222.0,92,7.66913812964,4.39205629413,0.8349654343286598,1.6221384839668869,0.36290715153582664,0.3030149274030882,zara01
5550,222.0,93,8.04629160609,4.92307434849,0.8487109567857717,1.1038326693891716,0.7837271558101281,0.6651578242666054,zara01
5550,222.0,94,9.13923692038,5.0777258987,1.173573384241391,1.6221384839668869,0.36290715153582664,0.4258981739933034,zara01
5550,222.0,95,9.61699271923,5.68487642917,1.0636806124231384,1.8161742849626905,0.28950517915735186,0.3079410462657624,zara01
5550,222.0,96,6.47958933004,3.04124182775,1.3265913866412298,2.3352879478835282,0.17510175786760063,0.23228848377289718,zara01
5550,222.0,97,6.21208817571,3.65459751301,1.447350326871447,1.958566488737303,0.2489400332385319,0.360303438479178,zara01
5560,222.4,76,1.95522086842,5.53547539455,0.632674466668859,2.1457050422164037,0.2074107865819837,0.13122350878212508,zara01
5560,222.4,77,2.07750109711,7.6609795708,0.7482034647124891,2.1290186606943284,0.21067472999652412,0.15762756291076752,zara01
5560,222.4,78,2.00994179692,6.81636253962,0.7683639272891748,1.2820554818031387,0.5809753979305108,0.4464005384122784,zara01
5560,222.4,86,12.6630542508,3.13694440743,1.2277133168991756,4.056191487017184,0.05804094616591246,0.07125764253331887,zara01
5560,222.4,87,11.2302077845,3.46319235364,1.2894616980966047,3.1118918703870446,0.09861032403997466,0.12715423588644217,zara01
5560,222.4,88,11.0536275575,4.21640268154,1.2651485085344085,2.48555517159405,0.15456977220406468,0.1955537167684757,zara01
5560,222.4,89,2.88337200187,7.47005173103,0.7584107560605854,2.1457050422164037,0.2074107865819837,0.15730257146676296,zara01
5560,222.4,90,12.2309693808,7.17005636279,0.810039021925983,3.839578694982111,0.06477452480511725,0.0524698927188575,zara01
5560,222.4,91,7.13013698389,5.10994497166,0.8555552200119322,1.4499436659040326,0.45422300262179327,0.3886128609425688,zara01
5560,222.4,92,7.33765558198,4.36317845836,0.832107209838291,0.8600894392358537,1.29087488623596,1.074146299836126,zara01
5560,222.4,93,7.70849510514,4.94025785407,0.8379264824521827,1.0811569070254785,0.8169470853781613,0.6845415976004857,zara01
5560,222.4,94,8.72483111953,5.30898724463,1.186792984169559,1.6070678929882432,0.3697455304598822,0.43881140147784015,zara01
5560,222.4,95,9.20805901123,5.88129344434,1.2406692285969956,2.2164698098576814,0.19437828300617696,0.24115915443328206,zara01
5560,222.4,96,7.02153698733,3.06152791072,1.3555550947853108,2.0003843769798224,0.23864067784030069,0.3234905866694396,zara01
5560,222.4,97,6.7891835063,3.70065885436,1.4473503268589873,1.4499436659040326,0.45422300262179327,0.6574198113115232,zara01
5570,222.8,76,1.70413599264,5.50468828039,0.6519314673520571,2.1962425246567094,0.197975199568347,0.1290662623539088,zara01
5570,222.8,77,1.77821971123,7.6609795708,0.7482034647125158,2.1575635625534066,0.20513708691478583,0.15348427917067523,zara01
5570,222.8,78,1.71192320169,6.83784192159,0.6975785417343344,1.3331763843053952,0.5372744125358151,0.3747911012079051,zara01
5570,222.8,86,13.1540693516,3.15030935622,1.2279923937815898,3.806985093291314,0.06588841031091185,0.08091046670016022,zara01
5570,222.8,87,11.7422693962,3.54696194334,1.2969596297303514,3.336726330196341,0.08576897209085667,0.11123889428531031,zara01
5570,222.8,88,11.5587438206,4.29587639484,1.2783253458006212,2.640018258532879,0.13701165775503416,0.1751454747784204,zara01
5570,222.8,89,2.61271387089,7.50418008239,0.6817423230807371,2.1962425246567094,0.197975199568347,0.13496807246609743,zara01
5570,222.8,90,12.241071706,6.84619501458,0.7743030870915101,3.6129443174331533,0.07315581373170889,0.05664477241115368,zara01
5570,222.8,91,6.79107769229,5.06364497052,0.860215391137953,1.4368433046910898,0.4625434813296551,0.3978870217102997,zara01
5570,222.8,92,7.00596256921,4.3343006226,0.8494739984727689,0.7603411656432753,1.6517882540196258,1.4031511727724053,zara01
5570,222.8,93,7.37617069705,4.94025785407,0.8308110202375172,1.1102764585764797,0.7746564103872027,0.6435930826473246,zara01
5570,222.8,94,8.31021485356,5.54048725035,1.1928946082102017,1.5922174080774725,0.3766748693658789,0.449333420714839,zara01
5570,222.8,95,8.7090462363,6.08582489269,1.3482554999529837,2.1733511288099097,0.2021676151147143,0.2725735989907915,zara01
5570,222.8,96,7.5632741795,3.0818139937,1.3555550947858266,1.8678386695033022,0.2737112559591519,0.3710306875156558,zara01
5570,222.8,97,7.36627883689,3.7469588555,1.3299660563004756,1.1933399971867158,0.6705682517588945,0.8918330132720813,zara01
5580,223.2,76,1.43894995451,5.46149085664,0.6911893885262446,2.2647630112284367,0.18617692597003568,0.12868351561892485,zara01
5580,223.2,77,1.47893832534,7.6609795708,0.7045760133545692,2.199852193561842,0.19732602993678938,0.13903118750394744,zara01
5580,223.2,78,1.45536623306,6.87865274734,0.6497163275977117,1.417256969873082,0.4754164218754041,0.308885811700532,zara01
5580,223.2,86,13.6450844524,3.163674305,1.228247298491733,3.675128460147272,0.07070112657857279,0.08683846772045409,zara01
5580,223.2,87,12.2541205428,3.63097019284,1.2969596298537032,2.9199780741371297,0.11199849873025926,0.1452575314573675,zara01
5580,223.2,88,12.0638600837,4.37535010815,1.2713609800890961,2.1808921568991844,0.20077193318391393,0.25525360174708334,zara01
5580,223.2,89,2.34226620502,7.53830843375,0.6808170775401524,2.2647630112284367,0.18617692597003568,0.126752430644329,zara01
5580,223.2,90,12.2187624044,6.55073418253,0.6344293190133621,3.675128460147272,0.07070112657857279,0.044854867588721446,zara01
5580,223.2,91,6.44780909849,5.02044754677,0.8714606983823371,1.559779031343863,0.39250503002571824,0.3420527075847926,zara01
5580,223.2,92,6.6666928125,4.25530422889,0.8964815792634372,1.280368019478004,0.5825078013073975,0.5222075136493283,zara01
5580,223.2,93,7.04384628895,4.94025785407,0.8308110202500174,1.1081333104447422,0.7776557045216487,0.646084929276877,zara01
5580,223.2,94,7.85308463546,5.69728673876,1.233196653929719,1.559779031343863,0.39250503002571824,0.48403588967829964,zara01
5580,223.2,95,8.21003346138,6.29035634105,1.3484989311082645,2.1721194835811293,0.20239694814604317,0.27293206823451405,zara01
5580,223.2,96,8.10522183679,3.10210007668,1.3555550947853607,2.122579107626381,0.2119549734760324,0.2873166441605317,zara01
5580,223.2,97,7.85097998436,3.76867689728,1.2129686612225534,1.4226969953504418,0.47178763397798057,0.5722636147676271,zara01
5590,223.6,76,1.16008368426,5.40588312331,0.7110909852768492,2.348239852380478,0.17317550927965417,0.12314354351948943,zara01
5590,223.6,77,1.21501507787,7.63830688983,0.6445927175605114,2.2330994897960283,0.1914940292781217,0.1234356567289966,zara01
5590,223.6,78,1.19859879932,6.91946357309,0.6496695475065478,1.514070405246834,0.4165616077031127,0.2706273911850813,zara01
5590,223.6,86,14.1363100182,3.17680059399,1.228247298491694,3.804404228400145,0.06597783654134577,0.0810370994922345,zara01
5590,223.6,87,12.7661821546,3.71473978254,1.2946245417953626,2.7450878855842498,0.12672400081937651,0.16406000149526048,zara01
5590,223.6,88,12.55592751,4.4961119668,1.265895003410764,2.058686807324108,0.22531537041113914,0.28522560159510657,zara01
5590,223.6,89,2.07202900426,7.56981152731,0.6757188561097389,2.348239852380478,0.17317550927965417,0.1170179570366694,zara01
5590,223.6,90,12.0672275255,6.36935273475,0.5908788429217359,3.804404228400145,0.06597783654134577,0.038984907714029814,zara01
5590,223.6,91,6.09864748162,4.98250063862,0.8780439999431736,1.486093895095747,0.4323932262887963,0.3796602779589485,zara01
5590,223.6,92,6.31963584673,4.12618927725,0.925636294402142,1.9496000338418826,0.25123511163072976,0.23255233775357717,zara01
5590,223.6,93,6.71152188085,4.94025785407,0.8005038546532954,1.0562456147269175,0.8559364955218575,0.68518046400368,zara01
5590,223.6,94,7.35301953499,5.77938570986,1.2665912203056515,1.486093895095747,0.4323932262887963,0.5476654641370242,zara01
5590,223.6,95,7.71081022135,6.4948877894,1.2655746391899227,2.2105165896726913,0.19542666684554189,0.2473270333811359,zara01
5590,223.6,96,8.64695902896,3.12238615965,1.3231231640672747,2.655291782772208,0.13543997940860908,0.17920377409632537,zara01
5590,223.6,97,8.33568113183,3.79039493905,1.2129686612219512,2.0438190793563695,0.22860539951857548,0.2772911854021558,zara01
5600,224.0,76,0.881006948892,5.35051404978,0.7113490139254268,2.423768289024721,0.16255082712925584,0.11563037059115866,zara01
5600,224.0,77,0.966245318291,7.60561049727,0.627234297792183,2.2567067968834182,0.18750856412142802,0.11761180254672442,zara01
5600,224.0,78,0.942041830684,6.96003573904,0.6572623266074907,1.6106785293762775,0.3680896813282019,0.24193148034998382,zara01
5600,224.0,86,14.627325119,3.19016554277,1.227984312766353,4.042250603974555,0.058441978859351304,0.07176583324630624,zara01
5600,224.0,87,13.2683519061,3.84075215679,1.2944640705088475,2.7090818956602334,0.13011492450702566,0.16842909481131585,zara01
5600,224.0,88,13.0448379597,4.62689753704,1.2649985318602195,2.1373966484273415,0.20902639664094708,0.26441808487082996,zara01
5600,224.0,89,1.80431738482,7.59152956909,0.6717399959761702,2.423768289024721,0.16255082712925584,0.10919189196172945,zara01
5600,224.0,90,11.9156926466,6.18797128697,0.7159226636835926,3.902005761248541,0.06271848648349128,0.044901585905464475,zara01
5600,224.0,91,5.74948586475,4.94455373046,0.8780439999431721,1.4347237252734284,0.4639111618348827,0.4073344121557846,zara01
5600,224.0,92,5.97257888095,3.9973129854,0.9253897003889002,2.0614747386500243,0.22470635104811112,0.2079409428718946,zara01
5600,224.0,93,6.40508468123,4.89443517252,0.7536547395777176,1.0655980007345125,0.8409779094055615,0.6338069873036618,zara01
5600,224.0,94,6.85316489963,5.86124602116,1.268447945451403,1.4347237252734284,0.4639111618348827,0.5884471601014303,zara01
5600,224.0,95,7.24063116645,6.5824759359,1.1889356942224627,2.2150177114089673,0.1946332235613991,0.2314063867737278,zara01
5600,224.0,96,9.16344040799,3.12644337625,1.2833210269901585,3.3075687688822315,0.08728781392523843,0.11201828701026284,zara01
5600,224.0,97,8.8203822793,3.81211298082,1.2530250659383126,2.840579243022232,0.11834708453891532,0.14829186340798142,zara01
5610,224.4,76,0.601930213529,5.29490631644,0.711149243240682,2.499586236910195,0.15283933260124777,0.10869157571678824,zara01
5610,224.4,77,0.717475558713,7.57315276451,0.6272342977897039,2.281174610795338,0.1835077132811387,0.11510233167888935,zara01
5610,224.4,78,0.676434862336,6.98127646122,0.7090835354103319,1.6880151681484308,0.3351341561549934,0.23763811228314097,zara01
5610,224.4,86,15.1183402197,3.20329183175,1.2279763041733822,4.560820276502966,0.045907692550039465,0.05637355863072537,zara01
5610,224.4,87,13.7694693321,3.97129906723,1.294682251209636,3.039912921269387,0.10333539295382539,0.13378649917909102,zara01
5610,224.4,88,13.5335379443,4.75768310729,1.2872070351734948,2.360169788490317,0.1714292354806539,0.22066491794511137,zara01
5610,224.4,89,1.53639530027,7.61324761086,0.6720022169356007,2.499586236910195,0.15283933260124777,0.10270837034299612,zara01
5610,224.4,90,11.5755810294,6.07556252131,0.9821772825327573,3.1783897885285386,0.09452725979268073,0.09284252714844313,zara01
5610,224.4,91,5.40032424788,4.90660682231,0.8780439999431721,1.411495276125271,0.4793056230054128,0.4208514264189267,zara01
5610,224.4,92,5.62573238029,3.86819803376,0.9373646771426841,2.203678492464904,0.19664138116638682,0.18432468476992167,zara01
5610,224.4,93,6.1245346901,4.80255114963,0.7380335831852882,1.168491099189704,0.6993918463219665,0.5161746703915754,zara01
5610,224.4,94,6.35246840383,5.94859550786,1.2759360220491736,1.411495276125271,0.4793056230054128,0.6115633099633272,zara01
5610,224.4,95,6.77360908819,6.65717645321,1.182089501472356,2.2249506253520828,0.19289928875030588,0.22802422407322112,zara01
5610,224.4,96,9.67360783372,3.12644337625,1.2751554828874827,3.924953177650609,0.0619872573926283,0.07904339113336763,zara01
5610,224.4,97,9.33770551876,3.81855679542,1.31043314393712,3.360463013227306,0.08456159043336114,0.11081231080791253,zara01
5620,224.8,76,0.323063943275,5.23929858311,0.7108912394464563,2.575464890148693,0.1439660584281457,0.10234420971420544,zara01
5620,224.8,77,0.468705799136,7.54045637195,0.6272342977884868,2.305762069103756,0.17961491657751627,0.11266063607183606,zara01
5620,224.8,78,0.375890685791,6.92447542889,0.7649200304051996,1.6860046459834805,0.3359339124227819,0.256962578504572,zara01
5620,224.8,87,14.2705867582,4.10208463747,1.294757554706911,4.2018596363986225,0.05408642802433227,0.0700288112916158,zara01
5620,224.8,88,14.051492579,4.84383929498,1.3242875787760768,4.232057902406901,0.05331730386127343,0.07060744323731416,zara01
5620,224.8,89,1.26847321571,7.63496565263,0.7440943883357415,2.575464890148693,0.1439660584281457,0.10712433618719869,zara01
5620,224.8,90,11.1546508102,5.99250891101,1.0340942040989198,3.116269263118131,0.09833348471211466,0.10168608660964751,zara01
5620,224.8,91,5.05116263101,4.86865991415,0.856359845865008,1.424334165849477,0.4707036848498008,0.4030917350060667,zara01
5620,224.8,92,5.2628905313,3.75507328869,0.953452614520545,2.3669293940951595,0.17045147978552996,0.16251740905040937,zara01
5620,224.8,93,5.84398469897,4.71066712674,0.7381908351725108,1.3374615895768531,0.5338370909007384,0.39407364797807964,zara01
5620,224.8,94,5.84966725693,6.04811664434,1.281073527957869,1.424334165849477,0.4707036848498008,0.6030060301733033,zara01
5620,224.8,95,6.30679747504,6.73163831072,1.1803781723492142,2.246621322704111,0.18919586008886138,0.22332266354772784,zara01
5620,224.8,96,10.1835647943,3.12644337625,1.275155482975027,4.2018596363986225,0.05408642802433227,0.06896860524976145,zara01
5620,224.8,97,9.86870899034,3.81855679542,1.3277717603000276,4.122410273710227,0.05619128430931547,0.07460920048089913,zara01
5630,225.2,77,0.219936039559,7.50799863919,0.6271956318402832,5.196634798696069,0.035361199432944745,0.02217838982097604,zara01
5630,225.2,78,0.0751360441363,6.86767439655,0.7651785402430085,5.03974577150054,0.037597080627805535,0.028768479272182932,zara01
5630,225.2,87,14.7717041842,4.23287020772,1.2947575545891647,4.384691151394364,0.049669909200790424,0.06431049017348127,zara01
5630,225.2,88,14.5818646553,4.9106640389,1.3364133102233917,4.277968817871572,0.05217904817895795,0.06973277450114704,zara01
5630,225.2,89,1.00644415423,7.88436514333,0.9262860232944056,4.675269059230843,0.04368759760167171,0.040467211049738695,zara01
5630,225.2,90,10.753083381,5.98678107581,0.9760954457319111,3.977133883031635,0.06037136009220251,0.058928209638640115,zara01
5630,225.2,91,4.71526031605,4.90087898712,0.8435814968792693,1.3974992770950523,0.48895421942073547,0.4124727323243787,zara01
5630,225.2,92,4.89604984522,3.64600576022,0.956777843631314,2.541730484643419,0.14781291663524218,0.14142412363912218,zara01
5630,225.2,93,5.56322424273,4.61902176365,0.8509965612683003,1.5435858125551616,0.4007834926037682,0.341065374018906,zara01
5630,225.2,94,5.34707657515,6.14739912102,1.2810735279578698,1.5435858125551616,0.4007834926037682,0.5134331228171861,zara01
5630,225.2,95,5.83788121079,6.78414346665,1.1788417269046736,2.192478682488439,0.19865551359832578,0.23418340870938523,zara01
5630,225.2,96,10.6937322201,3.12644337625,1.2754185643750269,4.225403610707783,0.05348536745532697,0.06821623057494391,zara01
5630,225.2,97,10.399922927,3.81855679542,1.3280348417000294,4.322190977983073,0.05111677865692137,0.06788486305186002,zara01
5640,225.6,88,15.1122367316,4.97748878282,1.3364133102233413,4.862060941252,0.040395276579456574,0.053984785290938975,zara01
5640,225.6,89,0.744836022965,8.1593012326,0.9483802549095105,4.860007912217644,0.04042941240554058,0.0383424564430083,zara01
5640,225.6,90,10.3807706021,6.09680324348,0.970656848661092,4.862060941252,0.040395276579456574,0.039209951865408536,zara01
5640,225.6,91,4.37935800109,4.93285940028,0.843581496878051,1.4039413372071805,0.4844773289539868,0.4086961103624841,zara01
5640,225.6,92,4.52920915914,3.53693823175,0.9275796222852706,2.7282355715405093,0.128294384594225,0.11900325680323247,zara01
5640,225.6,93,5.19322658001,4.51067021458,1.0394310063122714,1.7709689771010482,0.30447348276309255,0.3164791785838433,zara01
5640,225.6,94,4.84427542825,6.2469202575,1.2522271493624497,1.7709689771010482,0.30447348276309255,0.38126996137688435,zara01
5640,225.6,95,5.36854401633,6.8268635708,1.178482629793886,2.3228189483632775,0.17698671225154106,0.20857576609276987,zara01
5640,225.6,96,11.2038996458,3.12644337625,1.275418564249982,4.324519380627578,0.05106174900358561,0.0651251026022461,zara01
5640,225.6,97,10.9311368637,3.81855679542,1.3276972187350395,4.338746300116233,0.0507274310644683,0.06735066913786801,zara01
5650,226.0,89,0.48343835681,8.43399866207,1.155783906592145,4.970626787592392,0.03864996189291194,0.0446710039462273,zara01
5650,226.0,90,10.0084578231,6.20706407095,0.9892226284453244,5.152266005589259,0.0359728484373558,0.03558515568386638,zara01
5650,226.0,91,4.04345568613,4.96507847324,0.8438433855540073,1.503667703733943,0.42234527339228795,0.35639326537208105,zara01
5650,226.0,92,4.17583824008,3.46724957024,0.8468169510145641,2.8151263128754858,0.12049682667214959,0.10203875536944013,zara01
5650,226.0,93,4.76345682615,4.39134031473,1.0937790759213308,1.9294289314252573,0.2565156161520876,0.2805714135942212,zara01
5650,226.0,94,4.35368125771,6.27675273246,1.2202152561143695,1.9294289314252573,0.2565156161520876,0.3130042682603549,zara01
5650,226.0,95,4.89899635675,6.86982233475,1.1787446227928204,2.4821853451983977,0.15498974637671087,0.18269333012957095,zara01
5650,226.0,96,11.7140670715,3.12644337625,1.276535345912673,7.064768010893244,0.01913266958525089,0.024423528987241122,zara01
5650,226.0,97,11.4619298702,3.80065731044,1.3284314446618455,6.724466338187852,0.02111814338264424,0.02805400572238208,zara01
5660,226.4,89,0.270658130978,8.95308372645,1.579563598709852,5.240318194375635,0.03477411334539931,0.05492792361780322,zara01
5660,226.4,90,9.64119620684,6.37842180714,1.0201090881557473,5.239045423902995,0.034791011401163384,0.03549062691645699,zara01
5660,226.4,91,3.70734290605,4.9970588864,0.8438433855540064,1.5144354121003776,0.41636083384725375,0.35134333564575576,zara01
5660,226.4,92,3.85340569213,3.48968359141,0.807767693834285,2.7871103360270335,0.12293146528814754,0.09930006621547639,zara01
5660,226.4,93,4.34694637421,4.28823928125,0.9917823713805921,2.0452481642085685,0.22828604230580932,0.22641007239114574,zara01
5660,226.4,94,3.86855918003,6.27675273246,1.2130682755999826,2.0452481642085685,0.22828604230580932,0.2769265556834528,zara01
5660,226.4,95,4.42944869718,6.9125424389,1.1277077212344557,2.6255996832242356,0.1385205985264145,0.15621074850825578,zara01
5660,226.4,96,12.2250763577,3.13670574763,1.2778053244359031,7.961844102707333,0.015064129581204174,0.019249024986855084,zara01
5660,226.4,97,11.9925124116,3.76461968068,1.3292499903855595,7.6634755508315235,0.016259973357315223,0.021613569428880715,zara01
5670,226.8,89,0.0902895320294,9.63493477423,1.7632599121466592,5.654911756051811,0.029862056826866455,0.05265456769705909,zara01
5670,226.8,90,9.2751973812,6.56529243032,1.0002932692273645,5.288947323621469,0.03413759320072531,0.03414760470630737,zara01
5670,226.8,91,3.37144059109,5.02927795936,0.841695115920993,1.5255469018383048,0.4103177017504046,0.34536240553924225,zara01
5670,226.8,92,3.5311836093,3.51211761258,0.8114680228602262,2.768591449032888,0.12458152294335748,0.1010939221077622,zara01
5670,226.8,93,3.98284173455,4.2493377339,0.9151489931968873,2.1142255890325705,0.2136331933132723,0.19550620177407713,zara01
5670,226.8,94,3.38322663723,6.27675273246,1.2138974407922691,2.1142255890325705,0.2136331933132723,0.25932878663126135,zara01
5670,226.8,95,3.99883708289,6.92996460428,1.0650291198234072,2.680674592219614,0.13288721076536789,0.14152874911722735,zara01
5670,226.8,96,12.7360856439,3.14792275822,1.278100553293733,8.822266935727178,0.012269051623409556,0.015681081668269127,zara01
5670,226.8,97,12.5228844878,3.72858205092,1.329229803815392,8.555905370484986,0.013044860431383651,0.017339617272007262,zara01
5680,227.2,90,8.92161599703,6.72853573332,0.9474797440667532,5.60807209611334,0.030362966866273468,0.028768296075564092,zara01
5680,227.2,91,3.03406502036,4.98679651501,0.8535333386765642,1.4684776369083057,0.44282966635269055,0.377969883587041,zara01
5680,227.2,92,3.2053836196,3.52834647896,0.8541693969978256,2.7734273850770497,0.12414744413660195,0.10604294749698252,zara01
5680,227.2,93,3.61894756001,4.21067484634,0.9151174352221408,2.1958618093108444,0.19804385482726902,0.18123338449103643,zara01
5680,227.2,94,2.89747316421,6.28462850585,1.2261217605078996,2.1958618093108444,0.19804385482726902,0.24282587993858198,zara01
5680,227.2,95,3.57790686363,6.94118161487,1.0526912177802195,2.730815180810942,0.128052117688833,0.1347993397091936,zara01
5680,227.2,96,13.2473053952,3.15937842861,1.278107203078821,9.685582004216196,0.010179347420275188,0.013010297260495532,zara01
5680,227.2,97,13.0534670292,3.69278308097,1.3292298039401016,9.448723167453009,0.010696092054000905,0.014217564343864902,zara01
5690,227.6,90,8.58045205432,6.86839037595,0.9219054614941745,5.969302238640999,0.026799349010063284,0.02470646621686584,zara01
5690,227.6,91,2.69647898452,4.92593826609,0.8578813214453809,1.4673909956890847,0.44348576297507103,0.3804581523832669,zara01
5690,227.6,92,2.84822432856,3.48944493161,0.8984405593937835,2.9086715418102087,0.11287090788698026,0.10140780162126276,zara01
5690,227.6,93,3.25484292036,4.17201195879,0.9539266046958832,2.350833919006406,0.1727935333766052,0.16483234860734977,zara01
5690,227.6,94,2.40624759835,6.36434087896,1.243820310367296,2.350833919006406,0.1727935333766052,0.21492410631395079,zara01
5690,227.6,95,3.15697664438,6.95215996565,1.0526912177676864,2.7818700091883923,0.12339504396665968,0.12989687909976017,zara01
5690,227.6,96,13.7583146813,3.17083409899,1.2781005531684453,10.55107938268961,0.00857783327976693,0.010963333459856813,zara01
5690,227.6,97,13.5838391055,3.65674545121,1.3292499903855612,10.34184034717566,0.008928442867495534,0.011868132595776472,zara01
5700,228.0,90,8.23928811162,7.00848367839,0.9063904678335711,6.259131325764321,0.02437492311297053,0.022093197963772685,zara01
5700,228.0,91,2.35868248357,4.86484135736,0.8581932631640371,1.6400623057055588,0.3550182572421693,0.3046742766654668,zara01
5700,228.0,92,2.49085457242,3.45054338426,0.8987020953635942,3.0481163523844317,0.10277992593019994,0.0923685347947857,zara01
5700,228.0,93,2.85958944448,4.13478103004,1.0308565799331726,2.4946835539999426,0.15344065863874537,0.15817531258703046,zara01
5700,228.0,94,1.91523249759,6.44381459226,1.2230469376214348,2.4946835539999426,0.15344065863874537,0.18766512765473348,zara01
5700,228.0,95,2.73604642513,6.96337697624,0.9980509951394938,2.8312926207810434,0.11912471316636725,0.1188925385213996,zara01
5700,228.0,96,14.2695344326,3.18205110958,1.2783635699961546,11.449652349886628,0.00728428252100946,0.009311961408418242,zara01
5700,228.0,97,14.1144216468,3.62070782145,1.3294922843182724,11.266566431977813,0.007522950745577279,0.010001704971551388,zara01
5710,228.4,90,7.88002416949,7.05597697853,0.9143729264546796,6.277105356896444,0.024235531356417893,0.02216031373055198,zara01
5710,228.4,91,2.02088598262,4.80374444863,0.858363069859496,1.819447236470696,0.2884645508328048,0.24760731739848696,zara01
5710,228.4,92,2.13348481627,3.4116418369,0.8984083154623821,3.1927468442385014,0.09367903608961883,0.08416202500741415,zara01
5710,228.4,93,2.43339759749,4.09898206008,1.0692317823177404,2.6241642376309304,0.13867218443963075,0.1482727069262808,zara01
5710,228.4,94,1.44168600093,6.52853882116,1.0230672162654086,2.6241642376309304,0.13867218443963075,0.14187096570809635,zara01
5710,228.4,95,2.36015573934,7.00299450299,0.8933989086900865,2.904935909510117,0.1131613895576583,0.10109826193666567,zara01
5710,228.4,96,14.7807541839,3.19350677997,1.278370218538309,7.908144584322112,0.015269407317010852,0.01951995556879762,zara01
5710,228.4,97,14.6450041882,3.5849088515,1.329229803815342,7.603503705268322,0.016517482608083525,0.02195553016666619,zara01
5710,228.4,98,14.9640692944,2.52979387696,1.2224311812703204,8.40654678216323,0.0135125126557459,0.016518116807693613,zara01
5720,228.8,90,7.508553251,7.04189605035,0.9290813514856027,6.266818704731421,0.024315159346722553,0.022590761107440772,zara01
5720,228.8,91,1.68708831876,4.72164547753,0.8616207785588705,2.0184297480793285,0.23439271278929533,0.20195763168203837,zara01
5720,228.8,92,1.77632552524,3.37297894935,0.8953374071039291,3.3512459523232345,0.0850273760904163,0.07612819044164394,zara01
5720,228.8,93,2.0072057505,4.06318309012,1.0692317823177782,2.7427524781774446,0.1269398993896093,0.13572817487159142,zara01
5720,228.8,94,1.1259883365,6.6605176904,0.8554364282934013,2.7427524781774446,0.1269398993896093,0.10858901414177109,zara01
5720,228.8,95,2.02951505212,7.07125120571,0.8442288086718082,3.008150842788298,0.10552908242593736,0.08909069153667815,zara01
5720,228.8,97,15.1753762644,3.54887122174,1.3289875139824732,13.178210477189305,0.005498680714367138,0.007307678012770153,zara01
5720,228.8,98,14.4856821002,2.63098563204,1.2221737962948231,12.560396553013485,0.0060529164596351045,0.0073977158881276565,zara01
5730,229.2,90,7.13729279762,7.02781512216,0.9299276927586759,6.31465132425338,0.023948186507065865,0.022270081824270215,zara01
5730,229.2,91,1.35686856176,4.61878310385,0.8646739119261292,2.241378499360069,0.19008199384631252,0.16435894120580946,zara01
5730,229.2,92,1.42042902486,3.34386245379,0.8919277250850594,3.5021916003542364,0.0778559086809308,0.06944184351421273,zara01
5730,229.2,93,1.58101390351,4.02738412016,0.9602775240657846,2.870515825155272,0.1158914751931298,0.11128797885878998,zara01
5730,229.2,94,0.810290672058,6.79249655964,0.8553214068741621,2.870515825155272,0.1158914751931298,0.09912445960690984,zara01
5730,229.2,95,1.69866389979,7.13926924863,0.844228808671808,3.114108311285501,0.09847000382447384,0.08313121401864393,zara01
5730,229.2,98,14.0075053711,2.73217738712,1.222235581781412,12.601930390494212,0.006013083425593437,0.00734940451898036,zara01
5740,229.6,90,6.7651904838,7.01254089498,0.9336539909742625,6.271219205778426,0.024281047528841537,0.022670096930338654,zara01
5740,229.6,91,1.02664880475,4.51592073018,0.8645115330493555,2.4663879489104694,0.15698154628519462,0.13571235723947195,zara01
5740,229.6,92,1.06495345471,3.31737121602,0.8911532789604587,3.651683195120801,0.07161189994521976,0.06381717944877088,zara01
5740,229.6,93,1.24300693745,3.98466401602,0.7438474241251259,3.0333498612845706,0.10378303671274275,0.07719874452665708,zara01
5740,229.6,94,0.49459300762,6.92423676909,0.8553214068695183,3.0333498612845706,0.10378303671274275,0.088767852970334,zara01
5740,229.6,95,1.36802321257,7.20752595135,0.7307122081434992,3.225285742882933,0.09179837392797377,0.06707819251689234,zara01
5740,229.6,98,13.5291181769,2.833607802,1.1925705941022655,12.473549184679957,0.006137497020697217,0.007319398468273765,zara01
5750,230.0,90,6.391193984,6.9927321316,0.9365645107959591,6.212623001465316,0.02474123540606369,0.023171763034567704,zara01
5750,230.0,91,0.69663951286,4.4128196967,0.8645115330398091,2.6936223063862386,0.1316127556507841,0.11378074515525315,zara01
5750,230.0,92,0.709477884548,3.29087997825,0.891153278970431,3.8025347422834277,0.06604272745148716,0.058854193120543276,zara01
5750,230.0,93,0.993184852323,3.93478411788,0.6370821094783687,3.2258955565169636,0.0917636706290689,0.058460992857845444,zara01
5750,230.0,94,0.178895343182,7.05621563833,0.8554364282979836,3.2258955565169636,0.0917636706290689,0.07849798665044329,zara01
5750,230.0,95,1.16829182353,7.38508884233,0.66772383757387,3.4547453079680532,0.08000908627633246,0.05342397412921157,zara01
5750,230.0,98,13.0620960987,2.86033769957,1.1618146043215603,12.36011906893824,0.006250662830568587,0.007262111363244526,zara01
5760,230.4,90,6.01698701908,6.97292336823,0.9368430414578166,6.246622971981284,0.02447263844554615,0.022927021033822947,zara01
5760,230.4,91,0.366419755858,4.30995732303,0.86451153304315,3.3077628858897965,0.08727756920538553,0.07545246515402745,zara01
5760,230.4,92,0.35400231439,3.26438874048,0.891153278964672,4.341768485395373,0.050656835711768974,0.04514300524651762,zara01
5760,230.4,93,0.743152302088,3.88514287954,0.6370239235469931,3.684185097288096,0.0703539521525167,0.04481715063723361,zara01
5760,230.4,95,0.968770899606,7.56241307352,0.6677238375765677,4.341768485395373,0.050656835711768974,0.0338247767409481,zara01
5760,230.4,98,12.599914718,2.85508718397,1.1552649443129783,12.252750644694064,0.00636068943612311,0.007348281527214914,zara01
5770,230.8,90,5.64278005417,6.95287594505,0.916038730109085,6.24275611652141,0.024502965263413817,0.022445665183804614,zara01
5770,230.8,91,0.0364104639652,4.20685628955,0.864349306705006,3.6082793624553857,0.07334509463112501,0.06339578169462597,zara01
5770,230.8,92,-0.00147325576738,3.23789750271,0.8911532789638991,4.567537673549658,0.045772760577619,0.04079054567597466,zara01
5770,230.8,93,0.493330216962,3.83550164119,0.6370821094796064,3.9141966424859262,0.06232841770815276,0.03970831983403602,zara01
5770,230.8,95,0.769039510572,7.73997596451,0.6535656222012302,4.567537673549658,0.045772760577619,0.0299155027467795,zara01
5770,230.8,98,12.1379438023,2.84983666838,1.1552615932170802,12.145618046062463,0.006473395525702074,0.007478465228546896,zara01
5780,231.2,90,5.28456843759,6.94834140886,0.8821126978447377,7.595143777256031,0.01655386400236271,0.014602373634879056,zara01
5780,231.2,93,0.243297666727,3.78562174305,0.6373984253171343,11.471109328909524,0.007257057165102996,0.004625636809473077,zara01
5780,231.2,95,0.586355795417,7.91897081429,0.5352477631301442,12.195158751221772,0.006420908272572971,0.003436776790158521,zara01
5780,231.2,98,11.6757624216,2.84482481258,1.1558246837838606,12.195158751221772,0.006420908272572971,0.007421444273751829,zara01
5790,231.6,90,4.9370905416,6.95383058425,0.868803125179875,7.505893665061082,0.011299918415045778,0.009817404433269393,zara01
5790,231.6,95,0.557943005617,8.11252391186,0.489068554774862,11.889798520584884,0.0045033026199683985,0.0022024237040617943,zara01
5790,231.6,98,11.2133705757,2.83718769899,1.1608235395592033,11.889798520584884,0.0045033026199683985,0.00522753968701795,zara01
5800,232.0,90,4.5896126456,6.95931975964,0.868807888491296,7.426602357270877,0.011542497277072074,0.010028212687209522,zara01
5800,232.0,95,0.529530215818,8.30607700943,0.48906855476249433,11.603401464086671,0.004728348579948569,0.0023124866064087386,zara01
5800,232.0,98,10.7478217532,2.80830986323,1.1661275168832832,11.603401464086671,0.004728348579948569,0.005513857388494022,zara01
5810,232.4,90,4.24213474961,6.96504759484,0.8561105479297442,7.3487852641827764,0.011788241067576671,0.010092037519490976,zara01
5810,232.4,95,0.501117426018,8.49963010699,0.4887733952026412,11.331125252921868,0.004958314185506626,0.002423492058931492,zara01
5810,232.4,98,10.2822729308,2.77919336766,1.1663900895975579,11.331125252921868,0.004958314185506626,0.005783328527085916,zara01
5820,232.8,90,3.90475917888,6.96624089384,0.8140263463271891,7.261051404808066,0.012074832089285635,0.009829231448155484,zara01
5820,232.8,95,0.472704636219,8.69294454476,0.4884782395005678,11.073464062455358,0.005191742233334148,0.0025360531060798107,zara01
5820,232.8,98,9.81651364315,2.7503155319,1.1231486819964784,11.073464062455358,0.005191742233334148,0.005831098446634702,zara01
5830,233.2,90,3.59095570043,6.95764914105,0.7848109089493942,7.147753514350533,0.006230329159869031,0.00488963029101073,zara01
5830,233.2,98,9.38379737776,2.77036295507,1.0735385769601293,7.147753514350533,0.006230329159869031,0.006688498700278997,zara01
5840,233.6,90,3.27715222198,6.94881872846,0.7848109089493658,7.03391647497003,0.006433624556786415,0.005049178736250507,zara01
5840,233.6,98,8.95928925165,2.80282068783,1.0641056117649341,7.03391647497003,0.006433624556786415,0.0068460559948651115,zara01
5850,234.0,90,2.96334874353,6.94022697567,0.7848026873971297,6.9205351422793395,0.00664615966889493,0.005215923969019159,zara01
5850,234.0,98,8.53499159064,2.8352784206,1.064082904318182,6.9205351422793395,0.00664615966889493,0.007072064883040085,zara01
5860,234.4,90,2.64954526508,6.93163522288,0.7848109089618612,6.807280036923304,0.020607444942077998,0.016172947596373742,zara01
5860,234.4,98,8.11048346453,2.86749749356,1.064345225470804,8.174160701933554,0.014291737765278787,0.015211342854155254,zara01
5860,234.4,99,0.479229054617,5.79680787524,1.022480683312508,8.174160701933554,0.014291737765278787,0.014613025795965429,zara01
5860,234.4,100,0.261818596374,4.93524599827,0.9059939695640317,8.116472392077528,0.014495618497660888,0.013132942943981592,zara01
5870,234.8,90,2.33574178662,6.92280481029,0.7280018103810054,6.693901540502896,0.02131143735612212,0.015514764977078292,zara01
5870,234.8,98,7.68597533841,2.89995522632,1.0643452254708412,7.386606797129403,0.01750174771914251,0.018627901622264516,zara01
5870,234.8,99,0.88816276262,5.78988674105,1.0224806833087952,7.386606797129403,0.01750174771914251,0.017895198966966983,zara01
5870,234.8,100,0.623397654711,4.9109026987,0.9057515766135457,7.3432903575273825,0.01770883455142148,0.016039804814938437,zara01
5880,235.2,90,2.07013481828,6.99058419341,0.6769477994708071,6.589432668597024,0.021992537068921358,0.014887799573586467,zara01
5880,235.2,98,7.2614672123,2.93217429928,1.11880598542537,6.6106527229602765,0.021851572528582684,0.024447670135934893,zara01
5880,235.2,99,1.29709647062,5.78296560686,1.0224756784402742,6.6106527229602765,0.021851572528582684,0.02234270144614944,zara01
5880,235.2,100,0.984766247938,4.88632073933,0.9057515766073099,6.573862130071101,0.022096841411591735,0.020014248946590908,zara01
5890,235.6,90,1.81673482629,7.0774563605,0.6698458480920768,6.506263003147204,0.022558392686311105,0.015110645680556166,zara01
5890,235.6,98,6.79107769229,2.88372635994,1.1899126765100707,6.506263003147204,0.022558392686311105,0.02684251741913365,zara01
5890,235.6,99,1.70603017862,5.77628313246,1.0111250832346166,5.850178877481676,0.02790185587838827,0.028212266347435618,zara01
5890,235.6,100,1.34634530627,4.86197743976,0.9375963011666425,5.792977480552124,0.02845559699904929,0.026679862493797227,zara01
5900,236.0,90,1.56312436919,7.1640898678,0.6698458480920765,6.434245322455754,0.02306620518846448,0.015450801776732845,zara01
5900,236.0,98,6.31542654453,2.82644800801,1.1974932446126183,6.434245322455754,0.02306620518846448,0.027621624892034742,zara01
5900,236.0,99,2.10507202647,5.7443027193,0.9997599021277123,5.122593218668208,0.036390803226237285,0.03638206587181182,zara01
5900,236.0,100,1.73296971266,4.8333382638,1.0427616560941595,5.002651208582995,0.03815671105411781,0.03978835520989821,zara01
5910,236.4,90,1.3097243772,7.25096203489,0.635809596786998,6.372744412788659,0.02351355962655557,0.014950146865187332,zara01
5910,236.4,98,5.83998586189,2.76893099628,1.1972678515794482,6.372744412788659,0.02351355962655557,0.02815202901707144,zara01
5910,236.4,99,2.50306154878,5.70969704834,0.9987538659153506,4.447827429697919,0.04826980278354025,0.04820965213703238,zara01
5910,236.4,100,2.1778929544,4.79539135564,1.1160841957998546,4.185387204446683,0.05451300180992211,0.06084109978566293,zara01
5920,236.8,90,1.10557322086,7.38628214133,0.5992328614480703,6.32402043210816,0.023877280051578253,0.014308050848904165,zara01
5920,236.8,98,5.36454517925,2.71141398454,1.1972678515919,6.32402043210816,0.023877280051578253,0.028587499789211226,zara01
5920,236.8,99,2.90105107108,5.67485271759,0.9987538659029335,3.8536699839930892,0.06430168319419735,0.06422155467427029,zara01
5920,236.8,100,2.62260573104,4.75744444749,1.1160841958123486,3.421180000083239,0.08158673113771599,0.09105766121079605,zara01
5920,236.8,101,14.562080935,3.95411556165,1.7993685142264544,11.96647004946741,0.006668670596759349,0.011999395903556514,zara01
5930,237.2,90,0.975505783114,7.59463214648,0.6141795784803133,6.3029452596813185,0.024037224039236808,0.014763172128255318,zara01
5930,237.2,98,4.8891044966,2.65389697281,1.21149963852774,6.3029452596813185,0.024037224039236808,0.02912108823474569,zara01
5930,237.2,99,3.29904059338,5.64024704663,0.9984917804826213,3.383280948979546,0.08342481562129553,0.08329899268614177,zara01
5930,237.2,100,3.06752897279,4.71949753933,1.116346325317163,3.5556940300556983,0.07553054473632557,0.08431824606560065,zara01
5930,237.2,101,13.8425007252,3.93860267467,1.7993621090809653,10.80323160239036,0.008182085409581557,0.014722534459265264,zara01
5940,237.6,90,0.845227880256,7.80298215163,0.6139265948022733,6.2634905440869675,0.0243410063583437,0.01494359114763843,zara01
5940,237.6,98,4.39766846563,2.64435058083,1.2485629006875378,6.2634905440869675,0.0243410063583437,0.03039127750442741,zara01
5940,237.6,99,3.69681965057,5.60540271587,1.0160889397634774,3.600129303372001,0.07367755128685267,0.07486294497142736,zara01
5940,237.6,100,3.51245221454,4.68155063118,1.118407620603985,4.105778901287248,0.05664743695482385,0.06335492517795879,zara01
5940,237.6,101,13.1229205154,3.92332844749,1.7849297734444616,9.640332040011616,0.010275131699534343,0.018340388496561843,zara01
5950,238.0,90,0.715160442508,8.01109349698,0.613787180531295,6.203213017264509,0.024816354934633845,0.015231960526392797,zara01
5950,238.0,98,3.89065801654,2.68229748898,1.2710713082980947,6.203213017264509,0.024816354934633845,0.03154335673395492,zara01
5950,238.0,99,4.10912080033,5.57294498311,1.060646598439654,4.17893946907032,0.054681349099158325,0.05799758692011352,zara01
5950,238.0,100,3.95926964228,4.64646764062,1.1209828125025556,4.673858326193851,0.043713974455317016,0.04900261403058614,zara01
5950,238.0,101,12.4163891424,3.86628875536,1.7554970257348341,8.607550554560929,0.012888792080468175,0.022626236162576568,zara01
5960,238.4,90,0.585093004759,8.21944350213,0.6140402216497801,6.170340220505787,0.0250814800412616,0.01540103756384081,zara01
5960,238.4,98,3.38364756745,2.72024439713,1.271071308299027,6.170340220505787,0.0250814800412616,0.03188034965012232,zara01
5960,238.4,99,4.54309985638,5.54382848754,1.0871442757301293,4.777523829744675,0.041837493523628796,0.045483391595109404,zara01
5960,238.4,100,4.40650800023,4.61162330986,1.1214841623043523,5.2554332939693715,0.03457437402790992,0.038774612893887915,zara01
5960,238.4,101,11.7296414896,3.7469588555,1.7428541803703748,8.408909389902519,0.013504920640984089,0.02353710739470928,zara01
5970,238.8,90,0.45502556701,8.42779350728,0.614040221649779,6.165110837157887,0.02512404741895406,0.015427175645874109,zara01
5970,238.8,98,2.87663711836,2.75819130529,1.2668210200996253,6.165110837157887,0.02512404741895406,0.031827671380310736,zara01
5970,238.8,99,4.97686844731,5.51447333218,1.0868817897210685,5.379079612421116,0.03300315339218234,0.0358705264253341,zara01
5970,238.8,100,4.85374635818,4.5767789791,1.121484162315883,5.846285786285568,0.02793902841508055,0.03133317787800627,zara01
5970,238.8,101,11.0426833718,3.62762895564,1.742854180245143,8.212200267965194,0.014159643474786406,0.02467819382081235,zara01
5980,239.2,98,2.37257318081,2.78969439885,1.2262383484547732,8.015639093094698,0.014862609682075045,0.018225101950275626,zara01
5980,239.2,99,5.41063703825,5.48535683661,1.0868817897335386,5.325855472270877,0.03366608599250051,0.036591055796852165,zara01
5980,239.2,100,5.30098471614,4.54193464835,1.1221562290220073,5.159547672086495,0.0358713831685306,0.0402532960662018,zara01
5980,239.2,101,10.3559357191,3.50829905579,1.7643029192172683,5.325855472270877,0.03366608599250051,0.05939717379518824,zara01
5980,239.2,102,14.6854134892,3.53144905636,2.0387985912626947,9.478356072063244,0.010629316589797703,0.021671035689364748,zara01
5990,239.6,98,1.8956592424,2.76320316108,1.1943854987678708,7.777977384292435,0.01578476170565733,0.018853090482743515,zara01
5990,239.6,99,5.84440562919,5.45600168125,1.1102941229243215,4.779514818202452,0.04180264453988009,0.04641323055532334,zara01
5990,239.6,100,5.74885446942,4.50828361659,1.1265397176506458,4.22994317381838,0.05337062836553839,0.06012413260975116,zara01
5990,239.6,101,9.6447741137,3.43264389928,1.8046621330057704,4.305435788850578,0.051515408609199675,0.09296790718334211,zara01
5990,239.6,102,13.8753332823,3.62548101745,2.0385372648969318,8.236905054089533,0.014074833374196015,0.028692072330513598,zara01
6000,240.0,98,1.41853483888,2.73671192331,1.1946481754972271,7.526917089908244,0.01685532448177886,0.02013618263957086,zara01
6000,240.0,99,6.29753701022,5.43667023747,1.1576042292909183,5.576238614527012,0.030710626981472377,0.03555075167792821,zara01
6000,240.0,100,6.20030212957,4.48322433762,1.1306027594975214,5.09073708176446,0.03684767128088887,0.04166007883123053,zara01
6000,240.0,101,8.91740669483,3.38586657853,1.8224375440260472,4.161453533840442,0.055141843657091745,0.10049256612749854,zara01
6000,240.0,102,13.0654635404,3.71951297853,2.0033636000978934,6.982367690822692,0.019586911094385883,0.039239704724846274,zara01
6010,240.4,98,0.941410435355,2.71022068555,1.1944020778784177,7.275647368276565,0.01803964963609583,0.0215465950095515,zara01
6010,240.4,99,6.77003118132,5.42688518568,1.1814887033067385,5.7498981990341935,0.028883583291759607,0.03412562737023324,zara01
6010,240.4,100,6.65196025482,4.45840371845,1.1308490318253086,5.6687726045557065,0.02971620253359833,0.033604538864644456,zara01
6010,240.4,101,8.18982881086,3.33908925779,1.822418425254707,4.115082913095417,0.056391572070729826,0.10276903997077677,zara01
6010,240.4,102,12.2806391466,3.78538308326,1.8362079572493222,5.7498981990341935,0.028883583291759607,0.05303626547420256,zara01
6020,240.8,98,0.464496496944,2.68349078798,1.1941560620234781,7.308508412932288,0.01787779197655335,0.02134887366439588,zara01
6020,240.8,99,7.24252535243,5.4171001339,1.181488703319277,4.666256217717062,0.043856525168879036,0.051815989053868125,zara01
6020,240.8,100,7.10361838008,4.43358309928,1.1308490318378308,4.546367955694805,0.046200025794552124,0.05224525444065208,zara01
6020,240.8,101,7.46246139199,3.29255059685,1.8224184252555695,4.1582112744606485,0.05522786807923371,0.10064828437517943,zara01
6020,240.8,102,11.5966275404,3.73908308211,1.7139622074658456,4.666256217717062,0.043856525168879036,0.07516842669023333,zara01
6030,241.2,99,7.71501952354,5.40731508211,1.1814887033195356,3.6283689482254697,0.07253514755997638,0.08569945743572767,zara01
6030,241.2,100,7.55527650534,4.40876248011,1.1472411930834612,3.4328845520725424,0.08103133338050894,0.09296248358459877,zara01
6030,241.2,101,6.73488350802,3.2457732761,1.7503912106127801,4.201553603131518,0.054094307418792086,0.09468620025003938,zara01
6030,241.2,102,10.9126159341,3.69254442117,1.7139622075905592,4.201553603131518,0.054094307418792086,0.09271559856159524,zara01
6040,241.6,99,8.18751369465,5.39753003032,1.1854568921162956,3.002382527992109,0.10593496656431484,0.12558133622977635,zara01
6040,241.6,100,8.02103579294,4.40733052131,1.207422701312875,2.335082630161241,0.17513255170263675,0.21145901866461442,zara01
6040,241.6,101,6.06223701765,3.27679905007,1.6831550748360324,4.182715200018288,0.05458267210792194,0.09187110155655998,zara01
6040,241.6,102,10.2286043278,3.64624442002,1.720377921307598,4.182715200018288,0.05458267210792194,0.09390282398044096,zara01
6050,242.0,99,8.66337530752,5.4116109585,1.1932849584443752,3.891169589571228,0.06306829113186622,0.07525844316244674,zara01
6050,242.0,100,8.51983810275,4.46031299684,1.254282360910249,3.3353877214500818,0.0858378301335552,0.10766487623532853,zara01
6050,242.0,101,5.3898009924,3.30806348383,1.6831550748229664,4.160881645323295,0.05515700253784759,0.0928377887336014,zara01
6050,242.0,102,9.53722644268,3.64242586323,1.7344222675609788,4.160881645323295,0.05515700253784759,0.09566553341356028,zara01
6060,242.4,99,9.14113110637,5.44144343347,1.1969783360037791,4.898108009799124,0.039802895527581914,0.047643203656737264,zara01
6060,242.4,100,9.01885087767,4.51329547238,1.2542823609239973,4.459075234002007,0.04802659336883334,0.06023890891779707,zara01
6060,242.4,101,4.71715450204,3.33908925779,1.6834178746206878,4.898108009799124,0.039802895527581914,0.06700490579279123,zara01
6060,242.4,102,8.84121832515,3.6667691628,1.7413576176491108,4.137061340762552,0.05579399529268766,0.09715729872200028,zara01
6070,242.8,99,9.61909737033,5.47127590843,1.197240906342595,5.95734174603617,0.026907066577769607,0.03221424077658943,zara01
6070,242.8,100,9.51765318749,4.56627794792,1.2543139000294916,5.6022810481602825,0.03042577138272967,0.03816346796447735,zara01
6070,242.8,101,4.04450801167,3.37035369155,1.6963565883812186,5.6022810481602825,0.03042577138272967,0.051612957741674216,zara01
6070,242.8,102,8.14499974251,3.69135112217,1.7416205367664357,4.113036808144545,0.05644769205209112,0.0983104597309894,zara01
6070,242.8,103,0.131540693516,7.06003419512,1.0429750837555016,8.692729811508217,0.012637437476617238,0.01318053241062978,zara01
6070,242.8,104,0.363262779214,8.04378988954,1.1054265089416762,8.916229774385165,0.012011821734392258,0.013278186165878983,zara01
6080,243.2,99,10.0970636343,5.5011083834,1.1972409062677447,7.060089804140324,0.019158033636214156,0.022936781552928973,zara01
6080,243.2,100,10.0166659624,4.61949908325,1.2543139000046333,6.768891798427029,0.020841848670322724,0.026142220488978875,zara01
6080,243.2,101,3.36091733561,3.38705987753,1.7295588133946496,5.134665732733625,0.03621988187054738,0.06264441590931831,zara01
6080,243.2,102,7.44878115987,3.71569442174,1.7429158230886201,4.1010524636173225,0.056778083839733595,0.09895942072892396,zara01
6080,243.2,103,0.499854635361,6.86409449956,1.0431152298024373,7.628892638715118,0.016407725276342582,0.017115148122167353,zara01
6080,243.2,104,0.729682535072,7.79629967724,1.105208507383933,7.861146581827399,0.015452529924472238,0.017078267533131523,zara01
6090,243.6,99,10.5750298982,5.53094085836,1.0546855004939426,8.200672420954437,0.01419948043528873,0.014975986129646441,zara01
6090,243.6,100,10.5154682722,4.67248155879,1.2091767807034555,7.959855424551099,0.015071657719879191,0.0182242985615879,zara01
6090,243.6,101,2.660910381,3.38204802174,1.750323204856627,4.450975623680256,0.04820154405845953,0.0843682810754408,zara01
6090,243.6,102,6.75066839124,3.69326040057,1.748232309792884,4.242971883109837,0.053043365857239774,0.09273212601179129,zara01
6090,243.6,103,0.868168577205,6.66791614419,1.059622612094112,6.591841992582442,0.021976463424044627,0.02328675757797688,zara01
6090,243.6,104,1.09589182582,7.54880946494,1.1097646744462066,6.844103783008232,0.020386290524008303,0.02262398506654186,zara01
6100,244.0,99,10.9382926775,5.56626250872,0.8770177346443088,9.24061490059224,0.011183291337828097,0.009807944834969318,zara01
6100,244.0,100,10.9772287227,4.73381712732,1.159222683192435,9.118010975705989,0.011486062119863503,0.013314903749903158,zara01
6100,244.0,101,1.96069296127,3.37727482575,1.75032114557578,4.100137218540006,0.05680343502139039,0.0994242534592794,zara01
6100,244.0,102,6.05171376217,3.65054029642,1.7508917658133152,5.2486803189418305,0.034663398341956954,0.060691858732039354,zara01
6100,244.0,103,1.24953135585,6.46839655163,1.2257786596854718,5.567878387554408,0.03080292086754495,0.0377575630554169,zara01
6100,244.0,104,1.47704413935,7.31707079941,1.141254849316742,5.862682669845621,0.02778296594638871,0.03170744461471802,zara01
6110,244.4,99,11.2729322018,5.60301611787,0.8413680085974181,9.48323099467285,0.010618391246457798,0.008933974697540453,zara01
6110,244.4,100,11.434569406,4.79610733504,1.154168628982889,9.79231876932495,0.009958646046075463,0.011493956853524785,zara01
6110,244.4,101,1.26068600666,3.37250162975,1.7503232048529636,4.098637242335015,0.056845019278230505,0.09949715632300092,zara01
6110,244.4,102,5.352548668,3.60805885207,1.750891765813316,4.933734026931204,0.03923014517565324,0.06868773815971226,zara01
6110,244.4,103,1.74875459588,6.23641922631,1.3758563592949717,4.460449525678134,0.047997003355886844,0.06603698229429901,zara01
6110,244.4,104,1.91649528825,7.14857698082,1.1766145268689545,4.933734026931204,0.03923014517565324,0.046158758704851637,zara01
6120,244.8,99,11.607361261,5.63976972703,0.8413680085974468,9.348000660435487,0.0109278295717308,0.009194326205059432,zara01
6120,244.8,100,11.8921205543,4.85839754277,1.1543891007806597,9.71223522601711,0.010123553853115298,0.01168652022920235,zara01
6120,244.8,101,0.560468586933,3.36748977396,1.750323204859276,4.097904364706754,0.05686535365625331,0.09953274805706944,zara01
6120,244.8,102,4.65359403893,3.56533874792,1.7508917658258545,4.115782297080159,0.05637240875808548,0.09870198631430116,zara01
6120,244.8,103,2.2477673708,6.00468056079,1.3754920906496564,3.4261334529030525,0.08135098791169335,0.11189764043907001,zara01
6120,244.8,104,2.35594643715,6.98008316222,1.1766145268734705,4.115782297080159,0.05637240875808548,0.06632859505961264,zara01
6130,245.2,99,11.9420007853,5.67652333618,0.9550631156694971,8.272821845535258,0.013952885750913989,0.013325886537848445,zara01
6130,245.2,100,12.3496717026,4.92044909069,1.1460491148686147,8.510779269059803,0.013183560846734233,0.015109008239216293,zara01
6130,245.2,101,-0.139538367682,3.36271657796,1.7500580703034485,4.528639134024703,0.04656246371696515,0.08148701540108637,zara01
6130,245.2,102,3.95442894475,3.52285730357,1.7573491046695506,4.097098169102199,0.05688773491574541,0.09997161002086394,zara01
6130,245.2,103,2.74678014572,5.77294189527,1.3222164635404343,3.760321879973737,0.06753382352086974,0.08929433330512819,zara01
6130,245.2,104,2.79539758605,6.81158934362,1.2103131868787758,4.528639134024703,0.04656246371696515,0.05635516385020746,zara01
6130,245.2,105,15.153487893,4.06270577052,1.5951150720498555,11.212063043599363,0.007596268724956734,0.012116922734519425,zara01
6140,245.6,99,12.3439891446,5.84263055678,1.1031703748810275,3.586897522255701,0.07422213521376426,0.08187966072823864,zara01
6140,245.6,100,12.7916484328,5.03572177395,1.1473661840453677,2.7000337696480883,0.1309884460713122,0.1502917135228739,zara01
6140,245.6,102,3.25021268795,3.48156915822,1.8220805430458875,9.395285050028654,0.010818111667453313,0.019711470781764384,zara01
6140,245.6,103,3.24558245554,5.65361199541,1.2630714587878913,9.100369898859832,0.011530636769601692,0.014564018205334107,zara01
6140,245.6,104,3.27862547775,6.68653160857,1.2577865363336054,9.104558605306265,0.011520029480571898,0.01448973797882955,zara01
6140,245.6,105,14.5220925642,4.15458979341,1.595072138206326,2.755651669800083,0.1257542707977181,0.20058713360989353,zara01
6140,245.6,106,14.7845425559,3.21403152274,1.6519658990510382,3.586897522255701,0.07422213521376426,0.1226124363278938,zara01
6150,246.0,99,12.753554248,6.02329602517,1.1191056288082848,3.090575463662835,0.09997529108136949,0.1118829109909073,zara01
6150,246.0,100,13.1965833037,5.27438157367,1.1753084314428044,2.2237839805237427,0.19310174005968767,0.22695410321842766,zara01
6150,246.0,102,2.49843131636,3.45316864205,1.8805311871009176,10.572279844409712,0.008543465727271046,0.016066253746061025,zara01
6150,246.0,103,3.74396383513,5.60969859226,1.2510427886956141,9.019078791328345,0.011739430257677654,0.014686529567262725,zara01
6150,246.0,104,3.77279755515,6.57245222431,1.267921892297996,8.997530956169253,0.01179572619274406,0.014956059475333084,zara01
6150,246.0,105,13.8906972353,4.2462351565,1.5884481708123908,2.109748682787535,0.21454081851685325,0.34078697073768865,zara01
6150,246.0,106,14.1249449023,3.25364904949,1.6517212068006455,3.090575463662835,0.09997529108136949,0.1651313084351654,zara01
6160,246.4,99,13.1631193513,6.20396149355,1.1282665448768256,2.9261279175614634,0.11152821892504113,0.12583355822282236,zara01
6160,246.4,100,13.6017286398,5.51304137338,1.1755350997542502,2.223709330376044,0.19311470516729162,0.22701311420284478,zara01
6160,246.4,102,1.74686040989,3.42476812589,1.88026829330835,11.549189509119865,0.007159263822005739,0.013461336767946946,zara01
6160,246.4,103,4.24255567983,5.56578518912,1.2510427886956141,8.94336207543261,0.011939049550603894,0.014936261844162614,zara01
6160,246.4,104,4.26696963255,6.45837284005,1.2679218923008087,8.89978679248237,0.012056248107510876,0.015286380914523232,zara01
6160,246.4,105,13.2616170226,4.31592381802,1.5632062201828856,1.8906052087816343,0.267158921675953,0.41762448814120207,zara01
6160,246.4,106,13.4655577138,3.29350523605,1.6368921398247647,2.9261279175614634,0.11152821892504113,0.1825596649270554,zara01
6170,246.8,99,13.5737367802,6.40013984892,1.1786253438112029,3.1677222998935157,0.09516498383764224,0.11216386179442865,zara01
6170,246.8,100,14.0068739758,5.75170117309,1.1430434618672596,2.7034235048901123,0.13066016766254526,0.1493502503731523,zara01
6170,246.8,102,0.995289503419,3.39636760972,1.8805311870922412,11.680654982019222,0.006999016055601748,0.013161867971518412,zara01
6170,246.8,103,4.74093705942,5.52187178597,1.2381785468035509,7.994607906140777,0.014940909824360925,0.018499514014250106,zara01
6170,246.8,104,4.76114170995,6.34429345578,1.2768596194051607,8.14161568993329,0.01440622472502871,0.018394726619465375,zara01
6170,246.8,105,12.6411658794,4.29706969384,1.551580901042451,2.300563531443359,0.18042757822890929,0.2799479844013184,zara01
6170,246.8,106,12.8173251762,3.32405369041,1.6006251111660792,3.1677222998935157,0.09516498383764224,0.15232346283424425,zara01
6180,247.2,99,13.9887739764,6.6593243914,1.223072875690875,3.7766542592768393,0.06695097797802974,0.08188592516590527,zara01
6180,247.2,100,14.3958134984,5.96649499284,1.0361758189224657,3.4319193832544737,0.08107691715156676,0.08400994102523358,zara01
6180,247.2,102,0.243508131837,3.36796709356,1.8807940809268766,11.812540163685215,0.0068436026484987415,0.01287140735351193,zara01
6180,247.2,103,5.22227076514,5.41972539169,1.2289081302592402,6.893819465105592,0.02009331395744263,0.024692836886152716,zara01
6180,247.2,104,5.26373239173,6.23498726751,1.3226506053886726,7.034814151387565,0.019295948214385024,0.02552179758730483,zara01
6180,247.2,105,12.0209252014,4.27821556966,1.5515809010420767,3.0890302721464296,0.10007533516975414,0.15527497871477497,zara01
6180,247.2,106,12.1859298473,3.34075987639,1.5790329025058665,3.7766542592768393,0.06695097797802974,0.10571779708225464,zara01
6190,247.6,99,14.4036007074,6.91850893389,1.2229148549450581,4.560691207988533,0.04591029098139601,0.056144376835999314,zara01
6190,247.6,100,14.7466588361,6.12568107925,0.9628111653535822,4.2253986107318555,0.05348549403543578,0.05149643084177,zara01
6190,247.6,103,5.69939516866,5.30302074963,1.2279751369446106,6.16998934799216,0.025084332769744623,0.030802936968091336,zara01
6190,247.6,104,5.80041842128,6.14548984262,1.3602428169510525,6.394080034979941,0.02335690239657737,0.03177105871117119,zara01
6190,247.6,105,11.4004740582,4.25936144549,1.561792066056897,4.0112136612500775,0.05934987253772031,0.0926921600508997,zara01
6190,247.6,106,11.5545345184,3.35722740257,1.5790329023808505,4.560691207988533,0.04591029098139601,0.07249386001750313,zara01
6200,248.0,99,14.8186379036,7.17745481658,1.2229800805605284,5.444417688132543,0.03221576951391061,0.03939924439544181,zara01
6200,248.0,100,15.0972937088,6.28462850585,0.962448369966228,5.088782845804469,0.036875977802582616,0.03549122472700644,zara01
6200,248.0,103,6.17651957218,5.18631610757,1.2277195907109706,5.0808590009687995,0.03699108722634246,0.045414682469478974,zara01
6200,248.0,104,6.33710445082,6.05599241773,1.3602428169510525,5.312735094890328,0.03383257544581088,0.046020517729118804,zara01
6200,248.0,105,10.7720252409,4.24170062031,1.5874722493672146,4.783461264077191,0.04173369705079714,0.06625108593163882,zara01
6200,248.0,106,10.9231391896,3.37393358855,1.577710136864079,5.088782845804469,0.036875977802582616,0.05817960398590936,zara01
6210,248.4,103,6.65343351059,5.06961146551,1.245677802941023,4.008180343218269,0.05943973633811254,0.07404276016905371,zara01
6210,248.4,104,6.87379048037,5.96649499284,1.347137613396245,4.281014992077449,0.05210481815573705,0.07019236037676495,zara01
6210,248.4,105,10.1309485169,4.22547175393,1.6029498516335414,3.6932696074557883,0.07000827192286602,0.1122197490918787,zara01
6210,248.4,106,10.2927961862,3.39016245493,1.5651841274705072,4.281014992077449,0.05210481815573705,0.08155363434209674,zara01
6220,248.8,103,7.15139395997,4.97963672102,1.3136354081053083,2.973345878432246,0.10801411656996376,0.1418911681015187,zara01
6220,248.8,104,7.40163697531,5.88797591873,1.2838222928345142,3.366674785187601,0.08424983312890809,0.10816181393848,zara01
6220,248.8,105,9.49008225812,4.20900422775,1.602949851521135,2.6796547610473214,0.13298837925221524,0.2131737027763748,zara01
6220,248.8,106,9.67129271751,3.40137946552,1.5537540838762498,3.366674785187601,0.08424983312890809,0.13090352228993352,zara01
6230,249.2,103,7.69776138455,4.95219084405,1.3676408492593097,2.0489422870294005,0.2274636116706199,0.3110885270407964,zara01
6230,249.2,104,7.89454626205,5.85289292817,1.235107013058127,2.6998064206549377,0.13101050790877,0.16181199710242905,zara01
6230,249.2,105,8.84900553421,4.19277536137,1.6029422729005611,1.9149367712303587,0.2604129064104475,0.4174268560942038,zara01
6230,249.2,106,9.0499997139,3.4128351359,1.5534965173861326,2.6998064206549377,0.13101050790877,0.20352436777726257,zara01
6240,249.6,103,8.24412880914,4.92474496709,1.3676558487120656,1.511764429483403,0.4178333846619495,0.5714522723200736,zara01
6240,249.6,104,8.38724508369,5.81804859741,1.2350859363113587,2.3941168369624712,0.16660218780931696,0.20576801912199105,zara01
6240,249.6,105,8.2081392754,4.17654649499,1.5223835241765251,1.6512443922122773,0.350226231111078,0.533178643977945,zara01
6240,249.6,106,8.42870671028,3.42429080629,1.5537540839264152,2.3941168369624712,0.16660218780931696,0.25885882969980184,zara01
6250,250.0,103,8.79049623373,4.89706043032,1.367655848712697,1.7615337494081473,0.30774389447385175,0.4208877371827864,zara01
6250,250.0,104,8.88015437043,5.78320426666,1.2374207417988397,2.581259914315687,0.14332036577176666,0.17734759332818054,zara01
6250,250.0,105,7.63420092145,4.27964752846,1.4580720625005272,1.9527116689393198,0.250435066089162,0.36515237333508027,zara01
6250,250.0,106,7.80720324156,3.43550781688,1.4531702195827063,2.581259914315687,0.14332036577176666,0.20826888739923194,zara01
6260,250.4,103,9.33686365832,4.86961455335,1.361027094665304,2.4918479011647356,0.1537900796502036,0.20931246529466233,zara01
6260,250.4,104,9.37453691294,5.7457346781,1.2594491781390125,3.0930297297957368,0.09981669666385272,0.1257140565778404,zara01
6260,250.4,105,7.06005210239,4.38274856194,1.458019355321464,2.6859953631962195,0.13236125148560157,0.19298526656057896,zara01
6260,250.4,106,7.26757070048,3.48133049842,1.343107001078116,3.0930297297957368,0.09981669666385272,0.1340645041137112,zara01
6270,250.8,103,9.87733805984,4.8314289854,1.3006311784525402,3.408811002943836,0.08217988629070334,0.10688572235137324,zara01
6270,250.8,104,9.8830206178,5.68606972817,1.2801919131675559,3.8132583141137633,0.06567180156048844,0.08407250928088177,zara01
6270,250.8,105,6.48611374844,4.48561093561,1.4577604085678386,3.602787475239105,0.07356887135706092,0.10724578796734388,zara01
6270,250.8,106,6.73698815911,3.53121039656,1.332015130624181,3.8132583141137633,0.06567180156048844,0.0874758333339193,zara01
6280,251.2,103,10.3628810677,4.69658619856,1.2599717837396054,4.452012785126231,0.04817908816613767,0.06070429165563619,zara01
6280,251.2,104,10.3917147878,5.62640477824,1.280453202948773,4.658254912767078,0.04400731588785167,0.0563493085817781,zara01
6280,251.2,105,5.91217539449,4.58871196909,1.4410184211333719,4.598160452004446,0.045165116871332615,0.06508376540423194,zara01
6280,251.2,106,6.20661608286,3.5808516349,1.3319873021782163,4.658254912767078,0.04400731588785167,0.0586171859655641,zara01
6280,251.2,107,0.142063948997,2.48062995822,1.4474357902575115,10.458277326265263,0.00873074037839171,0.012637186099130568,zara01
6290,251.6,103,10.8486345408,4.56198207152,1.2601455957456122,5.498986775642012,0.03157955686180327,0.03979483949499952,zara01
6290,251.6,104,10.9004089577,5.56673982832,1.2728860224200635,5.618590133302267,0.030249393928504682,0.038504030718271944,zara01
6290,251.6,105,5.35107541223,4.68727846637,1.4129357408894718,5.374970934395011,0.033053628514555455,0.04670265309429879,zara01
6290,251.6,106,5.67603354149,3.63049287324,1.3444574530415652,5.255803765797875,0.03456950003310309,0.04647722196742609,zara01
6290,251.6,107,0.720843000467,2.46559439084,1.4474280736939906,5.135653056662239,0.03620595674040955,0.05240551822101895,zara01
6290,251.6,108,0.222672085984,3.0779954369,1.3581603280228298,5.48127764134976,0.03178394352795538,0.04316769116778698,zara01
6300,252.0,103,11.3343880138,4.42737794448,1.2618076517235945,6.545437344654682,0.02228917746457181,0.028124654675421818,zara01
6300,252.0,104,11.3920554538,5.43595425807,1.2778934348257218,6.625728732506378,0.02175224467017189,0.027797050656735458,zara01
6300,252.0,105,4.79860449946,4.78274238626,1.4016451705299584,4.381221933472156,0.04974860138524709,0.06972988687225158,zara01
6300,252.0,106,5.13598007019,3.68371400858,1.4677223258375345,4.412930735135662,0.049036239812218704,0.07197158394751674,zara01
6300,252.0,107,1.29962205194,2.45079748326,1.447428073693991,4.204859712128423,0.054009276582695574,0.07817454316569704,zara01
6300,252.0,108,0.765882533927,3.07035832331,1.3579015000112562,4.412930735135662,0.049036239812218704,0.06658638359592346,zara01
6310,252.4,103,11.8230879983,4.29850165264,1.2716186261884468,7.599098343932276,0.016536639241624938,0.02102829847420906,zara01
6310,252.4,104,11.8670752062,5.23404806752,1.2901305917335284,7.629244689153002,0.01640621104686661,0.021166154765999173,zara01
6310,252.4,105,4.2461335867,4.87820630614,1.4016451705299584,3.4531574836322396,0.08008268244598893,0.11224750509350466,zara01
6310,252.4,106,4.50984636906,3.76724493848,1.579202385594863,3.2776301817105686,0.08888970845666792,0.14037483964960185,zara01
6310,252.4,107,1.87840110341,2.43576191588,1.3901225612466428,3.4017189348826533,0.08252290869157158,0.11471695719185034,zara01
6310,252.4,108,1.30888251676,3.06248254992,1.357901500007506,3.4531574836322396,0.08008268244598893,0.10874439461803315,zara01
6320,252.8,103,12.3242054243,4.19253670157,1.2805578602726504,8.665820085196755,0.012716044691002598,0.016283630980641683,zara01
6320,252.8,104,12.3418844936,5.03214187696,1.2900052574286287,8.64841948428606,0.012767265474964023,0.016469839585690607,zara01
6320,252.8,105,3.69366267393,4.97367022603,1.4119034376310946,2.829036714516939,0.11931477173373799,0.16846093637103401,zara01
6320,252.8,106,3.88371266792,3.85077586838,1.5794631570675886,2.1819678895838543,0.20057401671383815,0.31679926966456606,zara01
6320,252.8,107,2.4117196912,2.45175212246,1.3277267923910219,2.829036714516939,0.11931477173373799,0.1584174191589029,zara01
6320,252.8,108,1.8520929647,3.05484543633,1.372105993065306,2.6595615367050107,0.1350054482508554,0.1852417846414667,zara01
6330,253.2,103,12.8253228504,4.08633309069,1.2805578602726488,9.74509074249637,0.010055405921987707,0.012876529091633499,zara01
6330,253.2,104,12.8166937809,4.8299970266,1.2408786046017672,9.69525193821092,0.010159052015884424,0.012606150289547435,zara01
6330,253.2,105,3.12288129662,4.9970588864,1.441949576088047,2.5323498886824423,0.14891003311190165,0.2147207591209636,zara01
6330,253.2,106,3.25736850167,3.93430679828,1.5730084222459206,1.4970152979788853,0.42610723197667416,0.6702702646792047,zara01
6330,253.2,107,2.93998711636,2.47132222603,1.3218373916039197,2.5323498886824423,0.14891003311190165,0.19683484975228938,zara01
6330,253.2,108,2.40624759835,3.08897378769,1.3877488137599694,2.038222902779597,0.22986244793618404,0.3189913394514021,zara01
6340,253.6,103,13.3264402764,3.98036813962,1.2805578601477277,10.401635119386707,0.008826085942176133,0.01130231372759301,zara01
6340,253.6,104,13.2828739987,4.71591764234,1.1770359438925013,10.444847039887819,0.008753207290337777,0.010302839605069449,zara01
6340,253.6,105,2.54010340807,4.97271558683,1.458227707748719,2.649773940878536,0.13600464230372677,0.19832573778974794,zara01
6340,253.6,106,2.63502317251,4.00685937739,1.5143053315584645,1.729965716659182,0.31907765287251527,0.48318099092601086,zara01
6340,253.6,107,3.46846500663,2.49089232961,1.3218263833082313,2.649773940878536,0.13600464230372677,0.17977452444946485,zara01
6340,253.6,108,2.96019176688,3.12310213905,1.3877488137599203,1.8967193085473395,0.26543931710260177,0.36836309743437895,zara01
6350,254.0,103,13.8275577024,3.87416452875,1.2805578601477279,10.338100491499858,0.008934903846947562,0.011441661350872871,zara01
6350,254.0,104,13.7429507283,4.6605485688,1.1585269744410323,10.338486917285787,0.008934235932436895,0.010350553323748471,zara01
6350,254.0,105,1.95732551952,4.94813362746,1.4582277077612071,3.1784563879950065,0.09452329849930767,0.13783649290067376,zara01
6350,254.0,106,2.04677319111,3.97965216022,1.4721970683495225,2.4416307714998884,0.16018114830823188,0.23581821694423905,zara01
6350,254.0,107,3.99673243179,2.51022377339,1.3215634800344551,3.1784563879950065,0.09452329849930767,0.12491853930908063,zara01
6350,254.0,108,3.51434640053,3.15723049041,1.3879930915058662,2.373109367516948,0.16956486745060767,0.23535486458355137,zara01
6360,254.4,103,14.3286751284,3.76819957768,1.2805578601503165,10.276390079831605,0.009042535440733116,0.011579489834318597,zara01
6360,254.4,104,14.203027458,4.60494083547,1.1585269744395321,10.232668990814256,0.009119972539794777,0.010565734193500058,zara01
6360,254.4,105,1.37454763096,4.92379032789,1.4355786151385757,3.956838161374658,0.060992271371301345,0.08755920046936898,zara01
6360,254.4,106,1.4585232097,3.95244494305,1.4724461183461266,3.380416406890816,0.08356626278001772,0.12304681925512949,zara01
6360,254.4,107,4.52499985695,2.52979387696,1.279613271179979,3.956838161374658,0.060992271371301345,0.0780465198861279,zara01
6360,254.4,108,4.06850103417,3.19112018197,1.3851970031785543,3.203050229582604,0.0930773228969817,0.1289304287407817,zara01
6370,254.8,103,14.8297925544,3.6619959668,1.2806196781363526,10.218738552352079,0.0091448546348185,0.011711080799045,zara01
6370,254.8,104,14.6631041876,4.54957176194,1.1585269744410753,10.129549558543697,0.009306601429059647,0.01078194879593746,zara01
6370,254.8,105,0.811974392935,4.86364805836,1.4058956766138664,4.796199519052039,0.04151230988250386,0.05836197699006725,zara01
6370,254.8,106,0.870062763192,3.92547638569,1.4724461183374387,4.367767727101941,0.05005555856343436,0.07370411290794127,zara01
6370,254.8,107,5.01917193435,2.56081965093,1.2378814048016773,4.796199519052039,0.04151230988250386,0.05138731647391643,zara01
6370,254.8,108,4.62034055161,3.22644183233,1.3585940416662774,4.145370553411645,0.055570546253141805,0.07549781303165873,zara01
6380,255.2,104,15.1231809173,4.4939640286,1.1585627335698176,14.8533181646421,0.004328370357693008,0.0050146885935113805,zara01
6380,255.2,105,0.258030224401,4.78823156165,1.3976359277116608,5.695734082983357,0.0294355375768969,0.04114016486897775,zara01
6380,255.2,106,0.281812781789,3.89826916852,1.4721970683446324,5.392127454287151,0.032843624922478026,0.04835228832468286,zara01
6380,255.2,107,5.51334401175,2.59208408469,1.2376188444689713,5.695734082983357,0.0294355375768969,0.036429976002242126,zara01
6380,255.2,108,5.15239634874,3.27154853447,1.3348858446663203,5.123977670132165,0.03637114096470419,0.048551321228146954,zara01
6390,255.6,107,6.00730562404,2.62310985865,1.2376188444689267,0.7647931575397792,0.5442045140578321,0.6735177618430279,zara01
6390,255.6,108,5.68445214588,3.31641657682,1.3351479908193309,0.7647931575397792,0.5442045140578321,0.7265935635391249,zara01
6400,256.0,107,6.50147770144,2.65437429241,1.274717048326155,6.10333800184826,0.025635189871572674,0.032677613566371666,zara01
6400,256.0,108,6.21671840812,3.36152327896,1.3351731537842981,5.87250059091182,0.027690145878753344,0.03697113940168239,zara01
6400,256.0,109,0.448080218393,3.4128351359,1.2222761241500695,6.100728148251429,0.025657127712906742,0.03136009461775499,zara01
6400,256.0,110,0.39883138274,2.56249026952,1.305823596269592,6.10333800184826,0.025635189871572674,0.03347503582915085,zara01
6410,256.4,107,7.02553582441,2.67919491158,1.3668268259797816,6.132585922735905,0.025391250993293406,0.034705443002819206,zara01
6410,256.4,108,6.74877420525,3.40662998111,1.3348858446673264,5.884130897949616,0.027580791877498196,0.03681720866198791,zara01
6410,256.4,109,0.936990668053,3.4128351359,1.2220130427587326,6.132585922735905,0.025391250993293406,0.031028439885765167,zara01
6410,256.4,110,0.919311598844,2.60640367267,1.306085746449913,6.106658076014339,0.02560732271607427,0.03344535920420768,zara01
6420,256.8,107,7.59421255062,2.69423047897,1.4221965621984034,6.2102379229232225,0.024760243090449854,0.03521393260243455,zara01
6420,256.8,108,7.28083000239,3.45149802346,1.3695575360820682,5.895520281773271,0.027474329756337557,0.03762767536659591,zara01
6420,256.8,109,1.4256906526,3.4128351359,1.2283387335978042,6.2102379229232225,0.024760243090449854,0.030413965641296954,zara01
6420,256.8,110,1.44000228006,2.65031707582,1.3063478969972562,6.15436694073748,0.025211843866275747,0.03293543921413249,zara01
6430,257.2,107,8.16288927683,2.70950470615,1.4222045408079809,6.283211231242588,0.024188451224156873,0.03440092516610827,zara01
6430,257.2,108,7.84214044976,3.47727328182,1.4136937047635014,5.933344806343259,0.027125153673796903,0.03834665898938924,zara01
6430,257.2,109,1.91965226489,3.4171310123,1.2495792133703483,6.283211231242588,0.024188451224156873,0.030225385853328984,zara01
6430,257.2,110,1.96069296127,2.69423047897,1.2976600411896806,6.202215123547553,0.02482434113838816,0.03221355554414746,zara01
6440,257.6,107,8.73156600303,2.72477893333,1.4222045408079809,6.345793534404104,0.023713710098698517,0.033725746181773104,zara01
6440,257.6,108,8.41081717596,3.4982753442,1.4226610312000527,5.986006076112112,0.026649991531201317,0.03791390443325154,zara01
6440,257.6,109,2.42518945821,3.43097328068,1.2643248694002744,6.345793534404104,0.023713710098698517,0.029981833423532972,zara01
6440,257.6,110,2.47549061942,2.72430161373,1.2766309656398889,6.25607540181902,0.024398741912805014,0.031148189448542692,zara01
6450,258.0,107,9.30024272924,2.74005316051,1.423720451518127,6.408413340465282,0.023252537335614786,0.03310511295440359,zara01
6450,258.0,108,8.97949390217,3.51927740657,1.4226500523859116,6.049491287390375,0.026093580187452756,0.03712203322061565,zara01
6450,258.0,109,2.93072665154,3.44505420886,1.264070160993811,6.408413340465282,0.023252537335614786,0.029392838613345185,zara01
6450,258.0,110,2.98123827785,2.73360934592,1.2648408349831861,6.3190077369341076,0.023915177457207358,0.030248893023745223,zara01
6460,258.4,107,9.87018224611,2.75341810929,1.4260020614568207,6.472715874514918,0.022792832271656856,0.03250262580582223,zara01
6460,258.4,108,9.54817062838,3.54004080915,1.422387148256547,6.1131984560100046,0.025552558575848514,0.036345630923359545,zara01
6460,258.4,109,3.43605337975,3.45913513705,1.2640701609812255,6.472715874514918,0.022792832271656856,0.02881173915885135,zara01
6460,258.4,110,3.48719640139,2.74267841831,1.2651038729901622,6.382994879745576,0.02343809930135086,0.02965163020166699,zara01
6470,258.8,107,10.4407531583,2.76582841888,1.4265081570009652,6.537546297462228,0.022343017573044396,0.03187249681996374,zara01
6470,258.8,108,10.1166368895,3.56104287152,1.418599849391965,6.176698879419931,0.025029865906160912,0.035507364004780946,zara01
6470,258.8,109,3.94159057307,3.47321606523,1.2643331403556823,6.537546297462228,0.022343017573044396,0.028249017573149418,zara01
6470,258.8,110,3.99315452493,2.7519861505,1.2651038729774375,6.447613492248786,0.02297065563799247,0.029060265412455287,zara01
6480,259.2,107,11.0111136054,2.77847738826,1.4265147389814927,6.512024262472769,0.022518495027955613,0.032122965057060145,zara01
6480,259.2,108,10.6823671042,3.5794196761,1.381541376096459,6.23591983499141,0.02455671867632882,0.03392612291250893,zara01
6480,259.2,109,4.44712776639,3.48729699341,1.2643331403560312,6.602146266735448,0.021907917597205836,0.027698906254336412,zara01
6480,259.2,110,4.49911264846,2.76105522288,1.2582541396252285,6.512024262472769,0.022518495027955613,0.028333989587055276,zara01
6480,259.2,111,14.9430227834,5.27438157367,1.1951133768530058,10.64694714484384,0.00842405484864546,0.010067700636959612,zara01
6490,259.6,107,11.5816845176,2.79112635765,1.4090580461012359,6.582120110800377,0.022041430443696036,0.031057654914270632,zara01
6490,259.6,108,11.2217891801,3.57440782031,1.348350326031411,6.269549573676415,0.02429398173219047,0.03275679818920016,zara01
6490,259.6,109,4.95266495971,3.5013779216,1.2643248693881233,6.666960145597208,0.021484025743101858,0.027162788041578335,zara01
6490,259.6,110,4.99959867915,2.76988563547,1.2248118634153147,6.582120110800377,0.022041430443696036,0.026996605494082386,zara01
6490,259.6,111,14.4858925653,5.4142362163,1.1953649505388173,9.723243051347932,0.01010064478224578,0.01207395675053939,zara01
6500,260.0,107,12.1375228721,2.73504130472,1.395549960737951,6.658829131166088,0.021536525536666292,0.030055297367126522,zara01
6500,260.0,108,11.761000791,3.56939596451,1.3483503261565017,6.30303146790038,0.02403656651686361,0.032409712302695494,zara01
6500,260.0,109,5.45820215303,3.51522018998,1.2643248693878688,6.724730802136492,0.02111648238596478,0.02669809383456615,zara01
6500,260.0,110,5.47882773377,2.77728408927,1.1982154019378202,6.658829131166088,0.021536525536666292,0.02580539660226073,zara01
6500,260.0,111,14.0285518821,5.55409085893,1.1846088819212244,8.809533931104122,0.01230454380522136,0.014576071879654002,zara01
6510,260.4,107,12.6916775057,2.67131913819,1.394743076938321,3.1383625538967306,0.09695387144678,0.13522574098276435,zara01
6510,260.4,108,12.300422867,3.56438410872,1.3483475868273849,2.721674673553286,0.1289136657413261,0.17382043011138915,zara01
6510,260.4,109,5.96373934635,3.52930111816,1.2643331403560312,6.782424710528757,0.02075876053259077,0.026245988894069327,zara01
6510,260.4,110,5.95805678839,2.78468254306,1.1982108340056907,6.7345749105752875,0.02105479444916429,0.025228082816751533,zara01
6510,260.4,111,13.5768937568,5.68225117138,1.0824988311016726,3.1383625538967306,0.09695387144678,0.10495245251192117,zara01
6510,260.4,112,14.8771472041,4.44074289327,1.1637181608829947,2.811963411509118,0.12076804920523629,0.14053997211454458,zara01
6520,260.8,107,13.2460426045,2.60783563147,1.3947430769368956,3.097647274903165,0.09951933254886466,0.13880390009390964,zara01
6520,260.8,108,12.8396344778,3.55961091273,1.3630646582587413,2.1712474448785986,0.20255955827685818,0.2761017750796873,zara01
6520,260.8,109,6.46927653967,3.54338204635,1.2664707079751083,6.841038327025094,0.02040456473176174,0.025841783541758218,zara01
6520,260.8,110,6.43728584301,2.79184233705,1.198210833993192,6.81124269901126,0.02058347381371602,0.024663341324809702,zara01
6520,260.8,111,13.1757472579,5.70468519255,1.0044332945923233,2.1712474448785986,0.20255955827685818,0.20345756447119037,zara01
6520,260.8,112,14.4490611711,4.62355629985,1.1635934416364004,1.9293092203896443,0.25654745003586654,0.29851693033027643,zara01
6520,260.8,113,15.0088983627,5.19204394277,1.0373274769962537,2.714874472217272,0.12956027890219265,0.13439643723254246,zara01
6530,261.2,107,13.8001972381,2.54411346495,1.3945157593731197,2.8957484276672383,0.11388059396427848,0.15880828296995772,zara01
6530,261.2,108,13.3908425999,3.55603101573,1.4124910553715662,2.149517977232163,0.20667560554355324,0.29192744419377104,zara01
6530,261.2,109,6.97649745387,3.55841761373,1.2871013775604518,6.414345590023087,0.023209547426144488,0.02987304046474521,zara01
6530,261.2,110,6.91651489762,2.79924079084,1.1982154019250442,6.549018401050261,0.022264808322865086,0.02667803625336586,zara01
6530,261.2,111,12.7746007589,5.72711921372,1.0044332945930194,2.25685133982071,0.18748454643783247,0.18831572066383,zara01
6530,261.2,112,14.0211856033,4.80660836623,1.1683492145596612,1.5496173703964888,0.3976696344938883,0.46461700511516196,zara01
6530,261.2,113,14.6151181426,5.32282951301,1.0374215471020645,2.149517977232163,0.20667560554355324,0.214409726451249,zara01
6530,261.2,114,0.315697664438,6.22902077252,1.095614355716312,7.1762368318385725,0.018542908534798182,0.020315876787459414,zara01
6530,261.2,115,0.210465109626,6.94500017166,1.3737397423747086,7.566249738478876,0.01668053739740845,0.022914717146987576,zara01
6530,261.2,116,0.273604642513,3.67536091559,1.0608539412324083,6.700436040318399,0.021269890305385893,0.022564246960049616,zara01
6540,261.6,107,14.3543518718,2.48039129842,1.3947430769383227,2.976436060178918,0.10778994915953947,0.15033928535380145,zara01
6540,261.6,108,13.9696216514,3.55603101573,1.4469476287499816,1.9144430483743335,0.26054724144113844,0.3769982131806042,zara01
6540,261.6,109,7.49824046063,3.5818062741,1.3056808346354487,6.202275778410038,0.02482385560382334,0.03241203250366992,zara01
6540,261.6,110,7.39574395224,2.80663924463,1.1982154019375428,6.509459506581216,0.02253624329737388,0.0270032738207251,zara01
6540,261.6,111,12.37345426,5.7495532349,0.7884712272917872,2.7128011477734892,0.12975839378672344,0.10231076000042884,zara01
6540,261.6,112,13.5577414319,4.90493620371,1.2279583502537603,1.4546181749528317,0.45130834372252776,0.5541878492132722,zara01
6540,261.6,113,14.2213379225,5.45385374305,1.0374215471020645,1.9144430483743335,0.26054724144113844,0.27029732230904097,zara01
6540,261.6,114,0.751149976254,6.17961819398,1.0956143557163895,7.229927854095625,0.01826852378047283,0.020015256911632282,zara01
6540,261.6,115,0.759568580639,6.92423676909,1.373476848902476,7.522070215041903,0.01687705306625391,0.023180241664198294,zara01
6540,261.6,116,0.694534861764,3.72905937052,1.060853941240265,6.764396659194751,0.02086955790892337,0.022139552759623305,zara01
6550,262.0,107,14.9087169705,2.4169077917,1.3949704707496597,3.3471522755729874,0.08523548580116083,0.11890098575262126,zara01
6550,262.0,108,14.5484007029,3.55603101573,1.4469476286250824,2.1528739527197422,0.20603176138115134,0.2981171685519058,zara01
6550,262.0,109,8.01998346739,3.60543359427,1.3056942965368372,5.179488336266994,0.03559571027059161,0.04647711588148918,zara01
6550,262.0,110,7.87497300686,2.81403769842,1.2770284140799548,5.562505451385529,0.030862455931377052,0.03941223315265893,zara01
6550,262.0,111,12.1438368254,5.73117643032,0.5524911000039509,3.2424042029934736,0.09083162306525858,0.050183663342468945,zara01
6550,262.0,112,13.0412600528,4.87581970815,1.2934995238233662,2.00332601735802,0.2379403628135917,0.3077757459977399,zara01
6550,262.0,113,13.8275577024,5.58463931329,1.0545049604944017,2.1528739527197422,0.20603176138115134,0.21726151439582297,zara01
6550,262.0,114,1.18660228807,6.13021561544,1.0977340871034897,7.284890019506682,0.017993903326114932,0.019752521041121223,zara01
6550,262.0,115,1.30846158654,6.90347336651,1.3362190472802427,7.478074103430989,0.017076224394503833,0.02281757629156755,zara01
6550,262.0,116,1.11546508102,3.78275782546,1.0608539412391007,6.828569841776987,0.020479147343126808,0.021725384172172332,zara01
6560,262.4,108,15.1271797543,3.55603101573,1.4469476285000815,3.851434623067718,0.06437634585708234,0.09314920096940633,zara01
6560,262.4,109,8.54172647415,3.62906091444,1.3054180199367,4.164884429391301,0.055051032981936206,0.07186461047074913,zara01
6560,262.4,110,8.41734159436,2.81379903862,1.3898671639625222,4.58290085470027,0.045466388458066734,0.06319224038183156,zara01
6560,262.4,111,11.9333717158,5.70850374935,0.7555281296362617,3.851434623067718,0.06437634585708234,0.04863814017821852,zara01
6560,262.4,112,12.5245682087,4.84694187238,1.2872292829763858,2.905174297199268,0.11314281912255732,0.14564074993305637,zara01
6560,262.4,113,13.3855809722,5.56864910671,1.105653977191974,2.6615405121756432,0.134804757604311,0.14904741638960645,zara01
6560,262.4,114,1.62394878587,6.0824836555,1.1199330823445246,7.339954447461847,0.017724935061108404,0.019850741157343667,zara01
6560,262.4,115,1.82683715155,6.86385583976,1.2840155853761874,7.45343121143836,0.01718932752472753,0.022071364443886028,zara01
6560,262.4,116,1.53639530027,3.83645628039,1.0608539412315856,6.956525694360335,0.019732703708781163,0.020933516500615625,zara01
6570,262.8,109,9.0632590158,3.65244957481,1.3054180199497505,3.211366213777014,0.0925958908200331,0.12087634444977088,zara01
6570,262.8,110,8.98686018101,2.81021914163,1.4238245946268697,3.8534408552807116,0.06430933028180356,0.09156520611921444,zara01
6570,262.8,111,11.5404333561,5.69609343976,1.0395497803368245,3.211366213777014,0.0925958908200331,0.096258037962058,zara01
6570,262.8,112,12.0131379923,4.81734805722,1.2221992942894235,3.17155710185357,0.09493499066590565,0.11602947859524289,zara01
6570,262.8,113,12.943604242,5.55289755993,1.1056539771919756,4.320738550136977,0.051151150517392385,0.056555473007500266,zara01
6570,262.8,114,2.07897435288,6.05026458254,1.1406744533810755,7.384426116090184,0.017512086062062934,0.01997558919640599,zara01
6570,262.8,115,2.33195341465,6.81612387982,1.2684162843096218,7.437695221253279,0.01726213965838535,0.021895579044722908,zara01
6570,262.8,116,1.95732551952,3.89015473533,1.0720821311019455,7.10990819890749,0.01889049749200351,0.02025216480880308,zara01
6580,263.2,109,9.58500202257,3.67607689499,1.305680834611038,2.5182253326948896,0.15058517049769085,0.19661617109547044,zara01
6580,263.2,110,9.55637876766,2.80663924463,1.4238227506846708,3.2680531901333523,0.08941145231825799,0.1273060599824934,zara01
6580,263.2,111,11.1020345327,5.68606972817,1.0946875050868476,2.5182253326948896,0.15058517049769085,0.16484370459519476,zara01
6580,263.2,112,11.5490624256,4.78059444806,1.1638217201160104,2.2533291574446257,0.18807111929946516,0.21888125356724694,zara01
6580,263.2,113,12.5016275118,5.53690735335,1.2218512451543735,3.4596812337535416,0.07978095127195674,0.09748045465124074,zara01
6580,263.2,114,2.534210385,6.01804550957,1.1406744533810746,7.42956793549294,0.017299926802352844,0.019733584548806433,zara01
6580,263.2,115,2.83706967775,6.76839191987,1.203647051858711,7.422735556610282,0.017331789463513526,0.020861357291193927,zara01
6580,263.2,116,2.38435922695,3.96509391244,1.083690748477334,7.206440696105804,0.01838779900716935,0.019926687668930132,zara01
6590,263.6,109,10.1067450293,3.69946555536,1.305680834647938,2.070361116522437,0.22278152725275321,0.29088157044751717,zara01
6590,263.6,110,10.1258973543,2.80329800743,1.4238227507470962,2.9397278032721066,0.11049869329619452,0.1573305534429474,zara01
6590,263.6,111,10.6646880349,5.69322952216,1.0921490846198203,2.070361116522437,0.22278152725275321,0.24331064105929998,zara01
6590,263.6,112,11.0849868589,4.7438408389,1.1638217202396337,1.4309705832225936,0.46634784057001466,0.5427457460422329,zara01
6590,263.6,113,11.9678879937,5.4941872492,1.3383300616528324,2.5855133131112544,0.14284920420696998,0.19117938427337217,zara01
6590,263.6,114,2.98923595201,5.98582643661,1.1399128499696216,7.475719466687861,0.01708698312824247,0.019477671635097712,zara01
6590,263.6,115,3.29251617498,6.7488218163,1.1122929006065896,7.447361480661729,0.017217358152176412,0.019150745239866814,zara01
6590,263.6,116,2.81118246927,4.04027174935,1.0836907484773342,7.303518462301129,0.017902229451410262,0.019400480433611762,zara01
6600,264.0,109,10.6284880361,3.72309287553,1.3645186646948524,1.907231127696448,0.2625214108872856,0.3582153650377276,zara01
6600,264.0,110,10.695415941,2.79971811044,1.423824594626971,2.7530120755738587,0.1259955333643435,0.17939553921729537,zara01
6600,264.0,111,10.2292357231,5.72616457452,1.0917401062120848,2.042473657291701,0.22890667346578691,0.24990659600219323,zara01
6600,264.0,112,10.6209112921,4.70708722975,1.1463260988119817,1.1027936795065114,0.7852046183441476,0.9001005469155976,zara01
6600,264.0,113,11.4343589408,5.45170580485,1.316188039226253,1.907231127696448,0.2625214108872856,0.3455275410506459,zara01
6600,264.0,114,3.44468244924,5.96649499284,1.1393986722952205,3.1899220647350215,0.09384502120250765,0.10692689255965404,zara01
6600,264.0,115,3.72649523103,6.74142336251,1.0853683324460845,3.807773853239148,0.06586111627591153,0.07148356994542378,zara01
6600,264.0,116,3.2382161767,4.11521092646,1.1189932364762656,2.7685042521109984,0.12458937071631244,0.13941466316838774,zara01
6600,264.0,117,0.527215099612,4.67653877539,1.0650497224490196,3.807773853239148,0.06586111627591153,0.07014536360984218,zara01
6610,264.4,109,11.1982170878,3.68180473018,1.4278171154041512,1.7621022262060675,0.3075453622419362,0.43911853197220607,zara01
6610,264.4,110,11.2649345276,2.79613821344,1.4235615183250676,2.6481539585398544,0.13617109222531873,0.19384792680025753,zara01
6610,264.4,111,9.79378341131,5.75909962689,1.0557728240917654,2.507506338886629,0.15187535387873624,0.16034587127448963,zara01
6610,264.4,112,10.1698845622,4.68393722918,1.0631521088926923,1.4358751090393824,0.46316746814989695,0.4924174705340518,zara01
6610,264.4,113,10.9174566316,5.42139601029,1.207884604334978,1.7621022262060675,0.3075453622419362,0.3714793081866586,zara01
6610,264.4,114,3.90054987669,5.96649499284,1.1399316500124836,3.2195790408786236,0.09212408746622867,0.10501516303127241,zara01
6610,264.4,115,4.16068475219,6.73402490871,1.1061969532704774,3.813768855941386,0.06565422002438556,0.07262649816032488,zara01
6610,264.4,116,3.69892430167,4.15554443261,1.1955280894031635,2.793657251046044,0.12235596247076971,0.1462799900397645,zara01
6610,264.4,117,0.953196481494,4.67081094019,1.0653168318149888,3.2195790408786236,0.09212408746622867,0.09814134099336966,zara01
6610,264.4,118,0.55646974985,3.83621762059,1.1021233157364134,3.964965772544146,0.06074247683813033,0.0669456999788825,zara01
6620,264.8,109,11.7677356745,3.64027792503,1.4278171154041492,2.267859141355153,0.18566892747670752,0.2651012724499747,zara01
6620,264.8,110,11.8342426491,2.79255831645,1.4113963698403273,2.9797832636768886,0.10754792333300957,0.15179274857607555,zara01
6620,264.8,111,9.38548109864,5.76435014248,0.9875780566411243,3.1916797535387027,0.09374168694850292,0.09257723302286316,zara01
6620,264.8,112,9.77042178415,4.71448568354,1.0013105700017557,2.267859141355153,0.18566892747670752,0.18591225960331664,zara01
6620,264.8,113,10.4681136226,5.44072745407,1.1243966284760512,2.2205035429841415,0.1936727151571671,0.21776494795052131,zara01
6620,264.8,114,4.35662776925,5.96649499284,1.1401947313999834,3.24934590891589,0.09044394325264671,0.10312370758370686,zara01
6620,264.8,115,4.6112905519,6.72447851673,1.14734209880901,3.8323993124790303,0.06501744139174997,0.07459724766560222,zara01
6620,264.8,116,4.19351730929,4.1615109276,1.2365724863739178,2.858787601504882,0.11684431912749976,0.1444864702221599,zara01
6620,264.8,117,1.37938832849,4.6648444452,1.0653168318123176,3.24934590891589,0.09044394325264671,0.09635145508252263,zara01
6620,264.8,118,0.995920898748,3.87130061115,1.1023855629509833,3.9603270277219145,0.06088485592266848,0.0671185861715004,zara01
6630,265.2,109,12.3374647262,3.59898977968,1.428057910578181,3.179988240686234,0.0944322535752512,0.1348547267318622,zara01
6630,265.2,110,12.3938693756,2.77585213047,1.3984391845067328,3.6075466026797574,0.07337489316139607,0.10261032575589137,zara01
6630,265.2,111,9.00390785489,5.74191612131,0.9553003094961899,3.962919973947222,0.06080520782950568,0.05808723385850693,zara01
6630,265.2,112,9.37116947119,4.7450341379,1.0013105700276383,3.179988240686234,0.0944322535752512,0.09455601365642927,zara01
6630,265.2,113,10.0187706135,5.46005889784,1.1243966285384892,2.973200405428212,0.10802468667643471,0.12146259349790985,zara01
6630,265.2,114,4.81270566181,5.96649499284,1.134119517813179,3.2792236521339495,0.08880334124166299,0.10071360254919404,zara01
6630,265.2,115,5.07831263015,6.71278418654,1.1681841728275575,3.8638977562855668,0.0639617194605575,0.07471906834065964,zara01
6630,265.2,116,4.68811031691,4.1674774226,1.2365724863739187,2.9243636051612616,0.11166283281273057,0.13807918680679343,zara01
6630,265.2,117,1.80536971037,4.65911661001,1.0685604677186893,3.2792236521339495,0.08880334124166299,0.09489173985217378,zara01
6630,265.2,118,1.43558251276,3.90638360171,1.1050156642407944,3.955884187853959,0.061021691862316034,0.06742992536633423,zara01
6640,265.6,109,12.907193778,3.55770163433,1.4278171155288208,4.119622873876944,0.05626734979861839,0.08033948508791448,zara01
6640,265.6,110,12.9524437766,2.75747532589,1.397191532018818,4.463073455188543,0.04794058316327924,0.06698217683577767,zara01
6640,265.6,111,8.62254507625,5.71972075993,0.9546219301550337,3.229707990640739,0.09154715788659684,0.0873929245619107,zara01
6640,265.6,112,8.97170669312,4.77558259227,1.0044476939153586,3.8365502095934767,0.06487682823750338,0.06516538051170308,zara01
6640,265.6,113,9.56942760445,5.47939034162,1.0891573100183243,3.851437461133248,0.0643762509812223,0.07011586434777259,zara01
6640,265.6,114,5.26373239173,5.98511045721,1.1116395350928474,3.311243126245706,0.08709420164084598,0.09681735782131273,zara01
6640,265.6,115,5.54554517352,6.70108985635,1.1681841728397417,3.229707990640739,0.09154715788659684,0.10694394091158337,zara01
6640,265.6,116,5.18270332453,4.17344391759,1.2472480261368266,2.9866958976195455,0.10705066541680518,0.1335187311377441,zara01
6640,265.6,117,2.23408713867,4.64885423862,1.1050535473519518,3.311243126245706,0.08709420164084598,0.09624375647700303,zara01
6640,265.6,118,1.87776970808,3.93311349928,1.136781290991216,3.959221490447874,0.0609188625451293,0.06925142320976853,zara01
6650,266.0,109,13.4767123647,3.51617482918,1.427817115404251,5.071823486645745,0.037123004758500784,0.05300486156942087,zara01
6650,266.0,110,13.5110181775,2.73909852131,1.3971915320189157,5.35311290574745,0.03332411120934308,0.04656016599375078,zara01
6650,266.0,111,8.24139276272,5.69943467696,0.9526169816771889,2.4387877400843103,0.16055483025848494,0.1529472577945313,zara01
6650,266.0,112,8.56929740351,4.79706197424,1.0158490329384964,2.9579056821733123,0.10914472191679929,0.11087456020952167,zara01
6650,266.0,113,9.14744505965,5.45934291845,1.0256074240968072,3.3675641475753046,0.08420533880881687,0.08636162063090957,zara01
6650,266.0,114,5.69497540136,6.0781877791,1.1027391994533142,2.5744310615388986,0.14408170814723356,0.1588845474981464,zara01
6650,266.0,115,6.01256725178,6.68939552617,1.1810077556442415,2.571204994645381,0.14444349091484773,0.1705888830227637,zara01
6650,266.0,116,5.68550447142,4.13907690643,1.2748690035154888,2.9579056821733123,0.10914472191679929,0.13914522286904504,zara01
6650,266.0,117,2.68742898481,4.59992897968,1.1399356078838943,3.3512064284023757,0.08502938171744806,0.09692801993607084,zara01
6650,266.0,118,2.34479178634,3.88657483833,1.1735996215485718,4.0033607802069255,0.059582939017152524,0.06992651468128183,zara01
6660,266.4,109,14.0464414164,3.47488668383,1.428057910578183,6.033775574403428,0.026229685106478873,0.03745750930828191,zara01
6660,266.4,110,14.0695925785,2.72072171673,1.3971915320184052,6.264392454897581,0.024333997909696464,0.03399925581958147,zara01
6660,266.4,111,7.86129277473,5.68392178998,0.9512917905590109,1.6946994973172191,0.3324956598764566,0.31630039163697427,zara01
6660,266.4,112,8.15931136996,4.79706197424,1.0247020024874836,2.094976434087432,0.21757705691913393,0.22295164592036973,zara01
6660,266.4,113,8.75282297911,5.39967796852,0.9977677983372717,2.5997493222708026,0.14128902712096997,0.14097364151970526,zara01
6660,266.4,114,6.12600794587,6.17150376079,1.1027391994410172,2.108552200540057,0.21478436677738796,0.23685114067254262,zara01
6660,266.4,115,6.49011258552,6.67984913418,1.2132280556795578,2.516170119767521,0.15083126751670306,0.1829927254249729,zara01
6660,266.4,116,6.1967242227,4.06413772932,1.2914909763795348,2.3226038981228485,0.17701948822086722,0.22861907168057335,zara01
6660,266.4,117,3.14077083094,4.55100372074,1.1399356078851546,3.3967132661085246,0.08276631264734932,0.09434826692006891,zara01
6660,266.4,118,2.81202432971,3.84003617739,1.1735996215472504,4.051941324923393,0.05816277063723398,0.06825980560799733,zara01
6670,266.8,109,14.6161704682,3.43359853848,1.4278171154041477,7.000693121849151,0.019484501577917958,0.02782030483807038,zara01
6670,266.8,110,14.6281669794,2.70234491216,1.3971915318929617,7.190508080203502,0.018469376083520856,0.025805255863241734,zara01
6670,266.8,111,7.48098232164,5.66864756279,0.9725895487627239,1.0992799447537605,0.7902322915935246,0.7685716678986793,zara01
6670,266.8,112,7.74953580152,4.79706197424,1.0244389210999838,1.3184767694608586,0.5493212725871417,0.5627460918264415,zara01
6670,266.8,113,8.35820089856,5.34001301859,0.984113612155115,1.9156432063284239,0.26022087597810384,0.25608690621697994,zara01
6670,266.8,114,6.55725095549,6.26458108268,1.101556983125466,1.8908081572992317,0.26710157413691044,0.29422760419431804,zara01
6670,266.8,115,6.98302187227,6.67364397939,1.2323708575989998,1.9156432063284239,0.26022087597810384,0.32068862409429877,zara01
6670,266.8,116,6.70773350888,3.98895989241,1.291490976379534,2.132929242651491,0.20990292234826052,0.2710877301284725,zara01
6670,266.8,117,3.59411267708,4.50207846179,1.1361233937536717,3.4476954543031635,0.08033662624916764,0.09127232045692464,zara01
6670,266.8,118,3.27904640797,3.79349751645,1.173599621536051,4.10522582164158,0.05666270172038653,0.06649932529425577,zara01
6680,267.2,109,15.1856890548,3.39207173333,1.4275763903134568,7.9838155014615495,0.014981330931698534,0.02138699433356553,zara01
6680,267.2,111,7.08404512489,5.64812282002,1.0795607047684679,0.9533278217095184,1.0507196321550445,1.1343156266033652,zara01
6680,267.2,112,7.33976023308,4.79706197424,1.0368690243955359,0.8912666209930864,1.2021429063406703,1.246464742481465,zara01
6680,267.2,113,7.97178695729,5.30063415164,0.9421410533245695,1.429887853492433,0.46705435729387534,0.4400310841406816,zara01
6680,267.2,114,6.99080908132,6.34095221859,1.1091530935893228,1.429887853492433,0.46705435729387534,0.5180347852668747,zara01
6680,267.2,115,7.47593115901,6.66743882459,1.2323708575865007,1.4539697337585304,0.4517109823358626,0.5566754506824877,zara01
6680,267.2,116,7.21895326016,3.9140207153,1.2154197363886958,1.7393419199675386,0.315646845864605,0.3836434061926815,zara01
6680,267.2,117,4.04324522102,4.44312949127,1.1199679803824745,3.2708520262628524,0.08925850077306731,0.09996666284277973,zara01
6680,267.2,118,3.74627895133,3.7469588555,1.1292037639270998,3.7437713982393603,0.06813225104134686,0.07693519432071494,zara01
6690,267.6,111,6.61954862794,5.60683467467,1.1657933646226897,1.0561695624175564,0.8560597679454739,0.997988797191273,zara01
6690,267.6,112,6.92009280449,4.80636970643,1.0615910482639006,1.0953797365982993,0.7958697108991599,0.8448881606749267,zara01
6690,267.6,113,7.60515673632,5.30827126523,0.9165113632567481,1.0298366145951683,0.9003984212972064,0.8252253845773264,zara01
6690,267.6,114,7.44457185767,6.26625170128,1.1496276862556343,1.0561695624175564,0.8560597679454739,0.9841500103196903,zara01
6690,267.6,115,7.96884044575,6.6612336698,1.2177451176830056,1.7124093116250465,0.32565385270166397,0.396563389182112,zara01
6690,267.6,116,7.67966138513,4.01712174878,1.1803241605291976,1.910765879091085,0.26155102553369075,0.30871499464860425,zara01
6690,267.6,117,4.47596148641,4.34360835478,1.1097768985752996,2.488113053821227,0.15425212743817787,0.17118544758698293,zara01
6690,267.6,118,4.17268126344,3.6612799874,1.087054703289162,3.1260746857062522,0.09771757544270421,0.10622434997900512,zara01
6700,268.0,111,6.155052131,5.56578518912,1.144016029552067,1.816826711641232,0.28929729253012054,0.3309607399604713,zara01
6700,268.0,112,6.49095444596,4.82522383061,1.0738677853859915,1.6858189023206431,0.3360079429521168,0.3608281055700922,zara01
6700,268.0,113,7.23873698046,5.31590837882,0.9314688314987272,1.1121201703389993,0.7720900344180216,0.7191778021711667,zara01
6700,268.0,114,7.89833463403,6.19178984377,1.1496276862557184,1.8522731205235392,0.2783308418009722,0.319976841673258,zara01
6700,268.0,115,8.44764857015,6.59798882288,1.203081757152863,2.496510032727201,0.15321622246524616,0.1843316421478123,zara01
6700,268.0,116,8.1403695101,4.12046144205,1.1805808789764134,2.0854213552675986,0.21957543357669632,0.2592265583736032,zara01
6700,268.0,117,4.90846728669,4.2440872183,1.1097100547044811,1.816826711641232,0.28929729253012054,0.32103611431945833,zara01
6700,268.0,118,4.59887311043,3.57560111931,1.0870547032769835,2.526366120693455,0.14961626354474372,0.16264106297304234,zara01
6710,268.4,111,5.70570912195,5.55671611673,1.0809679984258906,1.458208703256862,0.4490885786232048,0.4854503819502539,zara01
6710,268.4,112,6.06181608743,4.84383929498,1.0738677853734275,1.0039723889610634,0.9473879222409654,1.0173693699464383,zara01
6710,268.4,113,6.86011024824,5.32211353361,1.0057900511083757,1.6905656459327632,0.33412371629466203,0.33605830968852857,zara01
6710,268.4,114,8.35209741038,6.11708932646,1.2154510073404543,1.9098533805179612,0.26180101535516304,0.31820630783618664,zara01
6710,268.4,115,8.91719622972,6.4970357276,1.2006938932836038,2.3689754952577733,0.17015716660417574,0.20430667084007456,zara01
6710,268.4,116,8.60128810018,4.22356247553,1.194239307224528,2.2953166609832305,0.181253400788233,0.2164599357894291,zara01
6710,268.4,117,5.34118355208,4.14480474162,1.1278178102860419,1.458208703256862,0.4490885786232048,0.5064900973672938,zara01
6710,268.4,118,5.02527542253,3.48992225121,1.0927633376240864,2.1759197829555874,0.20169058266803108,0.22040007428366434,zara01
6720,268.8,111,5.29214518153,5.62258622145,1.0471549224419623,1.5949669241000208,0.3753773115425339,0.3930781995547944,zara01
6720,268.8,112,5.63267772891,4.86269341916,1.0738677853739735,0.9237915172164926,1.1189828800160557,1.2016396672342324,zara01
6720,268.8,113,6.43412886636,5.32211353361,1.0646903733124855,1.3667689549391415,0.5111886126866912,0.5442575948744849,zara01
6720,268.8,114,8.84816367377,5.98367849842,1.2921817955962778,2.503044596896166,0.15241727997137153,0.19695083451330744,zara01
6720,268.8,115,9.3867438893,6.39608263232,1.2479566579805181,3.141869682000663,0.09673754174388599,0.12072425929595082,zara01
6720,268.8,116,9.07609738749,4.31329856022,1.2426949686126234,2.828021449207503,0.11940045559072379,0.14837834541264744,zara01
6720,268.8,117,5.8008393515,4.11091505006,1.1724071916473255,1.3667689549391415,0.5111886126866912,0.5993212058020961,zara01
6720,268.8,118,5.4575707577,3.4116418369,1.1528556934344938,2.1455926555428877,0.2074325156075677,0.23913975662162393,zara01
6730,269.2,111,4.87837077601,5.68821766637,1.0432904965179015,2.101804202280905,0.21616574300424102,0.2255236653490557,zara01
6730,269.2,112,5.20353937038,4.88130888354,1.0668623790949625,1.316951107699696,0.5505947654357689,0.5874088413700372,zara01
6730,269.2,113,6.00835794959,5.32211353361,1.0646903733124837,1.2312444000959717,0.6299162985433736,0.6706658190517624,zara01
6730,269.2,114,9.34907063468,5.84382385578,1.2999079106443063,3.3812043571159625,0.08352731903318023,0.10857782276614171,zara01
6730,269.2,115,9.90343573343,6.34190685779,1.2985801997998856,4.026364286326563,0.058904062945285066,0.07649164982851332,zara01
6730,269.2,116,9.58437062724,4.37153155135,1.2789956203672639,3.315050043868681,0.08689428304596357,0.1111374074507408,zara01
6730,269.2,117,6.27880561546,4.12093876165,1.1951721796997894,1.316951107699696,0.5505947654357689,0.6580555459371622,zara01
6730,269.2,118,5.94311376561,3.39947018712,1.214509370186949,1.9237500464835553,0.2580323129658609,0.31338266190804936,zara01
6740,269.6,111,4.46417544027,5.72783519312,1.037985755071358,2.7940585519825114,0.12232081786999284,0.12696726649773057,zara01
6740,269.6,112,4.77945217449,4.88393414134,1.0504920359279866,2.1159203703258034,0.213291104314898,0.22406060641708578,zara01
6740,269.6,113,5.58237656771,5.32211353361,1.0649534546999844,1.6729057993483005,0.3412152308929852,0.36337833893573745,zara01
6740,269.6,114,9.84976713047,5.70396921315,1.2571158443862063,3.4701182560147035,0.07930176105984085,0.099691500316055,zara01
6740,269.6,115,10.4199171125,6.28749242345,1.278575688378237,4.2509156467473215,0.052845304879028,0.06756672206326103,zara01
6740,269.6,116,10.092643867,4.42976454248,1.2787342491142148,3.3492487628042373,0.08512881162285071,0.10885712700853145,zara01
6740,269.6,117,6.75677187942,4.13072381344,1.1951721796997903,2.1159203703258034,0.213291104314898,0.254919594054612,zara01
6740,269.6,118,6.42886723862,3.38705987753,1.2147723673793398,2.2273757239037377,0.1924794717273422,0.23381874354214818,zara01
6750,270.0,111,4.04892777898,5.72783519312,1.0381191532375595,3.559246401153174,0.0753798506866553,0.07825326676600428,zara01
6750,270.0,112,4.36336265276,4.86221609956,1.0416398232836426,2.9531444057585476,0.10949694791215915,0.11405638147331967,zara01
6750,270.0,113,5.15639518583,5.32211353361,1.0592960787032104,2.3906348728791524,0.16708785402389614,0.1769955085664476,zara01
6750,270.0,114,10.3449915334,5.70396921315,1.238061007412572,3.4809967245516966,0.07880688341601572,0.09756772947307753,zara01
6750,270.0,115,10.9237705849,6.27007025807,1.2563561187715662,4.259457202042056,0.05263357437367778,0.06612651321718838,zara01
6750,270.0,116,10.6007066416,4.48799753361,1.2749752119475366,3.3838331075081425,0.0833975920770226,0.1063298626343161,zara01
6750,270.0,117,7.23473814338,4.14074752503,1.1951783974525156,2.9606273173379316,0.1089441457923092,0.13020768957988532,zara01
6750,270.0,118,6.91462071164,3.37488822775,1.2216409048626482,2.9531444057585476,0.10949694791215915,0.13376595052710835,zara01
6760,270.4,111,3.63368011768,5.72783519312,1.038119153237485,4.373279076222749,0.04992947476161077,0.051832744061115744,zara01
6760,270.4,112,3.94727313103,4.84049805779,1.0419025471249925,3.761528227449402,0.06749051336141818,0.07031853777803494,zara01
6760,270.4,113,4.73546496657,5.35194600857,1.054965123963213,3.210416720683718,0.09265067010114597,0.0977432256685302,zara01
6760,270.4,114,10.8402159364,5.70396921315,1.2380610073749825,3.491955371808194,0.07831302732686397,0.09695630550288174,zara01
6760,270.4,115,11.4246775458,6.26195582488,1.2521735252476056,4.270344827570149,0.05236552851598125,0.06557072844331026,zara01
6760,270.4,116,11.1051915094,4.55267433933,1.2569782209080416,3.416210596788697,0.08182426465299064,0.10285131861062492,zara01
6760,270.4,117,7.71270440734,4.15077123662,1.1819433237991677,3.416210596788697,0.08182426465299064,0.09671164333137851,zara01
6760,270.4,118,7.4058462775,3.36152327896,1.2562770426752672,3.761528227449402,0.06749051336141818,0.08478678253431803,zara01
6770,270.8,111,3.21843245639,5.72783519312,1.0381810482320546,5.1955614702215644,0.035375811175239164,0.03672649672796902,zara01
6770,270.8,112,3.53097314419,4.81878001601,1.0419025471249914,4.629357998417052,0.04455842669047506,0.04642553826468816,zara01
6770,270.8,113,4.31453474732,5.38177848354,1.054965123950744,4.046141195735559,0.05832964241132286,0.061535738436463795,zara01
6770,270.8,114,11.3354403393,5.70396921315,1.2341611804932744,3.5030929959884465,0.07781584697132811,0.09603729755921829,zara01
6770,270.8,115,11.9253740416,6.25360273189,1.313370102489563,3.9724851780767154,0.06051273902219658,0.0794756222515065,zara01
6770,270.8,116,11.5941019591,4.64408104262,1.2436582176636433,3.4456580944303488,0.08043165773701677,0.10002949210495046,zara01
6770,270.8,117,8.17930555538,4.18394494878,1.1665670019141257,3.5030929959884465,0.07781584697132811,0.09077739930275062,zara01
6770,270.8,118,7.91917067988,3.34410111358,1.284049925833129,4.1407160335321,0.0556955485884449,0.0715158650342281,zara01
6770,270.8,119,14.9867995262,3.72213823633,1.5365806531486468,4.154524994802937,0.055325918126735076,0.08501273541122714,zara01
6780,271.2,111,2.8031847951,5.71876612073,1.038481897990909,6.028533021418933,0.02627532483495821,0.027286449204935066,zara01
6780,271.2,112,3.11488362246,4.79706197424,1.0562960345019015,5.517156684437505,0.031371894530110245,0.03313800778696734,zara01
6780,271.2,113,3.89360452807,5.4116109585,1.054965123950745,4.8960738719894685,0.0398359756631103,0.042025565003132016,zara01
6780,271.2,114,11.8270868354,5.73404034792,1.2305503903068111,3.250240889746624,0.09039414112800952,0.11123454564652108,zara01
6780,271.2,115,12.4742670475,6.31016510442,1.3869832739074393,3.2170939537703473,0.09226646739537911,0.1279720470199169,zara01
6780,271.2,116,12.0832228738,4.73524908611,1.2436582176636435,2.507076719080904,0.1519274099248311,0.1889457718413692,zara01
6780,271.2,117,8.64317065699,4.22284649613,1.1637336542421155,3.524348037414698,0.07688007585540654,0.08946793161362329,zara01
6780,271.2,118,8.43249508226,3.32667894821,1.2840499258206362,4.161567262378416,0.05513882983312866,0.07080101035706553,zara01
6780,271.2,119,14.3722414061,3.71259184434,1.5365806531485382,3.250240889746624,0.09039414112800952,0.138897888415278,zara01
6790,271.6,111,2.38793713381,5.70587849155,1.0386190085662417,6.872539492853577,0.02021793954782695,0.020998736328416236,zara01
6790,271.6,112,2.68595572904,4.82450785121,1.0747943518802365,6.440642828070509,0.023020404515386745,0.02474220075113597,zara01
6790,271.6,113,3.47267430882,5.44144343347,1.0460627196930794,5.756536298855703,0.028817007992990536,0.030144397754564886,zara01
6790,271.6,114,12.3166286804,5.78392024606,1.2301910985809632,2.5311416956422277,0.14905222586607242,0.1833627214841215,zara01
6790,271.6,115,13.0284216811,6.37388727095,1.394743076938317,2.7686131019634868,0.12457957428211647,0.17375649875790472,zara01
6790,271.6,116,12.5721333235,4.8266557894,1.2243776832961004,1.6334102066258096,0.35791578473474533,0.43822409932863327,zara01
6790,271.6,117,9.10703575861,4.26174804348,1.1639958155434578,3.5522520938007367,0.07567698550817875,0.08808769446446296,zara01
6790,271.6,118,8.94581948463,3.30925678283,1.2799221667422618,4.181664009761316,0.05461011763424659,0.06989670008847469,zara01
6790,271.6,119,13.757683286,3.70304545235,1.5291762035287944,2.7686131019634868,0.12457957428211647,0.19050412043796028,zara01
6800,272.0,111,1.97268947252,5.69299086236,1.0386190085663158,7.7249355252738825,0.01600227226611585,0.016620264155841495,zara01
6800,272.0,112,2.25681737051,4.85219238797,1.0747943518678384,7.335059339540641,0.017748600697009245,0.01907609578270312,zara01
6800,272.0,113,3.05847897308,5.46530941344,1.0030469006908875,6.615951379654481,0.021816585084076245,0.021883058052241725,zara01
6800,272.0,114,12.8061705254,5.8338001442,1.2299293725785048,2.3246785644587513,0.1767036660688512,0.2173330291403838,zara01
6800,272.0,115,13.5827867799,6.43737077767,1.2193682312098166,2.9313200991921993,0.11113347396444363,0.13551262757622584,zara01
6800,272.0,116,13.0397867971,4.94598568926,1.2021483707378569,1.587160503305354,0.379078965773228,0.45570916108527787,zara01
6800,272.0,117,9.57111132533,4.30064959084,1.1640207789930057,3.579966291353262,0.07450981880269482,0.08673097732534053,zara01
6800,272.0,118,9.45619737547,3.30472224663,1.2501918200036188,3.9415553821977585,0.0614661647575024,0.07684449638682422,zara01
6800,272.0,119,13.1616460955,3.53646091215,1.5725561844883809,2.9313200991921993,0.11113347396444363,0.17476363178646429,zara01
6810,272.4,111,1.55744181123,5.68010323318,0.9560453618852038,1.9239308621019064,0.25798381425864786,0.2466442290634342,zara01
6810,272.4,112,1.8278894771,4.87963826494,1.074794351868564,1.4528164048908878,0.4524284551045322,0.48626754817097145,zara01
6810,272.4,113,2.67059177604,5.46530941344,0.9694549112124862,2.4769428725153673,0.1556465151570478,0.15089227853210865,zara01
6810,272.4,114,13.2955019053,5.88368004234,1.2004977337934162,2.714803140842172,0.12956708737690395,0.15554499477018674,zara01
6810,272.4,115,13.9811972324,6.5831919153,1.044331381814509,3.602279396072228,0.0735896256866294,0.07685195548053017,zara01
6810,272.4,116,13.5019681778,5.07223672331,1.1977868974290837,2.0293208696436777,0.23188354897738345,0.2777470766944651,zara01
6810,272.4,117,10.0349764269,4.33978979799,1.2076854079257013,3.5435166571104713,0.07605056148528301,0.09184515337033264,zara01
6810,272.4,118,9.94026712761,3.4159377133,1.241770313622974,3.9279817694949477,0.06189170617121694,0.07685528338289302,zara01
6810,272.4,119,12.5782368117,3.26534337968,1.5493919421607303,2.714803140842172,0.12956708737690395,0.20075020115101025,zara01
6810,272.4,120,0.708425559,3.95363824205,0.6539324583943933,1.9239308621019064,0.25798381425864786,0.16870398988412014,zara01
6810,272.4,121,0.160374413535,3.22477121373,0.9704204387917912,2.8249694935412477,0.11965858350342107,0.11611913510859406,zara01
6820,272.8,111,1.21206856633,5.61280116966,0.8796741088467044,1.6260500491641077,0.3611632598341413,0.317705968742769,zara01
6820,272.8,112,1.39875111857,4.90732280171,1.074794351875247,1.045511791466853,0.8736017826317698,0.9389422617607734,zara01
6820,272.8,113,2.28291504411,5.46530941344,0.9691918298249864,1.96673831138333,0.2468756329763416,0.23926984646354227,zara01
6820,272.8,114,13.7589460767,5.95456200285,1.10786841232394,3.384160433222342,0.08338145994809505,0.09237568564994825,zara01
6820,272.8,115,14.362349546,6.73784346551,1.0281989814374435,4.367657648246498,0.050058081713586916,0.051469668630622384,zara01
6820,272.8,116,13.9641495585,5.19848775736,1.1978655433645993,2.896225760452777,0.11384305927870608,0.13636867806117556,zara01
6820,272.8,117,10.5358833879,4.35220010757,1.2578285009369607,3.5311771015721476,0.07658300137894274,0.09632828182172874,zara01
6820,272.8,118,10.4243368798,3.52739183976,1.238579587184729,3.9144393424990835,0.06232068907192941,0.07718913334377818,zara01
6820,272.8,119,12.0213461316,3.05054955994,1.4093565776201642,2.896225760452777,0.11384305927870608,0.16044546441084667,zara01
6820,272.8,120,0.964772062523,4.00566607839,0.6542496650997722,1.6260500491641077,0.3611632598341413,0.23629094179282897,zara01
6820,272.8,121,0.548472075684,3.21737275994,0.9704204387931099,2.485646308003489,0.15455843778713502,0.14998666701656915,zara01
6830,273.2,111,0.866695321438,5.54549910614,0.8796741088417966,1.5292544765464624,0.40833053815954884,0.3591978022683924,zara01
6830,273.2,112,0.969823225154,4.93476867867,0.968297054458426,1.066708279964879,0.8392281632117147,0.8126221584564585,zara01
6830,273.2,113,1.89523831218,5.46530941344,0.9692574202454348,1.5604048467449716,0.3921902573101194,0.3801333170457996,zara01
6830,273.2,114,14.1611449012,6.07389190271,1.0490715517729505,3.559037547409875,0.07538869792454286,0.0790881383178424,zara01
6830,273.2,115,14.7432913944,6.89273367552,1.0283112826954472,4.4847363621646466,0.04747856084344505,0.04882273980145682,zara01
6830,273.2,116,14.4263309393,5.32497745121,1.197865543361299,3.5196991061395435,0.07708330131173453,0.09233543060986363,zara01
6830,273.2,117,11.040999651,4.36174649956,1.2630161639111346,3.5196991061395435,0.07708330131173453,0.09735745552435308,zara01
6830,273.2,118,10.9071438412,3.63264081144,1.2093928085076877,3.904955970781426,0.06262375415788268,0.07573671792029672,zara01
6830,273.2,119,11.5048647526,2.92024130929,1.3473119568881609,3.7838763975964813,0.06669564840270366,0.08985984456537141,zara01
6830,273.2,120,1.22132903116,4.05793257453,0.6751630670429566,1.5292544765464624,0.40833053815954884,0.27568969851110203,zara01
6830,273.2,121,0.936569737834,3.20997430615,0.9704204387895988,2.33656982036382,0.1749096843824536,0.16973593266697087,zara01
6840,273.6,111,0.521322076542,5.47819704262,0.8796741088454776,1.6831502886795486,0.3370742603450316,0.29651549958376416,zara01
6840,273.6,112,0.631395328877,4.80135785064,0.9031870555201573,1.1094045835076871,0.775874485414413,0.7007597919346609,zara01
6840,273.6,113,1.50840344069,5.42807848468,0.9795718186917268,1.3224762680281519,0.5460037272477479,0.534849864112538,zara01
6840,273.6,114,14.5635541908,6.19322180256,1.0493237743773847,3.5248203798872297,0.07685947265405174,0.08065047194200496,zara01
6840,273.6,115,15.1244437079,7.04762388554,1.0285550035316926,4.4684647687178956,0.047824969946147065,0.04919061213186239,zara01
6840,273.6,116,14.88851232,5.45122848525,1.1977868974224113,3.512531084661517,0.07739823007669332,0.09270658586954844,zara01
6840,273.6,117,11.5461159141,4.37129289155,1.2630161639111364,3.512531084661517,0.07739823007669332,0.09775521564497673,zara01
6840,273.6,118,11.3792170821,3.68323668898,1.1866806218658354,3.929497176284217,0.061843978422704254,0.073389050773312,zara01
6840,273.6,119,10.9711252346,2.80807120343,1.4330100677276152,4.725695926876463,0.04276021051744036,0.0612758121696443,zara01
6840,273.6,120,1.495565069,4.10566453447,0.8887571022774476,1.3224762680281519,0.5460037272477479,0.4852646904613943,zara01
6840,273.6,121,1.32466739998,3.20257585235,1.0324865296904988,2.2330743156383193,0.19149834684877512,0.1977194635793593,zara01
6850,274.0,111,0.175948831647,5.4108949791,0.8796741088443129,2.1819852722286255,0.2005708210066629,0.17643695822920838,zara01
6850,274.0,112,0.315697664438,4.62785217624,0.9005874276730883,1.6944913671593003,0.33257734412167184,0.29951497484488393,zara01
6850,274.0,113,1.12241042963,5.33547848239,0.9921764338970327,1.4649916915147525,0.44493959862956806,0.4414585842678619,zara01
6850,274.0,114,14.9659634804,6.31255170242,1.049323774381012,5.805740741975612,0.028330621727931094,0.029727994922113362,zara01
6850,274.0,117,12.0512321772,4.38083928354,1.263016163911227,3.4967372562303263,0.07809898334270378,0.09864027834686855,zara01
6850,274.0,118,11.8510798579,3.73383256652,1.1867124577261068,4.04379677575117,0.058397296068315216,0.06930079874178946,zara01
6850,274.0,119,10.3687740908,2.76678305808,1.5096534303033105,5.805740741975612,0.028330621727931094,0.042769420274196675,zara01
6850,274.0,120,1.93017552038,4.11330164806,1.086436110631486,1.6944913671593003,0.33257734412167184,0.36132403623169845,zara01
6850,274.0,121,1.762434828,3.19565471816,1.188188838432221,2.233489863973492,0.19142709564881516,0.22745153842341936,zara01
6860,274.4,113,0.736627883689,5.24263982031,0.9919903916218761,9.37380472792485,0.01086774845388246,0.0107807020448149,zara01
6860,274.4,117,12.5563484403,4.39038567553,1.223881118214874,10.195327783614875,0.009186900144047916,0.01124367362122575,zara01
6860,274.4,118,12.3231530988,3.78466710386,1.155205778707189,9.964261480557193,0.009617919784065078,0.011110676513694177,zara01
6860,274.4,119,9.76621248195,2.72573357253,1.491946864654283,7.505423486198604,0.016952001346518177,0.025291485258552977,zara01
6860,274.4,120,2.36457550664,4.12117742145,1.0864361106314082,7.5320311636214585,0.01683244350683193,0.018287374455985383,zara01
6860,274.4,121,2.27512783505,3.18944956337,1.2818263908968224,7.505423486198604,0.016952001346518177,0.021729522704485468,zara01
6870,274.8,113,0.350845337746,5.14980115822,0.9919903916271609,9.162410934059006,0.011375011648446546,0.011283902259906005,zara01
6870,274.8,117,13.0303158671,4.37439546895,1.1812384889862297,10.234076861718963,0.009117463498480808,0.010769898806332574,zara01
6870,274.8,118,12.7752321543,3.72905937052,1.1372492487990513,9.984052378762495,0.009579827312963984,0.010894651415292925,zara01
6870,274.8,119,9.17754157033,2.69232120057,1.4329945067717766,6.4085518318052905,0.023251532353415056,0.033319318136470016,zara01
6870,274.8,120,2.79918595802,4.12881453504,1.069698806776808,6.538113903647076,0.022339138324486096,0.02389614961012484,zara01
6870,274.8,121,2.7878208421,3.18324440858,1.2818228152287554,6.4085518318052905,0.023251532353415056,0.029804344659636977,zara01
6880,275.2,117,13.5007053871,4.35578000457,1.1768943136677188,10.268046288818093,0.009057237299037986,0.010659411074776973,zara01
6880,275.2,118,13.2224705122,3.64696039942,1.1367783146833335,9.93306728362079,0.009678423630011071,0.011002222102915337,zara01
6880,275.2,119,8.62086135537,2.67680831359,1.3922325221735419,5.343834522837091,0.03343993151998113,0.04655616020137385,zara01
6880,275.2,120,3.22011617727,4.14050886523,1.0527315862683257,10.014523569775864,0.009521618921816499,0.010023708991406389,zara01
6880,275.2,121,3.30051384915,3.17727791359,1.2605870472868053,9.93306728362079,0.009678423630011071,0.0122004954661465,zara01
6890,275.6,117,13.9710949072,4.33716454019,1.1771690212663146,10.237442751937634,0.009111469162384684,0.010725739236182587,zara01
6890,275.6,118,13.6697088702,3.56486142832,1.1767894977915363,9.880153007177954,0.009782369016192899,0.011511789121777126,zara01
6890,275.6,119,8.06418114041,2.6615340864,1.3914110873623902,5.6778465474249025,0.02962129765749634,0.041215401982702,zara01
6890,275.6,120,3.64104639652,4.15220319541,1.0527233436112435,10.045846970881342,0.009462333823827612,0.009961219701385566,zara01
6890,275.6,121,3.79594871721,3.20949698655,1.2240181240579697,9.880153007177954,0.009782369016192899,0.01197379697204324,zara01
6900,276.0,117,14.4416948923,4.31831041602,1.1771690211415002,10.220248600648285,0.009142152518159136,0.01076185873092769,zara01
6900,276.0,118,14.1560937385,3.52595988097,1.2501104439495674,9.884820808591714,0.009773132354135775,0.012217494826006554,zara01
6900,276.0,119,7.50813232078,2.64697583862,1.3875750608094066,6.705818664279526,0.02123575819462732,0.02946620846824386,zara01
6900,276.0,120,4.06197661577,4.1636588658,1.0527233436116619,10.11424047977129,0.009334795997159542,0.009826957654062551,zara01
6900,276.0,121,4.27433591138,3.27990162746,1.2088939624977735,9.884820808591714,0.009773132354135775,0.01181468069760639,zara01
6910,276.4,117,14.9120844123,4.29969495164,1.1768943135429042,10.20360269355486,0.00917200541559401,0.010794481017397311,zara01
6910,276.4,118,14.6685762805,3.51545884978,1.2812061868354083,9.917224449840045,0.009709371025300546,0.012439706227895512,zara01
6910,276.4,119,6.95439861736,2.63671346723,1.3843145042750766,7.764066619101169,0.01584137503264823,0.02192944522535601,zara01
6910,276.4,120,4.48290683502,4.17535319599,1.139303733213876,10.207023199774985,0.009165859129017117,0.010442697523801687,zara01
6910,276.4,121,4.75272310556,3.35054492818,1.2088939625100537,9.917224449840045,0.009709371025300546,0.01173760001225588,zara01
6920,276.8,118,15.1808483573,3.50519647839,1.280937149452226,10.237191060740251,0.009111917196373888,0.011671793239567886,zara01
6920,276.8,119,6.40087537904,2.62621243605,1.3840514691393493,8.8238618782064,0.012264616680217031,0.016974860734685352,zara01
6920,276.8,120,4.97013356381,4.24098464091,1.239204570269396,10.237191060740251,0.009111917196373888,0.011291529433662822,zara01
6920,276.8,121,5.23111029974,3.42094956909,1.2146562075323923,9.950094720945348,0.009645326911306457,0.011715756206497624,zara01
6930,277.2,119,5.84735214073,2.61595006466,1.3843145042753138,1.7392424273727807,0.21045530651618713,0.2913363333120648,zara01
6930,277.2,120,5.46472657143,4.31258258082,1.249371112266743,1.7392424273727807,0.21045530651618713,0.262936780384567,zara01
6930,277.2,121,5.71518005188,3.48443307582,1.2786725494211102,0.8784828978099196,0.8249231675553924,1.0548066097345912,zara01
6940,277.6,119,5.2936184373,2.60544903347,1.3549386385751623,1.8992218706441333,0.1764935007326075,0.2391378636000036,zara01
6940,277.6,120,5.95931957905,4.38418052074,1.2493711122667421,1.8992218706441333,0.1764935007326075,0.2205058813181489,zara01
6940,277.6,121,6.25207654654,3.48443307582,1.3422412366374816,1.300482561926096,0.37641858401922357,0.5052445457072924,zara01
6950,278.0,119,4.76345682615,2.62692841545,1.3081002782509377,2.490448386556785,0.10264198251180805,0.13426600588392398,zara01
6950,278.0,120,6.45391258667,4.45577846065,1.2174031784087054,2.490448386556785,0.10264198251180805,0.12495667574804586,zara01
6950,278.0,121,6.78897304119,3.48443307582,1.3422412366375776,2.199552268064171,0.13158656492189463,0.17662091362565474,zara01
6960,278.4,119,4.24908009823,2.6691712,1.2905576226830273,3.2591053649926374,0.05993538792656244,0.07735007175708944,zara01
6960,278.4,120,6.92156606025,4.53453619456,1.1823742505890238,3.2591053649926374,0.05993538792656244,0.07086605938343168,zara01
6960,278.4,121,7.32586953585,3.48443307582,1.342241236637479,3.1829679812425913,0.062837020349289,0.08434243990024409,zara01
6970,278.8,119,3.7344929052,2.71165264434,1.2905821379637517,4.199979594278125,0.03608990694181539,0.04657698925988094,zara01
6970,278.8,120,7.38648348742,4.61400990786,1.178943989297189,4.117766186986686,0.037545401836556226,0.0442639258209556,zara01
6970,278.8,121,7.8627660305,3.48443307582,1.3293636382425336,4.199979594278125,0.03608990694181539,0.04797660999600617,zara01
6980,279.2,119,3.22011617727,2.75413408869,1.288687254330587,5.020841689420805,0.037880728808901906,0.04881641240078536,zara01
6980,279.2,120,7.85119044947,4.69372228096,1.1789439892869762,7.769718680407445,0.015818335882834756,0.01864893200959053,zara01
6980,279.2,121,8.38934973478,3.48920627181,1.2654188174141638,8.163918617169164,0.014327619800758792,0.01813043970463595,zara01
6980,279.2,122,0.231511620588,3.17417533619,1.3338612316490766,7.769718680407445,0.015818335882834756,0.02109946498331675,zara01
6980,279.2,123,-0.0498802309813,4.26675989928,1.4039507995155838,7.912598484243784,0.015252222249006112,0.021413369620881507,zara01
6990,279.6,119,2.70594991446,2.78205728526,1.2848236681820009,5.953024921753432,0.026946103939109536,0.03462099210626018,zara01
6990,279.6,120,8.31610787663,4.77319599427,1.1815249996161783,7.71267629988299,0.016053183613709332,0.01896723776302636,zara01
6990,279.6,121,8.87468227758,3.51354957138,1.2148566616443435,8.139778786586442,0.014412727562277905,0.017509398091498353,zara01
6990,279.6,122,0.736627883689,3.34601039198,1.333861231653197,7.71267629988299,0.016053183613709332,0.02141271926693725,zara01
6990,279.6,123,0.495855798278,4.39921608812,1.4037655486289669,7.829189200624336,0.01557893643349547,0.021869174249621568,zara01
7000,280.0,119,2.19494062828,2.67991089098,1.3031124510131202,6.935913137528872,0.019850163618599953,0.025866995366045253,zara01
7000,280.0,120,8.78418228044,4.84527125378,1.2130269816950798,7.658357021605381,0.01628171560866329,0.0197501603415945,zara01
7000,280.0,121,9.36001482038,3.53789287095,1.2151343906574976,8.118295426310082,0.014489108992830117,0.017606214627172694,zara01
7000,280.0,122,1.24174414679,3.51784544778,1.3223849537779997,7.658357021605381,0.01628171560866329,0.02153069574258874,zara01
7000,280.0,123,1.04138136243,4.53191093676,1.4037655486299168,7.7491393550651395,0.01590246469253608,0.022323332073685788,zara01
7010,280.4,119,1.683720877,2.57752583691,1.2235991326987607,1.8459579503189973,0.28023848359372017,0.3428995654740919,zara01
7010,280.4,120,9.28340552047,4.85099908898,1.2481368582753847,7.698550672104134,0.016112147785457817,0.020110165517010017,zara01
7010,280.4,121,9.84555782828,3.56247483032,1.2151343906823793,8.221052666106633,0.014129165792623556,0.01716883526626994,zara01
7010,280.4,122,1.74328250303,3.67130369899,1.3007279006690575,1.3602871427164487,0.5160718800362436,0.6712690931138768,zara01
7010,280.4,123,1.58711739169,4.6643671256,1.35401162527534,1.9922398900186589,0.24059584270959886,0.32576956802171403,zara01
7010,280.4,124,0.403672080262,3.90757690071,1.2678821891413707,1.4047328036427331,0.48393154612464007,0.6135681880950768,zara01
7010,280.4,125,0.148798832505,3.28586812245,1.392112849518317,1.6904835036641859,0.3341561878884857,0.465183122905618,zara01
7020,280.8,119,1.21669879875,2.64458924062,1.1795314792782188,1.5493373933663124,0.3978133713243263,0.46923339435483796,zara01
7020,280.8,120,9.7826287605,4.85648826437,1.2481335425785014,7.680829854967254,0.016186579793205404,0.020203013179523048,zara01
7020,280.8,121,10.3308903711,3.58681812989,1.2300194291318225,8.310058823194225,0.01382812147744032,0.017008858085646637,zara01
7020,280.8,122,2.24145341751,3.80662380543,1.2905565447844256,1.5493373933663124,0.3978133713243263,0.5134006499653663,zara01
7020,280.8,123,2.10254644516,4.7493300143,1.3007068169423923,2.0051440785415497,0.23750907807167884,0.3089296769335355,zara01
7020,280.8,124,0.907525552705,3.96533257224,1.267916197655606,1.3564479511167025,0.5189973187706927,0.658045107009191,zara01
7020,280.8,125,0.705058117246,3.31140472102,1.392112849522162,1.6142343263099024,0.3664698290122505,0.5101673579301436,zara01
7030,281.2,119,0.749676720486,2.71165264434,1.1793135198632434,2.339552970020309,0.17446391622828183,0.20574765513630108,zara01
7030,281.2,120,10.2818520005,4.86197743976,1.2483966081427178,7.667315709305054,0.016243689891198565,0.02027856736389444,zara01
7030,281.2,121,10.8290612856,3.59421658368,1.283671714035718,8.306710977442334,0.01383926999262714,0.017765079432438758,zara01
7030,281.2,122,2.739624332,3.94194391187,1.2851727456237387,1.5973163481230357,0.37427387090600345,0.4810065782874932,zara01
7030,281.2,123,2.61460805688,4.8288037276,1.2957862692715696,2.014211766683434,0.2353754290101382,0.30499624903524214,zara01
7030,281.2,124,1.41137902515,4.02332690357,1.2679161976518802,1.4479478639948915,0.45547603655991487,0.577505444396596,zara01
7030,281.2,125,1.26131740199,3.33694131959,1.3921128495209134,1.5973163481230357,0.37427387090600345,0.521031464928179,zara01
7040,281.6,119,0.282865107337,2.77895470786,1.1790956543172817,3.2189548216093242,0.09215982031088923,0.10866524363123105,zara01
7040,281.6,120,10.7812857057,4.86746661516,1.2481996046246533,7.654515642467229,0.01629806149894482,0.020343233919131207,zara01
7040,281.6,121,11.3575391758,3.56247483032,1.3238562193821601,8.339998523305084,0.013729016739334816,0.01817524419637018,zara01
7040,281.6,122,3.2405312929,4.04934082174,1.2774878657872801,1.5800571064157045,0.3824950463360274,0.48863278041801844,zara01
7040,281.6,123,3.12688013371,4.90851610071,1.320774358542515,2.0259589280575794,0.23265377759836592,0.3072831438699747,zara01
7040,281.6,124,1.91523249759,4.0810825751,1.2837561978186502,1.467220581037009,0.44358878887588055,0.5694598570022804,zara01
7040,281.6,125,1.81757668673,3.36247791816,1.3680037880769642,1.6419010228639772,0.3542235532515779,0.48457916267424084,zara01
7050,282.0,120,11.2802984806,4.84694187238,1.2492349670165301,7.621751900652577,0.01643848412402922,0.0205355291724834,zara01
7050,282.0,121,11.8862275312,3.53049441716,1.32385621950703,8.353858860865877,0.01368349742895541,0.018114983175931076,zara01
7050,282.0,122,3.74438476535,4.12881453504,1.2752068283257987,1.5420985444143986,0.4015569320981811,0.5120681417731596,zara01
7050,282.0,123,3.65977779128,4.98393259742,1.3480409202717751,1.99855758443532,0.2390771388703667,0.3222857662987521,zara01
7050,282.0,124,2.42245341179,4.20351505235,1.304725858820788,1.4628818013542306,0.44622398219242454,0.5821999683924431,zara01
7050,282.0,125,2.34668597232,3.47727328182,1.3526676185632562,1.99855758443532,0.2390771388703667,0.32339190408869584,zara01
7060,282.4,120,11.7795217206,4.81949599541,1.2496637687425638,7.588518051349005,0.016582783811900835,0.020722904114623176,zara01
7060,282.4,121,12.4147054215,3.4987526638,1.3235756954229578,8.366668628045684,0.013641629335164843,0.01805572903399303,zara01
7060,282.4,122,4.24823823779,4.20828824835,1.2868011380732416,1.503053462670633,0.42269053698296416,0.5439186640424679,zara01
7060,282.4,123,4.19478009995,5.05887177453,1.3508237323398948,1.9671575368106478,0.24677041973073188,0.33334333941174965,zara01
7060,282.4,124,2.9298847911,4.32594752961,1.3046559057661544,1.4618953762640778,0.44682637144938386,0.5829546643635001,zara01
7060,282.4,125,2.87284874639,3.60209235708,1.3519131498530177,1.9671575368106478,0.24677041973073188,0.333612175428725,zara01
7070,282.8,120,12.2785344956,4.79228877825,1.264850873506305,7.556263495417016,0.01672465602112883,0.021154195777417284,zara01
7070,282.8,121,12.9431833118,3.46701091044,1.3022586405771979,8.380615702292587,0.013596262143229308,0.017705849855573018,zara01
7070,282.8,122,4.7645091517,4.26699855908,1.3544982211822574,1.4684270105900497,0.44286020136998805,0.5998533549880651,zara01
7070,282.8,123,4.72999287372,5.13381095164,1.3654037392066458,1.9367182604052526,0.25458832711895474,0.3476158538065855,zara01
7070,282.8,124,3.43710570529,4.44814134706,1.3080670407406234,1.463454829140905,0.44587460525872946,0.5832338754421799,zara01
7070,282.8,125,3.39901152045,3.72691143233,1.351913149850133,1.9367182604052526,0.25458832711895474,0.3441813072304621,zara01
7080,283.2,120,12.7893333166,4.75481918969,1.317497460050712,7.52473214760226,0.01686511440058115,0.022219745386230352,zara01
7080,283.2,121,13.4565077141,3.4956500864,1.2818090422117132,8.354549707987202,0.013681234514904798,0.017536730109823952,zara01
7080,283.2,122,5.33129169192,4.24265525951,1.4180126746363584,1.4594479425256937,0.4483262466381333,0.6357323001050191,zara01
7080,283.2,123,5.27783355408,5.20087435536,1.401364914209313,1.9104649157930198,0.2616334384154255,0.36664392097932036,zara01
7080,283.2,124,3.94853592168,4.56556196852,1.3468204768296104,1.4733139598797613,0.43992715920061476,0.5925029063248679,zara01
7080,283.2,125,3.92517429452,3.85173050758,1.3604086034413614,1.9104649157930198,0.2616334384154255,0.35592838056829046,zara01
7090,283.6,120,13.3279135321,4.69372228096,1.3547914332937943,7.504602063359129,0.016955712542138353,0.02297145409748118,zara01
7090,283.6,121,13.9660437445,3.53980214935,1.2785877166224096,8.300985309471317,0.01385836806107535,0.01771913917532326,zara01
7090,283.6,122,5.89786376704,4.21807330014,1.4177498380817655,1.4619382678374397,0.44680015309889404,0.633450844710865,zara01
7090,283.6,123,5.84440562919,5.25600476909,1.4233818302296932,1.9109263593168302,0.26150709709559955,0.3722244504819886,zara01
7090,283.6,124,4.4976393927,4.63835320743,1.3844680210087288,1.4816452839227325,0.434993628784942,0.6022347683952943,zara01
7090,283.6,125,4.46817427735,3.93024958168,1.3852766759580812,1.9109263593168302,0.26150709709559955,0.36225968220403937,zara01
7100,284.0,120,13.8662832826,4.63286403204,1.3545300230130273,7.485886380428829,0.01704060146946625,0.023082006300591946,zara01
7100,284.0,121,14.4755797749,3.5837155525,1.2785620664725126,8.24732626648858,0.014039286300177803,0.017950098903754565,zara01
7100,284.0,122,6.46443584215,4.19373000056,1.4124714841887438,1.509278294031614,0.4192110576337342,0.5921236647642535,zara01
7100,284.0,123,6.41118816941,5.31113518282,1.4233818302310046,1.9316765236434816,0.2559190285980726,0.3642704953168654,zara01
7100,284.0,124,5.0465323986,4.71090578654,1.3844289042845572,1.509278294031614,0.4192110576337342,0.580367905183841,zara01
7100,284.0,125,5.02780100384,3.96294597424,1.4014352866327318,1.9316765236434816,0.2559190285980726,0.3586539571981101,zara01
7110,284.4,120,14.404653033,4.57176712331,1.3545636299241137,7.469267990611451,0.017116513162651722,0.023185406201245387,zara01
7110,284.4,121,14.9851158053,3.62762895564,1.2785620664714406,8.193936809977481,0.014222834651602071,0.018184776863233956,zara01
7110,284.4,122,7.02721954529,4.18060371158,1.3948576416457155,1.5533401283747799,0.3957657967317464,0.5520369458732813,zara01
7110,284.4,123,6.97776024452,5.36626559656,1.367636283327637,1.9525078284693491,0.2504873593148835,0.34257560111396157,zara01
7110,284.4,124,5.59563586961,4.78345836566,1.3847288277867726,1.5533401283747799,0.3957657967317464,0.5480283077864493,zara01
7110,284.4,125,5.58742773034,3.995403707,1.4014179815088634,1.9525078284693491,0.2504873593148835,0.3510374894845494,zara01
7120,284.8,120,14.9430227834,4.51067021458,1.3545636299240187,8.805067668911272,0.012317029627833742,0.01668420036256016,zara01
7120,284.8,122,7.58032185338,4.19420732016,1.3834369365789376,1.5808849222066783,0.3820945712182403,0.5286037430896051,zara01
7120,284.8,123,7.50118697216,5.40588312331,1.2571989821757301,1.9319986100947197,0.25583370640328285,0.32163387529645177,zara01
7120,284.8,124,6.14473934063,4.85624960457,1.3614897423578454,1.5808849222066783,0.3820945712182403,0.5202178393242534,zara01
7120,284.8,125,6.14705445683,4.02786143976,1.3937781238050617,1.9319986100947197,0.25583370640328285,0.3565754233168626,zara01
7130,285.2,122,8.13363462659,4.20781092875,1.3834443024401915,1.608648410601615,0.36901932797272574,0.5105176867741757,zara01
7130,285.2,123,7.98146835233,5.43046508268,1.202259914634146,1.8784504220047777,0.2706274887710695,0.3253645815475593,zara01
7130,285.2,124,6.67911025397,4.89491249212,1.318642188925184,1.608648410601615,0.36901932797272574,0.48660445439365546,zara01
7130,285.2,125,6.70078816026,4.05626195593,1.3179595691316675,1.8784504220047777,0.2706274887710695,0.35667608849590393,zara01
7140,285.6,122,8.68673693468,4.22165319713,1.3738142421504644,1.6352862163789852,0.357095049687148,0.49058226506163166,zara01
7140,285.6,123,8.46174973249,5.45480838225,1.2022599146341477,1.8907368804948121,0.2671217128518267,0.3211497276901645,zara01
7140,285.6,124,7.19874860963,4.89992434792,1.2991534683396964,1.6352862163789852,0.357095049687148,0.4639212723279945,zara01
7140,285.6,125,7.20127419095,4.04552226494,1.2512337291943825,1.8907368804948121,0.2671217128518267,0.33423169692038207,zara01
7150,286.0,122,9.23268342905,4.21019752674,1.363239579736303,1.6659603998819685,0.3440662183437328,0.4690446868963694,zara01
7150,286.0,123,8.94203111266,5.47939034162,1.2384781572920363,1.9039422561218649,0.263429153673594,0.32625125281867334,zara01
7150,286.0,124,7.7183869653,4.90469754391,1.2994137642025305,1.6659603998819685,0.3440662183437328,0.4470843799129596,zara01
7150,286.0,125,7.70154975653,4.03502123376,1.2512337291944677,1.9039422561218649,0.263429153673594,0.32961144232955353,zara01
7160,286.4,122,9.77694620254,4.19277536137,1.3610909254892938,1.6974339490459929,0.33142526652433973,0.45109992274414945,zara01
7160,286.4,123,9.45177760817,5.4934712698,1.2991041578673135,1.9288268644546371,0.2566757794993361,0.3334485723714213,zara01
7160,286.4,124,8.23823578607,4.90947073991,1.2994165380696523,1.6974339490459929,0.33142526652433973,0.4306594724558694,zara01
7160,286.4,125,8.20203578722,4.02428154277,1.2514967513579134,1.9288268644546371,0.2566757794993361,0.32122890419567923,zara01
7170,286.8,122,10.3209985109,4.17535319599,1.360827978888513,1.7290662401936818,0.3194097135923838,0.4346616749852824,zara01
7170,286.8,123,9.98109735888,5.5006310638,1.3234244976141931,1.9609895406665598,0.2483252191832038,0.3286396784424659,zara01
7170,286.8,124,8.75787414174,4.9144825957,1.2945749658120886,1.7290662401936818,0.3194097135923838,0.41349981905390926,zara01
7170,286.8,125,8.70252181791,4.01378051158,1.2635895642458546,1.9609895406665598,0.2483252191832038,0.3137811554989608,zara01
7180,287.2,122,10.8650508193,4.15793103061,1.3273786678491668,1.7680009347485728,0.3054966142693957,0.40550968888134126,zara01
7180,287.2,123,10.5104171096,5.50802951759,1.324674361799852,1.9554342787417531,0.2497381750689067,0.33082175767646366,zara01
7180,287.2,124,9.27372412543,4.92832486408,1.2866295995143917,1.7680009347485728,0.3054966142693957,0.39306098647043525,zara01
7180,287.2,125,9.21268924364,4.04528360514,1.288360986661181,1.9554342787417531,0.2497381750689067,0.32175292163873936,zara01
7190,287.6,122,11.3819531285,4.13048515364,1.279681018655573,1.7926551749607194,0.29715145677169225,0.38025907889658656,zara01
7190,287.6,123,11.0405787207,5.47724240342,1.340444701631128,1.8981521556040077,0.2650387270941792,0.35526975746045103,zara01
7190,287.6,124,9.78662759759,4.94813362746,1.283489043670252,1.7926551749607194,0.29715145677169225,0.3813906390771215,zara01
7190,287.6,125,9.72917062266,4.10494855507,1.3000520025989515,1.8981521556040077,0.2650387270941792,0.34456412792506463,zara01
7200,288.0,122,11.8870693916,4.09850474048,1.2653002803809805,1.8099576263249741,0.2914973204694782,0.3688316413203353,zara01
7200,288.0,123,11.5722135877,5.35791250357,1.3624132046109128,1.7841439952820093,0.2999933147710466,0.4087148533390719,zara01
7200,288.0,124,10.2997415349,4.96818105063,1.2834890435953996,1.8099576263249741,0.2914973204694782,0.37413361705999226,zara01
7200,288.0,125,10.2458624668,4.164613505,1.3000520025742108,1.7841439952820093,0.2999933147710466,0.39000690962697476,zara01
7210,288.4,122,12.3921856548,4.06676298712,1.265281535382985,1.8285533967139875,0.2855986091417313,0.36136264667809476,zara01
7210,288.4,123,12.1040589197,5.23858260371,1.3624132044915849,1.6819667790306685,0.33754878932801835,0.4598809277406404,zara01
7210,288.4,124,10.812645007,4.98798981401,1.283477498353129,1.8285533967139875,0.2855986091417313,0.36655938839436236,zara01
7210,288.4,125,10.7623438458,4.22427845493,1.304110088482534,1.6819667790306685,0.33754878932801835,0.4402007815177343,zara01
7220,288.8,122,12.8973019179,4.03502123376,1.267658660602251,1.8482540621222419,0.2795426277434837,0.3543646330665382,zara01
7220,288.8,123,12.6356937866,5.11925270385,1.3551464519152157,1.5967733488442695,0.37452846558271957,0.5075409212756724,zara01
7220,288.8,124,11.3257589443,5.00779857739,1.3080516786314142,1.8482540621222419,0.2795426277434837,0.36565620346890043,zara01
7220,288.8,125,11.2838763875,4.26938515707,1.3278564902503214,1.6303583626601175,0.35925699349722473,0.4770417304831074,zara01
7230,289.2,122,13.4017867856,3.97106040743,1.2990524364936555,1.8453667676913412,0.2804180670384909,0.3642777732231929,zara01
7230,289.2,123,13.1563844678,4.97796610242,1.3428663024398726,1.5150549042824144,0.41602041113694416,0.5586597912429838,zara01
7230,289.2,124,11.8590775321,4.98369393762,1.3419145721342607,1.8453667676913412,0.2804180670384909,0.376297090448673,zara01
7230,289.2,125,11.8241403239,4.25649752789,1.351307074968795,1.6032600250274525,0.371503965303208,0.5020159366931867,zara01
7240,289.6,122,13.9043774674,3.77846194906,1.345222661877339,1.907735042283019,0.2623827428922152,0.3529632118241432,zara01
7240,289.6,123,13.6659204982,4.81472279942,1.3377086662082887,1.4211145835897332,0.4728388904465675,0.632520681470685,zara01
7240,289.6,124,12.3976577476,4.94861094706,1.349304137219096,1.907735042283019,0.2623827428922152,0.3540341205193603,zara01
7240,289.6,125,12.3646147254,4.2436098987,1.3513070749687932,1.6084874624023828,0.3690931811661058,0.4987582270324973,zara01
7250,290.0,122,14.4067576841,3.58610215049,1.3449769910351106,1.9810319331881598,0.24332595112333155,0.32726780558261487,zara01
7250,290.0,123,14.1754565286,4.65124083662,1.3377086662122022,1.338358689170387,0.5331216705332227,0.7131614788178184,zara01
7250,290.0,124,12.9362379631,4.9135279565,1.3273306766553552,1.9810319331881598,0.24332595112333155,0.32297399935233956,zara01
7250,290.0,125,12.9048786618,4.23072226952,1.291973004765565,1.6343731812175142,0.35749414018933773,0.4618727784865008,zara01
7260,290.4,122,14.9091379008,3.39350369213,1.3450837527228077,2.048216252007697,0.22762489914988493,0.30617455356167783,zara01
7260,290.4,123,14.684992559,4.48799753361,1.337617616915978,1.3284693215965881,0.541088523539944,0.7237695413980849,zara01
7260,290.4,124,13.4533507375,4.834292903,1.2843130361158486,2.048216252007697,0.22762489914988493,0.29234162532275254,zara01
7260,290.4,125,13.3954728323,4.16867072159,1.183797937312012,1.7006074982661195,0.3301894575486328,0.3908775987682437,zara01
7270,290.8,124,13.9386832803,4.68823310557,1.2667482057266182,0.6388492729828313,0.7799258546638156,0.9879696769951876,zara01
7270,290.8,125,13.8359763068,4.05769391473,1.1356693033858567,0.6388492729828313,0.7799258546638156,0.8857378520586744,zara01
7280,291.2,124,14.423805358,4.54241196795,1.2666623138949926,0.6136425603860087,0.8453161777716637,1.0707301457091265,zara01
7280,291.2,125,14.2764797812,3.94671710786,1.1356693033889171,0.6136425603860087,0.8453161777716637,0.9599996347533273,zara01
7290,291.6,124,14.9091379008,4.39659083032,1.266914266239969,0.592854724096256,0.9056357492666448,1.147362850762836,zara01
7290,291.6,125,14.7169832557,3.83574030099,1.1356693033858567,0.592854724096256,0.9056357492666448,1.028502720490979,zara01
7300,292.0,125,15.1574867301,3.72476349413,1.1356693032616727,1.865085665077666,0.09150662948235475,0.10392127014804985,zara01
7300,292.0,126,14.9893251075,5.5822527153,0.7368909773774626,1.865085665077666,0.09150662948235475,0.06743040963576973,zara01
7330,293.2,126,14.1053716471,5.60611869527,0.747787339149615,2.6299620357892706,0.09204096518038271,0.06882706844500075,zara01
7330,293.2,127,14.7700204633,3.06152791072,1.1743418275161375,2.6299620357892706,0.09204096518038271,0.1080875552562798,zara01
7330,293.2,129,14.9975332468,5.39562075192,0.8819536896055721,2.3451548899799786,0.11575428039423377,0.10208991468133241,zara01
7340,293.6,126,13.801880959,5.60850529327,0.7632049342938202,2.4511060781703167,0.15894510888662053,0.12130769138413731,zara01
7340,293.6,127,14.3257286169,3.21403152274,1.1743418275162216,2.4511060781703167,0.15894510888662053,0.1866558896446788,zara01
7340,293.6,128,14.6708913967,4.59014392789,0.9177264582959953,1.4187398268065152,0.47442313740293424,0.4353906656224692,zara01
7340,293.6,129,14.6506867461,5.331182606,0.8822123462497837,2.1419445592923627,0.2081397031044353,0.18362341582349725,zara01
7350,294.0,126,13.4948123641,5.60850529327,0.767934568750043,2.2750623339314267,0.1844950767209305,0.14168014717819385,zara01
7350,294.0,127,13.8814367705,3.36653513476,1.1744938624280483,2.2750623339314267,0.1844950767209305,0.21668833525692474,zara01
7350,294.0,128,14.3059448966,4.55052640114,0.917497167176571,1.3331373978223278,0.5373058372728325,0.49297658360525953,zara01
7350,294.0,129,14.3036297804,5.26674446008,0.8822668702531081,1.9465462793474784,0.25202400852133183,0.2223524332267581,zara01
7360,294.4,126,13.187533304,5.60850529327,0.7679345687499861,2.1045352896211997,0.21560506391979686,0.1655705817815624,zara01
7360,294.4,127,13.4369344589,3.51880008698,1.1341807991182502,1.7617129447917643,0.30768129235613023,0.34896621403821176,zara01
7360,294.4,128,13.9412088616,4.51067021458,0.9517245839558772,1.1126989814157657,0.7712869815934124,0.7340527816675747,zara01
7360,294.4,129,13.9567832797,5.20206765435,0.8822668703759328,1.408293705677996,0.481487376695677,0.42480036096281276,zara01
7360,294.4,130,14.9219762724,4.17654649499,1.2658989064435693,1.624185803747043,0.36199282423071566,0.45824632033408214,zara01
7370,294.8,126,12.8804647091,5.60850529327,0.8394784017355907,2.0575016110992657,0.2255750249729809,0.18936536143578397,zara01
7370,294.8,127,12.9936949381,3.55412173733,1.1070851042967071,1.6991149216883856,0.33076981795541915,0.36619033840937804,zara01
7370,294.8,128,13.5478495717,4.47988310042,1.0388161845704114,1.0789446043845834,0.8203007090862127,0.8521416528133424,zara01
7370,294.8,129,13.6097263139,5.13762950843,1.0041520386315574,1.4038188370286662,0.48456188566053243,0.48657380532917527,zara01
7370,294.8,130,14.4442204736,4.00876865579,1.2660483330805417,1.5201079401156787,0.4132591965504669,0.5232061169229225,zara01
7380,295.2,126,12.5180437903,5.6614877688,0.9156830275047726,2.150343271434344,0.2065169932424212,0.1891041056034029,zara01
7380,295.2,127,12.5512972776,3.51140163318,1.1114293371112842,1.7291864140918627,0.31936531886863584,0.35495198464650185,zara01
7380,295.2,128,13.1115553995,4.46246093504,1.0918795279426639,1.103812918392128,0.7837552031920154,0.8557662612839044,zara01
7380,295.2,129,13.1565949329,5.13118569384,1.1478523531387097,1.5230020312804184,0.41169009368183235,0.4725594427965871,zara01
7380,295.2,130,13.9662542096,3.84122947639,1.2660483330805419,1.5230020312804184,0.41169009368183235,0.521219556851656,zara01
7390,295.6,126,12.1556228715,5.71447024434,0.9159865315368162,2.24651769272252,0.1892133153849173,0.1733168484800121,zara01
7390,295.6,127,12.1086891521,3.46844286924,1.1114293369868635,1.7619148015960657,0.30761079632007654,0.34188766340402377,zara01
7390,295.6,128,12.6750507621,4.44480010986,1.0918795280675653,1.1287333319225106,0.7495294159565941,0.8183958249674438,zara01
7390,295.6,129,12.6914670406,5.13118569384,1.1625566492499821,1.6613992852412562,0.3459579726618319,0.40219574147905623,zara01
7390,295.6,130,13.4884984108,3.67345163719,1.2741483260578603,1.6613992852412562,0.3459579726618319,0.44080177175344415,zara01
7400,296.0,126,11.7929914876,5.76769137967,0.9496965675239206,2.345393331754574,0.17359611829983423,0.16486363768482903,zara01
7400,296.0,127,11.6662914917,3.42572276509,1.0939327898083882,1.7951303474632117,0.2963325813603734,0.3241679274386744,zara01
7400,296.0,128,12.2387565898,4.42737794448,1.0901734027650536,1.1757713905934783,0.690757493536162,0.7530454472137772,zara01
7400,296.0,129,12.2265496135,5.13118569384,1.1622935678750643,1.7782721882989319,0.30197772533505673,0.3509867677984793,zara01
7400,296.0,130,12.9962205194,3.52810781916,1.307402173070441,1.7782721882989319,0.30197772533505673,0.39480633432192197,zara01
7410,296.4,126,11.4017368489,5.80874086523,1.035160424681151,2.3974116668381433,0.1661445703952928,0.17198628404885868,zara01
7410,296.4,127,11.235048482,3.4171310123,1.071798594552813,1.7931184704150198,0.29699792410066417,0.31832195763619486,zara01
7410,296.4,128,11.8039356733,4.40255732531,1.086037110501512,1.1744637138725584,0.692296562567677,0.7518597584211292,zara01
7410,296.4,129,11.7616321863,5.13118569384,1.1163539818443438,1.7931184704150198,0.29699792410066417,0.33155481516928065,zara01
7410,296.4,130,12.4700577453,3.43526915708,1.3356743133372528,1.8379335331563258,0.2826908677291384,0.37758293064082904,zara01
7420,296.8,126,10.9673368626,5.831652206,1.0877878843075022,2.413762979088495,0.16390120176261722,0.17828974150081442,zara01
7420,296.8,127,10.808856635,3.42309750729,1.0655840227069515,1.7982691506906112,0.29529901204036074,0.3146659091513561,zara01
7420,296.8,128,11.3724821986,4.36079186036,1.083675617093243,1.1675129122573322,0.7005642917058609,0.7591844411278394,zara01
7420,296.8,129,11.3335461533,5.14311868382,1.0401915613594506,1.7982691506906112,0.29529901204036074,0.30716754040216604,zara01
7420,296.8,130,11.9438949712,3.34266915479,1.3356743132163236,1.9010902624800006,0.2642201332821793,0.35291204505960033,zara01
7430,297.2,126,10.5327264112,5.85480220657,1.0638360834572842,2.4303753468362643,0.16166822857563024,0.17198849510737546,zara01
7430,297.2,127,10.382664788,3.42906400228,1.065320967040033,1.818227386368075,0.28885174283533394,0.30771981800853687,zara01
7430,297.2,128,10.9410287239,4.31902639541,1.0836756170932464,1.1706519892043639,0.6968122342440611,0.7551184279425568,zara01
7430,297.2,129,10.9300845382,5.1629274472,1.0096209074633198,1.818227386368075,0.28885174283533394,0.2916307587237713,zara01
7430,297.2,130,11.4177321972,3.2498304927,1.4130426870952364,1.9742695349534614,0.2449957181274538,0.3461894078696444,zara01
7440,297.6,126,10.117689215,5.88081612474,0.9837272951065261,2.4510793960967745,0.15894856940950247,0.1563620462462618,zara01
7440,297.6,127,9.95668340616,3.43503049728,1.0941971334548501,1.8385811196023236,0.2824917636129939,0.30910167796994303,zara01
7440,297.6,128,10.5095752492,4.27726093046,1.0794759543865575,1.2105718618113124,0.6516137378367501,0.7034013615427179,zara01
7440,297.6,129,10.5268333881,5.18297487038,1.0096209074627014,1.8385811196023236,0.2824917636129939,0.2852095907296898,zara01
7440,297.6,130,10.8372694248,3.11188512846,1.5252623625492512,2.094226170204225,0.21773298033431496,0.33209991998960686,zara01
7450,298.0,126,9.74790201742,5.9130351977,0.9279703664829454,2.487991233505255,0.15426723320116187,0.14315542092999217,zara01
7450,298.0,127,9.50734039711,3.43670111587,1.1357242676838428,1.870439016926852,0.27295073973030576,0.3099967789939647,zara01
7450,298.0,128,10.0795950302,4.25816814649,1.0711489478926965,1.3121580102971548,0.5546245763808627,0.5940855314657936,zara01
7450,298.0,129,10.123371773,5.20278363375,1.0098689951850621,1.870439016926852,0.27295073973030576,0.2756444892664633,zara01
7450,298.0,130,10.2336554904,2.95508564005,1.5594477148789319,2.250401912816146,0.18856071027063032,0.2940505687474828,zara01
7460,298.4,126,9.3781148198,5.94525427066,0.927708278343132,2.530167003013951,0.14916708633862688,0.13838354085266885,zara01
7460,298.4,127,9.04810552791,3.43670111587,1.1480871729999826,1.9080694770568147,0.2622907732609335,0.30113267237712454,zara01
7460,298.4,128,9.65277178787,4.29134185865,1.0702531020151236,1.4934705693528183,0.42813234988675586,0.4582099755393247,zara01
7460,298.4,129,9.71991015784,5.22259239713,1.0695467941724377,1.9080694770568147,0.2622907732609335,0.28053225568224116,zara01
7460,298.4,130,9.62983109092,2.79804749184,1.5595227886479812,2.4262176810964164,0.16222278588756006,0.252990131429612,zara01
7470,298.8,126,9.0085380873,5.97747334362,0.9880062226103605,2.575197907719917,0.1439959112019954,0.14226885629802039,zara01
7470,298.8,127,8.58887065871,3.43670111587,1.1480871729999826,1.9529640556511574,0.25037034149937176,0.28744697757505394,zara01
7470,298.8,128,9.22594854554,4.32427691101,1.0702531020026589,1.6674308837689664,0.3434596315968072,0.36758873612917337,zara01
7470,298.8,129,9.27014621857,5.26698311988,1.1450518330755903,1.9529640556511574,0.25037034149937176,0.2866870184816172,zara01
7470,298.8,130,9.02621715651,2.64100934363,1.4119608122835516,2.6372788363899176,0.1372964419793843,0.19385719574085294,zara01
7480,299.2,126,8.59223810046,6.02973983976,1.0894367792499546,2.6339800154308994,0.13764056000311975,0.14995068838395892,zara01
7480,299.2,127,8.12963578951,3.43670111587,1.1247186669479998,1.99974366572566,0.23879362170496113,0.26857564387968885,zara01
7480,299.2,128,8.79912530322,4.35745062317,1.0634307886226415,1.6850381415828708,0.3363193929791146,0.3576523973048679,zara01
7480,299.2,129,8.80880669827,5.31757899742,1.1602317517735865,1.99974366572566,0.23879362170496113,0.2770559420231062,zara01
7480,299.2,130,8.51205089369,2.63528150844,1.2728046718145385,2.698663340793056,0.13112151633815,0.16689207857060365,zara01
7490,299.6,126,8.14499974251,6.09537128468,1.1300708921030307,2.689472219421119,0.13201924864066772,0.1491911100861312,zara01
7490,299.6,127,7.68913231506,3.44481554906,1.0479818718524234,2.0326824366007528,0.23111722412892366,0.2422066611599655,zara01
7490,299.6,128,8.37903694441,4.40494392331,1.0543795607685142,1.7065515157596385,0.3278933254028765,0.34572402041721245,zara01
7490,299.6,129,8.34746717797,5.36793621515,1.1604932728115949,2.0326824366007528,0.23111722412892366,0.2682099838325055,zara01
7490,299.6,130,8.00798695614,2.64625985922,1.2607282384621599,2.742766670251436,0.1269385857264361,0.16003505957576766,zara01
7500,300.0,126,7.69776138455,6.1610027296,1.1300708921031115,2.719660191808793,0.1291047119655539,0.14589747702562875,zara01
7500,300.0,127,7.2919846532,3.47178410643,0.9951556675072047,2.0353337768823034,0.2305154837181404,0.2293987900702722,zara01
7500,300.0,128,7.96168463202,4.45840371845,1.0516447692857092,1.722933217894434,0.32168772814188734,0.33830121664381907,zara01
7500,300.0,129,7.88591719256,5.41853209269,1.1604932728130344,2.0353337768823034,0.2305154837181404,0.2675116681341445,zara01
7500,300.0,130,7.50371255348,2.65747686981,1.2607282384625218,2.7873834199706358,0.12290737892484863,0.15495280332597008,zara01
7500,300.0,131,15.0061623163,4.22427845493,1.3275294955480157,7.56066300633088,0.016705197701499194,0.022176642677701097,zara01
7510,300.4,126,7.2505230266,6.22663417452,1.093851868184737,2.750972572057766,0.12618242260557105,0.13802487869917987,zara01
7510,300.4,127,6.89483699133,3.4987526638,0.994913451980668,2.0401136231657984,0.22943658515950086,0.22826954495169552,zara01
7510,300.4,128,7.54454278475,4.51186351358,1.051644769285634,1.739794826352576,0.315482527794283,0.3317755501558674,zara01
7510,300.4,129,7.42457767226,5.46888931043,1.0815362769457109,2.0401136231657984,0.22943658515950086,0.2481439901085441,zara01
7510,300.4,130,6.99964861593,2.6684552206,1.2252818868861384,2.832489328205048,0.11902407567238718,0.14583804402474107,zara01
7510,300.4,131,14.4799995422,4.29587639484,1.327529495425748,7.48285749519572,0.017054399533176803,0.02264021840706731,zara01
7520,300.8,126,6.83232885377,6.29059500085,1.033494401648843,2.7847890659266477,0.12313649055807038,0.12726087363045135,zara01
7520,300.8,127,6.49789979458,3.52595988097,0.9949134519673469,2.0788969202806626,0.22095583265319751,0.21983193019731218,zara01
7520,300.8,128,7.12719047236,4.56532330872,1.0519057180694438,1.7502873437760518,0.3117113938491937,0.32789099757736334,zara01
7520,300.8,129,7.02869280105,5.53595271415,0.9522207139290535,2.0788969202806626,0.22095583265319751,0.2103987207158162,zara01
7520,300.8,130,6.52441839839,2.70019697396,1.168140931828768,2.8802436166405494,0.11510996886395523,0.13446466629152115,zara01
7520,300.8,131,13.9538367682,4.36747433476,1.3275294954257515,7.37660274595505,0.017549251187102093,0.02329714857351341,zara01
7530,301.2,126,6.43349747103,6.35336252817,1.0090908820809972,2.820133073403634,0.12006935519995289,0.12116089154961703,zara01
7530,301.2,127,6.10075213272,3.55292843833,0.9951556675062876,2.1402809556708786,0.20846339568757924,0.20745352968610029,zara01
7530,301.2,128,6.70983815997,4.61878310385,1.0519436632277146,1.7564538011681763,0.30952655877792745,0.3256045021071215,zara01
7530,301.2,129,6.67679513776,5.61423312846,0.9014404923489457,2.1402809556708786,0.20846339568757924,0.18791734604534452,zara01
7530,301.2,130,6.06834050583,2.7457809957,1.1455841983366768,2.9322746592112527,0.11106112992006961,0.12722987548584846,zara01
7530,301.2,131,13.4276739941,4.43907227467,1.3836719005689937,7.251414511011533,0.01816042129911391,0.025128064654078578,zara01
7540,301.6,126,6.0348765534,6.4161300555,1.0090908820809985,2.8555138175430854,0.11711239160733392,0.11817704654965991,zara01
7540,301.6,127,5.70360447085,3.5798969957,0.9735453548088362,2.2017910569055577,0.19697865841453646,0.19176765789594843,zara01
7540,301.6,128,6.29248584758,4.67248155879,0.9466147921765796,1.7625755667564893,0.307380201500071,0.2909706455621849,zara01
7540,301.6,129,6.32468700936,5.69227488297,0.9016327187909141,2.2017910569055577,0.19697865841453646,0.17760240333008528,zara01
7540,301.6,130,5.61247307838,2.79112635765,1.1455841983242399,2.9872916579149735,0.1070079711078261,0.12258664079586239,zara01
7540,301.6,131,12.8520519193,4.47415526523,1.4419880996229584,7.088381060261785,0.01900541113955545,0.027405576691680568,zara01
7550,302.0,126,5.63604517066,6.47889758282,0.9801108300899053,2.811565843410113,0.12080220591440252,0.11839955031545672,zara01
7550,302.0,127,5.3329754128,3.68371400858,0.9622365575617798,2.182430554991422,0.20048898415916638,0.19291782994637446,zara01
7550,302.0,128,5.96079283481,4.73023723032,0.8299459078856606,1.77855955024742,0.3018801521081544,0.2505441969140635,zara01
7550,302.0,129,5.97257888095,5.77031663747,0.9016327187909764,2.182430554991422,0.20048898415916638,0.1807674278750702,zara01
7550,302.0,130,5.15639518583,2.83671037939,1.1498995331410427,3.0450289820666527,0.10298844976394501,0.1184263703024801,zara01
7550,302.0,131,12.2762193793,4.50923825579,1.4419880996222993,6.926144048866161,0.019906199058908638,0.02870450215165887,zara01
7560,302.4,126,5.2586812291,6.52710686236,0.9436953623772003,2.7555562316624505,0.12576298189648322,0.11868194277443901,zara01
7560,302.4,127,4.96234635475,3.78753102145,0.9621561337869284,2.1633624694223585,0.204038818313898,0.19631720057135363,zara01
7560,302.4,128,5.63878121709,4.78870888125,0.8184520419547519,1.779467207227299,0.3015722692259058,0.24682243954487076,zara01
7560,302.4,129,5.62047075255,5.84835839198,0.9065345097291231,2.1633624694223585,0.204038818313898,0.18496823012589914,zara01
7560,302.4,130,4.70115915371,2.9166614123,1.1672340064780677,3.0724552065777284,0.10115800645285737,0.11807506515930294,zara01
7560,302.4,131,11.7005973045,4.54432124634,1.366300951431582,6.740157381070027,0.021019932030564913,0.028719553132388026,zara01
7570,302.8,126,4.8867893804,6.57149758511,0.9365907748725639,2.6965808895702192,0.13132411333568522,0.12299695306852183,zara01
7570,302.8,127,4.5917172967,3.89110937453,0.9619027845689141,2.1387006215229722,0.20877158612384253,0.20081797003139298,zara01
7570,302.8,128,5.31655913425,4.84718053218,0.818452041967052,1.7770681867473432,0.3023870566367112,0.2474893039687229,zara01
7570,302.8,129,5.26331146152,5.92162695049,0.9596516312921695,2.1387006215229722,0.20877158612384253,0.20034799319119914,zara01
7570,302.8,130,4.24697544713,3.04864028154,1.1823434818009642,3.047456528666253,0.10282443778718188,0.12157380378752325,zara01
7570,302.8,131,11.1855891813,4.5817908349,1.240926229203115,6.605589442559166,0.02188508446380346,0.027157775339459303,zara01
7580,303.2,126,4.51468706658,6.61588830786,0.936590774883495,2.637331628737571,0.13729094541697043,0.12858543295256794,zara01
7580,303.2,127,4.22129870376,3.9949263874,0.9330548230484321,2.0575793530795687,0.22555797939189406,0.2104579605486656,zara01
7580,303.2,128,4.99454751652,4.90565218311,0.8184520419547517,1.7762808488008073,0.30265518266998825,0.24770875226444028,zara01
7580,303.2,129,4.85963938125,5.95098210585,1.0120858777753103,2.0575793530795687,0.22555797939189406,0.22828404556207046,zara01
7580,303.2,130,3.79279174056,3.18038049098,1.1823434817889595,2.968905050143246,0.10833748890981768,0.12809212384590662,zara01
7580,303.2,131,10.710779894,4.62045372245,1.1909762795300936,6.509479665123469,0.022536103717213048,0.02683996496023071,zara01
7590,303.6,126,4.14279521787,6.6602790306,0.9183074047757793,2.5446450294298795,0.14747451136067588,0.13542693579819845,zara01
7590,303.6,127,3.88413359814,4.12881453504,0.872828325004649,1.9375256954055675,0.25437617953948816,0.22202673470853332,zara01
7590,303.6,128,4.67232543369,4.96412383404,0.9051389176735716,1.7768918651071228,0.30244707157426187,0.27375661501826865,zara01
7590,303.6,129,4.45575683588,5.98009860142,1.012085877762843,1.9375256954055675,0.25437617953948816,0.2574505389511814,zara01
7590,303.6,130,3.33860803399,3.31235936022,1.0565712071574969,2.892205750738113,0.11415975061967176,0.1206179055210254,zara01
7590,303.6,131,10.2359706066,4.65935526981,1.1910006027783047,6.3739553538828915,0.023504626137284462,0.02799402389758449,zara01
7600,304.0,126,3.78542546172,6.70466975335,0.8820181772339398,2.4042507105181823,0.16520069721837685,0.14571001783832874,zara01
7600,304.0,127,3.59705918861,4.30780938483,0.8457647163091737,1.761431757185581,0.3077795341088994,0.26030907035138295,zara01
7600,304.0,128,4.29054172483,5.07510064091,0.9939650773947835,1.7060591817040525,0.3280825994275736,0.32610264633190994,zara01
7600,304.0,129,4.05208475562,6.00945375678,1.0118234834695559,1.761431757185581,0.3077795341088994,0.3114185603427036,zara01
7600,304.0,130,2.9999696726,3.47345472503,0.8634830928421147,2.745585044567937,0.1266781116770864,0.10938440766632937,zara01
7600,304.0,131,9.76116131932,4.69825681716,1.203838803697086,6.176455640190144,0.025031837381564295,0.030134297167762357,zara01
7610,304.4,126,3.44278826325,6.7490604761,0.8637519393653711,2.2661509366253947,0.18594894419702018,0.16061376117311935,zara01
7610,304.4,127,3.30998477908,4.48680423461,0.8455414862059565,1.588241547999914,0.3785630973417389,0.3200908039490641,zara01
7610,304.4,128,3.90875801597,5.18607744777,0.9939650774067146,1.6309640576351023,0.3589902068082979,0.3568237286984623,zara01
7610,304.4,129,3.64841267536,6.03857025235,0.9813394204009143,1.588241547999914,0.3785630973417389,0.37149889053051693,zara01
7610,304.4,130,2.73815107623,3.65388153361,0.7949167042210321,2.5525117951023315,0.1465668880103936,0.11650846756515519,zara01
7610,304.4,131,9.27561831142,4.73166918912,1.246709394158302,5.970656771924393,0.026787190718630956,0.03339584231202729,zara01
7620,304.8,126,3.10015106478,6.79345119884,0.8637519393653711,2.1290460719376982,0.21066930520163915,0.18196602093267109,zara01
7620,304.8,127,3.02312083466,4.6657990844,0.845541486205956,1.4381066493099324,0.46173117001967157,0.39041285972604806,zara01
7620,304.8,128,3.5269743071,5.29705425464,0.993965077410205,1.5560790130310398,0.3943738328116807,0.39199381725922144,zara01
7620,304.8,129,3.27041733847,6.0824836555,0.8362521122476672,1.4381066493099324,0.46173117001967157,0.3861236662195371,zara01
7620,304.8,130,2.47633247985,3.8343083422,0.794916704221032,2.3842950744446667,0.16797760266375333,0.13352820229242085,zara01
7620,304.8,131,8.76524042057,4.75195527209,1.2772150965055797,5.742765903949812,0.028955372449982086,0.03698223881805888,zara01
7630,305.2,126,2.75751386631,6.83784192159,0.8375990229989122,1.993163598691755,0.24037289164890566,0.20133609920054676,zara01
7630,305.2,127,2.73604642513,4.84479393418,0.7715447045982942,1.3647354589295468,0.5127131197844526,0.39558109254776525,zara01
7630,305.2,128,3.14519059824,5.40803106151,0.986439551479273,1.4814359061676055,0.4351165965425531,0.42921622033462387,zara01
7630,305.2,129,2.9955499053,6.18463004977,0.7331881757029504,1.3647354589295468,0.5127131197844526,0.37591519695373105,zara01
7630,305.2,130,2.21451388348,4.01473515078,0.8213179138575176,2.245903816255194,0.18931676547481277,0.15548925087802615,zara01
7630,305.2,131,8.25465206462,4.77224135507,1.2772150964935858,5.519082539783795,0.031350004228908525,0.040040698676299724,zara01
7630,305.2,132,0.0810290672058,3.31307533962,1.2543399542083913,3.711862789079023,0.06930866826878561,0.08693663178251312,zara01
7640,305.6,126,2.43739643457,6.89225635592,0.7123669241232896,1.907060700841471,0.2625683340896315,0.18704499652760706,zara01
7640,305.6,127,2.49548480483,4.98608053561,0.6974587662767191,1.3202820684229397,0.5478200613692414,0.38208190414422766,zara01
7640,305.6,128,2.78276967947,5.55958003432,0.9811855595761619,1.3767021669359216,0.5038385460520577,0.49435910574412806,zara01
7640,305.6,129,2.72068247213,6.28701510385,0.7334347501566263,1.3202820684229397,0.5478200613692414,0.4017902698411373,zara01
7640,305.6,130,1.93775226432,4.21067484634,0.8746036606606981,1.617754935566723,0.36487651823288114,0.3191223385356078,zara01
7640,305.6,131,7.74427417378,4.79252743805,1.2772150964930895,5.252356865367928,0.034614887932914847,0.044210657431335315,zara01
7640,305.6,132,0.582567423443,3.32715626781,1.2540769764654904,3.1344227284629294,0.09719775775583156,0.12189347016565842,zara01
7650,306.0,126,2.20735806975,6.98652697681,0.6216264558559512,1.8597681979100633,0.2760919524942491,0.17162606191934973,zara01
7650,306.0,127,2.25492318453,5.12736713704,0.6974587662767681,1.2761208414219736,0.58639165191295,0.4089839980982021,zara01
7650,306.0,128,2.42855689997,5.72831251272,0.9809995741822248,1.2775102974676884,0.5851167935471868,0.573999325316659,zara01
7650,306.0,129,2.44560457385,6.38916149813,0.7334347501566783,1.2761208414219736,0.58639165191295,0.4300800147147363,zara01
7650,306.0,130,1.64583715727,4.42236608869,0.9010954340084942,1.5225459789606024,0.41193675991566636,0.37119433346026026,zara01
7650,306.0,131,7.23368581783,4.81281352102,1.2126362701016775,5.040892276560951,0.037579980345203066,0.045570847196301396,zara01
7650,306.0,132,1.08389531457,3.34123719599,1.2538139987698236,2.7397524243975164,0.1272180522809769,0.15950777484612014,zara01
7660,306.4,126,1.97731970493,7.0810362575,0.6216264558511622,1.8127610142062105,0.29059643152124986,0.1806424298095495,zara01
7660,306.4,127,2.01436156423,5.26865373847,0.6970808461048515,1.2328504186668403,0.6282761995959105,0.4379593048018579,zara01
7660,306.4,128,2.07434412047,5.89728365092,0.9809995741821557,1.1877221774454758,0.6769267095398118,0.6640648138110832,zara01
7660,306.4,129,2.17073714068,6.49154655221,0.7779909017200954,1.2328504186668403,0.6282761995959105,0.4887931670528971,zara01
7660,306.4,130,1.35413251533,4.63381867124,0.9007073359112345,1.454320635573916,0.45149302891144644,0.4066630832533229,zara01
7660,306.4,131,6.77466141374,4.82355321201,1.105106769602845,4.896766330449371,0.039824709939530405,0.04401055655164476,zara01
7660,306.4,132,1.5852232057,3.35531812417,1.2744860297019154,2.588595759953811,0.1425092029443299,0.18162598825650353,zara01
7670,306.8,126,1.74728134011,7.17530687838,0.6215132704290246,1.765807509135321,0.3062560405067298,0.19034219332398145,zara01
7670,306.8,127,1.77401040903,5.4097016801,0.69482442467581,1.207482545070894,0.6549522811506991,0.45507684194064385,zara01
7670,306.8,128,1.72013134097,6.06601612932,0.9523792292631245,1.1096229487548446,0.7755691432199503,0.738635942860078,zara01
7670,306.8,129,1.8651418015,6.61374036966,0.9280525673731844,1.207482545070894,0.6549522811506991,0.60783014602883,zara01
7670,306.8,130,1.06242787339,4.84527125378,0.8914412957677266,1.802292799627851,0.29398196384396935,0.26206766278140897,zara01
7670,306.8,131,6.3497323574,4.8280877482,1.0623831257374032,4.792251271387183,0.041580740517180956,0.044174677081118593,zara01
7670,306.8,132,2.10296737538,3.37369492875,1.3430015820804757,2.7194037722047573,0.12912906034679594,0.17342053233831217,zara01
7670,306.8,133,15.1311785914,4.62093104205,1.2192976000962714,13.38043724889315,0.005333726848212721,0.0065034003455948204,zara01
7680,307.2,126,1.51724297529,7.26957749927,0.6796844000358382,1.7165528766769869,0.324083566891767,0.22027454472430508,zara01
7680,307.2,127,1.53681623049,5.55313621973,0.6735903368649945,1.2300842507968468,0.6311050652087083,0.42510627347113816,zara01
7680,307.2,128,1.40001390923,6.25193211329,0.908328211999744,1.0243753147824701,0.9100246856078726,0.8266010955538281,zara01
7680,307.2,129,1.48756739483,6.78223418826,1.0336603633240304,1.2300842507968468,0.6311050652087083,0.6523482909992694,zara01
7680,307.2,130,0.777458114957,5.05338259913,0.7980198637696221,1.8690058872563988,0.2733694904467888,0.21815428352511743,zara01
7680,307.2,131,5.92480330107,4.8326222844,1.0623831257374032,4.742168220433724,0.04246366455582859,0.04511268068108576,zara01
7680,307.2,132,2.65859526479,3.40233410471,1.3909137147262147,3.115162249236201,0.09840338532449007,0.13687061822332156,zara01
7680,307.2,133,14.6443727929,4.65076351702,1.2190350115646063,13.13858118410712,0.005531901571426993,0.006743581696098768,zara01
7690,307.6,126,1.29457088931,7.47649554562,0.7698095345001251,1.7619028037075999,0.307614985759566,0.2368049489928341,zara01
7690,307.6,127,1.32992902772,5.71494756394,0.6566259674529012,1.255199252936272,0.6061024476311173,0.3979826060513538,zara01
7690,307.6,128,1.10262670933,6.44906510786,0.891980115429344,1.0452061388376455,0.8741127970897566,0.7796912336463878,zara01
7690,307.6,129,1.10999298817,6.95072800685,1.0337791057745973,1.255199252936272,0.6061024476311173,0.6265760463198912,zara01
7690,307.6,130,0.553312773206,5.23046817052,0.7139383294589429,1.8080892583670987,0.29210006244298625,0.2085414306153985,zara01
7690,307.6,131,5.49987424473,4.83715682059,1.0623831257374043,4.6833785042585525,0.043536435168651494,0.04625237407793583,zara01
7690,307.6,132,3.2142231542,3.43097328068,1.3909137147268593,3.212261806615692,0.09254426572760673,0.12872108841985505,zara01
7690,307.6,133,14.1577774594,4.68059599198,1.2190350116886095,12.869482451154404,0.005765662515268858,0.0070285444716933505,zara01
7700,308.0,126,1.07274066376,7.69582390156,0.7798781021960547,1.8197603295775442,0.28836529766036384,0.22488978107856497,zara01
7700,308.0,127,1.12304182496,5.87675890814,0.6566259674431006,1.302256539128598,0.5630906140251052,0.36973991919236426,zara01
7700,308.0,128,0.805239509427,6.64619810242,0.8919801154235429,1.0831764333615146,0.8139036142003044,0.7259858397380263,zara01
7700,308.0,129,0.732208116387,7.11898316565,0.7830552984553893,1.302256539128598,0.5630906140251052,0.4409310888228572,zara01
7700,308.0,130,0.329377896564,5.40755374191,0.7139383294512425,1.7581987539654533,0.3089124743767417,0.2205444559031807,zara01
7700,308.0,131,5.0749451884,4.84169135679,1.0796079725625585,4.6353674266533025,0.044442967841173,0.047980982405671765,zara01
7700,308.0,132,3.76985104361,3.45961245665,1.3909137147263149,3.9536477746968037,0.06109074622422999,0.08497195676614633,zara01
7700,308.0,133,13.6709716608,4.71042846694,1.2207714521911892,9.979816138974838,0.009587961943560416,0.011704710225394106,zara01
7700,308.0,134,14.9324995279,3.51880008698,1.4527819995028142,11.162805398259252,0.007663456111829993,0.01113333109324644,zara01
7710,308.4,126,0.850910438216,7.9151522575,0.7446693282847522,1.8777158532633562,0.2708392709510107,0.2016856979722211,zara01
7710,308.4,127,0.9161546222,6.03857025235,0.656833214147118,1.317143706911651,0.550433755875115,0.3615431730465219,zara01
7710,308.4,128,0.507852309526,6.84333109698,0.8919801154272611,1.1253841476574673,0.7539973081364508,0.6725506059433956,zara01
7710,308.4,129,0.602351143748,7.31778677881,0.5791350444839939,1.317143706911651,0.550433755875115,0.31877547769422654,zara01
7710,308.4,130,0.105232554813,5.58463931329,0.7141447411924937,1.8030327309017784,0.2937407238366458,0.20977339320201718,zara01
7710,308.4,131,4.63633589994,4.85314702717,1.1373271724651408,4.583144050544687,0.04546156341078649,0.051704671369834504,zara01
7710,308.4,132,4.32547893302,3.48825163261,1.3502076443335969,4.712252200431994,0.04300454234063102,0.05806506180938784,zara01
7710,308.4,133,13.1812193507,4.69133568297,1.2334323444207784,8.937088428429124,0.011955817354264023,0.014746691828736502,zara01
7710,308.4,134,14.3537204765,3.57082792331,1.4528087394416653,10.028581519744648,0.009494943040615518,0.013794336229907044,zara01
7720,308.8,126,0.665280211526,8.13042339684,0.5899447003692556,1.930538203206146,0.2562209172074198,0.15115617223026712,zara01
7720,308.8,127,0.709056954328,6.20038159656,0.6568332141404053,1.930538203206146,0.2562209172074198,0.1682944085793522,zara01
7720,308.8,128,0.210465109626,7.04046409155,0.8919801154330611,1.181045326862846,0.6846021377400934,0.6106514938471289,zara01
7720,308.8,129,0.499644170251,7.51969296937,0.5662002021749979,1.335827912779445,0.5351436222990767,0.302998427138398,zara01
7720,308.8,131,4.16594637993,4.88130888354,1.1780794505628118,4.506415792179241,0.04702284069219112,0.055396642326559144,zara01
7720,308.8,132,4.84848473044,3.51712946838,1.2141819821631352,5.824526836566566,0.028148164523840943,0.03417699419581124,zara01
7720,308.8,133,12.6880995989,4.62307898025,1.2445124327407533,8.526064635607325,0.013136332745161761,0.01634832942197328,zara01
7720,308.8,134,13.774941425,3.62309441945,1.4528355401463675,9.69102107178728,0.010167924347110531,0.01477232186100173,zara01
7730,309.2,126,0.624449980259,8.32922701,0.5074358875993117,4.596349683505333,0.045200710194802714,0.02293646249781897,zara01
7730,309.2,127,0.502169751567,6.36219294076,0.6566259674460085,3.5082934621513258,0.07758531965154178,0.05094453557580144,zara01
7730,309.2,129,0.397147661863,7.72159915993,0.566081067615752,4.3344629988552486,0.05082773794336062,0.028772620159471247,zara01
7730,309.2,131,3.69555685991,4.90947073991,1.1780616596513422,4.3344629988552486,0.05082773794336062,0.059878209317878905,zara01
7730,309.2,132,5.29509169307,3.54624596394,1.11916966657526,6.4361036383902475,0.023052887159144848,0.02580009203549723,zara01
7730,309.2,133,12.194979847,4.55506093733,1.2445124327407535,8.506808885924185,0.013195870046003678,0.016422424333082875,zara01
7730,309.2,134,13.1961623735,3.67536091559,1.333876470798024,9.580424426054403,0.010404036887652244,0.013877700005754032,zara01
7740,309.6,126,0.583409283882,8.52803062316,0.5077280859006419,4.457752510216347,0.04805509891825149,0.024398923391529836,zara01
7740,309.6,127,0.295282548805,6.52400428497,0.6566259674546475,3.3318999515377232,0.086017631027738,0.05648141019174537,zara01
7740,309.6,129,0.294651153476,7.92350535049,0.5660810676151462,4.183872189232551,0.05455248818822558,0.030881130754653388,zara01
7740,309.6,131,3.2251673399,4.93739393647,1.1783242748754863,4.183872189232551,0.05455248818822558,0.06428052108704443,zara01
7740,309.6,132,5.7419091208,3.57560111931,1.11916966657526,6.193449946680437,0.024894655329247894,0.027861343104340384,zara01
7740,309.6,133,11.7018600952,4.48680423461,1.208644471048085,8.488660150293319,0.013252355843624055,0.016017386618757994,zara01
7740,309.6,134,12.713355412,3.73144596852,1.215168441703341,9.564518983876996,0.01043866871841042,0.012684740800008202,zara01
7750,310.0,126,0.542579052615,8.72707289612,0.5079673599898208,11.479298580889076,0.007246706589951039,0.003681090415118266,zara01
7750,310.0,131,2.75456735478,4.96555579284,1.1781695341578884,8.484773995350716,0.013264498182888025,0.01562782764497134,zara01
7750,310.0,132,6.18851608343,3.60471761487,1.1191696665753392,6.044804644067161,0.026134057495775107,0.029248444413807372,zara01
7750,310.0,133,11.2283135985,4.53310423576,1.1895404542936423,8.484773995350716,0.013264498182888025,0.015778657194449815,zara01
7750,310.0,134,12.2305484506,3.78776968125,1.2151684417034287,9.548895111634241,0.010472856098246733,0.012726284225090733,zara01
7760,310.4,131,2.28438829988,4.9949109482,1.1768714686367228,8.480552140297611,0.013277708343530826,0.015626156118381192,zara01
7760,310.4,132,6.63533351116,3.63407277024,1.1470553696546406,5.116710252232295,0.036474532394634974,0.04183830823890818,zara01
7760,310.4,133,10.7547671019,4.5796428967,1.1895404542935566,8.480552140297611,0.013277708343530826,0.015794371214941007,zara01
7760,310.4,134,11.7477414891,3.84385473418,1.2512063883275217,9.53309939063652,0.010507590523321543,0.013147164388709642,zara01
7760,310.4,135,0.140801158339,2.85651914277,0.875110373361105,10.752926509673102,0.008258820492640354,0.007227379484836845,zara01
7770,310.8,131,1.81526157052,5.02975527896,1.1760474469226265,5.478006424408987,0.0318219147204618,0.037424081563188646,zara01
7770,310.8,132,7.1061439614,3.61020679027,1.2325369756442468,5.478006424408987,0.0318219147204618,0.039221686528767126,zara01
7770,310.8,133,10.2812206052,4.62594289785,1.1396400842942345,8.47558415780397,0.01329327842193043,0.015149552941315524,zara01
7770,310.8,134,11.2352589471,3.89421195192,1.310989205700746,9.488193148453458,0.010607287696717557,0.013906039672159046,zara01
7770,310.8,135,0.48891044966,2.89327275193,0.8751103733598545,6.655957764606488,0.021555111170796903,0.01886310138448925,zara01
7770,310.8,136,-0.0492488356524,3.81044236222,1.098221008282834,7.158193931738893,0.01863650463020572,0.020467000905852233,zara01
7780,311.2,131,1.34613484116,5.06459960972,1.1760474469101614,6.457656028634119,0.022899266182827015,0.02693062353042991,zara01
7780,311.2,132,7.61315441048,3.50710575679,1.2934083528453146,6.457656028634119,0.022899266182827015,0.029618102154896707,zara01
7780,311.2,133,9.84871480493,4.68107331158,1.0159571296801628,8.51122543830605,0.013182178684958608,0.013392528419701571,zara01
7780,311.2,134,10.7034136151,3.94051195307,1.3349301419449822,9.424555114861443,0.010751019880683835,0.014351860495374598,zara01
7780,311.2,135,0.837019740981,2.93002636108,0.8751103733573684,6.800663327068864,0.020647564503970164,0.018068897881989676,zara01
7780,311.2,136,0.389570917917,3.8307284452,1.0984976226616485,7.23082914460592,0.018263969884748984,0.0200629274987607,zara01
7790,311.6,131,0.87700811181,5.09944394048,1.1762877511484016,7.438885978580985,0.017256613730388122,0.020298743357354872,zara01
7790,311.6,132,8.12016485957,3.40424338311,1.293408352855075,6.948819767638125,0.01977649332688778,0.02557908165917931,zara01
7790,311.6,133,9.47787528177,4.7493300143,0.9426721639962474,8.482165113794771,0.013272659030041163,0.012511766209833238,zara01
7790,311.6,134,10.171357818,3.98705061401,1.3351922276141002,9.043962625723426,0.01167491867713325,0.015588260675735007,zara01
7790,311.6,135,1.1851290323,2.96677997024,0.8751103733561255,6.948819767638125,0.01977649332688778,0.017306614458967688,zara01
7790,311.6,136,0.828601136596,3.85125318798,1.0987743113837967,7.305252856119381,0.017893729860538346,0.0196611707056007,zara01
7800,312.0,131,0.407670917345,5.13404961144,1.1762877511546683,8.42138952128482,0.01346492289556132,0.01583862387229083,zara01
7800,312.0,132,8.62717530866,3.30114234964,1.2934677677422215,7.100176964544484,0.018942314181363974,0.024501272840040684,zara01
7800,312.0,133,9.10703575861,4.81758671702,0.9423594583694541,7.788016202628648,0.01574409455172274,0.014836596414278915,zara01
7800,312.0,134,9.63930202085,4.03335061516,1.2907839995108614,8.17121727716943,0.014302035920383491,0.018460839126460606,zara01
7800,312.0,135,1.53323832362,3.00353357939,0.874817464294198,7.100176964544484,0.018942314181363974,0.01657106726000486,zara01
7800,312.0,136,1.26763135527,3.87177793075,1.0947635169693393,7.381633434972781,0.017525339205477223,0.019186101984668892,zara01
7810,312.4,131,-0.0614558120107,5.16889394219,1.1760474469101383,8.802422254747972,0.01232443407627,0.014494119230009641,zara01
7810,312.4,132,9.13418575775,3.19804131616,1.2907312367446537,7.254769178252595,0.018143630114321265,0.02341855013649543,zara01
7810,312.4,133,8.73640670056,4.88560475993,0.9391752090089653,7.09935197152622,0.018946716888825172,0.017794286794096073,zara01
7810,312.4,134,9.14491947834,4.09993669928,1.2471161857889383,7.340701373166163,0.017721328175232445,0.022100555201009932,zara01
7810,312.4,135,1.88113714983,3.04004852875,0.9275682101389686,7.09935197152622,0.018946716888825172,0.017574372272577334,zara01
7810,312.4,136,1.70350459731,3.89110937453,1.0550684767253369,7.102867946504437,0.018927963986409592,0.019970298130653204,zara01
7820,312.8,132,9.65677062495,3.22262327553,1.3079208144319758,7.3855045859365385,0.01750697202344576,0.022897733107142992,zara01
7820,312.8,133,8.36914508426,4.95911197825,0.9236012072967466,6.346771027093808,0.02370640616630653,0.02189526535586775,zara01
7820,312.8,134,8.65053693583,4.1665227834,1.2471161857889401,6.472533918330599,0.02279411379606037,0.02842690825578187,zara01
7820,312.8,135,2.27302318396,3.06152791072,1.0168300667504993,6.472533918330599,0.02279411379606037,0.023177740252766543,zara01
7820,312.8,136,2.11117551465,3.90113308612,1.019741036991208,6.544744417335155,0.0222938974648105,0.022734002119341522,zara01
7830,313.2,132,10.1793554921,3.2474438947,1.306376999862949,7.487446000330478,0.017033503162985405,0.022252176759216927,zara01
7830,313.2,133,8.01682649075,5.05338259913,0.9121129863913797,5.615219991231519,0.030285714980163518,0.02762399393555509,zara01
7830,313.2,134,8.15615439332,4.23310886752,1.2468554590819176,5.584141658790173,0.030623761098964097,0.03818340370386385,zara01
7830,313.2,135,2.69395340321,3.07250626151,1.0526912177680152,5.679511332060219,0.029603934947578823,0.031163802330691853,zara01
7830,313.2,136,2.51905689711,3.9109181379,1.0197410369912077,5.646297463650859,0.02995324462586548,0.030544552736031384,zara01
7840,313.6,132,10.7004671036,3.27679905007,1.2942132641457669,7.588040261186201,0.016584872187857744,0.02146436156968772,zara01
7840,313.6,133,7.66429743212,5.14789187982,0.9121129863946156,4.893870887058286,0.03987184820995709,0.03636763054385677,zara01
7840,313.6,134,7.66198231592,4.29969495164,1.2015016351786356,4.706877271982877,0.04310281484754928,0.05178810252013243,zara01
7840,313.6,135,3.11488362246,3.0837232721,1.052691217767686,4.995794036249077,0.03826152991114016,0.040277576515812874,zara01
7840,313.6,136,2.92672781445,3.92094184949,1.0197483244081051,4.893870887058286,0.03987184820995709,0.04065925040315805,zara01
7850,314.0,132,11.2097926689,3.34839698998,1.2858333787556584,7.678171161119581,0.01619779147630704,0.020827660942359483,zara01
7850,314.0,133,7.31197883861,5.24216250071,0.9120358516128605,4.333509024477792,0.050850118742144165,0.04637713135160653,zara01
7850,314.0,134,7.2155858184,4.43119650128,1.1488238068156247,3.914963647394757,0.06230399780358061,0.0715763159365418,zara01
7850,314.0,135,3.53581384171,3.09470162288,1.0562013934764167,4.344077612753157,0.05060299597562208,0.05344695486353355,zara01
7850,314.0,136,3.33460919691,3.93096556108,1.024790702573289,4.187923910628256,0.054446982660034414,0.055796761613172347,zara01
7860,314.4,132,11.7191182342,3.41999492989,1.2858333787573069,7.7658860156778555,0.015833953247868415,0.020359825603791876,zara01
7860,314.4,133,6.95944977999,5.33643312159,1.0269170371614218,3.736751056612628,0.06838849555954185,0.07022931123593176,zara01
7860,314.4,134,6.79002536674,4.59014392789,1.13579248501781,3.1948591727556854,0.09355520247270338,0.10625929590281614,zara01
7860,314.4,135,3.95948010739,3.10854389127,1.0676476652828724,3.736751056612628,0.06838849555954185,0.07301481761635294,zara01
7860,314.4,136,3.74627895133,3.94242123147,1.0412861665357782,3.5025327869910834,0.0778407413129328,0.08105448712204696,zara01
7870,314.8,132,12.2284437995,3.49159286981,1.2858333787573069,7.847582973123297,0.01550599178591829,0.019938121809070362,zara01
7870,314.8,133,6.52778584015,5.48702745521,1.1560894876093608,3.1834621864168273,0.09422626807163265,0.10893399797427605,zara01
7870,314.8,134,6.36446491508,4.7493300143,1.135896969711176,2.5548962579233265,0.1462934364295073,0.1661742711289119,zara01
7870,314.8,135,4.38924986124,3.12882997424,1.0756066290068882,3.1834621864168273,0.09422626807163265,0.10135039856442817,zara01
7870,314.8,136,4.16720917059,3.95769545865,1.0530181370054947,2.8126817396522448,0.12070637140524038,0.12710599834183955,zara01
7880,315.2,132,12.7377693648,3.56319080972,1.2865805248653708,7.929580896994839,0.015186962263150446,0.01953924987963468,zara01
7880,315.2,133,6.08707190059,5.64358828382,1.1692413928994334,2.798488700255744,0.12193384440602607,0.14257009807488472,zara01
7880,315.2,134,5.93890446341,4.90851610071,1.1307848861745693,2.085778137671987,0.21950032112878223,0.2482076456428914,zara01
7880,315.2,135,4.8190196151,3.14887739742,1.075606629006889,2.798488700255744,0.12193384440602607,0.13115285134341623,zara01
7880,315.2,136,4.58813938984,3.97296968583,1.0530181369930036,2.244496641060835,0.18955422215974477,0.19960403387781236,zara01
7890,315.6,132,13.2483577207,3.63001555364,1.2965907290451284,8.012832111540778,0.014873024571083145,0.019284225771726803,zara01
7890,315.6,133,5.64635796103,5.80014911244,1.1429864021927274,2.6608544081670478,0.13487428565411125,0.1541594745081068,zara01
7890,315.6,134,5.51187075598,5.05171198053,1.1101462202880126,1.9008420953832526,0.2642891290434562,0.2933995776708037,zara01
7890,315.6,135,5.24878936895,3.16916348039,1.0758694213012683,2.6608544081670478,0.13487428565411125,0.1451071196551106,zara01
7890,315.6,136,5.00906960909,3.98824391301,1.0530073610539694,1.9207126008957895,0.258849071115666,0.27256997728677873,zara01
7900,316.0,132,13.771153053,3.65292689441,1.308255926955903,8.816807136771779,0.012284251523980425,0.016070944864464476,zara01
7900,316.0,133,5.22753239288,5.95551664205,1.1057314954288215,2.802866826114817,0.12155321641658355,0.13440521976249212,zara01
7900,316.0,134,5.07915449059,5.13118569384,1.0996260069822397,2.0324380312792507,0.23117281222056596,0.254203636424956,zara01
7900,316.0,135,5.67876958792,3.18921090357,1.0758694213019315,2.802866826114817,0.12155321641658355,0.1307753886034982,zara01
7900,316.0,136,5.42999982834,4.00327948039,1.0509481156435259,1.9627080775775199,0.24789054504365274,0.2605201011994734,zara01
7910,316.4,132,14.2939483853,3.67607689499,1.308269090251697,9.768589196580576,0.010007087317394622,0.013091963020797157,zara01
7910,316.4,133,4.81796728955,6.11040685206,1.0945821097491948,3.1750361052725977,0.09472705715165324,0.10368654206738914,zara01
7910,316.4,134,4.64664869031,5.21065940714,1.0996799484884014,2.478260541268365,0.15548104746410393,0.1709793902662485,zara01
7910,316.4,135,6.10853934177,3.20949698655,1.0756066290068882,3.1750361052725977,0.09472705715165324,0.10188905061863257,zara01
7910,316.4,136,5.84882539649,4.02929339856,1.0475540713872789,2.322434421675371,0.177045324669333,0.18546455067744244,zara01
7920,316.8,132,14.8167437176,3.69922689556,1.3082690902510536,10.719937721588067,0.008309728938774465,0.010871361518963323,zara01
7920,316.8,133,4.40840218622,6.26505840228,1.094582109749195,3.708213672616508,0.06944514360007957,0.0760134117936109,zara01
7920,316.8,134,4.21393242492,5.29037178025,1.1001700856118755,3.1064024785057227,0.0989591449007345,0.10887189091751906,zara01
7920,316.8,135,6.53830909563,3.22954440972,1.0908890370980036,3.708213672616508,0.06944514360007957,0.07575694583302339,zara01
7920,316.8,136,6.26596724377,4.06222845092,1.0463622798318533,2.88149401138358,0.11501008896119141,0.1203422188890965,zara01
7930,317.2,133,3.99883708289,6.41994861229,1.0439775417359722,4.35496047030118,0.05035040259102427,0.05256468952239404,zara01
7930,317.2,134,3.79489639166,5.43237436108,1.1135512262363714,3.8638414852568896,0.06396358248623915,0.07122672571202289,zara01
7930,317.2,135,6.98049629095,3.2457732761,1.1666792494571698,4.35496047030118,0.05035040259102427,0.05874276990476253,zara01
7930,317.2,136,6.68331955616,4.09516350328,1.0466245456562713,3.551207112006909,0.07572152963349238,0.07925201154905184,zara01
7940,317.6,133,3.61200221139,6.51660583118,0.9968917888845942,5.059066783147413,0.037310456020671054,0.03719448724654675,zara01
7940,317.6,134,3.384699893,5.61590374706,1.1234550587115,4.724356747257911,0.042784455815382816,0.04806641332001048,zara01
7940,317.6,135,7.47151139171,3.2457732761,1.2275377518874837,5.059066783147413,0.037310456020671054,0.04579999330551138,zara01
7940,317.6,136,7.10067186855,4.12809855564,1.04660111878187,4.227976227711833,0.053420298260937076,0.05590974392555793,zara01
7950,318.0,133,3.2251673399,6.61350170986,0.996891788869505,5.812414863367858,0.028265597652395065,0.028177742207161797,zara01
7950,318.0,134,2.97450339434,5.79943313304,1.1232149228159225,5.603708869340507,0.030410268426651694,0.034157267303653066,zara01
7950,318.0,135,7.96252649246,3.2457732761,1.2278008332750705,5.812414863367858,0.028265597652395065,0.03470452435062854,zara01
7950,318.0,136,7.51802418093,4.1607949482,1.04633884708556,4.944126850746323,0.03906539071730289,0.04087563588408964,zara01
7960,318.4,133,2.83833246841,6.71015892874,0.9875093057672049,6.598098598920388,0.02193480509250247,0.021660824149036063,zara01
7960,318.4,134,2.56451736079,5.98296251902,1.101960888014141,6.494250555242385,0.02264192261254071,0.02495051314846282,zara01
7960,318.4,135,8.45375205833,3.2457732761,1.2278008332749817,6.598098598920388,0.02193480509250247,0.026931571970298843,zara01
7960,318.4,136,7.93516602821,4.19373000056,1.1373710660947587,5.684199757827367,0.02955511941796169,0.03361513768096499,zara01
7970,318.8,133,2.46559875926,6.8306821276,0.9652785723983169,7.404808885230536,0.0174158098332736,0.01681110805302291,zara01
7970,318.8,134,2.16400225717,6.14620582202,1.0720115803941486,7.375044515689821,0.01755666772896526,0.018820951118582997,zara01
7970,318.8,135,8.94476715908,3.2457732761,1.227537751887482,7.404808885230536,0.0174158098332736,0.021378564050036578,zara01
7970,318.8,136,8.42533926853,4.22929031072,1.2512628861380477,6.548198702489801,0.022270382855480244,0.027866103527147506,zara01
7980,319.2,133,2.12506621189,7.00609708039,0.9576430098294078,8.221107239713133,0.014128978207921802,0.013530517216848345,zara01
7980,319.2,134,1.76790692085,6.30061871244,1.0628230572889439,8.253992540232778,0.01401661801408904,0.0148971848105854,zara01
7980,319.2,135,9.43578225984,3.2457732761,1.2194698452727442,8.253992540232778,0.01401661801408904,0.01709284300088832,zara01
7980,319.2,136,8.93361250827,4.26532794048,1.2738730239892209,7.449143916720079,0.017209119576382978,0.021922233194959083,zara01
7990,319.6,133,1.78453366451,7.18151203318,0.9574091417004973,9.04281380837529,0.011677885276106663,0.011180514119074154,zara01
7990,319.6,134,1.37181158454,6.45503160285,1.070382269599963,9.135136977713618,0.011443035740927079,0.012248422567487021,zara01
7990,319.6,135,9.9202729422,3.23407894592,1.1813610192998043,9.135136977713618,0.011443035740927079,0.013518356366785705,zara01
7990,319.6,136,9.44188574802,4.30136557024,1.273873024000802,8.352507071777044,0.013687926925195909,0.017436680864501314,zara01
8000,320.0,133,1.44421158225,7.35692698597,0.7967198389401892,9.864197064146715,0.009814041774106549,0.007819041781618458,zara01
8000,320.0,134,0.997815084735,6.67507593819,1.1432286687043642,10.012013633141928,0.009526393516943787,0.010890846177929533,zara01
8000,320.0,135,10.3782450207,3.17536863519,1.1540010607139657,10.012013633141928,0.009526393516943787,0.010993468223331776,zara01
8000,320.0,136,9.95015898777,4.33740319999,1.273873023975955,9.252522639212044,0.01115452469249588,0.014209448101044188,zara01
8010,320.4,133,1.26279065775,7.54761616594,0.6445248546808675,10.402042686937286,0.008825394317297335,0.005688185989857418,zara01
8010,320.4,134,0.675382536788,7.04786254534,1.2322584350863246,10.441701671816958,0.008758481565806272,0.01079271278801286,zara01
8010,320.4,135,10.8360066342,3.11689698426,1.1537401077120946,4.348613728612557,0.05049748127703956,0.058260969487761105,zara01
8010,320.4,136,10.4584322275,4.37344082975,1.2487066791737125,5.206479585981434,0.03522759884839423,0.043988937973242055,zara01
8010,320.4,137,8.84837413888,-0.159186086409,0.7580469641656665,4.8100929107263335,0.04127284929064915,0.03128675810724367,zara01
8010,320.4,138,8.11700788293,-0.276845367668,0.9889456588660958,5.206479585981434,0.03522759884839423,0.03483818095339575,zara01
8020,320.8,133,1.09904880246,7.73997596451,0.6313071408162217,10.589973616973177,0.008514940659988826,0.005375542842277338,zara01
8020,320.8,134,0.353160453952,7.42088781229,1.232086412743197,11.028297259841645,0.00785153289662123,0.009673767001133253,zara01
8020,320.8,135,11.2937682476,3.05818667353,1.1540389650375613,4.212139548290289,0.053822749562356186,0.06211355020041739,zara01
8020,320.8,136,10.9488159329,4.36222381916,1.2067455682780441,5.042628595951619,0.037554105104352684,0.04531824990532548,zara01
8020,320.8,137,9.08809389874,0.0264912377682,0.7578389934920494,4.718141954811335,0.04289724243197813,0.03250920302823474,zara01
8020,320.8,138,8.36241020075,0.0334123719599,0.9891088864790558,5.042628595951619,0.037554105104352684,0.03714509908248371,zara01
8030,321.2,133,0.935306947176,7.93209710328,0.6211642456785326,11.09599698867235,0.007756016451832194,0.004817760108772633,zara01
8030,321.2,134,0.030938371115,7.79367441944,1.2318606991515177,11.91302335819066,0.006728641586007459,0.008288749128479126,zara01
8030,321.2,135,11.7517403262,2.9994763628,1.1540010607138866,4.115369433434022,0.05638372015360187,0.0650668728642515,zara01
8030,321.2,136,11.421310104,4.30375216823,1.1902459717774687,4.857657286872372,0.04046854954079053,0.04816752807460286,zara01
8030,321.2,137,9.32760319349,0.212168561945,0.7578389935017771,4.596157638107889,0.045204487597751884,0.03425772338284385,zara01
8030,321.2,138,8.60802298368,0.343670111587,0.9892721571307731,4.857657286872372,0.04046854954079053,0.0400344093001714,zara01
8040,321.6,133,0.789244161096,8.12851411844,0.5932583143560074,11.763960155014644,0.006900241524095969,0.004093625655234502,zara01
8040,321.6,135,12.2095019396,2.94100471187,1.1685525478886094,4.061103093679717,0.05790063851891247,0.06765993866565254,zara01
8040,321.6,136,11.8938042752,4.2452805173,1.190245971777469,4.705362741889023,0.0431305665937252,0.05133598314866129,zara01
8040,321.6,137,9.56732295336,0.397845886122,0.9841026451130095,4.496139297448222,0.047238039636975586,0.04648707975670086,zara01
8040,321.6,138,8.85363576662,0.653927851215,1.2162106573656999,4.705362741889023,0.0431305665937252,0.052455854749509624,zara01
8050,322.0,133,0.684011606283,8.33471618539,0.5784893317110379,12.396812531437831,0.006213714781016975,0.003594567711113508,zara01
8050,322.0,135,12.6832589014,2.92071862889,1.204388954499713,3.95376915271132,0.0610869953933763,0.07357250251535727,zara01
8050,322.0,136,12.3662984463,4.18680886637,1.1902459716535005,4.423349711995236,0.048805507099336294,0.05809055821949135,zara01
8050,322.0,137,9.86029038596,0.791873215449,1.3347237798530178,4.219675872905814,0.05363066680451418,0.07158212631335893,zara01
8050,322.0,138,9.14597180389,1.15439745121,1.5076481965575046,4.423349711995236,0.048805507099336294,0.07358153476038885,zara01
8060,322.4,133,0.57877905147,8.54067959255,0.578489331710996,13.029838751482242,0.005624621461139331,0.003253783510181818,zara01
8060,322.4,135,13.1730112115,2.93909543347,1.2252424050847335,3.9231612506821585,0.06204389641334487,0.07601881286231474,zara01
8060,322.4,136,12.8387926174,4.12833721544,1.1687884549880305,4.1677415081108755,0.05497558145822585,0.0642548249146284,zara01
8060,322.4,137,10.1759880504,1.27515930987,1.4431529379722137,3.902710894092574,0.06269582486661827,0.09047966385485154,zara01
8060,322.4,138,9.44988342219,1.70236035136,1.5655242827933027,4.1677415081108755,0.05497558145822585,0.0860656077335338,zara01
8070,322.8,133,0.473546496657,8.7468816595,0.578755037811857,13.63473219321715,0.005136628507456804,0.002972849626058625,zara01
8070,322.8,135,13.6627635216,2.95747223805,1.2252424050847335,3.966436400671498,0.0606974424416804,0.07436908035973668,zara01
8070,322.8,136,13.298869347,4.11902948325,1.1397999098208507,4.003533650281087,0.05957779362030549,0.06790676379574945,zara01
8070,322.8,137,10.4916857148,1.75844540429,1.4431529380121848,3.6677836821070873,0.07098456969467103,0.10244159030839518,zara01
8070,322.8,138,9.7607403891,2.2455500555,1.5582992115510523,4.003533650281087,0.05957779362030549,0.09284002882447337,zara01
8080,323.2,133,0.368313941845,8.95308372645,0.5787550378113305,14.22070457489192,0.00472203447315435,0.002732901240056852,zara01
8080,323.2,135,14.1525158317,2.97584904263,1.2252424050842647,4.0252695524689,0.05893610703076229,0.07221101752467483,zara01
8080,323.2,136,13.7505274723,4.14217948383,1.1306428587453392,3.8772790764916563,0.06352099012512402,0.07181955386540469,zara01
8080,323.2,137,10.8073833793,2.24173149871,1.2817716710018354,3.5033983068311634,0.0778022847186157,0.09972476449154061,zara01
8080,323.2,138,10.1338950285,2.7445876967,1.5578088622482469,4.0252695524689,0.05893610703076229,0.0918111898389327,zara01
8090,323.6,135,14.6422681418,2.9942258472,1.2252424050842647,4.142732423615759,0.05564134444993263,0.06817413469595746,zara01
8090,323.6,136,14.2021855975,4.1655681442,1.130905591747295,3.8084128028654876,0.06583901866848173,0.07445771436734053,zara01
8090,323.6,137,11.139076392,2.55365985693,1.0843283280781237,3.530786148671338,0.07659996191004345,0.08305950862876538,zara01
8090,323.6,138,10.5070496678,3.24362533791,1.303193575361762,4.142732423615759,0.05564134444993263,0.07251144261164304,zara01
8100,324.0,135,15.1320204519,3.01260265178,1.2252424050848199,4.274762851227365,0.05225734352462092,0.06402791326345017,zara01
8100,324.0,136,14.6540541879,4.18871814477,1.1309055918722064,3.839870009581106,0.064764696842771,0.07324275781539796,zara01
8100,324.0,137,11.4777147534,2.79231965665,1.0375645507860247,3.660939051122405,0.07125024873085646,0.07392673231782361,zara01
8100,324.0,138,10.8818880281,3.47082946723,1.0774036221990755,4.274762851227365,0.05225734352462092,0.05630225119992798,zara01
8110,324.4,136,15.1057123132,4.21210680514,1.1306582473924116,3.8868092197864983,0.042139916866424834,0.04764584454945383,zara01
8110,324.4,137,11.8232984634,3.02358100257,1.043029014477588,3.4909646610548086,0.05223832199062913,0.05448608550384881,zara01
8110,324.4,138,11.2571473185,3.6682011216,1.1701053422861256,3.8868092197864983,0.042139916866424834,0.04930814184889691,zara01
8120,324.8,137,12.1794054289,3.24386399771,1.0470545830604228,0.7701010627676887,0.5367285310587152,0.5619840683043162,zara01
8120,324.8,138,11.7292205594,3.86867535336,1.3580054524369054,0.7701010627676887,0.5367285310587152,0.7288802716561862,zara01
8130,325.2,137,12.5357228595,3.46414699284,1.0225139594684178,0.6646220341542819,0.7206106174155481,0.7368344156485533,zara01
8130,325.2,138,12.265906589,4.07153618311,1.3371851299998743,0.6646220341542819,0.7206106174155481,0.9635898021280993,zara01
8140,325.6,137,12.9534961021,3.50829905579,1.0763663986242402,0.7164635786304544,0.6201002284839343,0.6674550497193209,zara01
8140,325.6,138,12.7480821551,4.19468463976,1.184632149859989,0.7164635786304544,0.6201002284839343,0.7345906667975934,zara01
8150,326.0,137,13.3956832974,3.50829905579,1.2059650781250681,0.7832970284333973,0.5187966574986577,0.6256506515913929,zara01
8150,326.0,138,13.1936367922,4.26508928068,1.1568473408496336,0.7832970284333973,0.5187966574986577,0.6001685336690002,zara01
8160,326.4,137,13.9182681646,3.50829905579,1.3064621679999853,0.8452823771829197,0.44549875828513885,0.5820272735905039,zara01
8160,326.4,138,13.6657100331,4.31496917882,1.1903990383575194,0.8452823771829197,0.44549875828513885,0.5303212934520982,zara01
8170,326.8,137,14.4408530318,3.50829905579,1.3064621679999817,0.9055112344474776,0.3882061771147729,0.5071766837843511,zara01
8170,326.8,138,14.1409402506,4.36270113876,1.193791468837203,0.9055112344474776,0.3882061771147729,0.4634372223895202,zara01
8180,327.2,137,14.963437899,3.50829905579,1.3064621680000763,0.9667402544200975,0.3405889250689928,0.44496654544245184,zara01
8180,327.2,138,14.6159600031,4.4104330987,1.1935297053745746,0.9667402544200975,0.3405889250689928,0.406502999391438,zara01
8400,336.0,139,2.44749875984,3.89707586952,1.3640788942886912,13.055539702971275,0.0018674993857688623,0.0025474164972243995,zara01
8400,336.0,140,15.2246251001,6.5788960389,1.5060263863434393,13.055539702971275,0.0018674993857688623,0.002812503351448072,zara01
8410,336.4,139,2.98860455668,3.9140207153,1.3534276189959373,11.920450433855962,0.0022400865312337663,0.0030317949803125846,zara01
8410,336.4,140,14.6367960489,6.44715582946,1.5060263863433336,11.920450433855962,0.0022400865312337663,0.003373629423730362,zara01
8420,336.8,139,3.52971035353,3.93096556108,1.353699940074538,10.786118969745033,0.0027360228173321844,0.0037037539238651464,zara01
8420,336.8,140,14.0489669977,6.31541562002,1.5060263863433334,10.786118969745033,0.0027360228173321844,0.004120522556539696,zara01
8430,337.2,139,4.07102661549,3.94814906666,1.3520401886665658,9.652552452233694,0.0034163769791656813,0.00461907897546728,zara01
8430,337.2,140,13.4611379465,6.18367541058,1.531036240239734,9.652552452233694,0.0034163769791656813,0.005230596965423405,zara01
8440,337.6,139,4.61086962168,3.96294597424,1.342760977153191,8.503075534498365,0.004402486706510706,0.0059114873519382485,zara01
8440,337.6,140,12.8499472682,6.06530014992,1.5626161657021072,8.503075534498365,0.004402486706510706,0.006879396896882256,zara01
8450,338.0,139,5.14503006991,3.96915112903,1.335750853742947,7.359635743165916,0.005876753672502735,0.007849878735282527,zara01
8450,338.0,140,12.2330740319,5.95002746666,1.568877746134148,7.359635743165916,0.005876753672502735,0.009219908056301669,zara01
8460,338.4,139,5.67940098324,3.97511762403,1.3357508537428526,6.221241224748503,0.008224245104330419,0.010985542419499833,zara01
8460,338.4,140,11.6162007956,5.83475478339,1.5568180998175016,6.221241224748503,0.008224245104330419,0.012803653635757074,zara01
8470,338.8,139,6.21356143147,3.98132277882,1.2405666308857866,5.100980715081727,0.012233275715735048,0.015176193639366337,zara01
8470,338.8,140,11.0090089543,5.72019807953,1.5434670466783584,5.100980715081727,0.012233275715735048,0.018881657940167655,zara01
8480,339.2,139,6.67174397513,3.98991453161,0.9238689710969511,4.065940292081317,0.019254317711818535,0.01778846669359159,zara01
8480,339.2,140,10.4028694386,5.60564137567,1.4904172294300613,4.065940292081317,0.019254317711818535,0.028696966858614736,zara01
8490,339.6,139,6.95229396626,4.00447277939,0.7025659974836016,3.2872107877424668,0.02945744125826637,0.020695796600928514,zara01
8490,339.6,140,9.821985736,5.60778931387,1.4228669947474037,3.2872107877424668,0.02945744125826637,0.04191402091609765,zara01
8500,340.0,139,7.2330544225,4.01879236737,0.7025659974842955,2.7025952933705994,0.04358008722169679,0.030617887449364004,zara01
8500,340.0,140,9.27877528806,5.78487488525,1.4283663971998846,2.7025952933705994,0.04358008722169679,0.06224833217451177,zara01
8510,340.4,139,7.51360441363,4.03335061516,0.7000339334776252,2.2831388929631795,0.06106403000743825,0.042746893120102734,zara01
8510,340.4,140,8.73556484012,5.96196045664,1.4051242126527543,2.2831388929631795,0.06106403000743825,0.08580254708560583,zara01
8520,340.8,139,7.78994510257,4.0779799977,0.7708794675011802,2.0645188014090547,0.07468139860869677,0.05757035679171554,zara01
8520,340.8,140,8.20014160123,6.10133777967,1.3376587316907367,2.0645188014090547,0.07468139860869677,0.09989822494379967,zara01
8530,341.2,139,8.12395323155,4.12165474105,0.9496303574322805,2.078628264276609,0.07367098400091045,0.06996020286917241,zara01
8530,341.2,140,7.68260789666,6.15288829641,1.3004987625043425,2.078628264276609,0.07367098400091045,0.09580902352566124,zara01
8540,341.6,139,8.5448834508,4.1629428864,1.0689255032029765,2.4641753300179503,0.052421194960633716,0.056034352201796735,zara01
8540,341.6,140,7.16486372698,6.20443881315,1.3005283596477573,2.4641753300179503,0.052421194960633716,0.06817525069292825,zara01
8550,342.0,139,8.97507413487,4.20446969155,1.1853201305950514,9.65820312848572,0.0068247610873119514,0.008089526703292627,zara01
8550,342.0,140,6.64733002241,6.25622798969,1.3115662264638208,6.675260937789458,0.014287085010157909,0.01873845817394063,zara01
8550,342.0,148,0.461549985409,8.76525846408,0.47120826213905403,9.65820312848572,0.0068247610873119514,0.0032158838114665056,zara01
8560,342.4,139,9.48966132791,4.2440872183,1.2900356231048478,9.929038257559393,0.006457519923941004,0.008330430738793202,zara01
8560,342.4,140,6.12306143434,6.3292578884,1.3315912957176501,6.001047954950995,0.017677706879677575,0.02353948060922668,zara01
8560,342.4,148,0.573938353949,8.61394815106,0.47081190513978843,9.929038257559393,0.006457519923941004,0.003040277257868806,zara01
8570,342.8,139,10.0040380558,4.28394340486,1.2900586306479391,10.212107933090634,0.006104489209920229,0.00787514899095481,zara01
8570,342.8,140,5.59416261385,6.4163687153,1.3398501756158283,5.31762288445364,0.022513605585803464,0.030164858397884263,zara01
8570,342.8,148,0.686116257379,8.46287649784,0.47041555050219785,10.212107933090634,0.006104489209920229,0.0028716466522193513,zara01
8580,343.2,139,10.5186252489,4.32379959141,1.2052595580618808,10.506618026830491,0.008650585340110062,0.010426200663997638,zara01
8580,343.2,140,5.06547425847,6.50371820199,1.339639200354616,7.197029482092504,0.018435920154302864,0.024697481333311837,zara01
8580,343.2,141,7.18317419152,-0.37469588555,1.8049000967465303,10.780630220066138,0.008216428538716283,0.014829832664439971,zara01
8580,343.2,148,0.79829416081,8.31180484462,0.4135582288941958,10.780630220066138,0.008216428538716283,0.0033979716343072314,zara01
8590,343.6,139,10.9660740719,4.34862021058,1.0361536975258154,10.818457924678935,0.00815907004107804,0.008454050591435117,zara01
8590,343.6,140,4.53678590309,6.59106768869,1.2817164158791374,6.8091348238731575,0.020596219664534426,0.026398512849086474,zara01
8590,343.6,141,6.94113931545,0.305484543633,1.8049000967478361,9.952442940328753,0.009640775933871144,0.01740063741576824,zara01
8590,343.6,148,0.846280205804,8.17338216079,0.3561231534229069,10.818457924678935,0.00815907004107804,0.002905633752027078,zara01
8600,344.0,139,11.3468054552,4.35888258197,0.9519031854833808,7.644913381188775,0.01633902900779531,0.01555317376022572,zara01
8600,344.0,140,4.04850684876,6.63474243203,1.171458808237526,7.644913381188775,0.01633902900779531,0.01914049944923026,zara01
8600,344.0,141,6.69910443938,0.985664972817,2.0776459994273604,6.240011516623103,0.024524524719052115,0.050953280670396034,zara01
8600,344.0,142,7.72617417435,-0.289732996852,0.7006163779477359,7.840509991250752,0.015533980543695817,0.010883361183634765,zara01
8600,344.0,148,0.878060437358,8.03830071415,0.3469238059714207,10.782059508570907,0.008214250315071309,0.00284971898250648,zara01
8610,344.4,139,11.7273263734,4.36890629355,0.9519031856082658,8.436651707073391,0.0134162499670023,0.01277097108250628,zara01
8610,344.4,140,3.60063709547,6.63474243203,1.119937464599984,7.781828971839089,0.01576914035331009,0.017660451066207398,zara01
8610,344.4,141,6.3672009615,1.86536499456,2.418944506751895,5.91596682436985,0.027284746443262026,0.06600028752704698,zara01
8610,344.4,142,7.61020789895,-0.0346056709584,0.700725282192108,7.781828971839089,0.01576914035331009,0.01104983532400017,zara01
8610,344.4,148,0.909840668911,7.90321926751,0.3469238059713952,10.38768433151255,0.008849808945673599,0.0030702094015527853,zara01
8620,344.8,139,12.1080577568,4.37916866494,0.9519031856085988,6.297997252177652,0.024075008459011622,0.022917077245687124,zara01
8620,344.8,140,3.15255687708,6.63474243203,1.1199374645874847,7.745361651532323,0.01591798093312481,0.017827143207595722,zara01
8620,344.8,141,6.01256725178,2.79494491444,1.8098791386957764,6.297997252177652,0.024075008459011622,0.043572855573889485,zara01
8620,344.8,142,7.49403115844,0.220521654935,0.7008342682758425,7.745361651532323,0.01591798093312481,0.011155866519695338,zara01
8620,344.8,143,15.186109985,4.79586867524,1.2180656551593185,9.389226921038146,0.010832076322811284,0.013194180142880868,zara01
8620,344.8,148,0.941620900465,7.76813782087,0.34692380595922895,9.995028262946501,0.009558798989778485,0.003316174925933185,zara01
8630,345.2,139,12.488578675,4.38919237653,0.8596696006232969,6.866751578344972,0.020252036899875415,0.01741006047352417,zara01
8630,345.2,140,2.7046871238,6.63474243203,1.1344828808615477,7.731295150197016,0.015975956728782933,0.01812444941418909,zara01
8630,345.2,141,5.73159633043,3.1662995628,1.0968107070125317,6.5262805608352945,0.022420221671712537,0.024590739183128714,zara01
8630,345.2,142,7.37785441792,0.475648980829,0.9671501963280885,7.731295150197016,0.015975956728782933,0.01545114968677146,zara01
8630,345.2,143,14.7268751158,4.95863465865,1.2180656551550564,9.172104748766404,0.011350980308072424,0.013826239265604381,zara01
8630,345.2,148,0.973401132018,7.63305637424,0.3295522542359854,9.604452222097592,0.010352045712912143,0.003411540000644165,zara01
8640,345.6,139,12.7952263397,4.35124546838,0.7513569922720768,7.3884646247401395,0.017492947205415586,0.013143448198235284,zara01
8640,345.6,140,2.24503132438,6.64524346322,1.1599430575469623,7.525245790969896,0.016862812187800936,0.019559901927957996,zara01
8640,345.6,141,5.45883354836,3.47560266323,0.9739268290832928,5.988162032001491,0.026630805055375923,0.025936455523517594,zara01
8640,345.6,142,7.05310675377,0.856311361372,1.2833004723406138,7.525245790969896,0.016862812187800936,0.021640054845596002,zara01
8640,345.6,143,14.2676402466,5.12140064205,1.206691910313243,8.961234648978111,0.011891473795249888,0.014349345230429958,zara01
8640,345.6,148,1.05001043192,7.52780740256,0.33547959142547773,8.974743722078985,0.011855701879883817,0.003977346022725691,zara01
8650,346.0,139,13.0831426097,4.30088825064,0.7425005955948685,7.069810491687748,0.019105386898206143,0.014185761150988458,zara01
8650,346.0,140,1.77716738568,6.6631429482,1.1702412707673213,7.319440470108794,0.01782442858273588,0.020858881955362202,zara01
8650,346.0,141,5.23510913683,3.76676761888,0.7096354799984338,5.485775559344588,0.03173184407138925,0.022518042398835765,zara01
8650,346.0,142,6.70499746245,1.2510546701,1.3163006305035274,7.319440470108794,0.01782442858273588,0.023462306581820334,zara01
8650,346.0,143,13.7985135173,5.22330837653,1.1986219988769586,8.129991975928487,0.014447448269575192,0.017317029323549674,zara01
8650,346.0,144,14.9263960398,4.59706506208,1.0151235186100038,8.876214289374204,0.012120368532130922,0.01230367115118671,zara01
8650,346.0,148,1.17186973039,7.45239090585,0.35811443661937814,8.31096105201543,0.013825119308987242,0.004950974812533653,zara01
8660,346.4,139,13.3874751582,4.30566144663,0.763445405423579,2.0058825883871947,0.23733422187181843,0.18119172123782007,zara01
8660,346.4,140,1.30951391209,6.68080377338,1.0264323780347466,7.128487832932794,0.018792153735418097,0.019288875047039744,zara01
8660,346.4,141,5.20753820746,3.98466401602,0.5490514797452453,5.179506864836045,0.03559545559908977,0.019543737568886412,zara01
8660,346.4,142,6.35141607828,1.64150210243,1.3180882820235988,7.523554504847615,0.01687039452028237,0.022236669330299323,zara01
8660,346.4,143,13.3194949278,5.26459652188,1.2019611070353928,1.7488236228313834,0.3122334012469608,0.37529240461622304,zara01
8660,346.4,144,14.5271437268,4.67104959999,1.0149192549661148,1.345627574855405,0.5273775346146932,0.5352456145170108,zara01
8660,346.4,145,14.8632565069,2.38063150214,1.5478087592810728,2.425627934443774,0.16230167842820076,0.25121195951718905,zara01
8660,346.4,146,15.0272088273,3.15030935622,1.4630847223779617,2.0058825883871947,0.23733422187181843,0.347240074118119,zara01
8660,346.4,147,15.0602518495,5.43237436108,1.3717316525494703,2.01684502392846,0.234761202901127,0.32202937281006444,zara01
8660,346.4,148,1.29372902887,7.37721306894,0.3581144366193542,7.647128780209779,0.01632956343538407,0.0058478524099025726,zara01
8670,346.8,139,13.6937018927,4.31640113762,0.8742367459216616,1.3500691119502586,0.5239132469958857,0.45802421219893485,zara01
8670,346.8,140,0.98371392239,6.87459553075,0.9441406334560232,6.968921129721293,0.019662570062254164,0.018564231353950085,zara01
8670,346.8,141,5.18017774321,4.20256041315,0.45244438254145714,4.974945252878552,0.03858289137518818,0.017456612464911127,zara01
8670,346.8,142,5.98499632242,2.02144850357,1.3198328431075665,6.982948170486619,0.019583654781803746,0.02584715076910513,zara01
8670,346.8,143,12.8404763383,5.30564600743,1.1857834590397074,1.6927217433270039,0.33327308095363944,0.395189706738027,zara01
8670,346.8,144,14.1281018789,4.7452727977,1.0360647574866968,1.4042783438437503,0.48424482165318833,0.5017089937102993,zara01
8670,346.8,145,14.2470146659,2.44029645207,1.5480706163717741,2.3080416384515114,0.17926029345931682,0.2775075929865497,zara01
8670,346.8,146,14.4435890783,3.19374543977,1.462822366740055,1.583278028455679,0.38094038118645707,0.5572481099940318,zara01
8670,346.8,147,14.5191460526,5.52330374477,1.3719910968243452,1.6927217433270039,0.33327308095363944,0.45724769987961256,zara01
8670,346.8,148,1.41558832734,7.30179657223,0.32725427669484203,6.982948170486619,0.019583654781803746,0.006408834780660669,zara01
8680,347.2,139,14.0853774617,4.26007742489,1.040379126878302,1.3584197330165246,0.5174917357980531,0.5383876002563154,zara01
8680,347.2,140,0.673488350802,7.08819605149,1.0484174770830943,6.81305844726897,0.02057250387219052,0.021568572606964174,zara01
8680,347.2,141,5.01264751595,4.28967124005,0.48135497005272154,5.163336458215094,0.0358187586161801,0.017241537481017033,zara01
8680,347.2,142,5.61857656656,2.40163356452,1.236963498199043,6.81305844726897,0.02057250387219052,0.02544743635645814,zara01
8680,347.2,143,12.3711391438,5.24192384091,1.1912779062861096,1.9755088952490036,0.24468841227749175,0.29149189947040277,zara01
8680,347.2,144,13.7071716597,4.79205011845,1.116634183304836,1.4097408448725957,0.48049936301193796,0.5365420137953293,zara01
8680,347.2,145,13.6305623598,2.499961402,1.5365067838705269,2.293368629093146,0.18156145188834225,0.2789704025158201,zara01
8680,347.2,146,13.8601797944,3.23718152331,1.5174408013236191,1.5623789032872308,0.3911998232490512,0.5936225732686985,zara01
8680,347.2,147,13.9778297907,5.61423312846,1.254496994962482,1.6492631810696332,0.35106816935783974,0.44041396348638967,zara01
8680,347.2,148,1.46736274431,7.18127337338,0.33853352661209174,6.3306818669459854,0.023827056942917906,0.008066257615673124,zara01
8690,347.6,139,14.5138844249,4.17487587639,1.091980273089641,1.794227175201851,0.29663099031665374,0.32391518981283024,zara01
8690,347.6,140,0.431453474732,7.50585070099,1.2067940158819048,6.8295845258109225,0.020473062545403688,0.02470676936656913,zara01
8690,347.6,141,4.82975333569,4.36222381916,0.60108559380495,5.406240064875715,0.03267237677069606,0.019638894992232894,zara01
8690,347.6,142,5.18059867343,2.59781191988,1.2025315055860455,6.8295845258109225,0.020473062545403688,0.024619502726681574,zara01
8690,347.6,143,11.9081159026,5.10827435307,1.188386910785252,2.2504546493304862,0.18855187301804105,0.22407257789868293,zara01
8690,347.6,144,13.2353088839,4.77558259227,1.180112174307381,1.4126584769670194,0.4785166153646688,0.564703283400208,zara01
8690,347.6,145,13.0206344721,2.52358872217,1.517252419501517,2.262202796844185,0.1865985703663157,0.2831171323638165,zara01
8690,347.6,146,13.2334146979,3.28944801945,1.585683971774861,1.5567868227887898,0.39401530178403527,0.6247837486729795,zara01
8690,347.6,147,13.5268030607,5.67318209899,1.1077615304739277,1.794227175201851,0.29663099031665374,0.32859639981917316,zara01
8690,347.6,148,1.48925111571,7.04118007095,0.35414702212824817,5.776639794710126,0.02861678275466202,0.010134548395454562,zara01
8700,348.0,139,14.942180923,4.08967432789,1.0917222464744143,2.464096256856143,0.15727367826066813,0.17169917334203086,zara01
8700,348.0,140,0.189418598663,7.92350535049,0.8625157020611336,6.9201685250708005,0.019940591667126153,0.017199073421285703,zara01
8700,348.0,141,4.5369963682,4.36031454076,0.8264624744243854,5.621188593946715,0.030221434115020228,0.024976881219353153,zara01
8700,348.0,142,4.69505566553,2.67108047839,1.2279047083019103,6.9201685250708005,0.019940591667126153,0.024485146394390044,zara01
8700,348.0,143,11.4560368471,4.98417125722,1.0284761153125372,1.997602822412907,0.23930572917806855,0.24612022671709405,zara01
8700,348.0,144,12.7636565732,4.75911506609,1.1369770556537018,1.4251337949987914,0.4701756182297731,0.5345788900550463,zara01
8700,348.0,145,12.4168100726,2.51093975279,1.5096291534871749,2.6532921560474176,0.13564420226867313,0.20477244224630015,zara01
8700,348.0,146,12.596126346,3.34386245379,1.599305538748468,1.997602822412907,0.23930572917806855,0.3827229781287259,zara01
8700,348.0,147,13.0985065627,5.72449395593,1.0786238848813239,2.433062315501371,0.16131134696459604,0.17399427173839174,zara01
8700,348.0,148,1.510929022,6.90132542831,0.21926330433476648,5.294679859855672,0.0340637118496642,0.007468922018064712,zara01
8710,348.4,140,0.15174534404,8.13662855163,0.541022499221735,6.748175468954556,0.020970010526630747,0.011345247503823857,zara01
8710,348.4,141,4.17078707745,4.30828670443,0.9518659446932437,5.55057634430101,0.030995255532309904,0.029503328188270655,zara01
8710,348.4,142,4.20930219251,2.7445876967,1.1238803945939253,6.748175468954556,0.020970010526630747,0.023567783705308532,zara01
8710,348.4,143,11.1014031374,4.94646300886,0.8939365862673613,1.7742346357961885,0.3033536856455602,0.27117895817761434,zara01
8710,348.4,144,12.3267310057,4.73286248812,1.0305094322284956,1.3841899892909755,0.49840222674700796,0.5136081957064771,zara01
8710,348.4,145,11.8131961382,2.4982907834,1.5093599091739642,2.549548297542457,0.1469078135395773,0.22173676410104207,zara01
8710,348.4,146,11.9586275289,3.39851554792,1.5947778246653361,1.7694561309094772,0.30499434163203504,0.4863982126831732,zara01
8710,348.4,147,12.6699995995,5.77556715307,1.1146747073668133,2.4812143310032537,0.1551110794596509,0.1728983971060369,zara01
8710,348.4,148,1.50503599893,6.86648109756,0.05923321766872472,4.929813470486777,0.039292567479307455,0.0023274252022648725,zara01
8720,348.8,140,0.114282554527,8.34975175277,0.5410224992341105,6.697305069856842,0.021289782176563486,0.011518251161314198,zara01
8720,348.8,141,3.78184755486,4.26222536308,1.0441143984629635,5.4917123939696415,0.03166327351669125,0.03306007978124837,zara01
8720,348.8,142,3.8001580194,2.75795264549,1.043916709522827,6.697305069856842,0.021289782176563486,0.022224759356215883,zara01
8720,348.8,143,10.7448752417,4.90875476051,0.9075107443429142,1.6837703666474717,0.3368260390432357,0.30567324940620233,zara01
8720,348.8,144,11.9420007853,4.69181300257,0.9670549772510485,1.3893768933677735,0.49468784368873897,0.4783903414247837,zara01
8720,348.8,145,11.2095822038,2.48588047382,1.5125344480127692,2.467037164237253,0.15689893592357945,0.23731504544096207,zara01
8720,348.8,146,11.3244961536,3.44720214706,1.578787845470481,1.5722901905800695,0.38628333498195006,0.6098594341773049,zara01
8720,348.8,147,12.2069763583,5.7438253997,1.1602953571132397,2.46033527720392,0.15775487706998195,0.18304225142626995,zara01
8720,348.8,148,1.49198716214,6.85788934477,0.039223327189838064,4.705011545618921,0.04313700562550573,0.0016919768856390963,zara01
8730,349.2,140,0.0766092999037,8.56287495392,0.541068231501007,6.671281359275118,0.021456202902465374,0.011609269759163713,zara01
8730,349.2,141,3.33923942932,4.22929031072,1.109841866860156,5.424454923875199,0.03245332303770777,0.0360180566259853,zara01
8730,349.2,142,3.37438710263,2.76368048068,1.14620678369632,6.671281359275118,0.021456202902465374,0.02459324531917048,zara01
8730,349.2,143,10.3792973463,4.87128517195,0.9110410040339988,1.6027558063165201,0.37173774853405095,0.33866833166179994,zara01
8730,349.2,144,11.55748103,4.65052485722,0.9975564756903209,1.4503194314808285,0.45398766238733784,0.452878332498,zara01
8730,349.2,145,10.6032322229,2.51070109299,1.5194068031260426,2.371181988544382,0.1698406358945171,0.2580570176253824,zara01
8730,349.2,146,10.6983624525,3.48204647782,1.5680355138844297,1.4503194314808285,0.45398766238733784,0.7118687774887202,zara01
8730,349.2,147,11.7439531171,5.71184498654,1.1602953571123817,2.462775106945132,0.15744246170952084,0.18267975733390096,zara01
8730,349.2,148,1.47893832534,6.84905893218,0.03922332720023334,4.5036699656292205,0.047080196548959286,0.0018466419538911265,zara01
8740,349.6,141,2.89642083867,4.19635525836,1.1192853091169512,7.153685891109697,0.018660000375739262,0.020885864288681746,zara01
8740,349.6,142,2.88337200187,2.73981450071,1.2289869155484185,7.114950136892791,0.018863733855455655,0.023183282086742724,zara01
8740,349.6,143,10.0162450322,4.89157125493,0.9262126402744694,1.4903725824797471,0.4299140881355429,0.3981918626632121,zara01
8740,349.6,144,11.14475895,4.65601403261,1.0692350925022875,1.56455443574566,0.3901126431759204,0.41712212811251714,zara01
8740,349.6,145,9.99582991655,2.55151191874,1.5216870027490006,2.397700371436691,0.16610456221557354,0.252759153420751,zara01
8740,349.6,146,10.0720182862,3.51712946838,1.5682981862683318,1.56455443574566,0.3901126431759204,0.6118129507331409,zara01
8740,349.6,147,11.2809298759,5.68010323318,1.100169699000903,2.477886748607382,0.1555279600665969,0.17110714901269233,zara01
8740,349.6,148,1.46588948854,6.84046717939,0.03922332718983689,8.76965080532709,0.012416716933973608,0.0004870249509248352,zara01
8750,350.0,141,2.44791969005,4.14361144262,1.1445626686735977,7.02272042465934,0.01936246399272824,0.022161553459613476,zara01
8750,350.0,142,2.39235690111,2.71594852074,1.2071256023393948,6.997369123369963,0.01950301763321009,0.023542591907924567,zara01
8750,350.0,143,9.65950667137,5.04717744434,0.9732376261591399,1.510416598375775,0.4185794306311702,0.4073772514265245,zara01
8750,350.0,144,10.7040450104,4.70828052875,1.1092447298231347,1.7089594936020651,0.32696995231202725,0.36268969641263793,zara01
8750,350.0,145,9.38863807529,2.59256140429,1.5216870027865268,2.4912974167170945,0.1538580509809147,0.23412379645172474,zara01
8750,350.0,146,9.44567411999,3.55197379914,1.5553700538909716,1.7089594936020651,0.32696995231202725,0.5085592723482862,zara01
8750,350.0,147,10.8665240751,5.64287230442,1.039951930125011,2.52797768073973,0.1494255666568165,0.1553954064547798,zara01
8750,350.0,148,1.45284065175,6.8316367668,0.039223327189839105,8.398432129338188,0.013538637132190777,0.0005310303939404238,zara01
8760,350.4,141,1.99078947195,4.06127381172,1.1614746628813941,6.855287488620304,0.02031982845444047,0.023600965903929003,zara01
8760,350.4,142,1.91838947424,2.70258357196,1.0995934110496703,6.863195281653883,0.02027303030271948,0.022292090542880644,zara01
8760,350.4,143,9.30255784545,5.20278363375,0.9074488737811716,1.6807071406562768,0.33805494382832146,0.3067675780531675,zara01
8760,350.4,144,10.263541536,4.76054702488,1.0943410532053697,1.8508992932493342,0.27874417645732397,0.3050411956391713,zara01
8760,350.4,145,8.78123576891,2.63337223004,1.5219494888079936,2.6217649911849406,0.13892610573469538,0.2114385156050049,zara01
8760,350.4,146,8.82985320923,3.58992070729,1.492361208007593,1.8508992932493342,0.27874417645732397,0.41598699590293364,zara01
8760,350.4,147,10.4523287393,5.60540271587,1.0399519301249383,2.5873914610250996,0.14264189536761704,0.14834071440423283,zara01
8760,350.4,148,1.43979181495,6.82304501401,0.038839019269901146,8.027972134402733,0.014816979135012728,0.0005754769381464825,zara01
8770,350.8,141,1.53344878873,3.97893618082,1.1522580054005087,6.73013817028402,0.021082563699536674,0.024292552797157297,zara01
8770,350.8,142,1.51282320799,2.73170006752,1.0165252291321518,6.661256519658049,0.02152083240459046,0.021876469091190953,zara01
8770,350.8,143,8.96939157691,5.27247229527,0.8511381547087586,1.781440562446084,0.3009045179535007,0.25611131615447114,zara01
8770,350.8,144,9.83419271236,4.80732434563,1.0453901946140647,1.963430526635346,0.24770815474229518,0.2589516760935388,zara01
8770,350.8,145,8.17383346253,2.67442171559,1.5219494888079934,2.7171270724666976,0.12934554728860098,0.1968573895754764,zara01
8770,350.8,146,8.25507299484,3.64051658483,1.4424808853063227,1.963430526635346,0.24770815474229518,0.3573142783502615,zara01
8770,350.8,147,10.0379229385,5.56817178711,1.0127160508688124,2.625720567860489,0.13850784421667375,0.1402691170094625,zara01
8770,350.8,148,1.42695344326,6.81445326122,0.03900479557721045,7.529747049961417,0.016842657142238874,0.0006569443988100708,zara01
8780,351.2,141,1.08221159369,3.90566762231,1.1335634197745599,6.592589704827156,0.02197147869431181,0.024906064526227976,zara01
8780,351.2,142,1.10725694174,2.76081656309,1.0165252291296585,6.459335061377288,0.022887362907891236,0.023265581824117785,zara01
8780,351.2,143,8.63601484326,5.34192229699,0.8615510023151001,1.907712188006448,0.26238902958863664,0.22606153143857635,zara01
8780,351.2,144,9.43115202743,4.84145269699,1.0109454830355376,2.0950751525948,0.21755655323817066,0.21993781480090907,zara01
8780,351.2,145,7.56643115615,2.71523254134,1.5216870027988902,2.8361079556618574,0.11872054066972623,0.18065550370237946,zara01
8780,351.2,146,7.68029278045,3.69087380257,1.4422188127217261,2.0950751525948,0.21755655323817066,0.3137641539109855,zara01
8780,351.2,147,9.64309039282,5.56650116852,0.9810524459041453,2.7148761450618526,0.12956011923808125,0.12710527187015233,zara01
8780,351.2,148,1.41390460646,6.80562284863,0.03922332718983627,6.99780553938543,0.019500585109530826,0.0007648778301443767,zara01
8790,351.6,141,0.637077886836,3.84146813619,1.1243486753396155,6.414620332807314,0.023207559305634992,0.02609338856315627,zara01
8790,351.6,142,0.701690675492,2.78993305865,1.0165252291284115,6.257639120806274,0.024386549452272668,0.02478954276962281,zara01
8790,351.6,143,8.28706369151,5.36984549355,0.886219567134905,2.011758818930664,0.23594976785773306,0.2091033011364615,zara01
8790,351.6,144,9.02832180761,4.87558104835,1.0106581999646325,2.232172630129968,0.19165308950367022,0.19369576645543993,zara01
8790,351.6,145,6.95923931488,2.75628202689,1.48336632999815,2.9618458271968016,0.10885452451102935,0.1614711365276193,zara01
8790,351.6,146,7.10572303118,3.74146968011,1.4422188127217261,2.232172630129968,0.19165308950367022,0.27640569119843394,zara01
8790,351.6,147,9.25309854469,5.57342230271,0.9751331438264739,2.8226356490828484,0.11985654031337725,0.11687608496394807,zara01
8790,351.6,148,1.40085576967,6.79703109584,0.03905847840954348,6.47162777334625,0.022800497419665847,0.0008905527361928704,zara01
8800,352.0,141,0.191944179978,3.77726865006,1.1243486753464285,6.2680152892291625,0.024305876546916457,0.02732828009865934,zara01
8800,352.0,142,0.296124409243,2.81904955422,1.016525229130626,6.086281629127119,0.025779072804258132,0.026205077889123584,zara01
8800,352.0,143,7.92758928426,5.36984549355,0.8945078081520526,2.1073120422641325,0.21503724341203356,0.19235249327555753,zara01
8800,352.0,144,8.62549158778,4.90947073991,1.0117928363110853,2.3740813616534617,0.16942604969973735,0.17142406337068014,zara01
8800,352.0,145,6.38235444939,2.79399027525,1.4286344827778998,3.083329664175169,0.10044572542345945,0.14350022698759493,zara01
8800,352.0,146,6.53094281679,3.79182689785,1.4424808853064246,2.3740813616534617,0.16942604969973735,0.24439383816484742,zara01
8800,352.0,147,8.86310669655,5.5803434369,0.9858492019407712,2.939009998709192,0.1105526748424609,0.10898826626585764,zara01
8800,352.0,148,1.38780693287,6.78843934305,0.03922332720023617,5.952439236749341,0.0269514068762056,0.0010571238504121071,zara01
8810,352.4,143,7.57148231878,5.37581198855,0.8737875563821152,2.227227034938604,0.19250517232124525,0.1682086241134989,zara01
8810,352.4,144,8.22076718197,4.93071146208,1.013518742552797,2.512529834128714,0.15126864871674933,0.15331361063506055,zara01
8810,352.4,145,5.81872888582,2.8302665648,1.4119986212607043,3.1908708439359916,0.09378922140916164,0.13243025131885117,zara01
8810,352.4,146,5.9561626024,3.84242277539,1.4116627598042766,2.512529834128714,0.15126864871674933,0.21354031811935,zara01
8810,352.4,147,8.46511717425,5.60659601487,1.01534156492192,3.067109431126378,0.10151093761606127,0.10306827425578304,zara01
8810,352.4,148,1.37475809607,6.77960893046,0.03900479556683925,6.353741964105619,0.0236544162646762,0.0009226356706566125,zara01
8820,352.8,143,7.22947651564,5.40564446351,0.8582611270166858,2.391968006134136,0.16690165730172132,0.143245204496728,zara01
8820,352.8,144,7.81562184594,4.94861094706,1.0138513662928061,2.646087554191431,0.1363838549566319,0.13827295768806117,zara01
8820,352.8,145,5.25510332224,2.86678151416,1.411736086778505,3.3000407418544944,0.08768650870829757,0.1237902086671213,zara01
8820,352.8,146,5.40369168964,3.86032226037,1.381901997732097,2.646087554191431,0.1363838549566319,0.1884691216229742,zara01
8820,352.8,147,8.05492067559,5.6617264286,1.0347117051125614,3.205319346532866,0.09294558652348865,0.09617188631440605,zara01
8820,352.8,148,1.36191972439,6.77101717767,0.03883901925948668,6.024322812326432,0.026312063658889436,0.0010219347472044463,zara01
8830,353.2,143,6.8874707125,5.43547693847,0.8582611270302251,2.563465922707679,0.14531695364185704,0.1247198924092592,zara01
8830,353.2,144,7.41047650991,4.96651043204,1.0138513662803181,2.7810361688941256,0.12346905032873613,0.1251792653691225,zara01
8830,353.2,145,4.69168822377,2.90305780371,1.4117360867660298,3.4131578478315445,0.08197069834055905,0.11572099290477952,zara01
8830,353.2,146,4.85122077687,3.87822174534,1.3819019977445897,2.7810361688941256,0.12346905032873613,0.17062212730890775,zara01
8830,353.2,147,7.64472417693,5.71685684234,1.0347117051125596,3.3442847166572074,0.08538171890393234,0.0883454639525291,zara01
8830,353.2,148,1.34887088759,6.76242542488,0.039223327200233526,5.695338471599284,0.02943962703997809,0.001154720124041903,zara01
8840,353.6,143,6.54546490935,5.46530941344,0.8938336148802402,2.7404525262438235,0.1271530599370742,0.11365367920663888,zara01
8840,353.6,144,7.00533117389,4.98440991702,1.033291774437845,2.917182656623298,0.11221324878802992,0.11594902695561879,zara01
8840,353.6,145,4.1280626602,2.93957275307,1.4119986212615097,3.529877211312447,0.07663941570801132,0.10821474931399967,zara01
8840,353.6,146,4.2987498641,3.89612123032,1.3819019977449947,2.917182656623298,0.11221324878802992,0.15506771267363464,zara01
8840,353.6,147,7.23452767827,5.77198725607,1.0081394521415015,3.483915142585405,0.07867490827292159,0.07931527892354605,zara01
8840,353.6,148,1.33582205079,6.75359501229,0.03922332718983689,5.36656859622138,0.03315721246258443,0.0013005361931228863,zara01
8850,354.0,143,6.18199166503,5.55218158053,0.9344629594322578,2.9353479255534465,0.11082869290584761,0.10356530836280724,zara01
8850,354.0,144,6.58755793128,5.04479084634,1.0611413689875824,3.0580234353513274,0.10211505212316713,0.1083585062042159,zara01
8850,354.0,145,3.56443709662,2.97584904263,1.3918769281507917,3.672748461907828,0.07079278713134574,0.0985348470876104,zara01
8850,354.0,146,3.74627895133,3.9140207153,1.3924753507163181,3.0580234353513274,0.10211505212316713,0.14219269301862225,zara01
8850,354.0,147,6.84621955101,5.8302202472,0.9556954035119248,3.644372698777963,0.07189949051664309,0.06871401260160502,zara01
8850,354.0,148,1.322773214,6.7450032595,0.03922332718983991,5.003481539153633,0.03814404784969275,0.001496136469153408,zara01
8860,354.4,143,5.8183079556,5.63881508783,0.9344629594472521,3.119013300941987,0.09816053764210252,0.09172738650597251,zara01
8860,354.4,144,6.16662771203,5.11567280686,1.067141338472493,3.194445096303212,0.09357945802628657,0.09986250809170194,zara01
8860,354.4,145,3.01554409071,2.98635007381,1.3676181270699945,3.8588930968521593,0.06412773297288055,0.08770225006161562,zara01
8860,354.4,146,3.18686268995,3.96437793304,1.4041687907597502,3.194445096303212,0.09357945802628657,0.13140135441672363,zara01
8860,354.4,147,6.47937886493,5.89155581573,0.9298324477087456,3.8150592857823904,0.0656098129366415,0.06100613295659029,zara01
8860,354.4,148,1.3097243772,6.73617284691,0.03922332720023315,4.640206884917011,0.044350313467958945,0.0017395668565866607,zara01
8870,354.8,143,5.45483471127,5.72568725493,0.9599269424967682,3.3048900634933447,0.0874293696751649,0.08392580751670072,zara01
8870,354.8,144,5.74569749278,5.18655476737,1.0663400270079328,3.3312475595039603,0.08605132573895077,0.0917599730125412,zara01
8870,354.8,145,2.47043945678,2.99040729041,1.3627971439368127,3.94339687869993,0.061408770940909865,0.0836876976509419,zara01
8870,354.8,146,2.62744642857,4.01449649098,1.4041687907722002,3.3048900634933447,0.0874293696751649,0.12276559229475198,zara01
8870,354.8,147,6.11253817885,5.95289138425,0.9298324476964197,3.987886566857805,0.0600462360108772,0.055832938604950845,zara01
8870,354.8,148,1.2966755404,6.72758109412,0.038839019259487476,4.277157812765057,0.0521988377160068,0.0020273516633748496,zara01
8880,355.2,143,5.07957542081,5.84859705178,0.9992083593536255,3.5001635859731253,0.07794615511690212,0.07788444977228297,zara01
8880,355.2,144,5.32371494798,5.2469356967,1.0674667522608017,3.463639879987452,0.07959868978236737,0.08496895486619875,zara01
8880,355.2,145,1.92533482285,2.9942258472,1.3630580964521004,4.077215856551246,0.05744390733349162,0.07829938298275994,zara01
8880,355.2,146,2.06803016718,4.06485370872,1.399179809068764,3.463639879987452,0.07959868978236737,0.11137287957181655,zara01
8880,355.2,147,5.74569749278,6.01422695278,1.0490685554939427,4.162366274421662,0.055117662853766854,0.05782220695220334,zara01
8880,355.2,148,1.28383716872,6.71898934133,0.03900479556683962,3.8942536661197797,0.06296843609741502,0.002456070977143277,zara01
8890,355.6,143,4.69947543283,5.98725839541,1.011505589095624,3.50406626892749,0.0777726254485435,0.07866744531984231,zara01
8890,355.6,144,4.89205100814,5.21018208754,1.0833266070906733,3.5584145978924844,0.07541509589616074,0.08169917996060558,zara01
8890,355.6,145,1.38001972381,2.998044404,1.363060218456214,4.150652583998129,0.055429200499868325,0.0755533381422038,zara01
8890,355.6,146,1.51134995222,4.09969803948,1.377796788389401,3.5584145978924844,0.07541509589616074,0.10390667692180897,zara01
8890,355.6,147,5.27341378678,5.96768829183,1.1864277946730506,4.070905695120776,0.057622128736472954,0.06836449512118022,zara01
8890,355.6,148,1.27078833192,6.71015892874,0.039223327200232166,3.713721279493105,0.069239316125606,0.002715796351514956,zara01
8900,356.0,143,4.31937544484,6.12591973904,0.9662882036265087,3.115282436672306,0.09839579267587027,0.09507869374917306,zara01
8900,356.0,144,4.46017660318,5.17342847839,1.0833266070907492,3.5483533237348377,0.07584337776457521,0.08216314910399924,zara01
8900,356.0,145,0.834915089884,3.0021016206,1.3627971439319098,4.2257758297317904,0.05347594556676266,0.07287686588744242,zara01
8900,356.0,146,0.965824388072,4.07320680171,1.3656837847528907,3.663466274045216,0.07115197941985588,0.09717110454676856,zara01
8900,356.0,147,4.80113008078,5.92114963089,1.1864277946719095,3.628314813681607,0.07253731202839861,0.08606028314128114,zara01
8900,356.0,148,1.25773949512,6.70156717595,0.03905847840954632,3.5483533237348377,0.07584337776457521,0.0029623269329247266,zara01
8910,356.4,143,3.95379754943,6.19107386437,0.9070730695188947,2.755206947240323,0.12579487048827945,0.11410513930353545,zara01
8910,356.4,144,4.02851266334,5.13667486923,1.0678103750884826,3.1893159720762574,0.09388069291612137,0.10024677791633022,zara01
8910,356.4,145,0.289810455954,3.00592017739,1.3627950215181655,4.303255715421885,0.05156761829829974,0.07027609348847194,zara01
8910,356.4,146,0.420088358813,4.04671556394,1.365698284358817,3.7694478705361374,0.06720721495778609,0.09178477816438269,zara01
8910,356.4,147,4.32884637478,5.87461096995,1.1864277946730513,3.190883398306638,0.09378848339264093,0.11127326351726106,zara01
8910,356.4,148,1.24469065833,6.69297542316,0.03922332718983707,3.1893159720762574,0.09388069291612137,0.0036823131350576482,zara01
8920,356.8,143,3.59832197927,6.20754139055,0.889904793636407,2.4141926144482344,0.16384287047164584,0.14580455583586654,zara01
8920,356.8,144,3.60905569986,5.10039857968,0.9917564923695892,2.856632546589236,0.11702068126150646,0.11605602038261136,zara01
8920,356.8,146,-0.125437205337,4.01998566637,1.3654500827685618,4.318770949163393,0.05119776932692135,0.06990799836501049,zara01
8920,356.8,147,3.85656266878,5.828072309,1.117230611134545,2.7609907505641913,0.12526838504486434,0.13995367437951128,zara01
8920,356.8,148,1.23164182153,6.68414501057,0.03900479557721063,2.856632546589236,0.11702068126150646,0.0045643677509109816,zara01
8930,357.2,143,3.242635944,6.22400891673,1.0179169674175257,2.073593561031709,0.22208749767285416,0.2260666321324985,zara01
8930,357.2,144,3.2382161767,5.06650888812,0.9309892771878433,2.5820634277528285,0.14323117979735883,0.13334669255030512,zara01
8930,357.2,147,3.44468244924,5.7438253997,1.044128667980808,2.4130176380400306,0.1640024701152321,0.17123968066697956,zara01
8930,357.2,148,1.21880344984,6.67555325778,0.03883901926298905,2.5820634277528285,0.14323117979735883,0.005562958551210267,zara01
8940,357.6,143,2.78508479567,6.165298606,1.212846260850114,1.657090670421867,0.34775936776304384,0.4217786488670074,zara01
8940,357.6,144,2.86737665354,5.03238053676,0.9310165690794789,2.3308459295302635,0.1757697954799367,0.16364459193553238,zara01
8940,357.6,147,3.0393266481,5.65528261401,1.0446178652909153,2.094153907006079,0.21774800726515992,0.22746345852068206,zara01
8940,357.6,148,1.20575461304,6.666961505,0.03922332718289666,2.3308459295302635,0.1757697954799367,0.006894276196980387,zara01
8950,358.0,143,2.28396736966,6.07436922231,1.2705448760759426,1.2375903143748264,0.6234728960835457,0.7921502934911776,zara01
8950,358.0,144,2.49653713038,4.9982521854,0.9310165690795454,2.110728354371822,0.21434171116430167,0.19955568453882705,zara01
8950,358.0,147,2.62765689367,5.56817178711,1.0820011712446613,1.801970032102356,0.29408728893532843,0.3182027910761925,zara01
8950,358.0,148,1.19270577625,6.65813109241,0.039223327189839105,2.110728354371822,0.21434171116430167,0.008407195067427395,zara01
8960,358.4,143,1.78579645517,5.97938262202,1.266473268898013,1.070646159912572,0.8330660859128769,1.0550559290341541,zara01
8960,358.4,144,2.12569760722,4.96412383404,1.0622165603039673,1.9327747855154251,0.2556282691590212,0.2715325807825522,zara01
8960,358.4,147,2.19052086098,5.48559549641,1.1122232148448394,1.5416261343132047,0.40180307299072604,0.44689470557628097,zara01
8960,358.4,148,1.17965693945,6.64953933962,0.039223327200232354,1.9327747855154251,0.2556282691590212,0.010026591242853353,zara01
8970,358.8,143,1.28930926157,5.88153210414,1.26515222524874,1.164856898747818,0.7037626752052782,0.890366914582964,zara01
8970,358.8,144,1.67467087729,4.78226506666,1.21577578726588,1.9266399157916991,0.25725882082192486,0.3127690454158677,zara01
8970,358.8,147,1.75338482829,5.40278054591,1.127913716402007,1.3699538687617132,0.5088145193759295,0.5738988755086056,zara01
8970,358.8,148,1.16660810265,6.64070892703,0.16211415844666685,1.9266399157916991,0.25725882082192486,0.041705297240528204,zara01
8980,359.2,143,0.792822067959,5.78344292646,1.2651522252585186,1.2590406368933575,0.6024096035335426,0.7621398504275633,zara01
8980,359.2,144,1.22364414736,4.60040629928,1.2157757872647585,1.9821266342638189,0.24305725424007152,0.29550312462413353,zara01
8980,359.2,147,1.31246042362,5.27772281086,1.158992839597729,1.3210352965292007,0.547195527216711,0.6341956979040723,zara01
8980,359.2,148,1.07231973354,6.5767481007,0.572591481599198,1.9821266342638189,0.24305725424007152,0.13917251331875552,zara01
8990,359.6,143,0.296334874353,5.68559240857,1.2650945055263147,1.3536054744147918,0.5211793234432409,0.6593410984819661,zara01
8990,359.6,144,0.772617417435,4.41854753189,1.215531797369315,1.964705910431468,0.24738666089962136,0.30070635256850997,zara01
8990,359.6,147,0.869010437644,5.12426455965,1.1732808079226558,1.2615489380744807,0.6000164778906419,0.7039878179464387,zara01
8990,359.6,148,0.787770905328,6.38319500314,0.8601270280017321,1.964705910431468,0.24738666089962136,0.21278395340686362,zara01
9000,360.0,144,0.321801152617,4.23668876451,1.2152878154408857,1.9613811289157164,0.16548404879966014,0.2011107481560519,zara01
9000,360.0,147,0.425349986553,4.97104496823,1.1734320364245812,1.2210959754231208,0.42695344608102054,0.5010008516933445,zara01
9000,360.0,148,0.503432542224,6.18964190557,0.8599095385257741,1.9613811289157164,0.16548404879966014,0.14230131203669244,zara01
