frame,t,ped_id,x,y,speed,r_k,k_density,q,scene
50,2.0,2,10.31,5.97,2.316246964380094,2.2692069099136813,0.06181614708480586,0.14318146303485496,seq_eth
50,2.0,3,12.49,6.6,1.4391837964624272,2.2692069099136813,0.06181614708480586,0.0889647972441907,seq_eth
60,2.4,2,9.57,6.24,2.0284307358152507,2.4285386552410477,0.053970952928853275,0.1094763397621241,seq_eth
60,2.4,3,11.94,6.77,1.849493173818169,2.4285386552410477,0.053970952928853275,0.09981890902637584,seq_eth
70,2.8,2,8.73,6.34,2.0632574366762846,10.124988888882793,0.00931498739263927,0.01921921701040881,seq_eth
70,2.8,3,11.03,6.84,2.1630779574485945,12.470581381796118,0.006140418624466595,0.01328220417609051,seq_eth
70,2.8,4,-1.32,5.11,2.4781545553092506,12.470581381796118,0.006140418624466595,0.015216906385727653,seq_eth
70,2.8,5,-1.48,4.43,2.4781545553092506,12.740023547858929,0.005883434469431441,0.014580059931284988,seq_eth
70,2.8,6,11.84,5.82,2.338402232294518,13.179138818602677,0.005497906085112544,0.012856315862372788,seq_eth
80,3.2,2,7.94,6.5,1.9811612756158958,8.3944326788652,0.013551540924430365,0.026847788104405478,seq_eth
80,3.2,3,10.21,6.81,2.087537424814224,10.684292208658466,0.008365268164274188,0.01746281036152935,seq_eth
80,3.2,4,-0.33,5.06,2.603633278708812,10.684292208658466,0.008365268164274188,0.02178009057782765,seq_eth
80,3.2,5,-0.49,4.38,2.6119915773217945,10.972460981931082,0.007931645431420867,0.020717391061174196,seq_eth
80,3.2,6,10.91,5.92,2.30166380038441,11.272852345347205,0.00751456326194921,0.017295998235727087,seq_eth
90,3.6,2,7.17,6.62,1.8512242570796245,6.611542936410532,0.021845688499888403,0.04044126846359881,seq_eth
90,3.6,3,9.36,6.85,2.025617189895467,8.79673234786645,0.012340382625934444,0.02499689117698017,seq_eth
90,3.6,4,0.76,5.0,2.6211280968315918,8.79673234786645,0.012340382625934444,0.03234572362648919,seq_eth
90,3.6,5,0.6,4.23,2.6311238093255906,9.143412929535668,0.011422330309697996,0.030053565235827744,seq_eth
90,3.6,6,10.0,5.89,2.27843147801289,9.282763597119125,0.011081965685750005,0.025249499456671515,seq_eth
100,4.0,2,6.47,6.68,1.6564740414506929,5.0386704595557745,0.03761312966462262,0.06230517290716638,seq_eth
100,4.0,3,8.59,6.85,1.9750395565658911,7.105666752670012,0.018913056090776925,0.037354033914833884,seq_eth
100,4.0,4,1.76,4.89,2.571295879512896,7.105666752670012,0.018913056090776925,0.04863106319521099,seq_eth
100,4.0,5,1.6,4.13,2.595217958091381,7.500566645260877,0.016973962308831057,0.044051131803844595,seq_eth
100,4.0,6,9.09,6.02,2.220430701463118,7.416589512707306,0.01736052668175669,0.038547846437742186,seq_eth
110,4.4,2,5.86,6.82,1.5825710884506883,3.6417852764818526,0.0720016933747057,0.11394779825430071,seq_eth
110,4.4,3,7.78,6.84,2.0375383431974945,5.361063327363333,0.03322534562302536,0.06769791567290322,seq_eth
110,4.4,4,2.81,4.83,2.554407954888961,5.361063327363333,0.03322534562302536,0.0848710871633911,seq_eth
110,4.4,5,2.67,4.07,2.6285987236548687,5.8124865591242445,0.028264900356707773,0.0742970810018741,seq_eth
110,4.4,6,8.23,6.04,2.11874078169086,5.553422368233845,0.030963494708301485,0.06560361898214749,seq_eth
120,4.8,2,5.24,6.98,1.3084461204038955,2.637745249261195,0.13724789205504284,0.17958147189303345,seq_eth
120,4.8,3,6.96,6.84,1.8732074764958655,3.777631533117014,0.06691634200282905,0.1253481921394537,seq_eth
120,4.8,4,3.8,4.77,2.7056653525519363,3.777631533117014,0.06691634200282905,0.1810532280765704,seq_eth
120,4.8,5,3.7,4.02,2.6002704186295698,4.269297366077936,0.05239122717255112,0.1362313582124864,seq_eth
120,4.8,6,7.4,6.15,2.1419179489420253,3.8554377183401636,0.06424273152978738,0.13760265975271535,seq_eth
130,5.2,2,4.87,7.16,1.181167325149153,2.4720234626718245,0.15626661515511175,0.18457701983287544,seq_eth
130,5.2,3,6.29,7.0,1.7062385530751556,2.6605450569385214,0.1349056521228187,0.23018122467969845,seq_eth
130,5.2,4,4.97,4.69,2.7139109233723953,2.4720234626718245,0.15626661515511175,0.4240936738278881,seq_eth
130,5.2,5,4.75,4.04,2.575485391144746,3.122306839501845,0.097953559263845,0.25227796089466387,seq_eth
130,5.2,6,6.52,6.15,2.12632311749649,2.129342621561875,0.2106106302356305,0.4478262518605264,seq_eth
140,5.6,2,4.51,7.58,0.8555882479323815,3.2289317118824297,0.09159118152228778,0.07836433852471092,seq_eth
140,5.6,3,5.62,7.1,1.5383127932901055,2.42538656712698,0.16233398360414325,0.2497204437639998,seq_eth
140,5.6,4,5.97,4.7,2.5001249968751544,2.42538656712698,0.16233398360414325,0.40585525025104,seq_eth
140,5.6,5,5.76,4.06,2.5124999999999984,3.0432219767871027,0.10311079110173325,0.25906586264310466,seq_eth
140,5.6,6,5.7,6.21,1.9510013454634019,1.814662503056698,0.2899877493323328,0.565766489115285,seq_eth
150,6.0,2,4.2,7.3,0.7186141175902397,3.8196596707036607,0.06545186764392741,0.04703463611157406,seq_eth
150,6.0,3,5.06,7.04,1.169201116147259,3.0438462510448847,0.10306850065314324,0.12050780600327958,seq_eth
150,6.0,4,6.97,4.67,2.7056076027391667,3.0438462510448847,0.10306850065314324,0.2788629189700711,seq_eth
150,6.0,5,6.76,4.04,2.5786685033171657,3.448187929913334,0.08031368028186474,0.2071023577283295,seq_eth
150,6.0,6,4.96,6.1,2.0250385798794044,2.4667792767088015,0.15693174339381633,0.3177928347802129,seq_eth
150,6.0,7,12.09,5.87,3.3657280044590614,7.126696289305445,0.018801603049261307,0.06328108191162166,seq_eth
160,6.4,2,3.95,7.71,1.150067932776148,5.000649957755491,0.03818725765506457,0.04391794046975024,seq_eth
160,6.4,3,4.69,7.0,0.8882919002219918,3.9959229221795547,0.05980495625783613,0.05312425823696635,seq_eth
160,6.4,4,8.12,4.95,2.708551273282456,3.9959229221795547,0.05980495625783613,0.16198479042076364,seq_eth
160,6.4,5,7.82,4.17,2.621128096831594,4.21969193188318,0.05363025859839895,0.14057177765260767,seq_eth
160,6.4,6,4.08,6.2,2.0662844068520676,4.228959682948041,0.0533954550998581,0.11033019626960651,seq_eth
160,6.4,7,10.75,6.0,3.2720645241192883,6.141954086445128,0.025313852828239402,0.08282855980805885,seq_eth
170,6.8,2,3.47,7.86,1.4582738083089886,6.270901051683083,0.024283511388696326,0.03541200863190889,seq_eth
170,6.8,3,4.35,7.01,1.1625672023586435,5.163099844085915,0.035822041689851,0.041645530790144776,seq_eth
170,6.8,4,9.11,5.01,2.5101045794946453,5.163099844085915,0.035822041689851,0.0899170708925431,seq_eth
170,6.8,5,8.85,4.21,2.641761959374839,5.3,0.03399535986298939,0.08980764848130361,seq_eth
170,6.8,6,3.31,6.2,1.7288905402020118,5.886569459371051,0.027557945455818106,0.047644671205966944,seq_eth
170,6.8,7,9.48,6.07,3.2547081282351593,5.215409859253634,0.03510706268455991,0.11426324227789839,seq_eth
170,6.8,8,-2.48,-0.22,2.7597554239461126,10.034385880560903,0.009483961574228858,0.026173414394974604,seq_eth
180,7.2,2,2.82,8.0,1.833371211729911,5.743561612797411,0.0289473500932559,0.053071238316842524,seq_eth
180,7.2,3,3.76,6.99,1.4577379737113239,4.5331004842160745,0.04647085787879564,0.06774233420086247,seq_eth
180,7.2,4,10.12,5.13,2.4064042158374015,6.626401738500315,0.02174782639062821,0.05233406111170763,seq_eth
180,7.2,5,9.93,4.29,2.4872487310279245,6.734901632540746,0.021052751688232563,0.05236342992120244,seq_eth
180,7.2,6,2.71,6.39,1.4792840329024037,5.465757038142109,0.03196470764536217,0.047284881636177646,seq_eth
180,7.2,7,8.15,5.86,3.2887117538635064,4.5331004842160745,0.04647085787879564,0.15282925651811574,seq_eth
180,7.2,8,-1.67,0.53,2.43506288419827,8.715560796644127,0.012571314997845896,0.030611942556819597,seq_eth
190,7.6,2,2.01,8.0,1.9381047443314314,5.3133228774468435,0.03382509045075242,0.06555656828004305,seq_eth
190,7.6,3,3.19,6.89,1.4357054015361232,3.8200130889828117,0.06543975731035613,0.0939522130456913,seq_eth
190,7.6,4,11.01,5.32,2.302071078398751,7.976045386029345,0.015010534218701077,0.03455531669618654,seq_eth
190,7.6,5,10.82,4.49,2.276682070470094,7.998556119700606,0.014926163326941005,0.03398212842735483,seq_eth
190,7.6,6,2.13,6.29,1.5127065974603275,4.75231522523496,0.04228252379071362,0.06396105269548576,seq_eth
190,7.6,7,6.86,5.83,3.1723660334204857,4.1812199176795275,0.05462171865462645,0.17328008494698707,seq_eth
190,7.6,8,-0.93,0.96,2.2644673766694017,7.629233251120325,0.01640626024051755,0.03715144108780028,seq_eth
200,8.0,2,1.28,7.82,1.9846677933598837,4.847803626385871,0.040633229730880634,0.0806434623870721,seq_eth
200,8.0,3,2.62,7.13,1.7922140636653856,3.340793318958837,0.08556027368324885,0.15334232578617799,seq_eth
200,8.0,4,11.93,5.47,2.3303701422735377,9.456833508104072,0.010677753621494082,0.024883118226082947,seq_eth
200,8.0,5,11.75,4.36,2.3476051627136933,9.540953830723634,0.010490297227406544,0.024627075929460746,seq_eth
200,8.0,6,1.52,6.17,1.5521154918368654,4.131597753896185,0.055941655792957984,0.0868279105952556,seq_eth
200,8.0,7,5.62,5.66,3.2245639240058463,4.847803626385871,0.040633229730880634,0.13102444670603947,seq_eth
200,8.0,8,-0.14,1.5,2.4429106614855955,6.47756126949024,0.022758745687468943,0.0555975824819572,seq_eth
210,8.4,2,0.54,7.4,2.057455953355987,4.249058719293015,0.05289150397692388,0.10882193973927391,seq_eth
210,8.4,3,1.78,7.15,2.0236878464822565,3.0536862969204934,0.1024053253138201,0.2072364122526395,seq_eth
210,8.4,6,0.9,6.12,1.3152946437965896,3.4771396290629455,0.07898181700933561,0.1038843608697015,seq_eth
210,8.4,7,4.31,5.44,3.238826948140327,4.249058719293015,0.05289150397692388,0.17130642840813234,seq_eth
210,8.4,8,0.82,1.83,2.301426188258053,5.405922677952396,0.03267621333668806,0.07520189310616096,seq_eth
220,8.8,2,-0.18,7.06,2.0982879926263744,3.70642685075532,0.06951211700379777,0.1458564404511085,seq_eth
220,8.8,3,1.01,6.96,2.1584499646737285,2.663174797117155,0.13463935968295693,0.2906123211513718,seq_eth
220,8.8,6,0.48,6.01,1.5026019100214179,2.6868010719068876,0.13228187931005722,0.19876700451251467,seq_eth
220,8.8,7,3.06,5.26,3.1219485101455513,3.4580052053170767,0.07985830659079197,0.24931352128386966,seq_eth
220,8.8,8,1.59,2.13,2.4082215948703767,4.864699374062081,0.04035147065751848,0.09717528302221436,seq_eth
230,9.2,2,-0.83,6.43,2.0975059594671026,2.996414524060381,0.10635737133723584,0.22308522021310778,seq_eth
230,9.2,3,0.07,6.91,2.194773621583787,2.553135327396493,0.146495306980344,0.3215240354462782,seq_eth
230,9.2,6,-0.29,5.95,1.6020007022470402,2.30462578307195,0.17979207699647398,0.28802703360680526,seq_eth
230,9.2,7,1.84,5.07,2.9822652883336898,2.6982401672201086,0.13116264797079488,0.39116181216923285,seq_eth
230,9.2,8,2.63,2.49,2.743287261662552,5.107837115648853,0.03660136675168157,0.10040806316932731,seq_eth
240,9.6,2,-1.52,6.05,1.969295559330796,2.49559612117025,0.15332846155288574,0.30194905845512054,seq_eth
240,9.6,3,-0.72,6.66,2.071533248586658,2.2536414976655004,0.1880189920162579,0.38948759332742766,seq_eth
240,9.6,6,-0.75,5.65,1.3729530217745967,1.627912774076056,0.36033721691686055,0.494726070823852,seq_eth
240,9.6,7,0.7,4.91,2.87793328623163,2.49559612117025,0.15332846155288574,0.44126908322973657,seq_eth
240,9.6,8,3.67,2.83,2.3054961505064346,5.82589048987363,0.02813498890873492,0.0648651086236296,seq_eth
270,10.8,8,6.5,3.24,2.478438268345614,6.709113205185913,0.014143271654519916,0.03505322570816995,seq_eth
270,10.8,11,12.51,6.19,2.4577682966463805,6.6949682598202065,0.014203097820465154,0.03490792353730656,seq_eth
270,10.8,12,12.09,6.95,1.7257244855422367,6.709113205185913,0.014143271654519916,0.02440739019988048,seq_eth
280,11.2,8,7.35,3.65,2.393513369505175,5.211612034677946,0.02343883201100042,0.05610115778391537,seq_eth
280,11.2,11,11.54,6.03,1.956918815382999,4.818765402050612,0.02741628183577362,0.05365143777226855,seq_eth
280,11.2,12,11.4,6.93,1.740375318717202,5.211612034677946,0.02343883201100042,0.040792364731503813,seq_eth
290,11.6,8,8.29,3.92,2.431691797905318,4.186322968907201,0.05448863406340387,0.1324995645310435,seq_eth
290,11.6,11,10.96,5.97,1.5665447647609674,2.3041701326073976,0.1798631919218288,0.28176374167833806,seq_eth
290,11.6,12,10.7,6.87,1.6811919134947066,2.5257870060636547,0.14968487970270425,0.25164900932861434,seq_eth
290,11.6,13,11.87,6.09,1.3308831654206137,1.4061649974309558,0.48294626943375923,0.6427450597920781,seq_eth
290,11.6,14,13.2,6.51,2.0550243307562064,2.5257870060636547,0.14968487970270425,0.3076060697353731,seq_eth
300,12.0,8,9.23,4.15,2.298267010162221,2.900379285541806,0.11351723194305563,0.2608929092596578,seq_eth
300,12.0,11,10.29,6.12,1.382931668593931,2.237073981789605,0.19081419893123638,0.263882998519389,seq_eth
300,12.0,12,10.07,6.73,1.6260093019414112,2.484713263135204,0.15467453732731432,0.2515022364676971,seq_eth
300,12.0,13,11.34,6.14,1.931320791582795,1.4763468427168458,0.43812151704504154,0.8461531951088846,seq_eth
300,12.0,14,12.54,7.0,1.80783883407786,2.484713263135204,0.15467453732731432,0.27962663522334436,seq_eth
310,12.4,8,10.08,4.34,2.1286732957407977,2.2596017348196566,0.18702841054318062,0.39812238306811526,seq_eth
310,12.4,11,9.88,6.21,0.9382497002397603,1.8806647760831807,0.26999057325662923,0.2533185744255934,seq_eth
310,12.4,12,9.45,6.51,1.5456086988626827,2.2596017348196566,0.18702841054318062,0.289072738270001,seq_eth
310,12.4,13,10.43,5.53,2.2529494557135505,1.3859292911256331,0.4971520504744753,1.1200584415233448,seq_eth
310,12.4,14,11.94,7.22,1.648341969980742,2.294275484766377,0.18141794907600603,0.2990388195698097,seq_eth
310,12.4,15,12.61,6.38,1.8756665481902666,2.7352879190315584,0.12763367886756835,0.2393982218743569,seq_eth
320,12.8,8,10.89,4.53,1.9347561215822513,2.063031749634504,0.22436729836032315,0.43409600398550663,seq_eth
320,12.8,11,9.54,6.09,1.2921034207833448,2.063031749634504,0.22436729836032315,0.2899057537232909,seq_eth
320,12.8,12,8.9,6.33,1.589024858207073,2.626823176386259,0.1383915913381312,0.21990767880312512,seq_eth
320,12.8,13,9.72,5.35,1.8439088914585822,1.4287407042567237,0.46780466298504514,0.8625891775439102,seq_eth
320,12.8,14,11.29,7.42,1.75231989088751,2.093083849252103,0.217970704987759,0.3819544019808235,seq_eth
320,12.8,15,11.91,6.65,1.782948751366681,1.175457357797381,0.6911266255709431,1.2322433540979807,seq_eth
320,12.8,16,12.1,5.49,2.3561090806666876,1.5445711378890898,0.4002723135982617,0.9430852328083285,seq_eth
320,12.8,17,13.05,6.62,2.526979422156034,1.9332873557751329,0.25549273826823915,0.6456248921141378,seq_eth
330,13.2,8,11.59,4.68,1.8080116841436644,2.156965461012299,0.20525086696429276,0.37109596565205816,seq_eth
330,13.2,11,8.87,5.99,1.9505207637961708,2.321421978012615,0.17719978818915788,0.34563186620323594,seq_eth
330,13.2,12,8.21,6.23,1.7945229171008106,2.717682836535565,0.12929265056613673,0.23201862445363947,seq_eth
330,13.2,13,8.99,5.21,1.8616608848015275,2.2970633426181357,0.18097785625914364,0.336919396012881,seq_eth
330,13.2,14,10.58,7.56,1.7124999999999986,1.8693581786270925,0.2732664640295813,0.4679688196506576,seq_eth
330,13.2,15,11.25,6.81,1.8621643992945414,1.01079176886241,0.9346478012639449,1.7404678613926379,seq_eth
330,13.2,16,11.21,5.8,2.1625361268658625,1.5660459763365822,0.3893698913563191,0.842026456771876,seq_eth
330,13.2,17,12.14,7.06,2.379732127782454,1.5660459763365822,0.3893698913563191,0.9265960400517963,seq_eth
330,13.2,18,12.81,6.25,1.8456028825291748,1.6620770138594658,0.3456758944982344,0.6379804273067923,seq_eth
340,13.6,8,12.28,4.93,1.755348968154193,2.0884922791334417,0.2189301798687176,0.3842988653303653,seq_eth
340,13.6,11,8.04,5.66,2.2296300141503282,2.3784238478454602,0.16880794402435456,0.37637925862370947,seq_eth
340,13.6,12,7.49,6.06,1.8783303756261833,2.784690287985362,0.12314522645578337,0.23130741946526298,seq_eth
340,13.6,13,8.27,5.01,1.8045948298717889,2.302628932329307,0.18010404529363297,0.3250148289758846,seq_eth
340,13.6,14,9.92,7.42,1.8579642757598975,1.635145253486674,0.35715662136790677,0.6635842433526749,seq_eth
340,13.6,15,10.43,6.82,2.067947351844334,0.9602083107326242,1.0357154648062605,2.14180505271033,seq_eth
340,13.6,16,10.41,5.86,2.0501524333570895,1.635145253486674,0.35715662136790677,0.7322255163870107,seq_eth
340,13.6,17,11.25,7.24,2.250694337310153,1.3421251804507657,0.5301336027043645,1.1931686976245435,seq_eth
340,13.6,18,12.08,6.36,2.0471397729515175,1.4439182802361086,0.4580218037082696,0.9376346512501916,seq_eth
340,13.6,20,12.81,6.52,2.127204738618264,1.718138527593163,0.32348565669084395,0.6881202217878043,seq_eth
350,14.0,8,12.93,5.1,1.679657703224082,3.4362770551863244,0.08087141417271106,0.13583629378581932,seq_eth
350,14.0,11,7.17,5.45,2.0830416462471386,2.4283533515532705,0.16193757034227674,0.3373227031150379,seq_eth
350,14.0,12,6.73,5.97,1.9152757634346,2.7461427493850343,0.12662666364570732,0.2425249798852084,seq_eth
350,14.0,13,7.58,4.9,1.837329924101818,2.1923731434224423,0.19867464028947715,0.36503086176402105,seq_eth
350,14.0,14,9.11,7.34,1.9664768623098503,1.588080602488425,0.37863983289110714,0.7445864705292304,seq_eth
350,14.0,15,9.6,6.69,1.9753559805766643,1.082081327812287,0.8155518477678456,1.6110052199585632,seq_eth
350,14.0,16,9.57,5.82,1.9710799704730393,1.7860011198204764,0.2993697594054089,0.5900817365293343,seq_eth
350,14.0,17,10.38,7.44,2.094822486512876,1.2739309243440178,0.5884094266753158,1.2326132982756008,seq_eth
350,14.0,18,11.2,6.55,2.255340883325621,1.6061133210331078,0.37018516768156784,0.8348937430729904,seq_eth
350,14.0,20,12.07,6.94,2.3426080551385455,2.03105883715859,0.2314868754366749,0.5422830190568078,seq_eth
360,14.4,11,6.43,5.23,1.9097202020191315,2.452835094334717,0.1587211054037917,0.30311290147642894,seq_eth
360,14.4,12,5.98,5.8,1.9216285411077747,2.815546128196091,0.12046089570867409,0.23148109528119518,seq_eth
360,14.4,13,6.84,4.67,1.949238633415621,2.2274873737015883,0.19246017666351697,0.3751508117465228,seq_eth
360,14.4,14,8.35,7.32,1.7037183599409824,1.762413118425984,0.30743686891966504,0.5237858381012025,seq_eth
360,14.4,15,8.86,6.64,1.895595223142324,1.1053506231056283,0.7815760832798916,1.4815518899876499,seq_eth
360,14.4,16,8.85,5.63,1.969295559330797,1.8160396471443025,0.28954810750496396,0.5702058023221618,seq_eth
360,14.4,17,9.59,7.47,2.144360335857757,1.2490396310766125,0.612095159638082,1.312552582098425,seq_eth
360,14.4,18,10.31,6.71,2.116637959122909,1.4516886718577104,0.4531316591778355,0.9591156702961513,seq_eth
360,14.4,20,11.12,7.33,2.5360217368942224,2.362985399870257,0.17102094642465968,0.4337128375971592,seq_eth
370,14.8,11,5.67,5.16,1.8951005909977465,2.381008189822118,0.16844169522179006,0.31921395616347664,seq_eth
370,14.8,12,5.21,5.74,1.9271903123459333,2.8034978152301098,0.12149850610099397,0.23415074392233884,seq_eth
370,14.8,13,6.09,4.44,1.929054172386047,2.243211982849592,0.18977139478365906,0.36607930090693724,seq_eth
370,14.8,14,7.75,7.43,1.788199163963572,1.848377667036691,0.27950524178292757,0.4998110396796671,seq_eth
370,14.8,15,8.09,6.55,1.931846590700208,1.2658988901172163,0.5958999429337735,1.1511872731550588,seq_eth
370,14.8,16,8.01,5.6,2.0366179072177513,1.955326059765992,0.24976581972415768,0.5086775410611402,seq_eth
370,14.8,17,8.68,7.67,2.595308266853868,1.2658988901172163,0.5958999429337735,1.5465440481137704,seq_eth
370,14.8,18,9.53,6.83,2.1878214049597444,1.4669696656713795,0.44374054765398346,0.9708250684059445,seq_eth
370,14.8,20,10.12,7.5,2.6690939473911417,2.241294268943727,0.19009628111465798,0.5073848333446986,seq_eth
370,14.8,21,11.33,5.2,2.3929584200315817,3.3440095693642986,0.08539577000924417,0.20434852687870125,seq_eth
380,15.2,11,4.94,4.95,1.850084457531603,2.3398504225697843,0.17441956173653808,0.32269092025824303,seq_eth
380,15.2,12,4.45,5.61,1.8209286779003737,2.7994642344563005,0.1218488782125012,0.22187811670713348,seq_eth
380,15.2,13,5.38,4.17,1.882900023899306,2.218941188945755,0.19394554066075753,0.3651800631453042,seq_eth
380,15.2,14,6.92,7.36,2.183210079218216,1.7532826355154498,0.31064725392042014,0.6782082158405217,seq_eth
380,15.2,15,7.32,6.51,1.9341099374130732,1.2611502686040235,0.6003958871747072,1.1612316517665395,seq_eth
380,15.2,16,7.24,5.38,1.757217260329525,2.005691900566984,0.23737935232956442,0.41712709515935426,seq_eth
380,15.2,17,7.57,7.95,2.4167708310884644,1.4957606760441324,0.42682235665819157,1.0315318216279545,seq_eth
380,15.2,18,8.56,6.74,2.137536549395122,1.5633937443907087,0.39069211134578674,0.8351186675619678,seq_eth
380,15.2,20,8.99,7.48,2.675029205448046,1.931269012851395,0.2560270412760394,0.6848798127978578,seq_eth
380,15.2,21,10.52,4.69,2.3591576886677164,3.351790566249627,0.0849997470783188,0.20052780685462704,seq_eth
390,15.6,11,4.26,4.71,1.8235010967915528,2.4560130292814004,0.158310619786368,0.2886795888141926,seq_eth
390,15.6,12,3.76,5.6,1.796176494668605,2.7632770400377886,0.12506118084149087,0.22463195342298556,seq_eth
390,15.6,13,4.68,3.91,1.8064554381439906,2.4400819658363937,0.1603845580368445,0.2897275570599782,seq_eth
390,15.6,14,6.02,7.19,2.137353796169457,1.8376343488300393,0.28278292473907174,0.6044071576829568,seq_eth
390,15.6,15,6.55,6.4,1.962539808513446,1.3376471881628582,0.5336889613543685,1.0473858320221423,seq_eth
390,15.6,16,6.62,5.39,1.8376700601576972,1.8973665961010284,0.265258238486492,0.4874571230767965,seq_eth
390,15.6,17,6.77,7.97,2.0915380106514894,1.5572411502397439,0.3937854262067512,0.8236171869520174,seq_eth
390,15.6,18,7.82,6.82,2.1095023109728968,1.5572411502397439,0.3937854262067512,0.8306912666105888,seq_eth
390,15.6,20,7.98,7.51,2.431306233282841,1.8102486017119308,0.2914036187218102,0.7084914345995135,seq_eth
390,15.6,21,9.65,4.34,2.3979809215254373,3.582987580218497,0.07438421369326302,0.1783719252991159,seq_eth
400,16.0,11,3.54,4.54,1.8553975315279503,2.3759840066801794,0.16915481171086963,0.31384942009442274,seq_eth
400,16.0,12,3.03,5.39,1.903943276465981,2.7401642286549173,0.1271798173471895,0.24214315814035298,seq_eth
400,16.0,13,4.01,3.71,1.7765838004439902,2.412488341940744,0.16407444177099567,0.2914919953172417,seq_eth
400,16.0,14,5.23,7.1,2.0016399526388393,1.6620770138594656,0.3456758944982344,0.6919186810918343,seq_eth
400,16.0,15,5.77,6.26,1.980924657830281,1.2812884140582874,0.5816712301585987,1.1522468825716408,seq_eth
400,16.0,16,5.77,5.36,2.0485513173948116,1.8983413813115915,0.264985891875398,0.5428371978923857,seq_eth
400,16.0,17,5.91,8.16,2.308679276123044,1.5901257811883935,0.3776664657114386,0.8719107426746325,seq_eth
400,16.0,18,6.88,6.9,2.518587153544627,1.5901257811883935,0.3776664657114386,0.9511859088654315,seq_eth
400,16.0,20,7.05,7.62,2.6119915773218016,1.8676188047886007,0.2737757048599116,0.7150998351694285,seq_eth
400,16.0,21,8.73,4.0,2.4245167044176106,3.7241374840357335,0.06885254077750497,0.16693413525665549,seq_eth
410,16.4,11,2.82,4.35,1.779615478130036,2.3379050451205243,0.17470995253235974,0.31091653570995126,seq_eth
410,16.4,12,2.28,5.24,1.8710374795818476,2.7100737997331366,0.13001969617419454,0.24327172462576255,seq_eth
410,16.4,13,3.3,3.57,1.8116377259264604,2.3619060099843097,0.17117729511909294,0.31011124565979614,seq_eth
410,16.4,14,4.43,7.0,1.967310982025972,1.3805795884337853,0.5010124126712341,0.9856472215794471,seq_eth
410,16.4,15,5.0,6.07,2.036617907217745,1.2034118164618457,0.6593907323238314,1.3429269733041378,seq_eth
410,16.4,16,4.99,5.22,2.023687846482255,1.9235384061671346,0.25808909690577625,0.5222917687178004,seq_eth
410,16.4,17,4.93,8.13,3.0162321280034057,1.4640013661195819,0.44554176202648765,1.3438573769915398,seq_eth
410,16.4,18,5.81,6.96,2.5126243750310135,1.3805795884337853,0.5010124126712341,1.2588560002708398,seq_eth
410,16.4,20,5.9,7.71,2.7260319147067946,1.6324827717314514,0.3583225735652425,0.9767987712987243,seq_eth
410,16.4,21,7.79,3.79,2.4220342689565726,3.73755267521409,0.06835916320441053,0.1655682358782775,seq_eth
420,16.8,11,2.16,4.19,1.8495354146379563,2.23606797749979,0.19098593171027436,0.3532352443957787,seq_eth
420,16.8,12,1.57,5.06,1.87057811919203,2.593260495977988,0.14199697524927465,0.26561643489274545,seq_eth
420,16.8,13,2.59,3.42,1.7993922585139661,2.3659670327373545,0.17059017087987632,0.30695863285982405,seq_eth
420,16.8,14,3.66,6.99,1.9578368164890532,1.2120231020900551,0.6500542263794227,1.2727000971199431,seq_eth
420,16.8,15,4.16,6.01,2.0347373909180484,1.1542096863222038,0.716806529463573,1.4585130475537318,seq_eth
420,16.8,16,4.16,5.19,1.994053660260925,1.8700267377767619,0.27307110624860526,0.5445184389265312,seq_eth
420,16.8,17,3.5,8.04,3.1257499100215855,1.7695479648769057,0.30496268596154075,0.953237088204227,seq_eth
420,16.8,18,4.87,6.92,2.194488835697276,1.2120231020900551,0.6500542263794227,1.4265367423874729,seq_eth
420,16.8,20,4.87,7.68,2.487499999999997,1.4165097952361643,0.4759180954654234,1.1838462624702393,seq_eth
420,16.8,21,6.83,3.62,2.473515969222756,3.838176650442238,0.06482185631916235,0.1603378967601111,seq_eth
430,17.2,11,1.39,3.97,1.9053378965422378,2.267443494334534,0.18573700397786005,0.35389175246923316,seq_eth
430,17.2,12,0.83,4.87,1.8858022165646093,2.5832731175777757,0.14309706720084095,0.26985276651124074,seq_eth
430,17.2,13,1.89,3.28,1.7706372440452036,2.295386677664572,0.18124234333270794,0.32091444330292057,seq_eth
430,17.2,14,2.87,6.86,2.0965745872732473,1.190672079121703,0.673576679517086,1.4122037488554189,seq_eth
430,17.2,15,3.39,5.83,2.237814223746015,1.1954078801814885,0.6682502859001904,1.495419994809787,seq_eth
430,17.2,16,3.41,5.0,2.0374616560809162,1.936801486988277,0.2545664476837737,0.5186693760804174,seq_eth
430,17.2,17,2.44,7.9,2.576486221581631,1.946997688750554,0.2519071590564979,0.6490353244268392,seq_eth
430,17.2,18,4.06,6.82,2.3315767197328046,1.1954078801814885,0.6682502859001904,1.5580768095596749,seq_eth
430,17.2,20,3.91,7.71,2.4046829312822076,1.4822280526288798,0.434651642490383,1.0451993857504003,seq_eth
430,17.2,21,5.85,3.4,2.4465536985727487,3.8601165785504463,0.06408708825551973,0.15679250280229998,seq_eth
440,17.6,11,0.71,3.72,1.8616189191131454,2.238972978845435,0.1904906560046623,0.35462100913255346,seq_eth
440,17.6,12,0.11,4.68,1.9824621686176003,2.452305038122297,0.15878972672043834,0.3147946259883963,seq_eth
440,17.6,13,1.22,3.06,1.820027472320128,2.3547611343828483,0.1722176519957749,0.31344085785077763,seq_eth
440,17.6,14,2.0,6.75,2.124999999999998,1.022154587134451,0.9139832107114969,1.9422143227619288,seq_eth
440,17.6,15,2.37,5.98,2.3249999999999957,1.0244998779892553,0.909803409443,2.115292926954971,seq_eth
440,17.6,16,2.54,5.01,2.1977971926453974,1.831338308450954,0.2847306513660241,0.6257802262323432,seq_eth
440,17.6,17,1.48,7.63,2.4988122178347036,1.7502571239677898,0.31172215791322466,0.7789351367633647,seq_eth
440,17.6,18,3.01,6.78,2.348303909207659,1.0244998779892553,0.909803409443,2.1364949030054534,seq_eth
440,17.6,20,2.95,7.8,2.4775554988738384,1.4797972834141846,0.4360807647051657,1.0804142965483918,seq_eth
440,17.6,21,4.91,3.24,2.443422292605187,3.736201279374547,0.06840862359958823,0.16715115590967117,seq_eth
440,17.6,22,11.86,5.17,2.3465400060514714,9.290048439055633,0.011064592532893481,0.025963509029092936,seq_eth
450,18.0,11,0.01,3.41,1.8562394780846634,2.176901467682908,0.2015087169071667,0.3740484355012693,seq_eth
450,18.0,12,-0.65,4.3,2.2137708214718237,2.3700210969525144,0.17000706045066266,0.3763566698698735,seq_eth
450,18.0,13,0.53,2.76,1.773150444829773,2.3583468786419015,0.17169435408525516,0.30443992032103073,seq_eth
450,18.0,14,1.19,6.6,2.1166379591229183,1.0007996802557444,0.9534042118124719,2.018011545109945,seq_eth
450,18.0,15,1.53,5.83,2.13929018601966,1.0448444860360795,0.8747180164435037,1.871275668112171,seq_eth
450,18.0,16,1.66,4.83,2.1231609689328867,1.8860010604450885,0.2684649026008919,0.5699942027305827,seq_eth
450,18.0,17,0.53,7.31,2.4434862389626923,1.7861690849412881,0.2993134586733239,0.7313683174045954,seq_eth
450,18.0,18,2.19,6.64,2.188392675001457,1.1887808881370867,0.6757215245905545,1.4787440347547862,seq_eth
450,18.0,20,1.93,7.8,2.5044959572736474,1.4832734070291964,0.4340392066503213,1.0870494383539908,seq_eth
450,18.0,21,3.92,3.09,2.389168265317461,3.6358905374062074,0.07223535016311808,0.1725824062438162,seq_eth
450,18.0,22,10.95,4.94,2.4933975314819024,9.290651215065605,0.0110631568413736,0.027584847958678056,seq_eth
460,18.4,11,-0.63,3.08,1.8001736027394755,2.2995651762887697,0.180584277335736,0.3250830491295765,seq_eth
460,18.4,12,-1.48,3.9,2.3033942346025,2.5124689052802225,0.15127598551308863,0.34844823286465965,seq_eth
460,18.4,13,-0.07,2.47,1.6660207081546194,2.5423021063595095,0.14774645437336534,0.2461486525424483,seq_eth
460,18.4,14,0.33,6.47,2.174425211406461,0.9656603957913984,1.0240532531382003,2.2267272114465055,seq_eth
460,18.4,15,0.68,5.71,2.1460719932006085,1.1733712115098107,0.6935863295695609,1.4884861967560417,seq_eth
460,18.4,16,0.85,4.84,2.0251543151078706,1.9339596686590963,0.2553151324932815,0.5170525422811068,seq_eth
460,18.4,17,-0.36,6.97,2.3818322778902887,1.6337686494727457,0.35775875114317857,0.852121341170542,seq_eth
460,18.4,18,1.26,6.73,2.335861725359624,1.1733712115098107,0.6935863295695609,1.6201217604742033,seq_eth
460,18.4,20,0.95,7.68,2.468299009439505,1.4900335566691107,0.430109746217175,1.06163946053813,seq_eth
460,18.4,21,3.05,2.8,2.2926513036220832,3.690636801420589,0.07010819177664838,0.16073363727131992,seq_eth
460,18.4,22,9.91,4.75,2.665432657187193,9.060447008840127,0.011632475129049245,0.031005579092885666,seq_eth
500,20.0,22,5.63,3.98,2.7554491466909803,5.524056480522263,0.020862382431299197,0.05748523386826427,seq_eth
500,20.0,23,9.46,5.4,2.655301301170935,4.084764375089462,0.038154529577986686,0.10131177203399297,seq_eth
500,20.0,24,11.07,4.94,2.5358677015964473,5.524056480522263,0.020862382431299197,0.05290424178588479,seq_eth
510,20.4,22,4.67,3.78,2.508267579426084,5.49,0.021122019249026423,0.05297967609434666,seq_eth
510,20.4,23,8.41,5.24,2.651797739270474,4.014872351644571,0.03949450173504771,0.10473143041461333,seq_eth
510,20.4,24,10.07,4.77,2.6034832436564646,5.49,0.021122019249026423,0.054990823187029594,seq_eth
520,20.8,22,3.67,3.55,2.531612628345811,6.501576731839746,0.02259092413270182,0.05719146882035006,seq_eth
520,20.8,23,7.35,5.18,2.5500306370708548,4.024835400361113,0.05894882239055837,0.15032130311517222,seq_eth
520,20.8,24,9.03,4.52,2.625476147292143,5.447063429041376,0.0321844815069302,0.08449958850941032,seq_eth
520,20.8,25,9.26,6.87,3.8440294613855333,6.501576731839746,0.02259092413270182,0.08684017792603123,seq_eth
530,21.2,22,2.7,3.31,2.488630396422898,6.448015198493254,0.022967793619807445,0.057158349341020716,seq_eth
530,21.2,23,6.37,5.23,2.3749999999999973,4.141895701245988,0.05566382742076048,0.132201590124306,seq_eth
530,21.2,24,8.03,4.27,2.7726904803818218,5.415764027355697,0.03255756494268329,0.09027205038099088,seq_eth
530,21.2,25,7.85,7.19,3.583468989680247,6.448015198493254,0.022967793619807445,0.0823043761979558,seq_eth
540,21.6,22,1.81,2.84,2.5588388479933606,6.646939145200594,0.021613643141550863,0.05530582971726561,seq_eth
540,21.6,23,5.45,5.18,2.2378142237460166,4.327262414044242,0.05099703386620021,0.11412188775464015,seq_eth
540,21.6,24,6.82,4.33,2.8647098456911784,5.226872870082072,0.034953245530829645,0.10013090661102886,seq_eth
540,21.6,25,6.48,7.57,3.4874103931140614,6.646939145200594,0.021613643141550863,0.07537564372490294,seq_eth
550,22.0,22,0.82,2.5,2.446841075754623,6.9512948434086725,0.0197624126106181,0.04835548293167152,seq_eth
550,22.0,23,4.58,5.26,2.3789769334737247,4.664246991744756,0.043894317613783,0.10442356911375918,seq_eth
550,22.0,24,5.74,4.36,2.700028935030151,5.259847906546348,0.03451636154671337,0.09319517490808817,seq_eth
550,22.0,25,5.16,7.93,3.310966626228674,6.9512948434086725,0.0197624126106181,0.06543268860751722,seq_eth
560,22.4,22,-0.05,2.23,2.3014261882580525,7.211192689146505,0.018363572805898544,0.042262407365478316,seq_eth
560,22.4,23,3.55,5.29,2.495527248899517,4.724785709426407,0.042776687386952464,0.10675038899179615,seq_eth
560,22.4,24,4.66,4.32,2.7626131198559065,5.152882688359982,0.03596423869025437,0.09935527765132612,seq_eth
560,22.4,25,3.92,8.25,3.249711525658851,7.211192689146505,0.018363572805898544,0.059676314199603946,seq_eth
570,22.8,22,-0.91,1.87,2.6050731755557273,7.724875403525937,0.016002521354489027,0.04168773912183707,seq_eth
570,22.8,23,2.59,5.42,2.54269787823878,4.985228179331413,0.03842388727698912,0.0977003366528863,seq_eth
570,22.8,24,3.53,4.38,2.7629524516357464,5.100362732198564,0.0367087211181559,0.10142445100982175,seq_eth
570,22.8,25,2.68,8.71,3.3642653358497134,7.724875403525937,0.016002521354489027,0.053836727879102236,seq_eth
580,23.2,22,-2.02,1.55,2.8880140235116687,8.316736138654395,0.013805925832159213,0.039871707410837814,seq_eth
580,23.2,23,1.52,5.42,2.639395053795469,5.2448546214361365,0.03471398507920723,0.09162392051558926,seq_eth
580,23.2,24,2.45,4.36,2.7257166488833695,5.279867422577958,0.034255108460428736,0.09336971943989618,seq_eth
580,23.2,25,1.38,9.14,3.1564665767278446,8.316736138654395,0.013805925832159213,0.04357794344999411,seq_eth
590,23.6,23,0.48,5.34,2.6076809620810457,4.391377915871055,0.03301250621584411,0.08608608396963888,seq_eth
590,23.6,24,1.35,4.33,2.751022537166848,5.4882055355097625,0.021135833932071996,0.05814515548894586,seq_eth
590,23.6,25,0.37,9.73,2.9242520411209267,5.4882055355097625,0.021135833932071996,0.061806505516654474,seq_eth
670,26.8,28,10.02,4.29,2.889312201891662,7.106651813617999,0.012605208889655009,0.03642038385227347,seq_eth
670,26.8,29,9.75,5.33,2.375131575302731,7.147992725234127,0.01245982433030194,0.02959372218962534,seq_eth
670,26.8,30,3.08,2.76,2.0917994645759017,7.147992725234127,0.01245982433030194,0.02606345386283539,seq_eth
680,27.2,28,8.88,4.1,2.6232732415819755,5.1363119064169,0.02413111256543669,0.06330250188251264,seq_eth
680,27.2,29,8.8,5.32,2.400032551862577,5.430073664325375,0.021590797314209303,0.05181861637476942,seq_eth
680,27.2,30,3.84,3.11,1.7135945407242656,5.430073664325375,0.021590797314209303,0.0369978724075132,seq_eth
690,27.6,28,7.93,4.1,2.3374999999999986,3.660846896552763,0.047502557295854404,0.1110372276790596,seq_eth
690,27.6,29,7.83,5.34,2.4928021381569785,4.080318615010352,0.038237718323477776,0.09531906599500968,seq_eth
690,27.6,30,4.4,3.13,1.6604310434342056,4.080318615010352,0.038237718323477776,0.06349109453439544,seq_eth
700,28.0,28,7.01,4.1,2.587620770128429,2.0130822139197386,0.15709309620421516,0.4064973585818106,seq_eth
700,28.0,29,6.81,5.19,2.478816501881502,2.493030284613486,0.10242949098461536,0.2539039125319871,seq_eth
700,28.0,30,5.15,3.33,1.929418630054148,2.493030284613486,0.10242949098461536,0.1976293681726803,seq_eth
710,28.4,28,5.86,4.08,2.6760511953249324,5.5439787156878575,0.031069071423503365,0.08314242572050187,seq_eth
710,28.4,29,5.85,5.23,2.3378007827871015,5.360792851808396,0.03322869843696598,0.0776820772169356,seq_eth
710,28.4,30,5.91,3.45,2.0527801270472175,5.69899113878939,0.02940190152104846,0.06035563913980763,seq_eth
710,28.4,31,11.2,5.57,3.055016366568252,5.69899113878939,0.02940190152104846,0.08982329035503102,seq_eth
720,28.8,28,4.87,4.04,2.3894625441718045,5.314480219174778,0.033810359781167906,0.08078858830207351,seq_eth
720,28.8,29,4.94,5.16,2.3246639542092935,5.051455235870155,0.03742297973725063,0.08699585205429132,seq_eth
720,28.8,30,6.78,3.53,2.1849628143288817,3.7577785991194324,0.0676252688250304,0.1477586976916856,seq_eth
720,28.8,31,9.98,5.5,3.125749910021591,5.314480219174778,0.033810359781167906,0.1056827290437832,seq_eth
730,29.2,28,3.96,3.87,2.403285511544558,4.9466150042225845,0.039026100721376925,0.09379086243576379,seq_eth
730,29.2,29,4.0,5.04,2.3660357140161663,4.732071428032337,0.04264506681037722,0.10089975109995798,seq_eth
730,29.2,30,7.64,3.7,2.0988091861815326,3.8788142518042803,0.06347071880409513,0.1332129276795798,seq_eth
730,29.2,31,8.73,5.18,2.9908715285013505,4.9466150042225845,0.039026100721376925,0.11672205351599226,seq_eth
740,29.6,28,2.96,3.82,2.4179666044013066,5.46044869951179,0.03202688640690128,0.07743994177484145,seq_eth
740,29.6,29,3.06,4.94,2.310979229677321,5.461876966757855,0.03201013869460656,0.07397476566232607,seq_eth
740,29.6,30,8.42,3.89,1.9687003962004974,5.461876966757855,0.03201013869460656,0.06301837273050481,seq_eth
740,29.6,31,7.63,5.05,2.8533149580794586,4.8292649544211175,0.040945795716941756,0.11683125138961574,seq_eth
750,30.0,28,2.03,3.74,2.301120650900347,7.155878702158107,0.018648565976873532,0.04291260027906129,seq_eth
750,30.0,29,2.16,4.86,2.3895933231409985,7.068896660724358,0.01911032691175126,0.045665909591362554,seq_eth
750,30.0,30,9.18,4.03,1.905132869382088,7.068896660724358,0.01911032691175126,0.03640771194421442,seq_eth
750,30.0,31,6.46,4.94,2.7892931452251566,4.589651402884537,0.045332741126298814,0.12644630407785182,seq_eth
750,30.0,33,13.1,6.2,2.534758371127325,11.021760294980107,0.007860849088167953,0.01992535303040232,seq_eth
760,30.4,28,1.13,3.62,2.2932645944155663,8.806571410032396,0.012312823668039518,0.028236562575197032,seq_eth
760,30.4,29,1.15,4.86,2.4502869729890815,8.797891792924029,0.012337130243845803,0.03022950952056498,seq_eth
760,30.4,30,9.92,4.16,1.8974489452947052,4.5920039198589535,0.04528630443892407,0.08592845059393141,seq_eth
760,30.4,31,5.4,4.97,2.642087243071279,4.5920039198589535,0.04528630443892407,0.11965036724392353,seq_eth
760,30.4,33,12.12,6.46,2.2899918122124356,6.88320419572164,0.020155337517046176,0.046155557886413866,seq_eth
760,30.4,34,12.56,5.64,2.614024674711381,7.191279441100868,0.01846541412082437,0.04826904814059887,seq_eth
770,30.8,28,0.2,3.61,2.3165842311472273,10.49404593090768,0.00867132493576728,0.020087854609352227,seq_eth
770,30.8,29,0.2,4.89,2.450797064222167,10.485504279718741,0.008685458276272234,0.021286295644912114,seq_eth
770,30.8,30,10.67,4.32,1.9919368714896566,6.368335732355824,0.02354612689588325,0.04690239834468414,seq_eth
770,30.8,31,4.36,5.18,2.6435357478195733,6.368335732355824,0.02354612689588325,0.0622450281719633,seq_eth
770,30.8,33,11.31,6.59,2.0347373909180493,7.091586564373307,0.018988233557590724,0.0386360688071147,seq_eth
770,30.8,34,11.53,5.82,2.523700160478653,7.1985067896057435,0.018428353938291772,0.04650763979142436,seq_eth
780,31.2,28,-0.72,3.51,2.4895092387858258,11.506315657064167,0.007212715697244329,0.017956122365025307,seq_eth
780,31.2,29,-0.81,4.91,2.3805527194330303,11.397192636785606,0.007351493953250075,0.017500618922304943,seq_eth
780,31.2,30,11.47,4.53,2.0396844118637545,8.19908531483848,0.014204978185963134,0.028973672576773676,seq_eth
780,31.2,31,3.3,5.22,2.631687908928411,7.2756168123396945,0.018039801161270165,0.047475126595587405,seq_eth
780,31.2,33,10.51,6.7,2.0761292108151634,7.360332872907311,0.017626921495378308,0.03659576661330061,seq_eth
780,31.2,34,10.55,5.83,2.2755493842147207,7.2756168123396945,0.018039801161270165,0.04105045842388433,seq_eth
790,31.6,28,-1.79,3.53,2.6754672489118465,11.733665241517674,0.006935918710502278,0.01855682335106373,seq_eth
790,31.6,29,-1.7,5.02,2.241929972144524,11.440878462775487,0.007295459281473227,0.01635590882369478,seq_eth
790,31.6,30,12.22,4.83,2.019436802675428,9.972542303745822,0.009601953699602338,0.019390538678562445,seq_eth
790,31.6,31,2.26,5.33,2.614502820805502,7.468828556072232,0.017118527349558682,0.04475643804345731,seq_eth
790,31.6,33,9.66,6.78,2.1478550346799463,7.540722777028738,0.01679366293341608,0.03607035348225573,seq_eth
790,31.6,34,9.71,5.86,2.1382308692000485,7.468828556072232,0.017118527349558682,0.03660336361407166,seq_eth
800,32.0,33,8.81,6.95,2.1721245360245898,0.9308598175880196,0.3673512823817545,0.7979327338015066,seq_eth
800,32.0,34,8.85,6.02,2.22840329608445,0.9308598175880196,0.3673512823817545,0.8186068084803513,seq_eth
810,32.4,33,7.96,7.14,2.149709282670575,0.9399999999999995,0.36024206222701566,0.7744157051778064,seq_eth
810,32.4,34,7.96,6.2,2.1520702242259744,0.9399999999999995,0.36024206222701566,0.775266215632521,seq_eth
820,32.8,33,7.11,7.21,2.0948224865128675,0.9904544411531508,0.32447490946359897,0.6797173366535739,seq_eth
820,32.8,34,7.14,6.22,2.1263231174964803,0.9904544411531508,0.32447490946359897,0.689938501040028,seq_eth
830,33.2,33,6.29,7.28,2.206311967968256,1.0204410811016975,0.30568509188878357,0.6744366766636993,seq_eth
830,33.2,34,6.26,6.26,2.4342927617687953,1.0204410811016975,0.30568509188878357,0.7441270065654949,seq_eth
840,33.6,33,5.36,7.44,2.331375666854237,1.0621205204683701,0.28216460081889044,0.6578316843968003,seq_eth
840,33.6,34,5.2,6.39,2.451530134426261,1.0621205204683701,0.28216460081889044,0.6917350217758669,seq_eth
850,34.0,33,4.48,7.73,2.34820410100997,1.0791200118615172,0.27334468543047696,0.6418691113171262,seq_eth
850,34.0,34,4.34,6.66,2.265398695594229,1.0791200118615172,0.27334468543047696,0.6192346938218174,seq_eth
860,34.4,33,3.57,8.01,2.158486159325566,1.0846197490365,0.27057963803450413,0.5840424036927987,seq_eth
860,34.4,34,3.47,6.93,2.1425743861065905,1.0846197490365,0.27057963803450413,0.5797370018547211,seq_eth
870,34.8,33,2.85,8.3,2.0600743311832095,1.087795936745492,0.26900184753130235,0.5541638011400953,seq_eth
870,34.8,34,2.72,7.22,2.419969008065992,1.087795936745492,0.26900184753130235,0.650976134138245,seq_eth
880,35.2,33,2.02,8.57,2.532599948669344,1.047520882846734,0.2900846497619525,0.7346683690968854,seq_eth
880,35.2,34,1.65,7.59,2.7507101355831574,1.047520882846734,0.2900846497619525,0.797938786277293,seq_eth
890,35.6,33,0.96,9.03,2.5382388087018217,1.050809211988551,0.2882719490887437,0.7317030486371651,seq_eth
890,35.6,34,0.67,8.02,2.332414253515023,1.050809211988551,0.2882719490887437,0.672369602943143,seq_eth
900,36.0,33,0.19,9.45,2.1927437150747995,0.9865596788841503,0.3270419050485887,0.7171190818613822,seq_eth
900,36.0,34,0.01,8.48,2.011218536111885,0.9865596788841503,0.3270419050485887,0.6577527415190647,seq_eth
1020,40.8,35,7.45,3.94,2.311824225584624,5.163496877117289,0.011938844341650783,0.02760050957451219,seq_eth
1020,40.8,36,12.14,6.1,3.012577799825218,5.163496877117289,0.011938844341650783,0.03596669741922607,seq_eth
1030,41.2,35,8.38,4.13,2.344208288527267,4.879221249338873,0.026741089620090964,0.06268668393166771,seq_eth
1030,41.2,36,10.99,6.46,2.9502383378296604,3.4987140494758924,0.052007170359250184,0.15343354783589824,seq_eth
1030,41.2,37,13.06,5.51,2.9801426140371343,4.879221249338873,0.026741089620090964,0.07969226072261916,seq_eth
1040,41.6,35,9.28,4.35,2.2455511572885687,2.8100177935379698,0.08062356226635362,0.18104433355193733,seq_eth
1040,41.6,36,9.86,6.71,2.822925122988575,2.4302263269086692,0.10779203731249257,0.30428885018755714,seq_eth
1040,41.6,37,11.87,5.44,3.000416637735512,2.8100177935379698,0.08062356226635362,0.2419042776174724,seq_eth
1050,42.0,35,10.14,4.49,2.233306125456166,2.8236324123369885,0.07984795649858661,0.17832493035345098,seq_eth
1050,42.0,36,8.79,6.97,2.7406944831556928,2.8236324123369885,0.07984795649858661,0.21883885386693208,seq_eth
1050,42.0,37,10.66,5.55,3.009412318044847,2.34804173727811,0.11546982249606966,0.347496306182124,seq_eth
1060,42.4,35,11.03,4.71,2.2262636860893266,4.152156066431028,0.036926044196630106,0.08220711126588713,seq_eth
1060,42.4,36,7.73,7.23,2.733501646240595,4.152156066431028,0.036926044196630106,0.10093740260064138,seq_eth
1060,42.4,37,9.48,5.73,2.969243380054936,2.3048861143232218,0.11983431009272119,0.3558172319462628,seq_eth
1070,42.8,35,11.88,4.87,2.1623193566168823,5.818539335606489,0.018804083613473226,0.04066043398085549,seq_eth
1070,42.8,36,6.65,7.42,2.782450583568362,5.818539335606489,0.018804083613473226,0.05232143342377685,seq_eth
1070,42.8,37,8.3,5.82,2.900565677587722,3.703903346471125,0.04640457852798558,0.13459952776119916,seq_eth
1080,43.2,36,5.55,7.68,2.8194913105026442,2.3700843866833092,0.0566659936595501,0.15976927672409943,seq_eth
1080,43.2,37,7.17,5.95,2.840251969456217,2.3700843866833092,0.0566659936595501,0.16094570009273068,seq_eth
1090,43.6,36,4.46,7.96,2.780343953542449,2.574198904513791,0.048035899220371325,0.13355632195033385,seq_eth
1090,43.6,37,6.03,5.92,2.763206923123937,2.574198904513791,0.048035899220371325,0.13273312928421377,seq_eth
1100,44.0,36,3.4,8.25,2.036579546690978,2.820655952079232,0.040008281216147454,0.08148004722306675,seq_eth
1100,44.0,37,4.96,5.9,2.7501136340158845,2.820655952079232,0.040008281216147454,0.11002731964606872,seq_eth
1110,44.4,36,2.9,8.43,2.342341243286306,2.695514793133215,0.04380933774447284,0.10261641863993821,seq_eth
1110,44.4,37,3.83,5.9,2.7625282803982394,2.695514793133215,0.04380933774447284,0.12102453446462424,seq_eth
1120,44.8,36,1.65,8.92,3.222503878973601,3.2234918954450626,0.030633524159003608,0.09871665042902064,seq_eth
1120,44.8,37,2.75,5.89,2.6904054062538476,3.2234918954450626,0.030633524159003608,0.08241659900999115,seq_eth
1130,45.2,36,0.55,9.49,2.752413713452229,3.6683783883345513,0.023653851986608507,0.06510518658391051,seq_eth
1130,45.2,37,1.68,6.0,2.7801191521227873,3.6683783883345513,0.023653851986608507,0.06576052692944795,seq_eth
1140,45.6,36,-0.28,9.98,2.5358985094045163,3.926576116669586,0.020645342209352092,0.05235449253484211,seq_eth
1140,45.6,37,0.54,6.14,2.79983258428072,3.926576116669586,0.020645342209352092,0.0578035018313701,seq_eth
1150,46.0,36,-1.31,10.3,2.6964096498863173,13.622250181229239,0.003430697442294461,0.009250565689243092,seq_eth
1150,46.0,37,-0.55,6.21,2.7306134841826397,11.614861170070007,0.004719022811367861,0.01288582732088655,seq_eth
1150,46.0,38,10.9,4.26,3.482097069296042,13.622250181229239,0.003430697442294461,0.011946021509454969,seq_eth
1190,47.6,38,5.58,3.13,3.1277238129349074,5.973826244543778,0.008919591280306628,0.0278980180490616,seq_eth
1190,47.6,39,11.13,5.34,3.30605505096332,5.973826244543778,0.008919591280306628,0.029488659804786113,seq_eth
1200,48.0,38,4.39,3.0,3.3210032369752476,7.638566619464675,0.01091079463916455,0.03623478431463765,seq_eth
1200,48.0,39,9.81,5.26,3.3289684963964574,13.501529542981418,0.003492321204399669,0.011625827268743831,seq_eth
1200,48.0,40,-2.42,-0.46,2.302172886644276,13.501529542981418,0.003492321204399669,0.0080399271882218,seq_eth
1210,48.4,38,2.93,2.94,3.4794036845413734,5.9870276431631755,0.01776059848421881,0.061796291805650855,seq_eth
1210,48.4,39,8.47,5.21,3.3039985245154204,11.473665499743316,0.004835882656899853,0.015977749163126824,seq_eth
1210,48.4,40,-1.9,0.3,2.492551403682589,11.473665499743316,0.004835882656899853,0.012053686104500015,seq_eth
1220,48.8,38,1.61,2.86,3.224903099319404,6.005539109855167,0.017651276735130422,0.05692365705006659,seq_eth
1220,48.8,39,7.17,5.13,3.3695557941663274,9.186119964381044,0.007544246977744587,0.02542076111648108,seq_eth
1220,48.8,40,-1.01,0.95,2.6111539594592923,9.186119964381044,0.007544246977744587,0.019699190367076576,seq_eth
1230,49.2,38,0.37,2.62,3.233540049233951,5.887817931967666,0.01836417315808914,0.059381289377748364,seq_eth
1230,49.2,39,5.79,4.92,3.3336588382736267,6.8822743333871825,0.013440522833349481,0.04480611773441399,seq_eth
1230,49.2,40,-0.1,1.36,2.5904874058755696,6.8822743333871825,0.013440522833349481,0.03481750512817486,seq_eth
1240,49.6,38,-0.8,1.92,3.317613976941874,6.0638684022659985,0.017313329227711928,0.05743894303325336,seq_eth
1240,49.6,39,4.52,4.83,3.1891417340720487,6.0638684022659985,0.017313329227711928,0.0552146607958255,seq_eth
1240,49.6,40,0.91,1.73,2.6136660077370344,4.758371570190794,0.02811663990387735,0.0734875059685469,seq_eth
1250,50.0,38,-1.74,1.01,3.2707988320898114,6.194271547163557,0.016592034516604067,0.05426920711890242,seq_eth
1250,50.0,39,3.25,4.68,3.181808644466237,6.194271547163557,0.016592034516604067,0.052792678854213,seq_eth
1250,50.0,40,1.84,2.14,2.5952179580913906,3.7541044204976504,0.045171803081434536,0.11723067455630692,seq_eth
1260,50.4,39,1.99,4.55,3.1660553137935024,2.19692967570653,0.06595045813400821,0.2088027984222926,seq_eth
1260,50.4,40,2.83,2.52,2.7715068103831264,2.19692967570653,0.06595045813400821,0.18278214386629102,seq_eth
1270,50.8,39,0.72,4.56,3.175615097898341,3.5598314566844307,0.0251183584943492,0.07976623846907836,seq_eth
1270,50.8,40,3.9,2.96,2.7041634565979806,3.5598314566844307,0.0251183584943492,0.06792414713014658,seq_eth
1280,51.2,39,-0.55,4.5,3.1785413321207123,5.564530528265615,0.010279998907886277,0.03267540142287231,seq_eth
1280,51.2,40,4.87,3.24,2.517190894628362,5.564530528265615,0.010279998907886277,0.02587671964772084,seq_eth
1330,53.2,40,9.86,3.79,2.5599072248813903,3.454070062983668,0.026680123898529053,0.06829864192857517,seq_eth
1330,53.2,41,12.61,5.88,2.445020449812238,3.454070062983668,0.026680123898529053,0.06523344853542774,seq_eth
1340,53.6,40,10.88,3.93,2.5670082294375387,2.3563743335896357,0.11465461906665131,0.29431935068712006,seq_eth
1340,53.6,41,11.67,6.15,2.125918918961876,2.3563743335896357,0.11465461906665131,0.24374642382016104,seq_eth
1340,53.6,42,12.54,5.16,2.0743975028909034,2.0660348496576706,0.14914367397624045,0.3093832648682882,seq_eth
1350,54.0,40,11.88,4.16,2.469058525025285,2.0183656754909403,0.2344075945189681,0.5787660695777285,seq_eth
1350,54.0,41,10.91,5.93,2.200887605035758,2.0183656754909403,0.2344075945189681,0.5159047693030447,seq_eth
1350,54.0,42,11.73,5.34,2.0031615636288613,1.39086304142428,0.4936312528050519,0.9888231522250415,seq_eth
1350,54.0,43,13.18,5.2,2.2588713996153125,1.66481230173254,0.34454093612042597,0.7782736665991166,seq_eth
1350,54.0,44,12.92,6.06,2.741464024932673,2.014199592890436,0.23537827423006474,0.6452810710524597,seq_eth
1360,54.4,40,12.78,4.47,2.3797321277824577,2.034944716693798,0.23060363645287893,0.5487748824503819,seq_eth
1360,54.4,41,9.91,6.1,2.375526257484864,2.5078476827750116,0.1518340130938853,0.3606856848838252,seq_eth
1360,54.4,42,10.95,5.36,1.9341099374130806,1.3324038426843416,0.5378976277538288,1.0403531471496024,seq_eth
1360,54.4,43,12.28,5.28,2.3450079957219834,1.3324038426843416,0.5378976277538288,1.2613742379626154,seq_eth
1360,54.4,44,11.83,6.18,2.5426978782387915,1.9216659439142902,0.2585923035505232,0.6575221015667968,seq_eth
1370,54.8,41,9.01,5.97,2.2127824678444896,2.3820999139414796,0.16828733585072805,0.3723832663307485,seq_eth
1370,54.8,42,10.19,5.49,2.127975857475814,1.2738916751435339,0.5884456855751619,1.2521982123397484,seq_eth
1370,54.8,43,11.31,5.35,2.3880235028156522,2.3820999139414796,0.16828733585072805,0.40187411323776967,seq_eth
1370,54.8,44,10.89,6.19,2.2753090449431155,1.8928285712129356,0.2665316675648574,0.6064419139740916,seq_eth
1380,55.2,41,8.15,5.91,2.215605165637587,2.297063342618134,0.18097785625914395,0.400975473193776,seq_eth
1380,55.2,42,9.25,5.45,2.263742752611244,1.1923086848631101,0.6717287975178479,1.520621197101294,seq_eth
1380,55.2,43,10.37,5.32,2.406371750166616,2.297063342618134,0.18097785625914395,0.4355000007077185,seq_eth
1380,55.2,44,10.01,6.21,2.212641238429754,1.8840382161729092,0.26902458264350143,0.5952548857083646,seq_eth
1390,55.6,41,7.25,5.76,2.2404310411168735,2.209547464980104,0.19559813575128965,0.4382241349217814,seq_eth
1390,55.6,42,8.38,5.43,2.0609842915461596,1.177200067957865,0.6890818722408507,1.420186914277611,seq_eth
1390,55.6,43,9.39,5.21,2.3264780248263763,2.209547464980104,0.19559813575128965,0.45505476452238175,seq_eth
1390,55.6,44,9.12,6.21,2.2125353104527017,1.923382437270341,0.2581309559797191,0.5711238548260404,seq_eth
1400,56.0,41,6.37,5.7,2.2328863047634187,2.258583626966245,0.18719706315207646,0.41798975860420434,seq_eth
1400,56.0,42,7.61,5.28,2.0736818102110153,1.3091982279242516,0.5571351566810804,1.1553210402386205,seq_eth
1400,56.0,43,8.53,5.04,2.174604849162265,2.258583626966245,0.18719706315207646,0.4070796412794402,seq_eth
1400,56.0,44,8.24,6.2,2.2160282601988706,1.9356910910576617,0.25485859204979366,0.5647738423368379,seq_eth
1400,56.0,45,12.38,5.2,2.924145174234696,4.770670812370102,0.04195777807539651,0.12269063428078104,seq_eth
1410,56.4,41,5.47,5.61,2.2860992979308756,2.324327859833892,0.17675699371612624,0.4040840392388084,seq_eth
1410,56.4,42,6.74,5.18,2.2079755999557693,1.3408206442324795,0.5311656794701142,1.1728008598039392,seq_eth
1410,56.4,43,7.68,4.89,2.2063119679682726,2.324327859833892,0.17675699371612624,0.3899810706579821,seq_eth
1410,56.4,44,7.35,6.11,2.372366961496479,1.9453534383242548,0.25233317264331784,0.5986268820685944,seq_eth
1410,56.4,45,11.22,5.05,2.7359299150380405,4.481885763827544,0.04753897530038243,0.1300633046545708,seq_eth
1420,56.8,41,4.55,5.52,2.2600124446559917,2.3402991261802417,0.1743526855123921,0.3940392390171986,seq_eth
1420,56.8,42,5.85,5.13,2.2010295886243676,1.3572398461583712,0.5183918671903656,1.1409958381882281,seq_eth
1420,56.8,43,6.78,4.81,2.199040984156493,2.3402991261802417,0.1743526855123921,0.3834087011394982,seq_eth
1420,56.8,44,6.36,5.94,2.346040547390423,1.8580904176062052,0.2765907772777325,0.6488931785277942,seq_eth
1420,56.8,45,10.23,4.79,2.618265169916889,4.037251540342762,0.05858679819817734,0.15339577313923727,seq_eth
1420,56.8,46,11.93,5.31,2.245133626312666,5.605515141358553,0.030390673308065486,0.06823112257022061,seq_eth
1430,57.2,41,3.67,5.44,2.252359873554834,2.374973684064731,0.16929876049133447,0.3813217347732522,seq_eth
1430,57.2,42,5.0,4.91,2.1107611186488975,1.4317122615944868,0.4658647958588018,0.9833292976460648,seq_eth
1430,57.2,43,5.93,4.71,2.1729156679447894,2.374973684064731,0.16929876049133447,0.36787192923525297,seq_eth
1430,57.2,44,5.51,5.74,2.2715977306732715,1.8642961138188319,0.27475246246730706,0.6241270702376279,seq_eth
1430,57.2,45,9.17,4.62,2.7101948730672345,3.7140005385029227,0.06922890418531312,0.18762382119109844,seq_eth
1430,57.2,46,11.04,5.19,2.2933667936027913,5.132494520211394,0.03625053273422691,0.08313576802308699,seq_eth
1430,57.2,47,12.84,5.19,3.4089037827430797,6.926651427638033,0.01990328289861859,0.06784837636210655,seq_eth
1440,57.6,41,2.77,5.24,2.18245847612275,2.3576259245266202,0.1717993772580908,0.3749450070895303,seq_eth
1440,57.6,42,4.18,4.88,2.098287992626377,1.4552319402761882,0.4509277322337311,0.9461762460882801,seq_eth
1440,57.6,43,5.05,4.64,2.1923161268393825,2.3576259245266202,0.1717993772580908,0.37663854534387553,seq_eth
1440,57.6,44,4.56,5.69,2.2674669236837905,1.8456977000581647,0.2803175185085928,0.635610701347353,seq_eth
1440,57.6,45,8.08,4.51,2.702920873795615,3.4863304490538476,0.0785659351311343,0.21235750603521514,seq_eth
1440,57.6,46,10.12,5.01,2.360779797016241,5.083483057904294,0.036952908023101035,0.08723767870193629,seq_eth
1440,57.6,47,11.56,4.72,3.2179671378061134,6.510491532902873,0.022529099089365057,0.0724979005139544,seq_eth
1450,58.0,41,1.95,5.14,2.1723403278492146,2.332402195162747,0.17553531342279957,0.38132244030999907,seq_eth
1450,58.0,42,3.33,4.74,2.254336099608937,1.4368020044529448,0.46257007292742297,1.0427884139990282,seq_eth
1450,58.0,43,4.19,4.49,2.270806574765899,2.332402195162747,0.17553531342279957,0.39860674382408606,seq_eth
1450,58.0,44,3.7,5.86,2.2625345301232493,1.8923266102869245,0.26667308736668754,0.6033570684217047,seq_eth
1450,58.0,45,7.03,4.31,2.717104387026757,3.380133133472704,0.08358026997552556,0.22709631821938123,seq_eth
1450,58.0,46,9.19,4.81,2.3799290955824803,5.0102295356600175,0.03804136889506072,0.09053576066914136,seq_eth
1450,58.0,47,10.41,4.34,3.0398653341883546,6.221808418779864,0.024668237074089525,0.07498811873706471,seq_eth
1460,58.4,41,1.06,4.93,2.3801588707479246,2.2803508501982757,0.18364031895218696,0.437093134181026,seq_eth
1460,58.4,42,2.4,4.59,2.427254107010645,1.3824615727028362,0.49964925625333423,1.2127757093057197,seq_eth
1460,58.4,43,3.26,4.33,2.4256764520438514,2.2803508501982757,0.18364031895218696,0.4454519973281421,seq_eth
1460,58.4,44,2.75,5.68,2.4527089615362123,1.848945645496373,0.27933354547223194,0.6851238902374264,seq_eth
1460,58.4,45,5.93,4.19,2.8090256317805395,3.340134727821619,0.08559401770728922,0.2404357896668528,seq_eth
1460,58.4,46,8.27,4.56,2.4285412288038346,5.015276662358717,0.03796484151200144,0.0921991828568988,seq_eth
1460,58.4,47,9.26,3.93,2.794665677679544,6.013318551349163,0.02640845294666406,0.07380279705065727,seq_eth
1460,58.4,48,-4.44,4.62,2.6497641404472305,7.26771628505131,0.01807904358698311,0.04790520139037032,seq_eth
1470,58.8,41,0.11,4.65,2.2238761206506013,2.270704736419951,0.1852038669830632,0.4118704572357846,seq_eth
1470,58.8,42,1.42,4.39,2.4122733054112975,1.3355523202031434,0.535364499944706,1.2914454918814824,seq_eth
1470,58.8,43,2.3,4.05,2.8296698128933495,2.270704736419951,0.1852038669830632,0.5240657916330893,seq_eth
1470,58.8,44,1.8,5.37,2.7709711745162364,1.8369812192834196,0.28298404461442356,0.7841406304745843,seq_eth
1470,58.8,45,4.79,4.13,2.727693622824957,3.2369275555687067,0.0911392441615404,0.24859993508852044,seq_eth
1470,58.8,46,7.3,4.36,2.429120211105236,5.009600782497543,0.03805091861091454,0.09243025544889288,seq_eth
1470,58.8,47,8.29,3.63,3.080609720493629,6.004706487414684,0.026484258276631735,0.08158766348705557,seq_eth
1470,58.8,48,-3.49,5.09,2.5917236060197344,5.297405025104273,0.03402867380138519,0.08819291717259528,seq_eth
1480,59.2,41,-0.6,4.29,2.2362426634871193,1.9159592897553956,0.2601350237139045,0.5817250382962668,seq_eth
1480,59.2,42,0.51,4.2,2.221063934244113,1.113642671596235,0.7699803729651444,1.7101756364687133,seq_eth
1480,59.2,43,1.15,3.51,3.0549396475216795,1.9159592897553956,0.2601350237139045,0.7946967976525992,seq_eth
1480,59.2,44,0.65,4.97,2.6220519159619795,1.543243337908834,0.4009613950921113,1.0513415942280586,seq_eth
1480,59.2,45,3.76,3.96,2.6285095586662663,3.226019218789622,0.09175663565141169,0.24118319388079354,seq_eth
1480,59.2,46,6.35,4.26,2.5723590826321168,5.25380814267137,0.034595766997604284,0.08899273545691182,seq_eth
1480,59.2,47,6.9,3.22,3.487208769202073,5.757308398896137,0.028809279339400484,0.10046397154674948,seq_eth
1480,59.2,48,-2.54,5.45,2.598106281505808,3.2962099447699016,0.08789044257260674,0.22834871093221507,seq_eth
1490,59.6,41,-1.5,3.87,2.5068967370037494,1.7712425017484197,0.30437945320860993,0.7630478580596497,seq_eth
1490,59.6,42,-0.32,4.03,2.3203246001368076,1.1907980517283356,0.6734341738726178,1.5625858802094434,seq_eth
1490,59.6,43,0.07,3.05,2.6425603115160965,1.7712425017484197,0.30437945320860993,0.8043410626900434,seq_eth
1490,59.6,44,-0.21,4.77,2.4349345473749477,1.5844557425185475,0.3803742913966825,0.9261865030550476,seq_eth
1490,59.6,45,2.72,3.76,2.5872584428309526,2.947032405658275,0.10995160144517811,0.28447320914182106,seq_eth
1490,59.6,46,5.25,4.18,2.5419296312054036,5.30182044207459,0.03397201846191019,0.08635448036018653,seq_eth
1490,59.6,47,5.57,3.01,3.0167242167622934,5.50014545262214,0.031566252976747415,0.09522667978739875,seq_eth
1490,59.6,48,-1.5,5.69,2.6676593204530543,2.0366639388961545,0.23021447891788147,0.6141338003885297,seq_eth
1500,60.0,41,-2.46,3.54,2.1120191760493165,1.8830294740125553,0.2693128937197168,0.5687939958933734,seq_eth
1500,60.0,42,-1.25,3.61,2.0882109567761664,1.212023102090055,0.6500542263794229,1.3574503580241655,seq_eth
1500,60.0,43,-0.79,2.67,2.4882536546743066,1.8830294740125553,0.2693128937197168,0.6701187920489984,seq_eth
1500,60.0,44,-1.23,4.46,2.3160445807453787,1.5360013020827814,0.4047512645917739,0.9374219729076169,seq_eth
1500,60.0,45,1.72,3.61,2.527968552019595,2.9093126335957775,0.11282116923847453,0.28520836783694414,seq_eth
1500,60.0,46,4.32,4.14,2.344274941213176,5.021892073710863,0.03786488411902631,0.08876569899217412,seq_eth
1500,60.0,47,4.52,2.82,2.782787496378417,5.312118221576021,0.033840433563372116,0.09417073539217644,seq_eth
1500,60.0,48,-0.43,5.77,2.562774375554752,3.0155928107090317,0.10500886962011174,0.26911404026839225,seq_eth
1510,60.4,41,-3.12,3.39,1.692077125901778,1.8298087331740442,0.2852068749033426,0.4825920291738759,seq_eth
1510,60.4,42,-1.74,3.15,1.6802157599546612,1.4007141035914503,0.4867123641953986,0.8177817848859015,seq_eth
1510,60.4,43,-1.73,2.2,2.6273798735622615,2.30097805291576,0.1803625759847713,0.4738810020862322,seq_eth
1510,60.4,44,-2.04,4.48,2.0256171898954727,2.30097805291576,0.1803625759847713,0.3653455343285811,seq_eth
1510,60.4,45,0.72,3.46,2.5386081324221834,2.712802978470792,0.12975821865549333,0.3294052691274513,seq_eth
1510,60.4,46,3.39,3.94,2.341507260291977,3.3202409551115415,0.08662279195857872,0.20282789627777353,seq_eth
1510,60.4,47,3.38,2.61,2.310438270112412,4.160697056984563,0.05516189670109708,0.1274481571902023,seq_eth
1510,60.4,48,0.55,5.66,2.585929475063086,3.3202409551115415,0.08662279195857872,0.22400043093794636,seq_eth
1520,60.8,45,-0.3,3.4,2.554407954888969,3.181257612957492,0.09435690867469389,0.24102603811737003,seq_eth
1520,60.8,46,2.49,3.74,2.3048861143232298,2.810640496399353,0.1208817624152021,0.278618695665719,seq_eth
1520,60.8,47,2.72,2.4,1.7315094570922847,3.3616216324863215,0.08450331034479643,0.1463182810176193,seq_eth
1520,60.8,48,1.63,5.58,2.6279745052035675,3.3616216324863215,0.08450331034479643,0.22207254519142988,seq_eth
2080,83.2,50,7.5,7.25,2.77815136376698,6.200193545366145,0.02484053177094489,0.06901075721614754,seq_eth
2080,83.2,51,7.05,8.44,0.0,5.819011943620669,0.028201543920904997,0.0,seq_eth
2080,83.2,52,8.09,8.84,0.0,6.895106960736722,0.020085810770392214,0.0,seq_eth
2080,83.2,55,2.09,3.92,2.5851740753767984,6.710588647801323,0.02120557955567979,0.05482011452068364,seq_eth
2080,83.2,56,12.32,3.35,0.41003048667142616,7.3267318771741605,0.017788969254510387,0.0072940197208099305,seq_eth
2080,83.2,57,1.25,7.97,2.6628227503910775,6.291335311362763,0.024126021857799395,0.06424331987938064,seq_eth
2090,83.6,50,6.43,7.55,2.792428378669728,4.2100475056702145,0.0538762536912958,0.1504455797439841,seq_eth
2090,83.6,51,7.05,8.44,0.0,4.914977110831749,0.03953014275577977,0.0,seq_eth
2090,83.6,52,8.09,8.84,0.0,6.01439938813511,0.02639896216933548,0.0,seq_eth
2090,83.6,55,3.11,4.09,2.738840995749848,5.8690799960470805,0.027722431815252583,0.07592733275749365,seq_eth
2090,83.6,56,12.42,3.22,0.275283944319321,7.489011950851727,0.017026380505254894,0.004687089182968161,seq_eth
2090,83.6,57,2.22,7.53,2.810971807044678,4.914977110831749,0.03953014275577977,0.11111811681494835,seq_eth
2100,84.0,50,5.34,7.82,2.7803439535423995,2.9330700639432394,0.11100090185302308,0.30862068630480605,seq_eth
2100,84.0,51,7.05,8.44,0.0,3.9311703092081878,0.06179134718627239,0.0,seq_eth
2100,84.0,52,8.09,8.84,0.0,5.045047076093542,0.037518108576814535,0.0,seq_eth
2100,84.0,55,4.27,4.14,2.8609439001839525,5.120390610099975,0.03642211799924374,0.10420163632171653,seq_eth
2100,84.0,56,12.49,3.21,0.33657280044590165,8.2724422028806,0.013954166444572626,0.004696592878138039,seq_eth
2100,84.0,57,3.34,7.14,2.870648881350655,3.9311703092081878,0.06179134718627239,0.1773812616774228,seq_eth
2110,84.4,50,4.28,8.12,2.740894014733158,3.8774347189862524,0.06351589068817534,0.17409032462766533,seq_eth
2110,84.4,51,7.05,8.44,0.0,3.159905061864992,0.09563642048586601,0.0,seq_eth
2110,84.4,52,8.09,8.84,0.0,4.2581921046378355,0.05266485360581574,0.0,seq_eth
2110,84.4,55,5.39,4.29,2.837389865704053,4.469686789921638,0.047798822638357615,0.13562389494666136,seq_eth
2110,84.4,56,12.65,3.36,0.4802343178074616,7.560846513453372,0.01670438681728029,0.008022019807588555,seq_eth
2110,84.4,57,4.38,6.75,2.743685933192801,3.159905061864992,0.09563642048586601,0.2623963015879824,seq_eth
2120,84.8,50,3.22,8.38,2.776519854061924,4.891676604192063,0.039907627245810325,0.11080431937649493,seq_eth
2120,84.8,51,7.05,8.44,0.0,3.8304699450589608,0.06508295508954659,0.0,seq_eth
2120,84.8,52,8.09,8.84,0.0,4.6717127480186535,0.0437541367223388,0.0,seq_eth
2120,84.8,55,6.52,4.44,2.5734825625988025,4.6717127480186535,0.0437541367223388,0.11260050789650282,seq_eth
2120,84.8,56,12.79,3.45,0.2225561726845683,7.605767548380636,0.01650765127310804,0.003673879687354467,seq_eth
2120,84.8,57,5.41,6.41,2.7441984257702745,2.9456747953567453,0.11005297436341727,0.302007198999426,seq_eth
2130,85.2,50,2.15,8.75,2.800223205389179,5.940681779055329,0.027058193811898328,0.07576898220799558,seq_eth
2130,85.2,51,7.05,8.44,0.0,3.9791582024342778,0.06030995020439774,0.0,seq_eth
2130,85.2,52,8.09,8.84,0.0,4.408185567781827,0.04914186621885295,0.0,seq_eth
2130,85.2,55,7.44,4.48,2.9526471174185724,4.408185567781827,0.04914186621885295,0.14509858963566527,seq_eth
2130,85.2,56,12.79,3.47,0.08750000000000568,6.840007309937613,0.020410716491393147,0.0017859376929970164,seq_eth
2130,85.2,57,6.48,6.11,2.924305473099569,3.169384798348095,0.09506517257853384,0.27799960447256156,seq_eth
2130,85.2,58,12.56,5.46,3.395585369270002,5.604043183274019,0.030406640234335352,0.1032483427083657,seq_eth
2140,85.6,50,1.12,9.16,2.7607177508756764,7.300301363642462,0.017918011246047846,0.04946657170735429,seq_eth
2140,85.6,51,7.05,8.44,0.0,4.308004178270954,0.05145400096726488,0.0,seq_eth
2140,85.6,52,8.09,8.84,0.0,4.371967520464899,0.0499594361519178,0.0,seq_eth
2140,85.6,55,8.88,4.54,3.1848273108600678,4.078443330487747,0.05740933517806457,0.18283881857341966,seq_eth
2140,85.6,56,12.79,3.38,0.38770156048176624,5.725425748361426,0.029131027853491327,0.011294144957236385,seq_eth
2140,85.6,57,7.72,6.04,3.2149309868176092,2.824340631014609,0.1197118753590207,0.38486541758176307,seq_eth
2140,85.6,58,11.24,5.14,3.2577791515079855,3.6332354726882214,0.0723409638004433,0.23567088366907807,seq_eth
2150,86.0,50,0.12,9.62,2.7518175811633627,9.558922533423944,0.01045089532522049,0.028758957494839744,seq_eth
2150,86.0,51,7.05,8.44,0.0,4.295776996074168,0.05174732755769152,0.0,seq_eth
2150,86.0,52,8.09,8.84,0.0,4.021256022687439,0.05905381148086776,0.0,seq_eth
2150,86.0,55,9.98,4.68,2.9877353463785488,3.185969240278379,0.09407803225009584,0.28108026227135235,seq_eth
2150,86.0,56,12.78,3.16,0.3752082754950855,4.818236191802971,0.041133457039352,0.01543361348088645,seq_eth
2150,86.0,57,9.05,6.21,3.452829455678295,2.7997321300438727,0.12182556082813957,0.4206428848819282,seq_eth
2150,86.0,58,9.96,5.28,3.232887641103492,3.5280022675729663,0.07672089682097989,0.24803003914692207,seq_eth
2160,86.4,51,7.05,8.44,0.0,3.97876865374201,0.060321760296600996,0.0,seq_eth
2160,86.4,52,8.09,8.84,0.0,3.458973836269942,0.07981358674005366,0.0,seq_eth
2160,86.4,55,11.25,4.85,3.3085353632687844,2.644390288894588,0.1365589833187524,0.45181022548212435,seq_eth
2160,86.4,56,12.78,3.08,0.09999999999999698,4.734405981746812,0.04260302028817701,0.004260302028817572,seq_eth
2160,86.4,57,10.46,6.39,3.3068347781526692,3.408724101478441,0.08218407650578959,0.2717691623997047,seq_eth
2160,86.4,58,8.67,5.43,3.2989818505108666,3.4182597911803017,0.08172618927223006,0.26961321512050285,seq_eth
2170,86.8,51,7.05,8.44,0.0,5.076731231806544,0.037051264823590876,0.0,seq_eth
2170,86.8,52,8.09,8.84,0.0,4.360229351765799,0.050228789715298656,0.0,seq_eth
2170,86.8,55,12.49,5.52,3.523581274782878,5.160038759544351,0.03586455564303207,0.1263716766921964,seq_eth
2170,86.8,56,12.78,3.08,0.0,5.9631283735972005,0.026854870610490543,0.0,seq_eth
2170,86.8,57,11.69,6.38,3.0751016243370533,4.360229351765799,0.050228789715298656,0.15445863284199918,seq_eth
2170,86.8,58,7.33,5.5,3.2811011871016844,4.447920862605359,0.048267774896450275,0.15837145351149987,seq_eth
2180,87.2,51,7.05,8.44,0.0,7.846177413237607,0.01551154775311874,0.0,seq_eth
2180,87.2,52,8.09,8.84,0.0,7.427900107028903,0.017307696575567206,0.0,seq_eth
2180,87.2,56,12.78,3.08,0.0,7.846177413237607,0.01551154775311874,0.0,seq_eth
2180,87.2,58,6.05,5.59,3.242226279888571,7.182826741610854,0.018508899628852212,0.06001004078848446,seq_eth
2190,87.6,51,7.05,8.44,0.0,7.846177413237607,0.01551154775311874,0.0,seq_eth
2190,87.6,52,8.09,8.84,0.0,7.427900107028903,0.017307696575567206,0.0,seq_eth
2190,87.6,56,12.78,3.08,0.0,8.43772481181983,0.013412837642865983,0.0,seq_eth
2190,87.6,58,4.74,5.64,3.2630986040878502,8.43772481181983,0.013412837642865983,0.04376741178929296,seq_eth
2200,88.0,51,7.05,8.44,0.0,7.846177413237607,0.01551154775311874,0.0,seq_eth
2200,88.0,52,8.09,8.84,0.0,7.427900107028903,0.017307696575567206,0.0,seq_eth
2200,88.0,56,12.78,3.08,0.08749999999999858,9.684482433253725,0.010181659066836823,0.0008908951683482076,seq_eth
2200,88.0,58,3.44,5.64,3.2375241311841534,9.684482433253725,0.010181659066836823,0.03296336692437415,seq_eth
2210,88.4,51,7.05,8.44,0.0,7.798525501657347,0.015701689635321908,0.0,seq_eth
2210,88.4,52,8.09,8.84,0.0,7.373750741651089,0.017562829139732665,0.0,seq_eth
2210,88.4,56,12.78,3.15,0.20615528128088598,10.920022893748895,0.008008004053366354,0.0016508923281202156,seq_eth
2210,88.4,58,2.15,5.65,3.287523764172677,10.920022893748895,0.008008004053366354,0.02632650362903301,seq_eth
2220,88.8,51,7.05,8.44,0.2704163456597902,7.76742557093404,0.015827677080852604,0.004280062596487377,seq_eth
2220,88.8,52,8.09,8.84,0.0,7.956286822381404,0.015085180815155363,0.0,seq_eth
2220,88.8,56,12.82,3.24,0.12311072252245703,12.245497131599025,0.006368227065367313,0.0007839970352044361,seq_eth
2220,88.8,58,0.81,5.63,3.2653962240438896,12.245497131599025,0.006368227065367313,0.020794784613104522,seq_eth
2230,89.2,51,6.93,8.26,0.4919667163538597,7.874674596451589,0.015399483289948833,0.007576033227702259,seq_eth
2230,89.2,52,8.09,8.84,0.0,9.164742222234077,0.011369225330254154,0.0,seq_eth
2230,89.2,56,12.82,3.24,0.0,13.477700100536442,0.005257022129296883,0.0,seq_eth
2230,89.2,58,-0.46,5.54,3.1829624565803023,7.874674596451589,0.015399483289948833,0.04901597716264285,seq_eth
2230,89.2,59,-1.06,1.16,2.4829418035870803,10.68878384101765,0.008358239148599187,0.020753021386435005,seq_eth
2230,89.2,60,-1.16,1.71,2.58287630365844,10.409159428119063,0.008813330600396973,0.022763742764073152,seq_eth
2240,89.6,51,6.87,8.09,0.4517327749898125,9.250670245987585,0.01115899239790373,0.005040882601995274,seq_eth
2240,89.6,52,8.09,8.84,0.0,10.669807870810047,0.008387995398572195,0.0,seq_eth
2240,89.6,56,12.82,3.24,0.049999999999998934,13.085717404865504,0.005576687487160248,0.00027883437435800645,seq_eth
2240,89.6,59,-0.16,1.58,2.689853620552615,10.98954503152883,0.007907003956702628,0.021268683220660414,seq_eth
2240,89.6,60,-0.23,2.16,2.5842068415666817,10.669807870810047,0.008387995398572195,0.02167631509602011,seq_eth
2250,90.0,51,7.02,7.91,0.46114666864241094,8.2586681735011,0.014000751529953144,0.00645639992652803,seq_eth
2250,90.0,52,8.09,8.84,0.0,9.676249273349669,0.010198992826550651,0.0,seq_eth
2250,90.0,56,12.82,3.2,0.1624999999999983,11.983396847305025,0.006649844629742607,0.0010805997523331624,seq_eth
2250,90.0,59,0.89,2.07,2.728094573140709,9.882960082890145,0.009776812796091569,0.02667206993163005,seq_eth
2250,90.0,60,0.72,2.57,2.5836626134230083,9.676249273349669,0.010198992826550651,0.02635075646052837,seq_eth
2260,90.4,51,7.07,7.78,0.1505199322348975,7.407523202798624,0.017403048920774253,0.0026195057442355467,seq_eth
2260,90.4,52,8.09,8.84,0.0,8.705182364545847,0.012601308238185857,0.0,seq_eth
2260,90.4,56,12.82,3.11,0.2375000000000016,11.03473153275602,0.00784237922093874,0.0018625650649729633,seq_eth
2260,90.4,59,1.8,2.54,2.5150173955660904,8.902477183346218,0.012048962243611018,0.030303349641200742,seq_eth
2260,90.4,60,1.68,2.95,2.625119044919689,8.705182364545847,0.012601308238185857,0.033079934246965065,seq_eth
2270,90.8,51,7.1,7.82,0.539241365253058,6.6532698727768445,0.021572531029489268,0.01163280108430575,seq_eth
2270,90.8,52,8.09,8.84,0.0,7.750935427417777,0.01589509560316547,0.0,seq_eth
2270,90.8,56,12.82,3.01,0.12500000000000488,10.043112067481873,0.009467488021519766,0.001183436002690017,seq_eth
2270,90.8,59,2.78,2.76,2.6042333324800273,8.072329279706075,0.014654589043566042,0.03816396926105129,seq_eth
2270,90.8,60,2.7,3.27,2.7025740045371642,7.750935427417777,0.01589509560316547,0.04295767217674798,seq_eth
2280,91.2,51,6.77,8.09,0.5329751401331785,5.839871573930372,0.028000435682260252,0.014923536131542708,seq_eth
2280,91.2,52,8.09,8.84,0.025000000000000355,7.194233802150163,0.018450251338975834,0.00046125628347440243,seq_eth
2280,91.2,56,12.82,3.01,0.2875000000000121,9.000088888449936,0.011789022174270287,0.00338934387510285,seq_eth
2280,91.2,59,3.82,3.05,2.5240097067959177,7.194233802150163,0.018450251338975834,0.046568613472399385,seq_eth
2280,91.2,60,3.76,3.54,2.551500783852518,6.8438950897862245,0.02038753383515352,0.052018808561213936,seq_eth
2290,91.6,51,6.77,8.09,0.0,5.191859011953233,0.0354262841045346,0.0,seq_eth
2290,91.6,52,8.07,8.84,0.05153882032021955,6.457003949201208,0.022903891515135003,0.0011804395494323442,seq_eth
2290,91.6,56,12.59,3.01,0.2875000000000121,7.876103097344524,0.015393897740740766,0.004425745600463156,seq_eth
2290,91.6,59,4.72,3.32,2.5165700864470315,6.457003949201208,0.022903891515135003,0.057639248250216726,seq_eth
2290,91.6,60,4.66,3.84,2.413277076922589,6.052115332675014,0.026070958050004565,0.06291644543548645,seq_eth
2300,92.0,51,6.77,8.09,0.049999999999998934,4.685776349763185,0.04349188889628912,0.0021745944448144094,seq_eth
2300,92.0,52,8.05,8.83,0.05590169943749315,5.784055670548133,0.028543449275641574,0.001595627322316247,seq_eth
2300,92.0,56,12.59,3.01,0.0,7.3813277938322175,0.01752679059084084,0.0,seq_eth
2300,92.0,59,5.78,3.51,2.6799312024751303,5.784055670548133,0.028543449275641574,0.07649448034005801,seq_eth
2300,92.0,60,5.63,4.02,2.579304654359351,5.384468404587403,0.03293712713810026,0.08495488532852769,seq_eth
2310,92.4,51,6.77,8.13,0.10077822185373164,4.430406301909566,0.04865015964293615,0.004902876581715281,seq_eth
2310,92.4,52,8.05,8.8,0.03749999999999787,5.243891684617447,0.03472673532101402,0.0013022525745379518,seq_eth
2310,92.4,56,12.59,3.01,0.0,7.3576966504470676,0.017639555017324466,0.0,seq_eth
2310,92.4,59,6.83,3.7,2.640223712112298,5.243891684617447,0.03472673532101402,0.09168635003878889,seq_eth
2310,92.4,60,6.69,4.21,2.6524752590740674,4.787243465711767,0.04166777898966178,0.11052275287064411,seq_eth
2320,92.8,51,6.78,8.17,0.5574775780244302,4.372928080817246,0.04993749031514561,0.027839031153505816,seq_eth
2320,92.8,52,8.05,8.8,1.7763568394002505e-15,4.874105046057174,0.040195886607738034,7.140223809141239e-17,seq_eth
2320,92.8,56,12.59,3.01,0.0,4.8284573105703235,0.04095949466206451,0.0,seq_eth
2320,92.8,59,7.85,3.93,2.593802710307793,4.8284573105703235,0.04095949466206451,0.10624084826730053,seq_eth
2320,92.8,60,7.71,4.44,2.5912412566181593,4.373236787552213,0.04993044039023759,0.12938181710029736,seq_eth
2320,92.8,61,12.65,5.17,2.0912018075737877,4.9575800548251365,0.038853657743285426,0.08125083930361178,seq_eth
2320,92.8,62,13.26,6.28,2.769137952504313,5.787443304257934,0.028510043695274514,0.07894824402414097,seq_eth
2330,93.2,51,6.62,8.55,0.8079681305596103,4.955199289635081,0.038891001814424196,0.031422690031590726,seq_eth
2330,93.2,52,8.05,8.8,1.7763568394002505e-15,4.739725730461627,0.04250744084359545,7.550838326792233e-17,seq_eth
2330,93.2,56,12.59,3.01,0.0,3.8945217934940364,0.06295976598019236,0.0,seq_eth
2330,93.2,59,8.86,4.13,2.6476404589747573,3.8945217934940364,0.06295976598019236,0.1666948236967398,seq_eth
2330,93.2,60,8.72,4.63,2.643033295287832,3.873241536491108,0.06365349010474416,0.16823829370811338,seq_eth
2330,93.2,61,11.91,4.78,2.177333518320071,3.1184932259025357,0.09819328108497397,0.21379952218013804,seq_eth
2330,93.2,62,12.16,6.41,2.725028669573964,3.873241536491108,0.06365349010474416,0.17345758545387047,seq_eth
2340,93.6,51,6.41,8.7,0.4177693741767175,5.2643898031965675,0.034456828675655166,0.014395007751942832,seq_eth
2340,93.6,52,8.05,8.8,1.7763568394002505e-15,4.343731115066861,0.0506110694589449,8.99033193827579e-17,seq_eth
2340,93.6,56,12.59,3.01,0.062499999999998224,3.3340815826851036,0.08590509788067502,0.005369068617542036,seq_eth
2340,93.6,59,9.93,4.33,2.7212703834790206,2.2552383466055197,0.1877528280119094,0.5109262102832393,seq_eth
2340,93.6,60,9.79,4.82,2.7284668313908544,1.9407730418572906,0.2535256354673636,0.6917362872799905,seq_eth
2340,93.6,61,11.19,4.22,2.532075482682141,1.8504323819042945,0.2788848627526567,0.706157523467176,seq_eth
2340,93.6,62,11.08,6.27,2.741464024932673,2.2552383466055197,0.1877528280119094,0.5147176235740211,seq_eth
2350,94.0,51,6.36,8.76,0.07603453162872635,5.825804665451804,0.028135817871283792,0.0021392937338342117,seq_eth
2350,94.0,52,8.05,8.8,0.0,4.678001710132222,0.0436365723598556,0.0,seq_eth
2350,94.0,56,12.54,3.01,0.08750000000000036,2.650452791505632,0.13593498249816685,0.011894310968589648,seq_eth
2350,94.0,59,10.99,4.58,2.6745618800094695,1.7557334649655685,0.30978059383357287,0.8285273674339705,seq_eth
2350,94.0,60,10.86,5.06,2.672194790803957,1.5071164520368023,0.42041457187257747,1.1234296289359773,seq_eth
2350,94.0,61,10.19,3.71,2.6893598215931966,2.327767170487633,0.1762350574054391,0.4739594825423585,seq_eth
2350,94.0,62,10.0,6.03,2.7073107043706273,2.327767170487633,0.1762350574054391,0.47712305739911726,seq_eth
2360,94.4,51,6.35,8.69,0.34118360159891226,5.728699677937393,0.029097740829769403,0.009927672014692447,seq_eth
2360,94.4,52,8.05,8.8,1.7763568394002505e-15,5.238368066487883,0.0348000094222544,6.181723474841476e-17,seq_eth
2360,94.4,56,12.52,3.01,0.02499999999999858,3.473283748846328,0.07915727832682941,0.001978931958170623,seq_eth
2360,94.4,59,12.03,4.74,2.630589287593142,3.1098713799769917,0.09873850036203739,0.2597404413253871,seq_eth
2360,94.4,60,11.89,5.22,2.605882767892643,2.95609539764873,0.10927844121432417,0.28476680686257655,seq_eth
2360,94.4,61,9.11,3.67,2.475789015647335,3.1829074758779914,0.09425911405219393,0.2333656791950711,seq_eth
2360,94.4,62,8.98,5.74,2.7037589574516545,3.198202620222803,0.0933596967836312,0.25242211644371326,seq_eth
2370,94.8,51,6.4,8.49,0.25769410160111134,5.0644841790650315,0.03723067794266333,0.00959412610443494,seq_eth
2370,94.8,52,8.05,8.8,1.7763568394002505e-15,5.042539042982217,0.03755543900041576,6.671186092506744e-17,seq_eth
2370,94.8,56,12.52,3.01,0.11858541225631099,7.3147112041419655,0.017847484507081058,0.0021164513080103304,seq_eth
2370,94.8,61,8.21,3.76,2.3396380596152087,5.042539042982217,0.03755543900041576,0.08786613443093007,seq_eth
2370,94.8,62,7.95,5.34,2.6893598215932455,3.510697936308392,0.07747907980132834,0.20836912423170922,seq_eth
2380,95.2,51,6.4,8.49,1.7763568394002505e-15,4.813855004048211,0.041208363909661684,7.320075907142198e-17,seq_eth
2380,95.2,52,8.05,8.8,1.7763568394002505e-15,5.114547878356405,0.036505380966541476,6.484658315482768e-17,seq_eth
2380,95.2,56,12.55,3.1,0.29261749776799334,7.262231062146123,0.018106364401808343,0.005298239044932627,seq_eth
2380,95.2,61,7.24,3.75,2.4632930195167706,5.114547878356405,0.036505380966541476,0.089923450109682,seq_eth
2380,95.2,62,6.9,5.19,2.6408154517118465,3.7887464945546308,0.0665242959435562,0.17567838864199492,seq_eth
2390,95.6,51,6.4,8.49,1.7763568394002505e-15,4.669047011971501,0.04380411277758587,7.781173532632456e-17,seq_eth
2390,95.6,52,8.05,8.8,1.7763568394002505e-15,4.406960403724999,0.049169193542727405,8.734203323741846e-17,seq_eth
2390,95.6,56,12.6,3.23,0.34820970692960923,6.9512948434086725,0.0197624126106181,0.006881463903365343,seq_eth
2390,95.6,61,6.24,3.71,2.482092111505947,5.073263249625432,0.03710193715717507,0.09209042553941363,seq_eth
2390,95.6,62,5.87,4.97,2.6018322870623405,4.406960403724999,0.049169193542727405,0.1279299952882853,seq_eth
2390,95.6,63,10.56,6.37,2.7085512732824157,4.669047011971501,0.04380411277758587,0.11864568543873674,seq_eth
2400,96.0,51,6.4,8.49,0.0,4.059371872593099,0.05795003541289389,0.0,seq_eth
2400,96.0,52,8.05,8.8,0.0,5.16500726040148,0.035795588704680456,0.0,seq_eth
2400,96.0,61,5.26,3.6,2.5916331723451544,5.0211253718663515,0.037876448575517384,0.09816186057893622,seq_eth
2400,96.0,62,4.87,4.73,2.6257439421999638,4.848226479858382,0.04062614212757855,0.10667384658644412,seq_eth
2400,96.0,63,9.49,6.2,2.630500190077888,4.848226479858382,0.04062614212757855,0.10686707458872667,seq_eth
2410,96.4,51,6.4,8.49,1.7763568394002505e-15,4.799708324471395,0.041451637288879364,7.363289940243931e-17,seq_eth
2410,96.4,52,8.05,8.8,0.07500000000000462,6.06803098212262,0.02593437599607213,0.0019450781997055295,seq_eth
2410,96.4,61,4.19,3.4,2.5764862215816366,5.549071994487006,0.031012063397593288,0.0799021540467153,seq_eth
2410,96.4,62,3.84,4.43,2.653211497412155,4.890040899624459,0.03993432968327747,0.10595422265711926,seq_eth
2410,96.4,63,8.54,5.78,2.560425989947774,4.890040899624459,0.03993432968327747,0.10224889561220649,seq_eth
2420,96.8,51,6.4,8.49,1.7763568394002505e-15,5.644289149219767,0.029974563957290853,5.3245521693573845e-17,seq_eth
2420,96.8,52,7.99,8.8,0.11858541225631704,6.9655294127582295,0.0196817232680121,0.002333965267651962,seq_eth
2420,96.8,61,3.24,3.19,2.180345442814068,6.170542925869652,0.025079832190467697,0.05468269782302781,seq_eth
2420,96.8,62,2.84,4.11,2.5585945849235396,5.644289149219767,0.029974563957290853,0.07669275702656868,seq_eth
2420,96.8,63,7.58,5.46,2.5861409474350063,4.89780563109644,0.03980781034876596,0.10294860837067064,seq_eth
2430,97.2,51,6.4,8.49,1.7763568394002505e-15,6.484820737691984,0.022707819402499514,4.033719030349572e-17,seq_eth
2430,97.2,52,7.96,8.77,0.05303300858899056,7.827598610046379,0.01558526844626068,0.0008265336753722662,seq_eth
2430,97.2,61,2.47,3.11,2.2899918122124583,6.662529549653045,0.021512609087130725,0.04926369866885669,seq_eth
2430,97.2,62,1.88,3.84,2.5875301930605685,6.484820737691984,0.022707819402499514,0.05875716832253409,seq_eth
2430,97.2,63,6.56,5.18,2.5709920264364956,4.583993891793487,0.04544470844483759,0.11683798305540873,seq_eth
2440,97.6,51,6.4,8.49,1.7763568394002505e-15,7.436733153744324,0.017266606248103646,3.067165410205001e-17,seq_eth
2440,97.6,52,7.96,8.77,0.0,8.826380911789384,0.012257617079152456,0.0,seq_eth
2440,97.6,61,1.45,2.8,2.598346830198012,7.541790238398308,0.016788909335872754,0.04362340935534678,seq_eth
2440,97.6,62,0.85,3.54,2.6088790696389244,7.436733153744324,0.017266606248103646,0.04504648764437428,seq_eth
2440,97.6,63,5.58,4.98,2.492143906358549,4.6700428263560925,0.04378543367056128,0.10911960170935572,seq_eth
2450,98.0,51,6.4,8.49,0.0,8.393217499862612,0.013555465221657015,0.0,seq_eth
2450,98.0,52,7.96,8.77,0.0,9.80091832432043,0.009941177814980244,0.0,seq_eth
2450,98.0,61,0.52,2.39,2.626130708856626,8.472567497518094,0.013302746258955592,0.03493475046277088,seq_eth
2450,98.0,62,-0.1,3.18,2.562621948317741,8.393217499862612,0.013555465221657015,0.03473753269667607,seq_eth
2450,98.0,63,4.63,4.68,2.4760098949721154,4.96214671286531,0.0387821766953272,0.09602505324618713,seq_eth
2460,98.4,51,6.4,8.49,0.0,9.392598149606956,0.010824301934704496,0.0,seq_eth
2460,98.4,52,7.96,8.77,0.0,10.824975750550205,0.008149247684132136,0.0,seq_eth
2460,98.4,61,-0.48,1.97,2.5681948913585253,9.478649692862376,0.010628658069820086,0.02729646535690851,seq_eth
2460,98.4,62,-1.05,2.77,2.51246890528023,9.392598149606956,0.010824301934704496,0.02719572203230968,seq_eth
2460,98.4,63,3.68,4.42,2.5263919430682273,5.009530916163708,0.038051979986426676,0.09613421565550179,seq_eth
2470,98.8,61,-1.24,1.33,2.483948469674897,4.804799683649674,0.027575890790024354,0.06849709172780308,seq_eth
2470,98.8,62,-1.82,2.14,2.487217320621635,4.918739675973918,0.02631312607950654,0.06544646294464952,seq_eth
2470,98.8,63,2.7,4.08,2.593260495978043,4.918739675973918,0.02631312607950654,0.06823679038767391,seq_eth
2870,114.8,64,6.93,4.35,2.5614937048526607,10.04196195969692,0.003156552257353563,0.008085488736249606,seq_eth
2870,114.8,68,-2.14,0.04,2.6800186566514412,10.04196195969692,0.003156552257353563,0.00845961894040277,seq_eth
2880,115.2,64,5.96,4.02,2.5773047937719835,7.973280378865401,0.005006982284733043,0.01290451944477387,seq_eth
2880,115.2,68,-1.28,0.68,2.954075574524139,7.973280378865401,0.005006982284733043,0.014791004069404949,seq_eth
2890,115.6,64,4.97,3.71,2.728810409317589,5.644289149219767,0.009991521319096952,0.027264967380470368,seq_eth
2890,115.6,68,-0.11,1.25,3.1150090288793866,5.644289149219767,0.009991521319096952,0.031123679121227883,seq_eth
2900,116.0,64,3.85,3.46,2.827681249716766,3.3510893751137107,0.028345107320147347,0.0801509284903901,seq_eth
2900,116.0,68,0.98,1.73,2.9413538549449902,3.3510893751137107,0.028345107320147347,0.08337299068494486,seq_eth
2910,116.4,64,2.74,3.33,2.8167190576981693,1.353255334369682,0.17381635241838622,0.48959183239644977,seq_eth
2910,116.4,68,2.06,2.16,2.8701589677228774,1.353255334369682,0.17381635241838622,0.4988805626305113,seq_eth
2920,116.8,64,1.64,3.02,2.6236008175787897,1.6434415109762806,0.11785326601643553,0.30919992507505084,seq_eth
2920,116.8,68,3.17,2.42,3.0511524462078303,1.6434415109762806,0.11785326601643553,0.3595882808996294,seq_eth
2930,117.2,64,0.72,2.76,2.331878266548241,3.6904877726392757,0.023371284696710688,0.05449899084557115,seq_eth
2930,117.2,68,4.41,2.82,3.301159834058341,3.6904877726392757,0.023371284696710688,0.07715234631112369,seq_eth
2940,117.6,64,-0.16,2.53,2.3045132349370507,5.889388762851372,0.009177189099112021,0.02114895373842368,seq_eth
2940,117.6,68,5.69,3.21,3.101612483854184,5.889388762851372,0.009177189099112021,0.02846408427649638,seq_eth
2950,118.0,64,-1.03,2.18,2.344408240900002,7.907464827617004,0.005090677555395832,0.011934626412634666,seq_eth
2950,118.0,68,6.73,3.7,2.936542397105779,7.907464827617004,0.005090677555395832,0.014948990471414663,seq_eth
3420,136.8,69,5.38,3.61,2.915073969902,8.210919558733966,0.014164060958174707,0.041289285407280274,seq_eth
3420,136.8,70,-2.66,4.51,2.626071210001889,2.2996086623597503,0.1805774476289422,0.474209236393989,seq_eth
3420,136.8,71,-2.31,5.3,2.500000000000142,1.5065191668213187,0.4207479990092404,1.051869997523161,seq_eth
3420,136.8,72,-2.46,6.05,2.7268342450542984,1.552932709424333,0.39597348588131204,1.0797540614346863,seq_eth
3420,136.8,73,-2.45,6.8,2.0348525745125796,2.2996086623597503,0.1805774476289422,0.36744848420666354,seq_eth
3430,137.2,69,4.37,3.45,2.7242258074543404,6.284998011137314,0.02417469997244064,0.06585734155238852,seq_eth
3430,137.2,70,-1.61,4.48,2.4171587142759825,2.2402008838494814,0.19028188872200308,0.45994152549328254,seq_eth
3430,137.2,71,-1.31,5.3,2.175574636734006,1.4578408692309321,0.44931523010933616,0.9775188185241753,seq_eth
3430,137.2,72,-1.37,6.01,2.557831112485799,1.5487091398968362,0.3981361928502701,1.018365141079067,seq_eth
3430,137.2,73,-1.64,6.72,2.235124437251794,2.2402008838494814,0.19028188872200308,0.42530369944897567,seq_eth
3440,137.6,69,3.22,3.32,2.9026927153937185,4.455838866027362,0.04809638412205655,0.13960902382787166,seq_eth
3440,137.6,70,-0.73,4.63,2.3619708402094726,2.0008997975910736,0.2385177486640454,0.5633719672168871,seq_eth
3440,137.6,71,-0.57,5.34,2.1892493005594096,1.2938701635017325,0.5704137498066855,1.2487779027937562,seq_eth
3440,137.6,72,-0.42,5.89,2.2886950430321313,1.2975746606650422,0.5671614055659394,1.2980594975179018,seq_eth
3440,137.6,73,-0.67,6.63,2.382389819068206,2.0008997975910736,0.2385177486640454,0.568242256084291,seq_eth
3440,137.6,74,12.45,4.92,1.7714753738056606,9.3676517868674,0.010882029637212812,0.01927724751934584,seq_eth
3440,137.6,75,12.7,5.68,2.427060979868413,9.769339793455849,0.0100055496495324,0.024284079136516167,seq_eth
3440,137.6,76,11.93,5.99,1.750714140001133,9.110049396133919,0.011506147006993027,0.02014397426207441,seq_eth
3450,138.0,69,2.07,3.13,2.8689065861404,3.131581070322146,0.09737423609652203,0.2793575872577023,seq_eth
3450,138.0,70,0.27,4.67,2.539992618099473,1.9000263156072343,0.2645161238058147,0.6718690018350556,seq_eth
3450,138.0,71,0.44,5.37,2.425032216280813,1.2134249049694013,0.6485531503337216,1.5727622835296884,seq_eth
3450,138.0,72,0.45,5.81,2.2766820704700628,1.1541230437002803,0.7169141580716011,1.6321856097477545,seq_eth
3450,138.0,73,0.26,6.57,2.3378007827870713,1.9000263156072343,0.2645161238058147,0.6183860012930354,seq_eth
3450,138.0,74,11.75,4.81,1.9375403221610359,9.824703557868807,0.009893101654200497,0.01916828336625151,seq_eth
3450,138.0,75,11.75,5.48,2.421905241746637,9.96116961004078,0.009623891367503239,0.023308152948956305,seq_eth
3450,138.0,76,11.23,6.01,2.14045847892452,9.602083107326242,0.010357154648062606,0.022169059483978105,seq_eth
3460,138.4,69,0.96,2.92,2.973686684908104,3.0716770663596784,0.10120926515085765,0.30096464416843915,seq_eth
3460,138.4,70,1.3,4.72,2.3146611523071465,1.8318296864064627,0.2845779170793218,0.6587014494679906,seq_eth
3460,138.4,71,1.37,5.33,1.9759886765869605,1.2813274366843157,0.5816358012860109,1.149305757238741,seq_eth
3460,138.4,72,1.4,5.96,2.3565069488545634,1.2440257232067191,0.6170390660063141,1.4540568467586088,seq_eth
3460,138.4,73,1.2,6.6,2.289172885563659,1.882657695918193,0.2694192694253956,0.6167472864169858,seq_eth
3460,138.4,74,10.94,4.57,2.2374650835264123,9.600130207450315,0.010361368870759495,0.02318320106586186,seq_eth
3460,138.4,75,10.78,5.42,2.4295382791797766,9.395530852485132,0.010817545635862204,0.026281641209101363,seq_eth
3460,138.4,76,10.22,5.9,2.488253654674263,8.820204079271637,0.012274791230286542,0.030542794139124082,seq_eth
3470,138.8,69,-0.28,2.76,2.70707983812819,4.12167441703005,0.05621135014606444,0.15216861265437515,seq_eth
3470,138.8,70,2.12,4.75,2.32983368505143,1.8902380802428034,0.26726270880251113,0.6226776617261818,seq_eth
3470,138.8,71,2.02,5.42,1.8395821536425594,1.2220065466273082,0.6394760989428597,1.1763688192962483,seq_eth
3470,138.8,72,2.33,5.95,2.166109704054749,1.2182364302548174,0.6434402388999203,1.3937621454604232,seq_eth
3470,138.8,73,2.09,6.64,2.2133825923233896,1.8902380802428034,0.26726270880251113,0.5915546272406733,seq_eth
3470,138.8,74,10.01,4.39,2.3930237148846314,7.836836096282734,0.015548548563100367,0.03720804544353454,seq_eth
3470,138.8,75,9.84,5.12,2.3601178466339756,7.555726305260136,0.016727034254433816,0.03947777206514708,seq_eth
3470,138.8,76,9.28,5.61,2.3407063570640814,6.958311576812294,0.019722576031512434,0.046164759094640836,seq_eth
3480,139.2,69,-1.19,2.66,2.288695043032294,5.376095237251662,0.03303980494877144,0.07561803780900705,seq_eth
3480,139.2,70,3.16,4.84,2.0385733369198027,1.720523176246109,0.32258957453934606,0.6576225054242141,seq_eth
3480,139.2,71,2.84,5.4,1.8955952231423752,1.157324500734344,0.7129533063695483,1.3514708818776782,seq_eth
3480,139.2,72,3.13,5.86,2.000976324197808,1.0204410811016975,0.9170552756663507,1.8350058945890617,seq_eth
3480,139.2,73,2.97,6.55,2.350299183082909,1.720523176246109,0.32258957453934606,0.7581820135108882,seq_eth
3480,139.2,74,9.07,4.16,2.3265451854628254,5.948991511172293,0.026982655191403682,0.06277636652656375,seq_eth
3480,139.2,75,8.98,4.85,2.2267198409319966,5.8200085910589525,0.028191886000483328,0.06277543191056922,seq_eth
3480,139.2,76,8.41,5.42,2.3835700640006756,5.281940931135069,0.03422821898180115,0.08158535810908091,seq_eth
3490,139.6,70,3.73,5.01,1.7899895251089908,1.6178998732925354,0.3648111470627182,0.6530081318852612,seq_eth
3490,139.6,71,3.53,5.56,1.8045082432618331,1.1384638773364757,0.736771590580488,1.329510408603623,seq_eth
3490,139.6,72,3.93,6.0,2.4653853654144675,1.0100000000000002,0.9361137717394095,2.3078811932092793,seq_eth
3490,139.6,73,3.97,6.61,2.468299009439461,1.6178998732925354,0.3648111470627182,0.9004629929273809,seq_eth
3490,139.6,74,8.22,3.88,2.2854157171070333,4.630010799123475,0.044545862693071425,0.10180581473083727,seq_eth
3490,139.6,75,8.17,4.5,2.242800983145821,4.469194558306899,0.047809352225745456,0.10722686217546676,seq_eth
3490,139.6,76,7.47,5.01,2.4233564017700395,3.6758264376871765,0.07067427922107301,0.17126896699087057,seq_eth
3500,140.0,70,4.57,5.09,2.11482859825563,1.7376996288196647,0.3162437602832733,0.6688013482669644,seq_eth
3500,140.0,71,4.26,5.66,1.6422640622019113,1.313697073148905,0.5533257958925555,0.9087070692836139,seq_eth
3500,140.0,72,5.09,6.08,2.6529464751479246,1.1182575731914361,0.7636382715324845,2.0258914607501586,seq_eth
3500,140.0,73,4.93,6.79,2.256795294216969,1.7376996288196647,0.3162437602832733,0.7136974300327703,seq_eth
3500,140.0,74,7.35,3.54,2.4605957103920653,3.1829074758779896,0.09425911405219403,0.23193357170218507,seq_eth
3500,140.0,75,7.3,4.22,2.1946312332598974,2.8652748559256924,0.11631582481319548,0.2552703420574254,seq_eth
3500,140.0,76,6.58,4.78,2.225877635900019,1.9773972792537164,0.2442212880876121,0.5436067033649115,seq_eth
3510,140.4,70,5.41,5.21,2.0512953224730657,1.0962207806824313,0.7946489627622306,1.630059700322237,seq_eth
3510,140.4,71,4.83,5.75,1.79617649466858,1.3724430771438205,0.5069705131404612,0.9106085191929648,seq_eth
3510,140.4,72,6.05,6.1,2.337800782787072,1.2692123541787637,0.5927926367567027,1.385831090240232,seq_eth
3510,140.4,73,5.77,6.75,2.4380127665785163,1.5815182578775369,0.3817886048902017,0.9308054928565127,seq_eth
3510,140.4,74,6.4,3.13,2.352027051289981,2.303584163862914,0.1799547081035281,0.4232583414664904,seq_eth
3510,140.4,75,6.49,3.99,2.204576206439655,1.6293557008830208,0.3596992837695389,0.792984482471711,seq_eth
3510,140.4,76,5.77,4.48,2.2014199962750993,1.4897650821522173,0.4302647826220469,0.947193496157133,seq_eth
3520,140.8,70,6.2,5.28,2.240988900017199,1.5769908052997648,0.3839839392622831,0.8605037456716548,seq_eth
3520,140.8,71,5.68,5.88,2.1815275611369698,1.4821943192442752,0.43467142726176505,0.948247698610284,seq_eth
3520,140.8,72,6.96,6.05,2.300543414065519,1.2912397143830423,0.5727401538723516,1.3176135889619103,seq_eth
3520,140.8,73,6.88,6.75,2.563262081801275,1.6196604582442578,0.3640184723635773,0.9330747472847831,seq_eth
3520,140.8,74,5.56,2.96,2.4314668926391643,2.406657433038612,0.16487045209795784,0.4008770458506357,seq_eth
3520,140.8,75,5.58,3.83,2.4270609798685108,1.5769908052997648,0.3839839392622831,0.9319524358796875,seq_eth
3520,140.8,76,4.88,4.32,2.336296481613637,1.6321764610482534,0.35845707903580026,0.8374620125608415,seq_eth
3530,141.2,70,7.2,5.31,2.0756023222188573,1.613846337170922,0.3666460581882786,0.7610114098079813,seq_eth
3530,141.2,71,6.56,5.98,2.1630779574486487,1.5033296378372911,0.42253524714662466,0.9139766793479809,seq_eth
3530,141.2,72,7.89,6.14,2.2003195790612438,1.3395894893585871,0.5321424678469612,1.170883490853637,seq_eth
3530,141.2,73,7.82,6.8,2.439070007195411,1.613846337170922,0.3666460581882786,0.8942754037834538,seq_eth
3530,141.2,74,4.51,2.67,2.4931155207892677,3.7690449718728485,0.06722158419165349,0.1675911748802538,seq_eth
3530,141.2,75,4.59,3.59,2.428509059073137,3.097256850827842,0.09954442390820097,0.24174453524128262,seq_eth
3530,141.2,76,3.94,4.1,2.415218675399858,3.2247170418503392,0.09183075533247796,0.22179135525507587,seq_eth
3530,141.2,77,12.07,4.37,2.795084971874697,4.959889111663688,0.038817489829530774,0.10849818246842036,seq_eth
3530,141.2,78,-2.19,5.0,2.638654960391715,7.093581605930814,0.018977554329513806,0.05007521786767487,seq_eth
3540,141.6,70,7.86,5.24,1.9318465907001758,1.7362315513778679,0.31677878870504983,0.6119680229659819,seq_eth
3540,141.6,71,7.4,6.07,2.1617411963507247,1.5546703830716009,0.3950888119782262,0.8540797610705972,seq_eth
3540,141.6,72,8.72,6.08,2.2750343404001323,1.3200378782444089,0.548022759570371,1.2467705973434393,seq_eth
3540,141.6,73,8.83,6.68,2.4591982941600747,1.7362315513778679,0.31677878870504983,0.7790218568095533,seq_eth
3540,141.6,74,3.64,2.42,2.365936653843428,5.075509826608555,0.03706909950589158,0.0877031412459582,seq_eth
3540,141.6,75,3.7,3.34,2.4071832605765255,4.57335762870126,0.04565633587137694,0.10990316744883813,seq_eth
3540,141.6,76,3.05,3.7,2.5456457923285036,4.453133728061621,0.048154835936308524,0.12258515548153322,seq_eth
3540,141.6,77,10.97,4.17,3.123799769511439,3.2984390247509503,0.08777169026272526,0.2741811858123306,seq_eth
3540,141.6,78,-1.15,5.18,2.739325875101352,5.52826374189944,0.03124596009225181,0.08559286697308961,seq_eth
3550,142.0,70,8.74,5.44,2.2010295886243463,1.5804113388608667,0.38232360113359215,0.841505558524449,seq_eth
3550,142.0,71,8.28,6.16,2.202874542501198,1.5719096666157377,0.38647037862777617,0.8513457585099272,seq_eth
3550,142.0,72,9.71,6.13,2.4955272488994837,1.4303146506975324,0.4667756665125477,1.164851394905281,seq_eth
3550,142.0,73,9.78,6.63,2.44009477274958,1.5804113388608667,0.38232360113359215,0.9329058206248736,seq_eth
3550,142.0,74,2.66,2.27,2.464149193940949,4.10440007796511,0.056685503383653905,0.1396815374709677,seq_eth
3550,142.0,75,2.72,3.13,2.4528682190447633,3.546843667262486,0.07590795451159943,0.1861922091941978,seq_eth
3550,142.0,76,2.01,3.45,2.6042333324799847,2.8014282071829,0.12167809104884968,0.3168781405419488,seq_eth
3550,142.0,77,9.63,3.83,3.2092882777961402,2.6928423644914687,0.13168900606108774,0.42262798346647373,seq_eth
3550,142.0,78,-0.03,5.37,2.7598969636563946,3.7564477901336524,0.06767319296085805,0.18677103977360543,seq_eth
3550,142.0,79,-3.78,5.15,1.726629664983176,6.806643813216613,0.020611297518505604,0.035588077729245896,seq_eth
3560,142.4,70,9.6,5.51,2.1130916331290215,1.5996249560443847,0.3731943327150899,0.7885938219914247,seq_eth
3560,142.4,71,9.16,6.16,2.139837902739335,1.676096655924114,0.3399172956079354,0.727367912938511,seq_eth
3560,142.4,72,10.71,5.92,2.477208610513016,1.5684705926475009,0.38816700888231004,0.9615706567203409,seq_eth
3560,142.4,73,10.78,6.59,2.519455546343261,1.676096655924114,0.3399172956079354,0.8564065157174146,seq_eth
3560,142.4,74,1.7,2.07,2.356374333589603,3.524272974671514,0.07688335079516702,0.18116595449409734,seq_eth
3560,142.4,75,1.79,2.89,2.4365062076670014,2.747216773390844,0.1265276736473622,0.3082854622834625,seq_eth
3560,142.4,76,1.03,3.19,2.604863240172084,2.3400000000000003,0.17439726396219077,0.45428102208169846,seq_eth
3560,142.4,77,8.46,3.63,2.91397494841664,3.210389384482823,0.09265224793349622,0.2699863293926954,seq_eth
3560,142.4,78,1.03,5.53,2.6854061610862137,3.524272974671514,0.07688335079516702,0.20646302391029417,seq_eth
3560,142.4,79,-3.09,5.12,1.8006943105368856,5.365379762887246,0.033171907700665644,0.05973246546624333,seq_eth
3570,142.8,70,10.43,5.4,1.8466608378368004,1.6682026255823956,0.3431419233717965,0.6336667517106929,seq_eth
3570,142.8,71,9.99,6.24,2.1910685178698195,1.795466513193715,0.29622162687327386,0.6490418809542109,seq_eth
3570,142.8,72,11.64,5.68,2.31981949728857,1.742440816785466,0.3145251008041144,0.7296414612320375,seq_eth
3570,142.8,73,11.78,6.38,2.4000325518626195,1.795466513193715,0.29622162687327386,0.7109415470615602,seq_eth
3570,142.8,74,0.86,1.71,2.4465536985728127,4.130520548308652,0.05597083783973999,0.136935660329035,seq_eth
3570,142.8,75,0.85,2.58,2.4025052029080443,3.314724724618924,0.08691134013063799,0.20880494685556847,seq_eth
3570,142.8,76,-0.0,2.9,2.5471184699578133,3.274095294886818,0.08908175215270689,0.22690177624436392,seq_eth
3570,142.8,77,7.33,3.45,3.062066295820601,4.852731189752839,0.0405507519874038,0.12416909093080944,seq_eth
3570,142.8,78,2.1,5.65,2.552694654673807,4.130520548308652,0.05597083783973999,0.14287645857111872,seq_eth
3570,142.8,79,-2.34,5.19,1.8510554421735017,4.4637652268012475,0.04792572513959069,0.08871317433975075,seq_eth
3580,143.2,70,11.04,5.84,1.8803257696474818,1.6595180023127207,0.34674279540717895,0.6519894136437231,seq_eth
3580,143.2,71,10.91,6.06,2.343608329051726,1.7555910685578233,0.309830848626382,0.7261221574379534,seq_eth
3580,143.2,72,12.52,5.51,2.240675121475793,1.7013524032369067,0.32990038642692343,0.7391995884320577,seq_eth
3580,143.2,73,12.66,6.2,2.2455511572886917,1.7555910685578233,0.309830848626382,0.6957410206967095,seq_eth
3580,143.2,74,-0.12,1.35,2.480076863728281,4.100304866714182,0.056798790099709846,0.14086536521404933,seq_eth
3580,143.2,75,0.0,2.19,2.3759866371678586,3.3871079108879893,0.08323640519079295,0.19776858645921344,seq_eth
3580,143.2,76,-0.88,2.48,2.3316437335065294,2.7872925931807018,0.12291538918153841,0.2865948969366503,seq_eth
3580,143.2,77,6.04,3.25,2.871410803072336,5.630994583552713,0.030116268667986168,0.0864761792014844,seq_eth
3580,143.2,78,3.05,5.83,2.5830275356643457,4.748905136976312,0.042343269963833606,0.10937383226665123,seq_eth
3580,143.2,79,-1.61,5.17,1.8809904305977032,3.3871079108879893,0.08323640519079295,0.15656688164123453,seq_eth
3580,143.2,80,-2.27,5.91,2.790721232943158,4.357900870832195,0.0502824797960841,0.14032438401196726,seq_eth
3590,143.6,74,-0.96,0.92,2.359157688667682,4.391639784863963,0.04951285399379734,0.11680863018734734,seq_eth
3590,143.6,75,-0.84,1.71,2.41867732448953,3.5999999999999996,0.07368284402402564,0.17821502404480968,seq_eth
3590,143.6,76,-1.65,2.03,2.229630014150298,3.3785351855500925,0.08365935069879295,0.18652939928235446,seq_eth
3590,143.6,77,5.05,3.17,2.905275374211498,6.266713652306127,0.024315974570781815,0.0706446021204454,seq_eth
3590,143.6,78,4.15,5.91,2.7273212590378475,5.323391775926322,0.03369725492003359,0.0919032397146253,seq_eth
3590,143.6,79,-0.84,5.31,1.8542181640788395,3.5999999999999996,0.07368284402402564,0.1366240677703363,seq_eth
3590,143.6,80,-1.17,6.1,2.7925402861910116,4.4023857168585305,0.0492714338037961,0.13759246385549426,seq_eth
3600,144.0,77,3.72,3.11,3.102040658985586,4.849267985995412,0.040608692965094034,0.12596981668598362,seq_eth
3600,144.0,78,5.23,5.92,2.66296944218288,5.399268468968737,0.03275680512043289,0.08723037105925249,seq_eth
3600,144.0,79,-0.13,5.27,1.8135772660683378,5.399268468968737,0.03275680512043289,0.05940699707544801,seq_eth
3600,144.0,80,-0.05,6.16,2.7210119900507217,5.285451730930858,0.034182762691558274,0.09301170713678854,seq_eth
3610,144.4,77,2.58,2.93,2.965215000636505,4.725843839993023,0.04275753387503009,0.12678528083646273,seq_eth
3610,144.4,78,6.28,5.87,2.776801217228159,5.692890302825095,0.02946495290047123,0.08181831707959888,seq_eth
3610,144.4,79,0.61,5.36,1.8980664503646592,5.692890302825095,0.02946495290047123,0.0559264385619593,seq_eth
3610,144.4,80,0.99,6.37,3.02285564491587,5.313576949663946,0.03382185578967886,0.10223858769536125,seq_eth
3620,144.8,77,1.36,2.87,2.9221674318902933,6.775618052989705,0.020800489197137208,0.06078251209926022,seq_eth
3620,144.8,78,7.45,5.84,2.9384572908246227,6.775618052989705,0.020800489197137208,0.06112134913404663,seq_eth
3620,144.8,79,1.38,5.43,2.0150992531387133,6.0838310298692555,0.025799844880214303,0.0519892481492145,seq_eth
3620,144.8,80,2.36,6.36,3.11974558257565,5.116492939504559,0.03647763082496599,0.113800927629013,seq_eth
3630,145.2,77,0.25,2.74,2.791169109889319,8.92464565122896,0.011989178292230718,0.03346382410222996,seq_eth
3630,145.2,78,8.63,5.81,2.8881763277196884,8.92464565122896,0.011989178292230718,0.03462686093243152,seq_eth
3630,145.2,79,2.19,5.68,2.0130822139197897,6.4413119781609725,0.02301562185443346,0.046332338997463605,seq_eth
3630,145.2,80,3.48,6.2,2.8267693574114485,5.164745879518179,0.03579921193012723,0.10119611530356201,seq_eth
3640,145.6,77,-0.86,2.63,2.7897692556911906,6.584291913334342,0.022026892285207492,0.06144994689569334,seq_eth
3640,145.6,78,9.76,5.79,2.8402519694561907,11.080162453682707,0.007778200362884843,0.022092048899508533,seq_eth
3640,145.6,79,2.94,5.83,1.9543621082081724,6.820117301044023,0.02052994063188227,0.04012293805471405,seq_eth
3640,145.6,80,4.62,6.28,2.925026709279722,6.584291913334342,0.022026892285207492,0.06442924825665937,seq_eth
3640,145.6,81,-4.98,5.09,2.5760920014626447,9.673474039867996,0.010204845666269183,0.026288621297036775,seq_eth
3650,146.0,77,-1.98,2.65,2.8749999999999596,8.565722386348977,0.013014976619718963,0.037418057781691494,seq_eth
3650,146.0,78,10.9,5.71,2.8062708796550226,13.238504447255362,0.00544870795371037,0.015290550462242118,seq_eth
3650,146.0,79,3.73,5.95,2.0047599606935207,7.17401561191499,0.018554392829342816,0.037197103839245446,seq_eth
3650,146.0,80,5.82,6.19,2.9926994503290416,8.565722386348977,0.013014976619718963,0.03894991337587827,seq_eth
3650,146.0,81,-3.95,5.06,2.7125288016903695,9.835130909144015,0.009872135149161606,0.026778450926280707,seq_eth
3660,146.4,77,-3.16,2.63,2.9504236983863446,10.710634901816045,0.00832417018952936,0.02455982899658857,seq_eth
3660,146.4,78,12.0,5.64,2.755562555994652,14.820583659222063,0.004347511781492859,0.011979840676827325,seq_eth
3660,146.4,79,4.53,6.04,2.0524375751773496,7.480701838731443,0.017064229820309754,0.035023266474665575,seq_eth
3660,146.4,80,7.0,6.02,2.867326716647366,9.85493277501171,0.00983250214479011,0.028192996091249214,seq_eth
3660,146.4,81,-2.81,5.08,2.977126340953596,9.85493277501171,0.00983250214479011,0.02927260113273737,seq_eth
3670,146.8,79,5.37,6.03,2.075602322218824,6.995570026809824,0.013008700240458974,0.02700088842814522,seq_eth
3670,146.8,80,8.09,5.86,2.922568433758299,9.686056989301683,0.0067855660630718444,0.019831281181115348,seq_eth
3670,146.8,81,-1.57,5.15,3.0300577552251964,9.686056989301683,0.0067855660630718444,0.020560657073003745,seq_eth
3680,147.2,79,6.19,6.0,2.150327010015026,10.028982999287615,0.009494182854045984,0.020415597829076627,seq_eth
3680,147.2,80,9.32,5.73,3.0762446667975576,13.170410016396604,0.005505196068893074,0.0169353300466072,seq_eth
3680,147.2,81,-0.39,5.22,2.8920688961365326,9.723384184531639,0.010100351566266064,0.029210912604841995,seq_eth
3680,147.2,82,-3.79,6.99,1.7516064055603116,13.170410016396604,0.005505196068893074,0.009642936698138555,seq_eth
3690,147.6,79,7.09,6.0,2.2000355110770062,10.230972583288453,0.009122997173586375,0.020070917749345184,seq_eth
3690,147.6,80,10.55,5.79,2.9676642751496907,13.69534592480234,0.005091261091910013,0.015109153657920952,seq_eth
3690,147.6,81,0.74,5.28,2.7772794691927896,9.823247935382676,0.009896033818444372,0.02748405155040308,seq_eth
3690,147.6,82,-3.09,7.02,2.3271495439700143,13.69534592480234,0.005091261091910013,0.011848125928270664,seq_eth
3700,148.0,79,7.95,5.99,2.138084715346861,9.938853052540821,0.009667158582957134,0.020669204007054867,seq_eth
3700,148.0,80,11.69,5.87,2.857008925432287,13.672761242704414,0.005108094484517173,0.014593871534217,seq_eth
3700,148.0,81,1.83,5.31,2.8126111089163706,9.875889833326411,0.009790816445593625,0.027537759100237723,seq_eth
3700,148.0,82,-1.93,7.07,2.7148319469167497,13.672761242704414,0.005108094484517173,0.013867618094436469,seq_eth
3710,148.4,79,8.8,6.04,2.163402990660746,9.778716684718912,0.006657580028796132,0.014403028544860808,seq_eth
3710,148.4,81,2.99,5.3,2.987918380745991,5.856936059067062,0.01855834129751547,0.05545080907900387,seq_eth
3710,148.4,82,-0.92,7.11,2.6639374054207425,9.778716684718912,0.006657580028796132,0.01773537646829212,seq_eth
3720,148.8,79,9.68,6.04,2.1384135474692854,9.528483614930552,0.007011848757242724,0.014994232375293513,seq_eth
3720,148.8,81,4.22,5.27,2.9377393519508,5.5140275661262335,0.020938340455116233,0.06151138671953838,seq_eth
3720,148.8,82,0.2,7.0,2.6854061610863,9.528483614930552,0.007011848757242724,0.018829661853304924,seq_eth
3730,149.2,79,10.51,5.99,2.0638631858725986,9.3378584268557,0.007301053864731492,0.015068376289492187,seq_eth
3730,149.2,81,5.34,5.27,2.8751086935975683,5.2198946349519355,0.023364508496899927,0.06717550150107122,seq_eth
3730,149.2,82,1.21,6.83,2.5690769256681043,9.3378584268557,0.007301053864731492,0.018756969016941613,seq_eth
3740,149.6,79,11.33,5.98,2.050152433357062,9.122554466814654,0.007649749130238539,0.01568315179392961,seq_eth
3740,149.6,81,6.52,5.29,2.975420138400583,4.8592386234882525,0.026961476371010797,0.080221719755317,seq_eth
3740,149.6,82,2.24,6.75,2.5883452725631115,9.122554466814654,0.007649749130238539,0.019800191997546696,seq_eth
3750,150.0,81,7.72,5.23,2.9906625520107997,4.662038180881833,0.01464530684640117,0.04379917074823936,seq_eth
3750,150.0,82,3.27,6.62,2.6730717349146835,4.662038180881833,0.01464530684640117,0.03914795578026747,seq_eth
3760,150.4,81,8.91,5.18,2.9626054833540962,4.74510273861378,0.01413705303711986,0.04188251084623897,seq_eth
3760,150.4,82,4.37,6.56,2.7680374365242577,4.74510273861378,0.01413705303711986,0.03913189204887673,seq_eth
3770,150.8,81,10.09,5.25,2.959544939682513,4.771268175233917,0.013982424167967968,0.04138161269080407,seq_eth
3770,150.8,82,5.48,6.48,2.7500568175949223,4.771268175233917,0.013982424167967968,0.03845246090962432,seq_eth
3780,151.2,81,11.27,5.37,2.935664320047574,4.810873101631345,0.013753154580301614,0.04037464518949031,seq_eth
3780,151.2,82,6.56,6.35,2.6879360111431816,4.810873101631345,0.013753154580301614,0.0369675994632115,seq_eth
3790,151.6,81,12.43,5.45,2.9068883707496855,4.876248558061822,0.013386851861138992,0.03891408399609372,seq_eth
3790,151.6,82,7.6,6.12,2.6991028602111085,4.876248558061822,0.013386851861138992,0.03613249014762265,seq_eth
3820,152.8,82,10.9,5.63,2.76973035691208,1.0511898020814316,0.2880632454151953,0.797857515537081,seq_eth
3820,152.8,83,11.39,4.7,2.642087243071433,1.0511898020814316,0.2880632454151953,0.7610882259092429,seq_eth
3830,153.2,82,11.99,5.62,2.7251146764862653,1.950410213262841,0.0836754780851688,0.22802527339189835,seq_eth
3830,153.2,83,10.34,4.58,2.6606214029809463,1.950410213262841,0.0836754780851688,0.22262876789806324,seq_eth
3850,154.0,83,8.27,4.54,2.4255154091449986,10.22516503534295,0.006088908816186673,0.014768742158539606,seq_eth
3850,154.0,84,-0.73,9.29,2.0907534527054765,10.17656621852381,0.006147203595583164,0.012852287141949019,seq_eth
3850,154.0,85,-0.45,9.88,2.4115606979713027,10.22516503534295,0.006088908816186673,0.01468377319464675,seq_eth
3860,154.4,83,7.33,4.47,2.4179666044012755,8.557955363286258,0.008692407724445595,0.02101795158954913,seq_eth
3860,154.4,84,0.02,8.92,2.047292419269871,8.557955363286258,0.008692407724445595,0.017795900439460336,seq_eth
3860,154.4,85,0.46,9.56,2.1772976369802697,8.550146197580483,0.008708293172390143,0.018960546146376475,seq_eth
3870,154.8,83,6.34,4.41,2.4888815259068227,7.075153708577645,0.012717693793326542,0.03165283313435029,seq_eth
3870,154.8,84,0.76,8.61,2.0599226320423294,6.984010309270741,0.013051799074297847,0.026885696302015257,seq_eth
3870,154.8,85,1.17,9.24,1.973971251057161,7.075153708577645,0.012717693793326542,0.025104361927774686,seq_eth
3880,155.2,83,5.35,4.26,2.439582443780139,5.780008650512559,0.019055622741744802,0.04648776269605818,seq_eth
3880,155.2,84,1.53,8.26,2.1858207840534827,5.531039685267138,0.020809736155632818,0.045486353799651436,seq_eth
3880,155.2,85,1.89,8.89,2.1749281597331316,5.780008650512559,0.019055622741744802,0.041444610502271835,seq_eth
3890,155.6,83,4.41,4.12,2.3706868730390864,4.678226159560908,0.02908825687740824,0.06895914873886064,seq_eth
3890,155.6,84,2.33,7.84,2.224894660427738,4.262018301227718,0.0350468913705398,0.07797564147490497,seq_eth
3890,155.6,85,2.74,8.49,2.2935030521017086,4.678226159560908,0.02908825687740824,0.06671400592865431,seq_eth
3900,156.0,83,3.47,4.01,2.4518487922381818,4.120982892466312,0.03748681126851647,0.09191199293357276,seq_eth
3900,156.0,84,3.12,7.46,2.3274516643745464,3.4677081768799405,0.05294135321144127,0.12321844064620972,seq_eth
3900,156.0,85,3.56,8.13,2.180882848756409,4.120982892466312,0.03748681126851647,0.08175434375007605,seq_eth
3910,156.4,83,2.48,3.77,2.5133704959674805,4.3847462868448845,0.03311244004824619,0.083223829866754,seq_eth
3910,156.4,84,3.96,6.94,2.372366961496438,3.4984710946354842,0.05201439399047177,0.1233972298252541,seq_eth
3910,156.4,85,4.32,7.75,2.2388613177237793,4.3847462868448845,0.03311244004824619,0.07413416115946611,seq_eth
3920,156.8,83,1.49,3.66,2.435415775591559,10.908684613646138,0.00802465943989106,0.01954338219366041,seq_eth
3920,156.8,84,4.78,6.54,2.248089466636105,7.759903349913579,0.015858377718772423,0.03565105190750899,seq_eth
3920,156.8,85,5.2,7.41,2.2235247918564283,7.605524308027685,0.01650870718745889,0.03670751971281325,seq_eth
3920,156.8,86,12.34,4.79,2.634032080290744,10.908684613646138,0.00802465943989106,0.021137210398081006,seq_eth
3930,157.2,83,0.54,3.59,2.44377397686452,10.827469695178094,0.008145494003462917,0.019905746274368676,seq_eth
3930,157.2,84,5.59,6.18,2.1989344010225063,5.983619306072203,0.02667125628221028,0.05864834295743982,seq_eth
3930,157.2,85,6.03,7.26,2.292140102611567,6.60371107787129,0.021897536255162282,0.05019222099884819,seq_eth
3930,157.2,86,11.33,4.49,2.8740487556755645,10.827469695178094,0.008145494003462917,0.02341054690501537,seq_eth
3940,157.6,83,-0.46,3.52,2.5537044171164007,10.59381895257796,0.0085087602896878,0.021728858735960362,seq_eth
3940,157.6,84,6.43,5.93,2.1774411587916376,5.624597763396064,0.030184809712681768,0.06572564703868687,seq_eth
3940,157.6,85,7.0,7.06,2.027968503207059,5.368472780968531,0.0331336950625899,0.06719408998179957,seq_eth
3940,157.6,86,10.11,4.23,3.080609720493611,4.204878119517852,0.0540088037187587,0.16638004572823953,seq_eth
3940,157.6,87,11.99,5.08,2.9172975508164662,5.624597763396064,0.030184809712681768,0.08805807144666761,seq_eth
3950,158.0,83,-1.5,3.48,2.6019223662515008,6.359913521424641,0.02360853081205416,0.06142756435422142,seq_eth
3950,158.0,84,7.29,5.8,2.176328617189938,3.7489331815864637,0.06794476207274337,0.14787013008707295,seq_eth
3950,158.0,85,7.64,7.06,1.9535624510109462,3.996648596011414,0.05978324058744469,0.11679029401138553,seq_eth
3950,158.0,86,8.97,3.78,3.0082438814031907,3.5393926032583614,0.07622789097023078,0.22931208660346628,seq_eth
3950,158.0,87,10.88,4.72,2.943876058872002,3.996648596011414,0.05978324058744469,0.17599445068716338,seq_eth
3950,158.0,88,-1.99,5.65,2.85700892543229,4.581320770258288,0.045497756321384204,0.12998749589733807,seq_eth
3950,158.0,89,-1.74,6.64,2.6800186566514412,3.6220022087237878,0.07279037560705336,0.19507956465156898,seq_eth
3950,158.0,90,0.43,9.54,2.865855020757289,6.359913521424641,0.02360853081205416,0.06765862656042856,seq_eth
3960,158.4,84,8.15,5.66,2.2047179524827794,2.194948746554233,0.19820865510219857,0.4369941802412846,seq_eth
3960,158.4,85,8.55,6.86,2.004136347656986,3.44815892905185,0.08031503124958972,0.16096227339050942,seq_eth
3960,158.4,86,7.82,3.49,2.9231831964486528,3.44815892905185,0.08031503124958972,0.2347755497710491,seq_eth
3960,158.4,87,9.71,4.49,2.8795073363337296,2.638654960391752,0.13715327232335686,0.39493385385728397,seq_eth
3960,158.4,88,-0.85,5.73,2.774999999999961,8.954691507807514,0.011908858206198948,0.033047081522201614,seq_eth
3960,158.4,89,-0.68,6.48,2.6931916474695585,8.867993008567383,0.012142851892725225,0.032703027293947494,seq_eth
3960,158.4,90,1.48,9.08,3.006503367701381,7.4103508688860344,0.017389770029325718,0.05228240215672031,seq_eth
3970,158.8,84,9.04,5.58,2.2160282601989096,3.148412298286234,0.09633590502409801,0.21348308800523932,seq_eth
3970,158.8,85,9.19,6.65,1.9862810727589013,3.260383413035958,0.08983261291534152,0.17843281875021968,seq_eth
3970,158.8,86,6.69,3.26,3.0140556149481457,4.212137224735206,0.053822808943212584,0.16222493950757116,seq_eth
3970,158.8,87,8.67,4.07,2.87836759292492,2.6318814562969965,0.1378601458900751,0.39681217628589377,seq_eth
3970,158.8,88,0.23,5.65,2.713219950538533,6.887938733757728,0.020127638834057462,0.05461071124179884,seq_eth
3970,158.8,89,0.41,6.5,2.714831946916846,7.066540879383633,0.01912307070152539,0.051915923263650667,seq_eth
3970,158.8,90,2.68,8.69,3.059513850271045,6.750185182644992,0.020957525700677538,0.06411984014863431,seq_eth
3970,158.8,91,12.18,5.35,2.631539473388302,3.736107600163571,0.06841205420004816,0.1800290210830067,seq_eth
3980,159.2,84,9.92,5.56,2.183066936674229,2.9783552508053837,0.10765107868141637,0.235009510566716,seq_eth
3980,159.2,85,10.1,6.51,2.46639919721042,3.741403479979137,0.06821851955275161,0.16825410185978992,seq_eth
3980,159.2,86,5.47,2.95,2.9517473638508522,5.158933998414788,0.03587991773505415,0.10590845258963152,seq_eth
3980,159.2,87,7.51,3.81,2.9263084680191147,3.741403479979137,0.06821851955275161,0.1996284314429446,seq_eth
3980,159.2,88,1.32,5.68,2.687761615173548,4.967433945207525,0.03869966276337454,0.10401546809555917,seq_eth
3980,159.2,89,1.49,6.57,2.5879830466987856,5.380037174592755,0.03299140635110183,0.08538120032340218,seq_eth
3980,159.2,90,3.8,8.3,3.0857029182992246,5.604587406758861,0.030400735355678887,0.09380763780546075,seq_eth
3980,159.2,91,11.16,5.09,2.5815753426929637,3.867932264143208,0.0638283564859983,0.16477771126886973,seq_eth
3990,159.6,84,10.78,5.43,2.2618092868320816,4.750157892112639,0.042320938599156734,0.095721891951023,seq_eth
3990,159.6,85,11.13,6.29,2.3864853865045643,5.432577657061149,0.03235634785301925,0.07721795131188879,seq_eth
3990,159.6,86,4.38,2.77,2.9674273369367867,4.221717659910478,0.05357880359264608,0.1589912064611849,seq_eth
3990,159.6,87,6.36,3.69,2.824225557564369,4.26954330110376,0.052385191647998916,0.14794759709018607,seq_eth
3990,159.6,88,2.38,5.68,2.7056653525518994,3.5310196827545437,0.07658982993009138,0.20722644919969072,seq_eth
3990,159.6,89,2.48,6.54,2.550765816377469,4.221717659910478,0.05357880359264608,0.13666698068652394,seq_eth
3990,159.6,90,4.95,7.72,3.22880105457114,4.26954330110376,0.052385191647998916,0.16914136203697017,seq_eth
3990,159.6,91,10.21,4.73,2.561493704852661,3.987994483446536,0.06004298630864819,0.15379973145015685,seq_eth
4000,160.0,84,11.67,5.1,2.373025495016825,5.914609031880298,0.027297275175412125,0.06477712993574285,seq_eth
4000,160.0,85,11.99,6.24,2.153630655428145,5.916840373036947,0.02727669052390449,0.05874391689090709,seq_eth
4000,160.0,86,3.13,2.55,3.0286651350058063,3.9901002493671758,0.059979627945114425,0.181658207967988,seq_eth
4000,160.0,87,5.29,3.39,2.385961546211473,3.5908912542710056,0.07405712967167183,0.17669746361940566,seq_eth
4000,160.0,88,3.48,5.82,2.7430879041692764,3.0376471157789213,0.1034896078540171,0.2838810915115761,seq_eth
4000,160.0,89,3.53,6.52,2.662764071411472,3.5908912542710056,0.07405712967167183,0.1971966641215882,seq_eth
4000,160.0,90,6.16,7.25,3.352098223501167,3.956829538911172,0.060992537192308134,0.20445297556916497,seq_eth
4000,160.0,91,9.22,4.43,2.6100766272276004,4.065279818167502,0.05778172381032718,0.1508147267982555,seq_eth
4010,160.4,86,2.03,2.18,2.8471476955015467,5.0403670501264095,0.037587812722202525,0.10701805437096264,seq_eth
4010,160.4,87,4.51,3.22,2.73724313863416,3.2915194059886685,0.08814111541811245,0.24126366340978989,seq_eth
4010,160.4,88,4.57,5.82,2.6824662160034363,3.1192627334035192,0.09814483941616196,0.2632702160089369,seq_eth
4010,160.4,89,4.61,6.51,2.7001157382600836,3.2915194059886685,0.08814111541811245,0.23799121292824393,seq_eth
4010,160.4,90,7.5,6.89,3.27151532168194,3.1192627334035192,0.09814483941616196,0.3210823458939875,seq_eth
4010,160.4,91,8.21,4.13,2.6378258092603097,4.013190750512615,0.059291409783577956,0.15640041099455118,seq_eth
4020,160.8,86,0.99,1.77,2.6164145313769054,6.542973330222277,0.02230596836176574,0.05836165975815739,seq_eth
4020,160.8,87,3.13,3.03,3.1153852089268597,4.14030192135791,0.05570669046099207,0.17354779950044166,seq_eth
4020,160.8,88,5.62,5.66,2.6154887210615683,3.204886893480017,0.09297067153635592,0.2431637427928587,seq_eth
4020,160.8,89,5.69,6.5,2.737956582928285,3.0053618750493256,0.10572503471483938,0.2894705547778159,seq_eth
4020,160.8,90,8.69,6.58,3.1442904605014528,3.204886893480017,0.09297067153635592,0.29232679561817787,seq_eth
4020,160.8,91,7.18,3.89,2.577092596318625,3.0848338691086754,0.10034779203372901,0.25860555190704415,seq_eth
4030,161.2,86,0.17,1.22,2.656360291827942,4.037140076836573,0.058590033349778914,0.15563623808722757,seq_eth
4030,161.2,87,2.05,2.82,2.473863375370668,4.237853230115455,0.05317157914804349,0.1315392222649675,seq_eth
4030,161.2,88,6.66,5.72,2.529451521575437,3.3110874346655357,0.08710239239566299,0.22032127897807052,seq_eth
4030,161.2,89,6.8,6.47,2.715982787132559,3.138439102483908,0.0969491419674889,0.2633122008109706,seq_eth
4030,161.2,90,9.93,6.24,3.055962409781979,4.490367468259141,0.04735955536027514,0.14472902092498946,seq_eth
4030,161.2,91,6.18,3.77,2.5350665671733883,4.237853230115455,0.05317157914804349,0.13479349262201873,seq_eth
4030,161.2,92,-1.3,4.98,2.388121646817816,3.9859879578342934,0.06010345217813155,0.14353435519507537,seq_eth
4030,161.2,93,-1.39,5.59,2.381438640821938,4.416616351914664,0.04895443357605784,0.11658197975757502,seq_eth
4030,161.2,94,-1.99,7.08,2.1213203435596126,5.871047606688265,0.0277038532530889,0.05876874750076764,seq_eth
4030,161.2,95,-2.2,0.33,3.0729668075004866,4.925708070927468,0.03935809264264227,0.1209461122973688,seq_eth
4040,161.6,86,-0.75,0.55,2.817024139051665,4.5476257541710705,0.04617447299447181,0.1300746050334163,seq_eth
4040,161.6,87,1.21,2.55,2.3469727842477943,2.9722886804615736,0.1080909681986951,0.25368656058533123,seq_eth
4040,161.6,88,7.64,5.54,2.5070525523011726,3.4481879299133342,0.08031368028186472,0.20135061713534932,seq_eth
4040,161.6,89,7.86,6.39,2.8383533958969545,3.861217424595512,0.06405055057692483,0.1817980977390842,seq_eth
4040,161.6,90,11.06,5.98,3.014677636166054,6.345210792400833,0.023718066016868933,0.07150232319416484,seq_eth
4040,161.6,91,5.17,3.62,2.589793669387545,4.102011701592281,0.05675153231815125,0.14697475912559077,seq_eth
4040,161.6,92,-0.35,5.08,2.1762927192820056,2.9722886804615736,0.1080909681986951,0.23523758711096296,seq_eth
4040,161.6,93,-0.44,5.66,2.4136655215666973,3.5205965403607387,0.07704400775752117,0.185958465167646,seq_eth
4040,161.6,94,-1.15,6.96,2.071721808062047,5.001769686820856,0.03817016186745272,0.07907795675806016,seq_eth
4040,161.6,95,-1.25,1.11,2.9566926201415917,4.070737034002565,0.0576269037017526,0.1703850408965821,seq_eth
4050,162.0,86,-1.75,0.04,2.4550012729120585,5.348878387101355,0.033376895145186984,0.08194032006728635,seq_eth
4050,162.0,87,0.22,2.4,2.407540238500664,3.074166553718259,0.10104541120061078,0.24327089338131616,seq_eth
4050,162.0,88,8.65,5.47,2.5120024382949597,4.9427118062861,0.03908776190939862,0.09818855322390217,seq_eth
4050,162.0,89,9.06,6.25,2.7319006662028866,5.659796816141018,0.029810530246692408,0.08143940744080029,seq_eth
4050,162.0,90,12.31,5.85,3.1418545478745066,8.51920184054821,0.013157505684342269,0.04133896907303543,seq_eth
4050,162.0,91,4.13,3.47,2.5935316173125416,4.200059523387734,0.05413280000858095,0.1403951283559113,seq_eth
4050,162.0,92,0.44,4.92,2.158160385606192,2.529584946191766,0.14923574085006125,0.32207466401919393,seq_eth
4050,162.0,93,0.54,5.65,2.400032551862544,3.2657158480186244,0.08953948546647149,0.21489767979655475,seq_eth
4050,162.0,94,-0.36,6.78,2.1392901860196223,4.418234941693346,0.048918571910545244,0.1046510208023246,seq_eth
4050,162.0,95,-0.15,1.51,2.87836759292481,3.4606646760412954,0.0797356138467437,0.22950840689843383,seq_eth
4060,162.4,86,-2.32,-0.63,2.3799290955824373,6.673057769868323,0.02144478086650869,0.05103705793259358,seq_eth
4060,162.4,87,-0.65,2.05,2.5569146446449507,3.517783392990535,0.07716728016221451,0.19731014873418606,seq_eth
4060,162.4,88,9.63,5.26,2.409778257433623,8.159325952552699,0.014343753601994934,0.034565265560072604,seq_eth
4060,162.4,89,10.03,6.13,2.407864717960675,8.56346308452369,0.013021845018421093,0.031354841182608124,seq_eth
4060,162.4,91,3.12,3.3,2.574696584065744,2.865676185475254,0.11628324771390654,0.2993940806730659,seq_eth
4060,162.4,92,1.37,4.93,2.3999999999999657,2.3915267090291925,0.16696325813046334,0.4007118195131063,seq_eth
4060,162.4,93,1.48,5.65,2.4005207768315264,2.865676185475254,0.11628324771390654,0.27914035213467975,seq_eth
4060,162.4,94,0.54,6.69,2.2300504478598366,4.2601056324931665,0.05261755288598903,0.11733979737868848,seq_eth
4060,162.4,95,0.95,1.79,2.767275284463001,3.167964646267379,0.09515042432755799,0.2633074175478183,seq_eth
4070,162.8,86,-2.96,-1.43,2.5852042956022436,6.753436162428724,0.020937353423375084,0.054127336008651605,seq_eth
4070,162.8,87,-1.57,1.41,2.6280042332538645,4.0259408838183415,0.05891645331075453,0.15483268870896655,seq_eth
4070,162.8,88,10.54,5.09,2.287534152750556,8.1817663129669,0.014265179471437996,0.03263208523603054,seq_eth
4070,162.8,89,10.97,6.0,2.4501275477003817,8.677470829683037,0.012681921400178915,0.031072324980349356,seq_eth
4070,162.8,91,2.12,3.02,2.5670082294375822,2.612221276997797,0.13994308931391647,0.35923506192174215,seq_eth
4070,162.8,92,2.36,4.92,2.5004999500100524,1.977675403093238,0.24415260241137546,0.6105035701244685,seq_eth
4070,162.8,93,2.46,5.61,2.4761361028829314,2.612221276997797,0.13994308931391647,0.34651813579915913,seq_eth
4070,162.8,94,1.42,6.66,2.2285084698067044,3.7066966425646437,0.06950199849714489,0.15488579231938024,seq_eth
4070,162.8,95,1.96,2.18,3.138470965295141,3.4662515777133085,0.07947878538742495,0.24944186029535692,seq_eth
4080,163.2,86,-3.54,-2.3,2.6420872430713347,8.478124792664945,0.013285312437239622,0.03510095451064774,seq_eth
4080,163.2,87,-2.41,0.9,2.459960619603543,5.973683955483416,0.02676004860743262,0.06582866575296087,seq_eth
4080,163.2,88,11.44,4.99,2.026234191795275,8.070619554904074,0.01466079872006208,0.02970621164561819,seq_eth
4080,163.2,89,11.97,5.85,2.6207405918938727,8.653415510652428,0.012752527437332692,0.03342106630425813,seq_eth
4080,163.2,91,1.15,2.72,2.5267629983835596,3.6841552627434146,0.07035509161949254,0.177770642252019,seq_eth
4080,163.2,92,3.37,4.89,2.4020824298929226,2.1423351745233514,0.20806380916667516,0.49978642029586445,seq_eth
4080,163.2,93,3.46,5.59,2.5280921660414726,2.84634853803957,0.11786781274934549,0.29798069404006355,seq_eth
4080,163.2,94,2.32,6.59,2.246420764238129,3.9557679406153237,0.061025278375737124,0.13708845248666796,seq_eth
4080,163.2,95,3.27,2.75,3.190145960610673,2.84634853803957,0.11786781274934549,0.3760155267283397,seq_eth
4090,163.6,86,-4.16,-3.17,2.670791081309019,10.52042774795778,0.008627889729718194,0.023043290940649035,seq_eth
4090,163.6,87,-3.09,0.16,2.724426545165017,7.986889256775756,0.014969802016469129,0.04078412598953329,seq_eth
4090,163.6,88,12.14,4.83,1.7951323071016014,7.861838207442329,0.015449811248475078,0.02773445531075934,seq_eth
4090,163.6,89,13.03,5.61,2.717075633838663,8.771237084927074,0.012412226209681626,0.03372495739601957,seq_eth
4090,163.6,91,0.22,2.33,2.571630076430086,4.859269492423733,0.04044170073272088,0.10400109394624966,seq_eth
4090,163.6,92,4.28,5.0,2.2626381173311505,2.0429635336931495,0.22879690887015647,0.5176846071371577,seq_eth
4090,163.6,93,4.48,5.51,2.5037783947465924,2.55158774099579,0.1466730652399736,0.36723685183910326,seq_eth
4090,163.6,94,3.21,6.5,2.231101185513525,3.7314876389986877,0.0685815612289121,0.1530124025621942,seq_eth
4090,163.6,95,4.39,2.96,2.995439241580397,3.7314876389986877,0.0685815612289121,0.20543189975393203,seq_eth
4100,164.0,87,-3.89,-0.7,2.9364093720051634,10.643768129755552,0.008429087689724689,0.024751252089560926,seq_eth
4100,164.0,91,-0.7,1.82,2.6297575933914143,6.5996742343846035,0.0219243327176781,0.057655680444353805,seq_eth
4100,164.0,92,5.18,4.87,2.236347468529847,1.846131089603336,0.280185921762623,0.6265930768515438,seq_eth
4100,164.0,93,5.46,5.48,2.363326574978549,2.17451143938127,0.20195192102175566,0.4772783418186842,seq_eth
4100,164.0,94,4.09,6.36,2.255895055183165,3.4033219066083067,0.08244519007402241,0.18598769661162332,seq_eth
4100,164.0,95,5.6,3.31,3.2215097392371335,3.4033219066083067,0.08244519007402241,0.26559798277671987,seq_eth
4110,164.4,92,6.06,4.82,2.340205653356098,1.7961347388211155,0.2960012580364443,0.6927038174574041,seq_eth
4110,164.4,93,6.37,5.56,2.2425222964331613,2.12960090157757,0.21055954721982983,0.4721844793673395,seq_eth
4110,164.4,94,5.0,6.27,2.2351244372517294,3.364669374544845,0.08435029224903916,0.18853339949515255,seq_eth
4110,164.4,95,6.91,3.5,3.2900655388608446,3.364669374544845,0.08435029224903916,0.27751798972140473,seq_eth
4110,164.4,96,-2.79,5.55,2.8320707971376304,9.160005458513657,0.011380986733337213,0.03223176017009512,seq_eth
4120,164.8,92,7.05,4.78,2.4626269002835683,1.8386136081297777,0.2824817803731318,0.6956472311868693,seq_eth
4120,164.8,93,7.25,5.6,2.287534152750564,2.1734994824015947,0.20214001789787941,0.46240219457900944,seq_eth
4120,164.8,94,5.87,6.19,2.193919153022784,3.453577854920894,0.08006318822115598,0.17565216209046225,seq_eth
4120,164.8,95,8.21,3.65,3.1732524718339667,3.453577854920894,0.08006318822115598,0.25406070992569135,seq_eth
4120,164.8,96,-1.66,5.47,2.863837023994271,8.910948322148435,0.012026064587259895,0.03444068901794127,seq_eth
4120,164.8,97,12.76,6.78,1.9525624189767739,6.050132229959937,0.026088051845322573,0.050938549617494534,seq_eth
4130,165.2,92,8.03,4.84,2.37897693347377,1.761845623203122,0.30763495330413737,0.7318564578408232,seq_eth
4130,165.2,93,8.2,5.55,2.425289931121687,2.06816343648175,0.22325524479259617,0.5414586972655909,seq_eth
4130,165.2,94,6.74,6.04,2.181527561136968,3.442092386906545,0.08059838441520698,0.1758275969848863,seq_eth
4130,165.2,95,9.42,3.88,3.000677006943668,3.442092386906545,0.08059838441520698,0.24184971891151844,seq_eth
4130,165.2,96,-0.5,5.48,2.8756792675818983,8.700281604637864,0.012615508555416178,0.036278156402812366,seq_eth
4130,165.2,97,12.0,6.96,1.9862810727588767,4.500588850361695,0.04714468107366328,0.09364258769787101,seq_eth
4140,165.6,92,8.95,4.89,2.338335412210971,1.7761193653580842,0.30271021953698435,0.7078380259814878,seq_eth
4140,165.6,93,9.19,5.57,2.412629530201402,1.980353503796735,0.24349269686148473,0.5874576708363962,seq_eth
4140,165.6,94,7.6,5.96,2.1382308692000196,3.4747661791838604,0.07908975141223884,0.16911214790700493,seq_eth
4140,165.6,95,10.56,4.14,2.8983023047984067,3.0598365969443537,0.10199406773240036,0.29560964158458075,seq_eth
4140,165.6,96,0.64,5.52,2.815276407388762,8.550146197580482,0.013062439758585221,0.03677437847528193,seq_eth
4140,165.6,97,11.21,7.13,2.1086132883959245,3.1820119421523243,0.09431217739416223,0.1988679105108842,seq_eth
4150,166.0,92,9.9,4.89,2.2876366079427592,1.8263077506269303,0.28630139070317584,0.6549535422775078,seq_eth
4150,166.0,93,10.13,5.53,2.05460610580225,1.7426990560621758,0.3144318928387792,0.6460336868855144,seq_eth
4150,166.0,94,8.44,5.85,2.1480368944689645,2.366030430911657,0.17058102901901928,0.36641434382933447,seq_eth
4150,166.0,95,11.67,4.44,2.6322815673859443,3.117899934250616,0.09823065418733837,0.2585707403695937,seq_eth
4150,166.0,96,1.75,5.58,2.828344259456365,8.380149163350257,0.013597776045238675,0.03845919181892408,seq_eth
4150,166.0,97,10.34,7.26,2.177907539359709,2.4104978738841485,0.16434552251120763,0.3579293525371699,seq_eth
4160,166.4,92,10.78,4.87,2.238058589492208,1.8179658962697849,0.2889348437371774,0.6466531088295788,seq_eth
4160,166.4,93,10.83,5.46,1.9816738505616642,1.9170811146114812,0.2598306646036603,0.5148996336191318,seq_eth
4160,166.4,94,9.31,5.79,2.0928822828816425,1.734156855650606,0.31753721230052645,0.6645680057793986,seq_eth
4160,166.4,95,12.59,4.7,2.2980970388562474,3.4563709291683375,0.07993384326383228,0.18369572850901236,seq_eth
4160,166.4,96,2.9,5.63,2.797599417357635,7.916564911626758,0.015236942471141376,0.04262686137957692,seq_eth
4160,166.4,97,9.47,7.22,2.194488835697247,2.6904646438858837,0.13192187143251083,0.2895010740429326,seq_eth
4170,166.8,92,11.69,4.85,2.238756630364321,1.8085353189805284,0.29195599197485983,0.65361841280831,seq_eth
4170,166.8,93,11.71,5.4,1.575793450931931,1.8104143172213356,0.2913502741491865,0.45910785393151077,seq_eth
4170,166.8,94,10.11,5.73,1.9477952279436719,2.0597329924045975,0.22508654297027048,0.43842249427183105,seq_eth
4170,166.8,95,13.45,4.9,2.2073740054643785,3.441583937665911,0.08062220089926735,0.17796335052836956,seq_eth
4170,166.8,96,3.98,5.77,2.754087870784143,7.738850043772653,0.015944779554304272,0.04391332397283639,seq_eth
4170,166.8,97,8.59,7.12,2.1906406026548946,3.842251943847514,0.06468442233919976,0.14170032193552828,seq_eth
4180,167.2,92,12.57,4.81,2.2022715545546516,5.278806683332892,0.03426887649202147,0.07546937190492548,seq_eth
4180,167.2,93,12.09,5.42,1.4512925273699917,4.607917099948739,0.04497405717313096,0.06527051310087574,seq_eth
4180,167.2,94,10.86,5.63,1.8373299241018644,3.3838587440967443,0.08339632841809287,0.15322656976278873,seq_eth
4180,167.2,96,5.1,5.75,2.825000000000059,6.997785363956228,0.01950069755460336,0.05508947059175564,seq_eth
4180,167.2,97,7.74,6.94,2.120915191609557,4.607917099948739,0.04497405717313096,0.09538616108681022,seq_eth
4190,167.6,93,12.85,5.18,1.9924858845170987,6.636279077917082,0.0216831362834722,0.0432033429768789,seq_eth
4190,167.6,94,11.57,5.56,1.7077946305103333,5.334135356362829,0.033561651093078834,0.05731640752782129,seq_eth
4190,167.6,96,6.24,5.77,2.625476147292107,6.636279077917082,0.0216831362834722,0.05692855711074028,seq_eth
4190,167.6,97,6.92,6.82,2.0641281452467717,6.152601075967789,0.02522631810092254,0.0520703531930623,seq_eth
4200,168.0,94,12.21,5.42,1.6378339354158982,6.207100772502409,0.016523518480474807,0.027062779299793373,seq_eth
4200,168.0,96,7.2,5.79,2.1876428524784077,5.023644095673977,0.02522565171643147,0.05518471667656099,seq_eth
4200,168.0,97,6.12,6.62,2.0571901346253543,6.207100772502409,0.016523518480474807,0.0339920192073325,seq_eth
4210,168.4,96,7.99,5.75,1.9775300250564818,2.800803456153252,0.04057746015473141,0.0802431457965144,seq_eth
4210,168.4,97,5.3,6.53,2.0623105973640055,2.800803456153252,0.04057746015473141,0.08368332609121827,seq_eth
4330,173.2,103,3.76,4.07,2.7060118255469234,2.9154759474226504,0.11234466571192611,0.304005993953588,seq_eth
4330,173.2,104,3.7,5.02,2.1691011963483557,2.199113457737004,0.19745862545261092,0.42830774069856026,seq_eth
4330,173.2,105,3.54,6.15,2.55208248299302,1.8031361568112367,0.2937070275124944,0.749564560046586,seq_eth
4330,173.2,106,5.26,6.57,2.329297104278423,2.199113457737004,0.19745862545261092,0.45993980448156435,seq_eth
4330,173.2,107,5.02,7.18,2.243462725342199,2.531402773167478,0.14902148229578221,0.3343241408058298,seq_eth
4330,173.2,109,-3.07,4.58,2.3759208741033104,6.79389431769438,0.02068872887214014,0.0491547827859816,seq_eth
4330,173.2,110,-3.0,5.3,2.3511965039102636,6.705848193927447,0.021235571168895757,0.04992900069084529,seq_eth
4340,173.6,103,2.8,3.57,2.3008490280763416,3.200390601161052,0.09323208772773953,0.2145129584338977,seq_eth
4340,173.6,104,2.92,4.64,2.381438640821938,2.2445043996392613,0.18955291169783872,0.45140862839754187,seq_eth
4340,173.6,105,2.68,5.6,2.489760279625294,2.002623279601034,0.23810738275810284,0.592830303876661,seq_eth
4340,173.6,106,4.35,6.37,2.2329912673362284,2.2445043996392613,0.18955291169783872,0.4232699965194291,seq_eth
4340,173.6,107,4.15,6.96,2.3814714463960795,2.6258903252040064,0.13848993641340793,0.3298098291817397,seq_eth
4340,173.6,109,-2.13,4.72,2.4127266732889234,5.050633623615951,0.037435156300403866,0.09032080012472431,seq_eth
4340,173.6,110,-2.07,5.44,2.379732127782419,5.053721401106317,0.03738942520003336,0.08897681638783698,seq_eth
4350,174.0,103,2.16,3.16,1.990288923749486,3.1042068230064825,0.09909918520473762,0.19723601066558824,seq_eth
4350,174.0,104,2.0,4.16,2.2423480996490834,2.3711811402758753,0.1698407574124272,0.38084209962671717,seq_eth
4350,174.0,105,1.86,5.08,2.382389819068206,1.9278226059469268,0.25694326881511426,0.6121390277032335,seq_eth
4350,174.0,106,3.6,5.91,2.239698640442472,2.3711811402758753,0.1698407574124272,0.38039211346833296,seq_eth
4350,174.0,107,3.31,6.34,2.336697723283833,2.5433245958783943,0.14762768161882542,0.3449612675323799,seq_eth
4350,174.0,109,-1.17,4.92,2.270049558930345,3.259831283977746,0.08986304602186722,0.20399356798607696,seq_eth
4350,174.0,110,-1.12,5.6,2.158703314492259,3.436277055186325,0.08087141417271104,0.17457738982230758,seq_eth
4360,174.4,103,1.46,2.71,2.0858526434050604,3.019023020780067,0.10477038329599782,0.21853558094851844,seq_eth
4360,174.4,104,1.38,3.72,2.0358121843627623,2.2248145990171855,0.19292287739936403,0.3927547444519487,seq_eth
4360,174.4,105,1.07,4.58,2.399641900367602,1.9102355875650523,0.261696261592593,0.627977314487147,seq_eth
4360,174.4,106,2.85,5.39,2.201739369226036,2.2248145990171855,0.19292287739936403,0.4247658943945476,seq_eth
4360,174.4,107,2.59,5.93,2.252949455713522,2.519563454251549,0.15042526362612588,0.3389005158120434,seq_eth
4360,174.4,109,-0.39,5.24,2.2106630792592212,2.3330880823492284,0.1754321199550589,0.3878213105008236,seq_eth
4360,174.4,110,-0.39,5.84,2.144542492001469,2.7617566873278316,0.125198911613726,0.26849438590797164,seq_eth
4370,174.8,103,0.73,2.3,2.2327463469906865,2.878906042232014,0.11521695666695286,0.2572502391095232,seq_eth
4370,174.8,104,0.67,3.22,2.257002990693686,2.2165062598603233,0.19437189003467853,0.4386979371150537,seq_eth
4370,174.8,105,0.24,4.05,2.461008431517507,1.8173056980046038,0.28914481273886394,0.7115878220798949,seq_eth
4370,174.8,106,2.32,4.7,2.215746206134678,2.1791970998512276,0.20108438976423423,0.44555197373300887,seq_eth
4370,174.8,107,1.89,5.23,2.5203236399320397,1.5984992962150466,0.3737201231024469,0.9418956609734089,seq_eth
4370,174.8,109,0.49,5.53,2.228823961195721,1.5009663553857566,0.4238668642866401,0.9447246234789584,seq_eth
4370,174.8,110,0.53,6.07,2.2954438568608464,2.040710660529807,0.2293023552770733,0.5263506827844812,seq_eth
4370,174.8,111,-2.12,-0.54,2.0202103850838076,5.161172347442004,0.035848802957889454,0.0724221240283514,seq_eth
4380,175.2,103,-0.1,1.84,2.281344176138324,2.3136551169091732,0.17839149235034038,0.40697239214607345,seq_eth
4380,175.2,104,-0.13,2.73,2.3366977232839155,2.2079175709251464,0.195887025077719,0.4577287655199652,seq_eth
4380,175.2,105,-0.62,3.57,2.467602581454366,1.9969977466186588,0.23945076693865894,0.5908693306290626,seq_eth
4380,175.2,106,1.75,4.0,2.3930237148846194,2.2687661845152753,0.18552049784379615,0.4439549509374051,seq_eth
4380,175.2,107,1.12,4.55,2.26470886649925,1.7229045243425418,0.3216984431179666,0.7285533164682635,seq_eth
4380,175.2,109,1.33,5.71,1.9569188153830537,1.7608236708995026,0.3079921491860578,0.6027156317324609,seq_eth
4380,175.2,110,1.4,6.25,2.1478550346799987,2.2770595073471402,0.18417158313430507,0.39557386208000306,seq_eth
4380,175.2,111,-1.59,0.07,2.142501458575967,3.631927862719743,0.07239306328994778,0.15510224368949543,seq_eth
4390,175.6,103,-0.92,1.52,2.2167684813709934,1.4263590010933431,0.46936822735383255,1.0404806925549506,seq_eth
4390,175.6,104,-1.0,2.38,2.4895092387857938,1.9064626930522401,0.2627330816462257,0.6540764340929413,seq_eth
4390,175.6,105,-1.35,2.88,2.60012018952967,2.196724834839357,0.19788827473296008,0.5145332984043636,seq_eth
4390,175.6,106,0.87,3.45,2.4125323832023136,2.2920078533896873,0.18177710363987812,0.4385431490559291,seq_eth
4390,175.6,107,0.49,4.08,2.210344995696342,2.2605530296810117,0.18687103159456211,0.41304944952565337,seq_eth
4390,175.6,109,2.04,5.75,2.025964276585321,2.580484450641003,0.1434065173754482,0.2905364812321702,seq_eth
4390,175.6,110,2.23,6.32,2.1384135474692143,3.17592506208821,0.09467403544850761,0.2024522399966693,seq_eth
4390,175.6,111,-0.75,0.49,2.5010622743146205,2.4641631439496856,0.15726514032235508,0.3933299095250373,seq_eth
4400,176.0,103,-1.61,0.91,2.3024443532906176,1.7747675904185316,0.30317152154148574,0.6980355578517187,seq_eth
4400,176.0,104,-1.77,1.6,2.7400958012448733,2.009601950635996,0.2364565206268099,0.6479135193464937,seq_eth
4400,176.0,105,-2.14,2.15,2.689098361904933,2.327230113246217,0.17631640667492102,0.47413216036649414,seq_eth
4400,176.0,106,0.2,2.85,2.248471703179708,2.3331095130747723,0.1754288971141882,0.3944469110812765,seq_eth
4400,176.0,107,-0.1,3.27,2.505244499045916,2.327230113246217,0.17631640667492102,0.4417157079138885,seq_eth
4400,176.0,109,2.95,5.76,2.2751373584906585,4.0038231729186045,0.05956917760728682,0.13552806138890341,seq_eth
4400,176.0,110,3.11,6.3,2.188071353955319,4.513380108078644,0.04687783661509098,0.10257205143287836,seq_eth
4400,176.0,111,0.16,1.04,2.2594247055389687,2.009601950635996,0.2364565206268099,0.534255704489999,seq_eth
4410,176.4,109,3.86,5.77,2.249999999999968,5.4084470969031395,0.021763811261980886,0.0489685753394563,seq_eth
4410,176.4,110,3.98,6.28,2.200319579061156,5.903304159536421,0.018267949506946577,0.04019532696943514,seq_eth
4410,176.4,111,0.89,1.25,2.0775962673243034,5.903304159536421,0.018267949506946577,0.03795342370730106,seq_eth
4420,176.8,109,4.75,5.76,2.2512496529705963,5.212772774637314,0.023428394817192853,0.05274316570186353,seq_eth
4420,176.8,110,4.87,6.27,2.302749715014694,5.702674810998783,0.019575952779556934,0.045078519684265836,seq_eth
4420,176.8,111,1.76,1.49,2.3028514932579225,5.702674810998783,0.019575952779556934,0.045080512090349266,seq_eth
4430,177.2,109,5.66,5.71,2.264708866499229,4.872627627882106,0.026813510471415454,0.0607247949065845,seq_eth
4430,177.2,110,5.82,6.19,2.3057333432121445,5.3500000000000005,0.022241934574812865,0.05128397016668906,seq_eth
4430,177.2,111,2.61,1.91,2.3356275923186565,5.3500000000000005,0.022241934574812865,0.051948876099479256,seq_eth
4440,177.6,109,6.56,5.68,2.28917288556366,6.088949006191464,0.025756491749260875,0.058961062539652116,seq_eth
4440,177.6,110,6.71,6.14,2.288729177950037,5.982390826417145,0.0266822112534961,0.061068355428103356,seq_eth
4440,177.6,111,3.48,2.22,2.3231511466109662,9.680005165287879,0.010191079838332723,0.023675418811626565,seq_eth
4440,177.6,112,12.64,5.35,2.9124731758420994,9.680005165287879,0.010191079838332723,0.029681246662009296,seq_eth
4450,178.0,109,7.49,5.64,2.3141548133173466,4.470011185668331,0.04779188521852621,0.11059782121596258,seq_eth
4450,178.0,110,7.65,6.13,2.3133444404151864,4.939726713088488,0.039135017911280816,0.09053277611061021,seq_eth
4450,178.0,111,4.4,2.41,2.3617392955192664,7.596051605933177,0.016549907427233487,0.03908656670810349,seq_eth
4450,178.0,112,11.5,5.11,3.1171150524162123,7.596051605933177,0.016549907427233487,0.05158796555752437,seq_eth
4460,178.4,109,8.41,5.61,2.263052418747708,4.370125856311235,0.05000155296635102,0.1131561353816423,seq_eth
4460,178.4,110,8.56,6.09,2.2985389381082606,4.823287260779727,0.041047350146851666,0.09434893261870238,seq_eth
4460,178.4,111,5.35,2.49,2.368082029829169,5.376764826547653,0.033031576312068364,0.07822148228153995,seq_eth
4460,178.4,112,10.21,4.79,3.2803391592943085,5.376764826547653,0.033031576312068364,0.10835477326969613,seq_eth
4470,178.8,109,9.3,5.6,2.20227155455457,4.2922837744026205,0.05183158966718801,0.11414723555139272,seq_eth
4470,178.8,110,9.48,5.95,2.3750328945090993,4.669496760894048,0.04379567507871748,0.1040161689491864,seq_eth
4470,178.8,111,6.29,2.54,2.1500363369022724,4.669496760894048,0.04379567507871748,0.09416229281840788,seq_eth
4470,178.8,112,8.92,4.63,3.2284864875047026,3.359315406448165,0.08461937603468073,0.273192512109046,seq_eth
4480,179.2,109,10.17,5.53,2.1830669366742277,4.334847171469832,0.05081872920144175,0.11094068748346857,seq_eth
4480,179.2,110,10.46,6.1,2.3516284251556967,4.944906470298503,0.03905307350090063,0.09183831773441262,seq_eth
4480,179.2,111,7.07,2.5,2.227842285710577,4.944906470298503,0.03905307350090063,0.08700408853226961,seq_eth
4480,179.2,112,7.63,4.67,3.0881325263013686,3.170772776469485,0.09498196289476331,0.29331688902726827,seq_eth
4490,179.6,109,11.04,5.45,2.2309260969381874,4.6541379438087125,0.0440852065256162,0.09835083772690685,seq_eth
4490,179.6,110,11.36,6.02,2.193527410359822,5.089567761608052,0.036864604614451686,0.08086352069387695,seq_eth
4490,179.6,111,8.07,2.63,2.3071221250726723,4.724002540219469,0.04279087203696742,0.09872376762764107,seq_eth
4490,179.6,112,6.45,4.68,2.975420138400584,5.089567761608052,0.036864604614451686,0.10968768696401465,seq_eth
4500,180.0,109,11.95,5.4,2.479226189761601,6.735436140295593,0.02104941043094672,0.05218624961944413,seq_eth
4500,180.0,110,12.21,5.97,1.996324748130897,7.073132262300771,0.019087446102503573,0.03810474103304252,seq_eth
4500,180.0,111,8.86,2.95,2.379732127782419,4.5103104106036875,0.04694166802920783,0.1117085955408027,seq_eth
4500,180.0,112,5.25,4.71,2.9502383378296337,7.073132262300771,0.019087446102503573,0.056312515262862864,seq_eth
4510,180.4,109,13.01,5.22,2.6879360111430857,8.934567700790005,0.0119625645437464,0.03215460802275941,seq_eth
4510,180.4,110,12.95,5.87,1.8668154702594164,8.935614136700398,0.011959762873051507,0.022326670352046756,seq_eth
4510,180.4,111,9.87,3.25,2.4166091947188804,5.961543424315551,0.026869151900713907,0.06493223953756351,seq_eth
4510,180.4,112,4.09,4.71,2.875027173784583,8.935614136700398,0.011959762873051507,0.03438464325204306,seq_eth
4520,180.8,111,10.62,3.75,2.4603099398247243,7.728609189239678,0.0053290210204982764,0.013111043386266806,seq_eth
4520,180.8,112,2.95,4.7,2.8888254533634203,7.728609189239678,0.0053290210204982764,0.01539461156552413,seq_eth
4530,181.2,111,11.61,4.17,2.6885172493403915,9.841229597971994,0.003286634419315173,0.008836173328604684,seq_eth
4530,181.2,112,1.78,4.64,2.9551861193502456,9.841229597971994,0.003286634419315173,0.009712616415338955,seq_eth
4630,185.2,113,11.74,6.57,1.7751760476077074,1.6456001944579368,0.11754427111661402,0.20866177461971966,seq_eth
4630,185.2,114,12.2,4.99,1.8270536390593186,1.6456001944579368,0.11754427111661402,0.2147596882941848,seq_eth
4640,185.6,113,11.01,6.55,1.9001644665659583,1.836572895367891,0.0943699632919629,0.17931845095852175,seq_eth
4640,185.6,114,11.5,4.78,1.8347343131908505,1.836572895367891,0.0943699632919629,0.17314380978632532,seq_eth
4650,186.0,113,10.22,6.55,2.075037650260804,2.145600149142425,0.06914368889212592,0.14347575772908103,seq_eth
4650,186.0,114,10.82,4.49,1.6221128197508097,2.145600149142425,0.06914368889212592,0.11215886415677911,seq_eth
4660,186.4,113,9.35,6.56,2.1250367643878256,11.262632907095925,0.005018804341040902,0.010665143737981131,seq_eth
4660,186.4,114,10.32,4.24,1.4484905936870778,11.28979184927694,0.004994686718810706,0.007234756730611082,seq_eth
4660,186.4,116,-0.55,1.19,3.2684093990807974,11.28979184927694,0.004994686718810706,0.01632468101722494,seq_eth
4670,186.8,113,8.52,6.54,2.0880987165362166,9.223285748582226,0.007483569483214583,0.015626431833009966,seq_eth
4670,186.8,114,9.74,4.07,1.4906479295930655,9.420196388611016,0.007173980786223829,0.010693879605924982,seq_eth
4670,186.8,116,0.59,1.83,3.181121068114257,9.420196388611016,0.007173980786223829,0.022821301421303505,seq_eth
4680,187.2,113,7.68,6.52,2.0461091124376023,7.276434566461791,0.012023831081706654,0.024602070342690456,seq_eth
4680,187.2,114,9.18,3.89,1.7159636505474316,7.625077048791048,0.010949433494793444,0.01878882987115208,seq_eth
4680,187.2,116,1.71,2.36,3.249447068348764,7.625077048791048,0.010949433494793444,0.035579604569736314,seq_eth
4690,187.6,113,6.89,6.39,2.0315095987959007,10.937627713540078,0.00798224599793677,0.016216009364758713,seq_eth
4690,187.6,114,8.41,3.73,1.7577062467886693,11.33884032871087,0.007427353641587624,0.013055105892927138,seq_eth
4690,187.6,116,2.95,2.92,3.28975682991915,5.877992854708144,0.02763842395983225,0.09092369399005923,seq_eth
4690,187.6,117,-2.57,0.9,2.8392340516413523,11.33884032871087,0.007427353641587624,0.021087995372777984,seq_eth
4700,188.0,113,6.06,6.39,2.0898938370165774,9.151743003384654,0.011401546170128044,0.02382802107341056,seq_eth
4700,188.0,114,7.8,3.62,2.1148655394610483,9.8159105537897,0.00991083389517584,0.020960081072229898,seq_eth
4700,188.0,116,4.11,3.44,3.2173601368202016,6.17991909332153,0.025003787725806647,0.08044618989852455,seq_eth
4700,188.0,117,-1.84,1.77,2.484986166963475,9.8159105537897,0.00991083389517584,0.0246282851325847,seq_eth
4710,188.4,113,5.22,6.47,2.0530845696171114,7.6367074056821105,0.016374161873537102,0.03361753908297183,seq_eth
4710,188.4,114,6.8,3.21,2.6335574799118775,8.05603500488919,0.01471393024237974,0.038749981048720746,seq_eth
4710,188.4,116,5.35,3.85,3.246945680173862,6.729309028421863,0.021087759333431357,0.06847080907223098,seq_eth
4710,188.4,117,-1.21,2.35,2.3900836805433903,7.6367074056821105,0.016374161873537102,0.03913561707651681,seq_eth
4710,188.4,118,-2.63,-0.35,2.6001201895296697,10.079608127303363,0.009399052727662041,0.024438666759647988,seq_eth
4720,188.8,113,4.42,6.48,2.08236644229593,5.922001350894814,0.027229168395623966,0.05670110651867225,seq_eth
4720,188.8,114,5.82,2.9,2.4800453624884025,6.140073289464874,0.025329363232619515,0.06281796981984228,seq_eth
4720,188.8,116,6.63,4.07,3.103727597583324,7.042875833067058,0.019251798987368923,0.05975233982022361,seq_eth
4720,188.8,117,-0.32,2.93,2.441983056861816,6.140073289464874,0.025329363232619515,0.0618538758551555,seq_eth
4720,188.8,118,-1.87,0.36,2.702227090753172,8.77601845941541,0.012398704967655456,0.0335041164538545,seq_eth
4730,189.2,113,3.56,6.61,2.114606937470935,4.8148624071721935,0.04119112184202027,0.08710303200934662,seq_eth
4730,189.2,114,4.88,2.71,2.2899918122124934,4.480379448216412,0.047570946136325565,0.10893707715138709,seq_eth
4730,189.2,116,7.79,4.31,2.9616823766231883,7.398682315115307,0.017444664527203297,0.05166555549632169,seq_eth
4730,189.2,117,0.45,3.38,2.450797064222204,4.4838599442890725,0.04749712303165242,0.11640580968497459,seq_eth
4730,189.2,118,-1.0,1.07,2.700057869750268,7.175318808248175,0.018547653666517214,0.050079738247682214,seq_eth
4740,189.6,113,2.75,6.75,2.0509144301993394,5.8226196853306496,0.028166606943694262,0.057767300630575474,seq_eth
4740,189.6,114,4.03,2.51,2.385273831240313,4.428995371413251,0.04868116122305119,0.11611789993973466,seq_eth
4740,189.6,116,8.96,4.5,3.0079322216432565,7.529475413333921,0.016843872410198295,0.05066522655988331,seq_eth
4740,189.6,117,1.47,3.73,2.6073214224563506,3.2800609750429945,0.08875800819342046,0.23142065617726146,seq_eth
4740,189.6,118,-0.2,1.73,2.615369237794122,5.8226196853306496,0.028166606943694262,0.07366607733357629,seq_eth
4750,190.0,113,1.94,6.87,2.071721808062047,4.664386347634595,0.04389169482919459,0.09093138137044662,seq_eth
4750,190.0,114,3.01,2.33,2.6769852446361746,4.664386347634595,0.04389169482919459,0.1174974194198278,seq_eth
4750,190.0,116,10.18,4.59,3.0481551797767352,8.549619874590917,0.013064048081309128,0.03982124582789474,seq_eth
4750,190.0,117,2.47,3.9,2.7242258074542556,3.016918958142562,0.10491657238693135,0.2858164341261209,seq_eth
4750,190.0,118,0.59,2.43,2.5764862215815967,4.640700378175691,0.04434088152225204,0.11424367029486439,seq_eth
4760,190.4,113,1.12,7.05,2.0983996878573623,5.025703930794172,0.037807466972502334,0.07933517689377644,seq_eth
4760,190.4,114,1.93,2.09,2.8383809205248984,5.025703930794172,0.037807466972502334,0.10731199290812587,seq_eth
4760,190.4,116,11.38,4.8,3.051690105498876,10.068972142180154,0.009418919896309011,0.02874362465205271,seq_eth
4760,190.4,117,3.63,4.02,2.6866568444815937,3.93459019467085,0.061683977685638665,0.16572368084397102,seq_eth
4760,190.4,118,1.49,2.91,2.59172360601971,4.156500932274645,0.05527332842597588,0.14325319006488196,seq_eth
4770,190.8,113,0.28,7.12,2.0336620294434753,5.416982554891607,0.03254291921439259,0.0661812991335567,seq_eth
4770,190.8,114,0.82,1.73,2.657801017758892,5.416982554891607,0.03254291921439259,0.08649260380885804,seq_eth
4770,190.8,116,12.59,4.98,3.0582879197354393,10.245408727815596,0.009097306032590496,0.027822181141607852,seq_eth
4770,190.8,117,4.61,4.1,2.571295879512959,5.279138187242308,0.034264572793409664,0.0881043548369661,seq_eth
4770,190.8,118,2.49,3.26,2.619428611357882,4.447887138855932,0.0482685068289234,0.12643590781520528,seq_eth
4770,190.8,119,12.96,6.37,3.037268509697662,10.922133491218647,0.008004909412550375,0.024313059281721665,seq_eth
4780,191.2,113,-0.5,7.2,1.8916345445143916,6.874045388270287,0.020209082240122155,0.038228198078347354,seq_eth
4780,191.2,114,-0.04,1.29,2.6949315854025317,6.413142755311158,0.02321825450422025,0.06257160742133776,seq_eth
4780,191.2,117,5.68,4.19,2.6172504656605406,6.667803236449018,0.021478593117152927,0.05621485783760178,seq_eth
4780,191.2,118,3.52,3.43,2.5547137804459226,5.511197691972226,0.03143977304248706,0.08031962144573392,seq_eth
4780,191.2,119,11.82,6.79,2.506647412381817,12.326820352386093,0.006284478554209246,0.01575297190607763,seq_eth
4790,191.6,113,-1.23,7.22,1.825684803025951,8.42738393571813,0.013445774456938984,0.024547746090948012,seq_eth
4790,191.6,114,-1.09,0.73,2.974999999999958,8.576741805604271,0.012981554754948265,0.03862012539597054,seq_eth
4790,191.6,117,6.69,4.34,2.669854864969218,8.42738393571813,0.013445774456938984,0.03589826634713739,seq_eth
4790,191.6,118,4.5,3.63,2.576941016011001,6.761730547722233,0.020886018646822508,0.05382203811216751,seq_eth
4790,191.6,119,11.13,7.19,1.8607794065928134,12.36003640771337,0.006250746436984705,0.011631260245774542,seq_eth
4800,192.0,117,7.8,4.45,2.736615153798535,4.137342142003728,0.03719094805157157,0.10177731202206484,seq_eth
4800,192.0,118,5.52,3.93,2.6443335644354327,6.189087170172996,0.01661984326683814,0.04394840938615632,seq_eth
4800,192.0,119,10.54,7.55,1.9294186300541136,6.189087170172996,0.01661984326683814,0.03206663522761693,seq_eth
4810,192.4,117,8.86,4.63,2.743201824510873,3.325808172459741,0.05755535416034547,0.15788595254302915,seq_eth
4810,192.4,118,6.54,4.19,2.659005923272794,4.8475354562911654,0.027091817060062362,0.07203730203492875,seq_eth
4810,192.4,119,9.73,7.84,2.2497222050732963,4.8475354562911654,0.027091817060062362,0.060949062415805846,seq_eth
4820,192.8,117,9.95,4.89,2.7631786496714814,3.325191723795787,0.05757669621391,0.15909469769689694,seq_eth
4820,192.8,118,7.59,4.42,2.719863277813854,3.7884297538690093,0.04435694683515985,0.12064483081289272,seq_eth
4820,192.8,119,8.8,8.01,2.4456913644203535,3.7884297538690093,0.04435694683515985,0.10848340182680317,seq_eth
4830,193.2,117,11.02,5.1,2.6296684676970847,4.348287019045546,0.03367004656157214,0.0885410597488589,seq_eth
4830,193.2,118,8.66,4.68,2.6983791431154236,3.4346469978732896,0.05396546286853904,0.14561927945303557,seq_eth
4830,193.2,119,7.78,8.0,2.5254950009850123,4.348287019045546,0.03367004656157214,0.08503353427418303,seq_eth
4840,193.6,117,12.04,5.13,2.792232529715208,6.01614494506241,0.017589096877039884,0.04911284846838294,seq_eth
4840,193.6,118,9.69,4.92,2.6665169228789463,4.27375712927162,0.03485462755913394,0.09294045422707355,seq_eth
4840,193.6,119,6.78,8.05,2.5294515215753446,6.01614494506241,0.017589096877039884,0.04449076785876468,seq_eth
4850,194.0,117,13.25,4.97,3.0513316764979432,8.125429219432041,0.009642452317351656,0.02942232019505611,seq_eth
4850,194.0,118,10.71,5.27,2.6959460306170464,5.711829829397932,0.019513249727741946,0.05260666814794506,seq_eth
4850,194.0,119,5.76,8.12,2.5559978481993717,8.125429219432041,0.009642452317351656,0.024646087374515877,seq_eth
5450,218.0,121,10.73,5.96,2.401171589037284,0.7523961722390672,0.5622856141738044,1.3501442416785192,seq_eth
5450,218.0,122,10.67,6.71,2.280350850198246,0.7523961722390672,0.5622856141738044,1.2822084783354777,seq_eth
5460,218.4,121,9.8,6.2,2.395731881909961,0.750066663703967,0.5657836583430336,1.3554659485560583,seq_eth
5460,218.4,122,9.79,6.95,2.3376336860166624,0.750066663703967,0.5657836583430336,1.3225949387404174,seq_eth
5470,218.8,121,8.86,6.38,2.5667647437972074,0.7600657866263943,0.55099512927781,1.4142748718342673,seq_eth
5470,218.8,122,8.85,7.14,2.3485367785070363,0.7600657866263943,0.55099512927781,1.294032325887176,seq_eth
5480,219.2,121,7.79,6.62,2.543773034293812,0.7278049189171505,0.6009248370469902,1.5286163961175367,seq_eth
5480,219.2,122,7.95,7.33,2.3076300071719094,0.7278049189171505,0.6009248370469902,1.3867121860245244,seq_eth
5490,219.6,121,6.88,6.85,2.277779894985434,0.7203471385380803,0.6134320412098487,1.3972631704076697,seq_eth
5490,219.6,122,7.05,7.55,2.214053127185494,0.7203471385380803,0.6134320412098487,1.3581711291564464,seq_eth
5500,220.0,121,6.01,7.01,2.2137708214717846,0.7308214556237387,0.5959743235045695,1.319350567720802,seq_eth
5500,220.0,122,6.22,7.71,2.152396919715289,0.7308214556237387,0.5959743235045695,1.2827732981406383,seq_eth
5510,220.4,121,5.14,7.18,2.2317313906471488,0.7337574531137661,0.5912144988554798,1.319431955701497,seq_eth
5510,220.4,122,5.36,7.88,2.1477459114150044,0.7337574531137661,0.5912144988554798,1.2697785226861276,seq_eth
5520,220.8,121,4.25,7.31,2.3799290955825314,0.7632168761236875,0.5464547402296834,1.3005235356916176,seq_eth
5520,220.8,122,4.53,8.02,2.4295382791798863,0.7632168761236875,0.5464547402296834,1.3276327092273168,seq_eth
5530,221.2,121,3.29,7.63,2.4125323832024077,0.6306346010171028,0.8003768825340467,1.9309351478799772,seq_eth
5530,221.2,122,3.45,8.24,2.537253682626228,0.6306346010171028,0.8003768825340467,2.03075919269841,seq_eth
5540,221.6,121,2.4,7.86,2.2798368910954685,0.5772347875864722,0.9553117832646788,2.1779550459850134,seq_eth
5540,221.6,122,2.54,8.42,2.292685379636694,0.5772347875864722,0.9553117832646788,2.1902293584855874,seq_eth
5550,222.0,121,1.52,8.07,2.22941976756282,0.5869412236331678,0.9239764475581725,2.059931356948661,seq_eth
5550,222.0,122,1.66,8.64,2.182100478896392,0.5869412236331678,0.9239764475581725,2.016209448705675,seq_eth
5560,222.4,121,0.71,8.43,2.2210991085496072,9.374358644728716,0.010866464173887294,0.024135493889707316,seq_eth
5560,222.4,122,0.89,8.99,2.1319738506838846,9.326746485243394,0.01097769190018154,0.023404152072051328,seq_eth
5560,222.4,123,-2.46,5.21,2.0262341917951843,12.435694592583078,0.006174919306621049,0.012511832630651781,seq_eth
5560,222.4,124,9.9,6.58,2.877716108305295,12.435694592583078,0.006174919306621049,0.017769664756148756,seq_eth
5570,222.8,121,-0.1,8.8,2.1977971926454445,9.112156715070258,0.011500825694271952,0.02527648242397549,seq_eth
5570,222.8,122,0.17,9.47,2.1322303463744676,9.03780946911363,0.011690821215829338,0.02492752377042976,seq_eth
5570,222.8,123,-1.66,5.08,2.025617189895508,10.524761279953099,0.00862078618831506,0.01746241269346476,seq_eth
5570,222.8,124,8.75,6.63,2.912741406304442,10.524761279953099,0.00862078618831506,0.02511012088560272,seq_eth
5580,223.2,121,-0.84,9.26,2.1866069605670324,8.817630067087187,0.012281958705802556,0.02685581639550473,seq_eth
5580,223.2,122,-0.52,9.95,2.14275669407429,8.752353969075976,0.012465842492612919,0.026711267448322064,seq_eth
5580,223.2,123,-0.88,4.85,2.207090845434358,8.631344043658554,0.012817830560648535,0.02829011648873613,seq_eth
5580,223.2,124,7.57,6.61,2.944300638521884,8.817630067087187,0.012281958705802556,0.03616177885979388,seq_eth
5590,223.6,121,-1.6,9.7,2.1954498400099833,8.627450376559693,0.012829402838682521,0.028166310409609166,seq_eth
5590,223.6,122,-1.27,10.4,2.1866069605669582,8.618224875228076,0.01285688437310831,0.028112952861443184,seq_eth
5590,223.6,123,0.08,4.78,2.3805527194329974,6.54205625166889,0.022312222590777055,0.053115422165068676,seq_eth
5590,223.6,124,6.4,6.47,2.9168154723944677,8.627450376559693,0.012829402838682521,0.037421000701450685,seq_eth
5600,224.0,123,1.02,4.72,2.3290623113175495,4.517875606963964,0.015594863907256342,0.036321409776517086,seq_eth
5600,224.0,124,5.26,6.28,2.8957404061828056,4.517875606963964,0.015594863907256342,0.045158677545164054,seq_eth
5610,224.4,123,1.94,4.67,2.382389819068206,2.609865896938002,0.046731932669317695,0.11133368061676337,seq_eth
5610,224.4,124,4.11,6.12,2.859004415876227,2.609865896938002,0.046731932669317695,0.1336068018640098,seq_eth
5620,224.8,123,2.92,4.57,2.3720376261771667,5.170154736562534,0.02381623135996638,0.056492996899580844,seq_eth
5620,224.8,124,2.99,6.0,2.8549573114147204,5.4422881217370325,0.021493990997774413,0.06136442675057824,seq_eth
5620,224.8,125,-2.25,4.53,2.7018512172214133,5.4422881217370325,0.021493990997774413,0.0580735657402829,seq_eth
5630,225.2,123,3.83,4.5,2.365804567161077,5.000489975992353,0.0254598007737516,0.06023291294955265,seq_eth
5630,225.2,124,1.85,5.79,2.868906586140504,3.2571152881038765,0.06000865058890557,0.17215921289991543,seq_eth
5630,225.2,125,-1.17,4.57,2.725114676486167,5.000489975992353,0.0254598007737516,0.06938087674896436,seq_eth
5640,225.6,123,4.81,4.47,2.4093891860801224,10.180771090639452,0.009213190194044771,0.022198160822830895,seq_eth
5640,225.6,124,0.75,5.5,2.8186044862661688,6.00483138814072,0.026483156540888897,0.07464554383663867,seq_eth
5640,225.6,125,-0.07,4.51,2.625029761736008,5.450807279660509,0.032140285297222675,0.08436920545589577,seq_eth
5640,225.6,126,-5.19,6.38,2.245133626312666,6.00483138814072,0.026483156540888897,0.059458225280851894,seq_eth
5640,225.6,127,-5.45,7.31,2.241929972144506,6.458800198179226,0.022891153740435273,0.05132036366764966,seq_eth
5650,226.0,123,5.75,4.33,2.3526912780898064,10.281604933083162,0.009033364978151569,0.02125271899589911,seq_eth
5650,226.0,124,-0.28,5.05,2.85815718602035,4.892371613031863,0.03989628952013855,0.11402986658753239,seq_eth
5650,226.0,125,0.93,4.56,2.6014719391144325,5.578216560873197,0.030688851848741733,0.07983618692814169,seq_eth
5650,226.0,126,-4.3,6.5,2.2985389381082615,5.578216560873197,0.030688851848741733,0.07053952094016858,seq_eth
5650,226.0,127,-4.56,7.42,2.247568130224278,6.1902907847693225,0.024920071361502625,0.05600955819502803,seq_eth
5660,226.4,123,6.69,4.38,2.340839859964762,10.283720143994586,0.009029649298059682,0.021136962998400937,seq_eth
5660,226.4,124,-1.26,4.41,3.1532225579555457,3.8967807225965387,0.0628867927053436,0.1982960533559637,seq_eth
5660,226.4,125,2.01,4.58,2.6625293425612795,5.7233993395533735,0.029151659585844137,0.07761714903166782,seq_eth
5660,226.4,126,-3.36,6.56,2.35003324444567,5.7233993395533735,0.029151659585844137,0.06850736915749701,seq_eth
5660,226.4,127,-3.66,7.48,2.2999999999999665,6.368586970435436,0.023544269162905602,0.0541518190746821,seq_eth
5670,226.8,123,7.62,4.43,2.3427081017489635,10.253194624115938,0.009083494963771518,0.021279977243823443,seq_eth
5670,226.8,124,-2.33,3.58,3.3854467947376867,5.476586528121326,0.03183841758248165,0.1077872687541325,seq_eth
5670,226.8,125,3.06,4.55,2.5551724501489623,5.819965635637379,0.028192302153736776,0.07203619376950346,seq_eth
5670,226.8,126,-2.42,6.51,2.4716517756351317,5.819965635637379,0.028192302153736776,0.06968155367752565,seq_eth
5670,226.8,127,-2.72,7.42,2.5962111817031333,6.4533169765632925,0.022930070345306006,0.05953130502772288,seq_eth
5680,227.2,123,8.54,4.68,2.364879753814186,10.465839670088586,0.008718127724514007,0.020617323746869313,seq_eth
5680,227.2,125,4.05,4.45,2.5911508061091784,6.3237014477282205,0.023879688979808855,0.06187587534966818,seq_eth
5680,227.2,126,-1.39,6.39,2.3306718451983572,10.07615998285061,0.009405486693963024,0.021921103028007396,seq_eth
5680,227.2,127,-1.59,7.31,2.6742113323371375,10.465839670088586,0.008718127724514007,0.02331411595765794,seq_eth
5690,227.6,123,9.45,4.91,2.3266459227823746,10.302315273762494,0.008997082644068718,0.02093302565075855,seq_eth
5690,227.6,125,5.13,4.44,2.675029205448008,6.35977987040432,0.023609523090859407,0.06315616379474803,seq_eth
5690,227.6,126,-0.56,6.38,2.0791374413443373,10.117361316074463,0.009329037998372156,0.01939635219413958,seq_eth
5690,227.6,127,-0.59,7.22,2.446745287110988,10.302315273762494,0.008997082644068718,0.022013569557123202,seq_eth
5700,228.0,123,10.37,5.02,2.3566727074415423,10.232033033566692,0.009121106252490551,0.02149546216691889,seq_eth
5700,228.0,125,6.19,4.44,2.7374999999999616,6.424865757352444,0.023133602362257037,0.06332823646667775,seq_eth
5700,228.0,126,0.26,6.18,2.3313421563554,6.180008090609592,0.025003067580058172,0.05829070548759261,seq_eth
5700,228.0,127,0.36,7.14,2.39693815105852,6.424865757352444,0.023133602362257037,0.05544981407351139,seq_eth
5700,228.0,128,-1.72,4.83,3.2512497597077497,7.919608576186073,0.015225232995930689,0.049501035119514154,seq_eth
5710,228.4,123,11.32,5.15,2.4405429723731227,10.178899744078434,0.009216578115542629,0.02249345494921548,seq_eth
5710,228.4,125,7.32,4.44,2.7501136340158356,6.543095597651008,0.022305134729466016,0.06134165512806461,seq_eth
5710,228.4,126,1.27,6.02,2.523545373081257,6.252911321936367,0.024423440520100873,0.06163366031922585,seq_eth
5710,228.4,127,1.32,7.05,2.41867732448953,6.543095597651008,0.022305134729466016,0.053948923589843364,seq_eth
5710,228.4,128,-0.44,4.6,3.273687714184066,7.761649309264108,0.015851243933777952,0.05189202252054358,seq_eth
5720,228.8,123,12.31,5.24,2.485206228867099,10.166439888181115,0.009239183394865071,0.022961276122564142,seq_eth
5720,228.8,125,8.39,4.42,2.6375296206868044,6.59412617410374,0.021961240925691287,0.05792342344855007,seq_eth
5720,228.8,126,2.25,5.84,2.3828160860629186,6.302063154237666,0.024043953533874816,0.05729231925306627,seq_eth
5720,228.8,127,2.28,6.9,2.351096818508377,6.59412617410374,0.021961240925691287,0.05163300367088875,seq_eth
5720,228.8,128,0.86,4.38,3.060075570962308,7.530106240950389,0.016841050369055543,0.05153488682369263,seq_eth
5730,229.2,125,9.43,4.43,2.600751093434413,7.46452945603405,0.017138251420540353,0.0445723261215242,seq_eth
5730,229.2,126,3.14,5.65,2.333787158247344,6.407222487162436,0.02326118162234632,0.054286646955890965,seq_eth
5730,229.2,127,3.16,6.66,2.3496342800530075,6.654757696565668,0.021562886039122518,0.05066489621439868,seq_eth
5730,229.2,128,1.97,4.17,2.8979518629543053,7.46452945603405,0.017138251420540353,0.04966582763193418,seq_eth
5740,229.6,125,10.47,4.47,2.637529620686713,7.347720735030694,0.01768748557208639,0.04665126711184673,seq_eth
5740,229.6,126,4.08,5.47,2.363524909959665,6.467773960181355,0.022827676797277013,0.053953782746872486,seq_eth
5740,229.6,127,4.1,6.43,2.3535212979703073,6.664720549280369,0.02149846704754486,0.05059710007010966,seq_eth
5740,229.6,128,3.14,3.96,2.984046120622091,7.347720735030694,0.01768748557208639,0.05278027270494361,seq_eth
5750,230.0,125,11.52,4.72,2.74550769439821,7.265046455460556,0.018092333752387172,0.04967264152679942,seq_eth
5750,230.0,126,5.0,5.31,2.2860992979308334,6.546640359757056,0.02228098646829385,0.05093654752237297,seq_eth
5750,230.0,127,5.01,6.31,2.2886950430321313,6.70135807131659,0.02126403771585973,0.048666897715136444,seq_eth
5750,230.0,128,4.32,3.75,2.9398394939179506,7.265046455460556,0.018092333752387172,0.05318855730241256,seq_eth
5760,230.4,125,12.58,5.08,2.7986603938312675,7.254357311299189,0.0181456903860922,0.050783625002281035,seq_eth
5760,230.4,126,5.9,5.29,2.1897845213627436,6.683300083042807,0.021379101979142584,0.04681562659456203,seq_eth
5760,230.4,127,5.92,6.23,2.2902647226903383,6.758557538410101,0.020905634397038665,0.047879436964999356,seq_eth
5760,230.4,128,5.47,3.64,2.839729300479144,7.254357311299189,0.0181456903860922,0.05152884866680873,seq_eth
5770,230.8,126,6.75,5.23,2.19552100878134,1.5781318069160133,0.2556192621431765,0.5612174602845286,seq_eth
5770,230.8,127,6.84,6.22,2.2505554869854234,2.572178065375723,0.09622281591384374,0.21655478632808936,seq_eth
5770,230.8,128,6.59,3.66,2.675730040568417,2.572178065375723,0.09622281591384374,0.2574662791287564,seq_eth
5780,231.2,126,7.65,5.14,2.1893206708931947,1.4505516192124976,0.30256155713491834,0.6624042712531091,seq_eth
5780,231.2,127,7.72,6.19,2.288353665848047,2.5024188298524295,0.10166234527835409,0.23263940049643145,seq_eth
5780,231.2,128,7.61,3.69,2.5156075309953025,2.5024188298524295,0.10166234527835409,0.2557425614008723,seq_eth
5790,231.6,126,8.49,5.03,2.0858526434050604,1.2747548783981966,0.39176601376466524,0.8171661754072903,seq_eth
5790,231.6,127,8.67,6.17,2.263052418747708,2.411016383187804,0.10951656156332036,0.24784171953880443,seq_eth
5790,231.6,128,8.6,3.76,2.454587541726679,2.411016383187804,0.10951656156332036,0.26881798762606907,seq_eth
5800,232.0,126,9.31,4.97,1.9876572264854628,1.279062156425559,0.38913189020023276,0.7734608136124403,seq_eth
5800,232.0,127,9.53,6.23,2.151307741816561,2.420330555936524,0.10867527694905789,0.23379396464456711,seq_eth
5800,232.0,128,9.57,3.81,2.7023716435752863,2.420330555936524,0.10867527694905789,0.293680986784825,seq_eth
5810,232.4,126,10.08,5.01,1.937540322161034,1.258769240170732,0.4017795975813067,0.7784641709354155,seq_eth
5810,232.4,127,10.39,6.23,2.08764969523143,2.127345764091959,0.14067079997515936,0.2936713526961029,seq_eth
5810,232.4,128,10.73,4.13,3.1285230141393767,2.127345764091959,0.14067079997515936,0.4400918351396829,seq_eth
5820,232.8,126,10.86,4.96,1.8928318731467257,1.334053971921676,0.3577118460232519,0.677088383554965,seq_eth
5820,232.8,127,11.2,6.25,2.046109112437601,1.893620870184949,0.17753911884867551,0.3632644088904172,seq_eth
5820,232.8,128,11.97,4.52,3.1385705344950208,1.893620870184949,0.17753911884867551,0.5572190471386625,seq_eth
5830,233.2,126,11.57,4.74,1.8582585934149205,1.5516765126791077,0.2644099233158542,0.49134201218586626,seq_eth
5830,233.2,127,12.02,6.08,2.093591411904553,1.5844872987815335,0.2535727604427552,0.5308777535558828,seq_eth
5830,233.2,128,13.11,4.93,3.028716724951514,1.5844872987815335,0.2535727604427552,0.7680000605450963,seq_eth
6020,240.8,130,10.45,3.88,2.220360331117576,1.0733592129385205,0.27628668187118355,0.6134559884428774,seq_eth
6020,240.8,131,10.84,4.88,2.7459060435493527,1.0733592129385205,0.27628668187118355,0.7586572695022803,seq_eth
6030,241.2,130,9.57,3.76,2.2823028392393927,3.1834729463276425,0.06281708741107912,0.143367616951055,seq_eth
6030,241.2,131,9.76,4.68,2.690056923189605,2.504795400826184,0.10146952061963357,0.2729587864355757,seq_eth
6030,241.2,132,11.98,5.84,2.8906097972572793,3.1834729463276425,0.06281708741107912,0.1815796883056322,seq_eth
6040,241.6,130,8.64,3.64,2.303699470417062,4.008353776801643,0.05943459276844769,0.1369194398851267,seq_eth
6040,241.6,131,8.72,4.51,2.735215942114953,3.645737236828786,0.07184567905197141,0.19651344671502652,seq_eth
6040,241.6,132,10.83,5.96,2.9118561520102197,3.1903761533712602,0.09381830903879472,0.2731854203458104,seq_eth
6040,241.6,133,12.27,5.34,2.947138442625279,4.008353776801643,0.05943459276844769,0.17516197316967058,seq_eth
6050,242.0,130,7.75,3.47,2.167083293276905,3.7476926234684718,0.06798975155578933,0.1473394547105985,seq_eth
6050,242.0,131,7.6,4.33,2.7582263322649547,3.600013888862097,0.07368227548794934,0.20323239247206248,seq_eth
6050,242.0,132,9.66,6.05,2.9107559155655363,3.2100623046912964,0.09267112994821411,0.26974303969890673,seq_eth
6050,242.0,133,11.11,5.13,3.018924684386767,3.7476926234684718,0.06798975155578933,0.205255939257096,seq_eth
6050,242.0,134,-2.27,11.61,2.8672722228626575,12.911405810367823,0.005728281068474331,0.016424541192386476,seq_eth
6050,242.0,135,-3.17,-1.27,2.6553013011708857,12.911405810367823,0.005728281068474331,0.015210312174592443,seq_eth
6060,242.4,130,6.94,3.3,2.280487886396209,3.4231272252138094,0.0814939373049013,0.18584593683855952,seq_eth
6060,242.4,131,6.53,4.24,2.712730404960985,3.4415839376659103,0.0806222008992674,0.21870629569431554,seq_eth
6060,242.4,132,8.51,6.16,2.90269271539372,3.262590994899606,0.08971108634049244,0.2604037168106044,seq_eth
6060,242.4,133,9.87,5.07,3.315352545356177,3.4231272252138094,0.0814939373049013,0.2701811324749012,seq_eth
6060,242.4,134,-1.42,10.84,3.0100093438392745,11.25793942069329,0.007534484907444242,0.02267886997242316,seq_eth
6060,242.4,135,-2.52,-0.43,2.6535648192572574,11.323555095463615,0.007447418975482322,0.019762208987608814,seq_eth
6060,242.4,136,12.44,5.99,2.432719671478783,6.122589321520756,0.02547423334386272,0.06197166857145557,seq_eth
6070,242.8,130,5.97,3.07,2.476451594519921,3.3709494211571913,0.08403629742692456,0.20811182276045764,seq_eth
6070,242.8,131,5.44,4.12,2.7101948730673047,3.151253718760202,0.09616225515098806,0.26061845089279784,seq_eth
6070,242.8,132,7.34,6.15,2.9125268239108726,3.3709494211571913,0.08403629742692456,0.24475797043807002,seq_eth
6070,242.8,133,8.46,5.02,3.342084865768729,3.1626887295464288,0.09546814413766139,0.31906263968550574,seq_eth
6070,242.8,134,-0.34,10.17,2.979985318755831,9.498742021973225,0.01058374083055094,0.03153939229255845,seq_eth
6070,242.8,135,-1.81,0.36,2.6884591311753883,9.919526198362501,0.00970486558077352,0.026091134487460307,seq_eth
6070,242.8,136,11.54,6.36,2.565912362104428,6.469080305576674,0.022818458232009658,0.05855016406167714,seq_eth
6080,243.2,130,4.99,2.95,2.5225545088263694,3.414103103305464,0.08192531451783804,0.20666107152399077,seq_eth
6080,243.2,131,4.38,3.96,2.7414640249327187,2.982163644067844,0.10737630109760965,0.29436826658944043,seq_eth
6080,243.2,132,6.18,6.15,2.9388029025438835,3.414103103305464,0.08192531451783804,0.240762352096843,seq_eth
6080,243.2,133,7.2,4.93,3.1157111948960288,2.982163644067844,0.10737630109760965,0.33455354339634913,seq_eth
6080,243.2,134,0.61,9.59,2.869723418728764,7.954495584259256,0.015091975512080351,0.04330979556189801,seq_eth
6080,243.2,135,-0.95,1.04,2.6262199546116336,8.691150671804051,0.012642030215372147,0.03320075201841354,seq_eth
6080,243.2,136,10.48,6.6,2.7113764954355397,6.592617082767663,0.02197129620757552,0.05957245611147228,seq_eth
6090,243.6,130,3.96,2.89,2.51774949111301,3.4856563227030857,0.0785963273923334,0.19788586329539895,seq_eth
6090,243.6,131,3.26,3.88,2.748891822171216,2.910068727710739,0.1127625504577401,0.30997205280045087,seq_eth
6090,243.6,132,4.99,6.22,2.90218129171831,3.4856563227030857,0.0785963273923334,0.22810079095579733,seq_eth
6090,243.6,133,5.98,4.77,3.3488104231203772,2.8619049599873163,0.1165899100850219,0.3904375061233889,seq_eth
6090,243.6,134,1.75,9.22,2.9045223359443737,6.139657970929652,0.025332790169393923,0.07357965487879671,seq_eth
6090,243.6,135,-0.02,1.46,2.3784514394874323,6.852452115848749,0.020336647603854924,0.04836972876773738,seq_eth
6090,243.6,136,9.41,6.77,2.6282717705746883,4.454088009907303,0.04813420394030778,0.12650976941539588,seq_eth
6090,243.6,137,12.77,5.14,2.3834061760429837,7.854603745574948,0.015478284370017767,0.03689103856204993,seq_eth
6100,244.0,130,2.98,3.08,2.51625962491946,2.531600284405103,0.14899823038716994,0.37491823130768354,seq_eth
6100,244.0,131,2.19,3.76,2.7754504138967744,2.525490051455361,0.14972008255614866,0.415540665099122,seq_eth
6100,244.0,132,3.86,6.24,3.0137704789847124,2.989866217742861,0.10682376232494398,0.3219423013489955,seq_eth
6100,244.0,133,4.53,4.71,3.173375568696481,2.525490051455361,0.14972008255614866,0.47511805212690233,seq_eth
6100,244.0,134,2.87,9.05,3.034901151602757,5.333526038185246,0.03356931990056323,0.1018795676247407,seq_eth
6100,244.0,135,0.79,1.81,2.2946949688356946,4.732610273411493,0.04263535640208647,0.09783513783038454,seq_eth
6100,244.0,136,8.39,6.83,2.6585063945756824,4.568260062649674,0.04575828542581684,0.12164869440935333,seq_eth
6100,244.0,137,11.85,4.89,2.565912362104327,8.103246263072597,0.014542976649590054,0.03731600356697769,seq_eth
6110,244.4,130,1.95,3.0,2.5774260416159014,2.164162655624572,0.20388796194196174,0.525506142681204,seq_eth
6110,244.4,131,1.06,3.58,2.6655498963628124,2.5831182706178977,0.1431142238368486,0.3814781045163561,seq_eth
6110,244.4,132,2.58,6.29,3.0668081941979564,3.1071691296097805,0.09891031731849106,0.30333897164306844,seq_eth
6110,244.4,133,3.45,4.56,2.723652189615956,2.5831182706178977,0.1431142238368486,0.3897933691184207,seq_eth
6110,244.4,134,4.13,8.74,3.0711612217530573,4.234949822607112,0.053244511148792945,0.16352247791137123,seq_eth
6110,244.4,135,1.66,2.2,2.5720857295198796,2.9620432137293333,0.1088400171593937,0.27994585493637536,seq_eth
6110,244.4,136,7.29,6.94,2.800223205389131,4.517742799230607,0.04678734240820048,0.13101500192993,seq_eth
6110,244.4,137,10.81,4.53,2.6406083579356854,4.265969995206249,0.05247298725451942,0.13856060871013667,seq_eth
6110,244.4,138,11.95,5.6,2.6779189681541475,4.848834911605055,0.040615947231590566,0.10876621550102432,seq_eth
6110,244.4,139,12.58,4.94,2.7663152387245704,5.655448700147496,0.029856386721882806,0.08259217756199833,seq_eth
6120,244.8,130,0.94,2.78,2.513867786897363,2.1006903627141247,0.2163950369488028,0.54398851263006,seq_eth
6120,244.8,131,0.11,3.29,2.5140231701399016,2.7032572944505304,0.13067623550158353,0.3285230838376394,seq_eth
6120,244.8,132,1.41,6.37,2.8421492747567485,3.6206353033687337,0.07284534736069662,0.20703735117060731,seq_eth
6120,244.8,133,2.39,4.3,2.868906586140513,2.2902619937465674,0.18205434551910693,0.5222969108952664,seq_eth
6120,244.8,134,5.25,8.44,2.8622816510609743,5.031818756672382,0.037715633138147034,0.10795276468946549,seq_eth
6120,244.8,135,2.71,2.55,2.4679508200124562,2.7032572944505304,0.13067623550158353,0.3225025225622739,seq_eth
6120,244.8,136,6.17,7.13,2.8194913105027184,4.72200169419707,0.04282714313174115,0.12075075791360035,seq_eth
6120,244.8,137,9.8,4.38,2.4172556753476035,4.554053139786579,0.04604422782488269,0.11130067102669572,seq_eth
6120,244.8,138,10.88,5.55,2.6510611083112146,4.967947262199953,0.0386916658313799,0.10257397050134516,seq_eth
6120,244.8,139,11.48,4.82,2.842891353886105,5.790699439618672,0.028477990067796687,0.08095983173979358,seq_eth
6130,245.2,130,0.01,2.47,2.711808667660793,3.5674220383913084,0.07503474313844123,0.20347986681852614,seq_eth
6130,245.2,131,-0.85,2.95,2.4866204475151172,3.6587566193995467,0.07133527498236075,0.17738375340025184,seq_eth
6130,245.2,132,0.31,6.42,2.9251068356558005,3.961376023555451,0.060852614851130936,0.17800039966857278,seq_eth
6130,245.2,133,1.21,4.06,2.736101240817018,2.5257870060636547,0.14968487970270425,0.40955298508611515,seq_eth
6130,245.2,134,6.36,8.22,2.9842293812641674,4.7859168400631455,0.04169088227685535,0.12441515582141728,seq_eth
6130,245.2,135,3.57,2.7,2.2262636860893634,4.427064490155977,0.048723635436242446,0.10847166022596344,seq_eth
6130,245.2,136,5.1,7.48,2.8664274367233387,5.018894300540708,0.03791013083139952,0.10866663914489494,seq_eth
6130,245.2,137,8.91,4.17,2.316381876979748,4.7859168400631455,0.04169088227685535,0.0965720041414039,seq_eth
6130,245.2,138,9.83,5.66,2.6432993114666945,4.312134042443486,0.051355489986360046,0.13574793132098023,seq_eth
6130,245.2,139,10.31,4.8,2.8754347497379205,5.224834925622053,0.034980517843260055,0.10058419657033733,seq_eth
6140,245.6,130,-1.02,1.85,2.8469281690973114,4.540891982859755,0.04631152046593172,0.13184557216818765,seq_eth
6140,245.6,131,-1.72,2.51,2.5361449583964673,3.959608566512604,0.060906952741102284,0.15446886112563846,seq_eth
6140,245.6,132,-0.93,6.39,2.926308468019008,4.540891982859755,0.04631152046593172,0.1355217945062916,seq_eth
6140,245.6,133,0.25,3.84,2.744113016987417,2.8097864687552327,0.12095525700786229,0.3319148952283334,seq_eth
6140,245.6,134,7.55,7.8,3.1195201954787426,3.570014005574768,0.0749258264850037,0.2337326288829051,seq_eth
6140,245.6,135,4.45,2.93,2.1187407816908315,4.902580952926733,0.03973029912467797,0.08417820502423076,seq_eth
6140,245.6,136,3.98,7.81,2.8858490951537576,5.111213163232385,0.03655303100734452,0.10548653145767244,seq_eth
6140,245.6,137,7.96,4.16,2.4126295302014,3.663017881474236,0.0711694000127721,0.17170539611752986,seq_eth
6140,245.6,138,8.77,5.69,2.5629877584568774,2.43731409547477,0.16074903771591156,0.4119978158496042,seq_eth
6140,245.6,139,9.18,4.78,2.838848798368765,3.431807104136245,0.08108222245772563,0.2301801697931833,seq_eth
6140,245.6,140,-3.83,-2.44,2.3153023560649366,7.488978568536566,0.017026532296653858,0.03942157034205841,seq_eth
6150,246.0,130,-1.95,1.31,2.721930610798113,3.2692812665783286,0.08934429170032111,0.24318896247917982,seq_eth
6150,246.0,131,-2.58,1.89,2.7129607903542934,3.59439841976373,0.07391268052287377,0.20052220416854,seq_eth
6150,246.0,132,-2.03,6.35,2.6924083085594193,5.040634880647476,0.03758381842535313,0.10119098499580936,seq_eth
6150,246.0,133,-0.91,3.49,3.06741951809656,3.0714817271147807,0.10122213891788981,0.3104907645802166,seq_eth
6150,246.0,134,8.71,7.38,3.009490197691256,3.6641233603687526,0.07112646237478377,0.2140543913133677,seq_eth
6150,246.0,135,5.24,2.99,2.330303091874498,3.7142563185649964,0.0692193696986287,0.1613021112263184,seq_eth
6150,246.0,136,2.92,8.24,2.8692333470806735,5.739764803543784,0.028985659648424242,0.08316662125038951,seq_eth
6150,246.0,137,6.98,4.15,2.33833541221097,2.091219739769114,0.21835947556740412,0.5105976943110772,seq_eth
6150,246.0,138,7.78,5.7,2.537992563030833,1.9202343606966314,0.25897802146594306,0.657284292469003,seq_eth
6150,246.0,139,8.04,4.87,2.7257166488833326,2.597883754135277,0.14149202230721175,0.385667160886939,seq_eth
6150,246.0,140,-3.44,-1.6,2.4482774556818168,5.684100632465967,0.02955615025384171,0.07236165634322507,seq_eth
6160,246.4,130,-2.81,0.61,2.598677548292556,2.5660280590827527,0.14502690539165802,0.3768781629396504,seq_eth
6160,246.4,131,-3.48,1.24,2.574666240505711,2.3041050323281707,0.17987335578959335,0.4631138567179385,seq_eth
6160,246.4,132,-3.08,6.52,2.676985244636174,5.395600059307584,0.03280136225165726,0.08780876275165247,seq_eth
6160,246.4,133,-2.08,3.07,3.0201924607547355,3.5920050111323616,0.0740112116683877,0.22352810349218744,seq_eth
6160,246.4,134,9.81,6.97,3.0416124424389985,4.692334173947972,0.043370408690679076,0.13191597470723396,seq_eth
6160,246.4,135,6.3,3.16,2.4890384689674487,2.52857667473225,0.14935478026047075,0.37174979359249183,seq_eth
6160,246.4,136,1.86,8.69,2.5752730437760984,6.234524841557694,0.024567709183118097,0.06326855920661455,seq_eth
6160,246.4,137,6.09,4.11,2.537499999999965,1.671556161186336,0.3417664573749587,0.8672323855889458,seq_eth
6160,246.4,138,6.74,5.65,2.737528538663989,2.52857667473225,0.14935478026047075,0.4088629733489277,seq_eth
6160,246.4,139,7.0,4.83,2.725114676486071,1.8107733154649701,0.29123476121607006,0.793648122092829,seq_eth
6160,246.4,140,-2.84,-0.75,2.709733612368528,3.8948684188300895,0.06294856022092103,0.17057382948083416,seq_eth
6170,246.8,130,-3.41,-0.17,2.460182920028474,2.7433191575170395,0.12688746160559303,0.31216636580784873,seq_eth
6170,246.8,131,-4.1,0.5,2.413503677229399,2.272707636278806,0.18487757658006904,0.4462027109132565,seq_eth
6170,246.8,132,-4.13,6.77,2.698379143115324,6.270071769924169,0.024289935303923104,0.06554345481172669,seq_eth
6170,246.8,133,-3.14,2.56,2.9407694571318834,2.7433191575170395,0.12688746160559303,0.3731467715827225,seq_eth
6170,246.8,134,10.99,6.53,3.059513850271047,5.461904429775387,0.03200981679487309,0.09793447782855298,seq_eth
6170,246.8,135,7.17,3.48,2.4270609798685108,2.7330020124398007,0.1278472759899016,0.3102931349375705,seq_eth
6170,246.8,136,1.03,9.06,2.659005923272915,6.282873546395789,0.024191051401572457,0.06432414896698072,seq_eth
6170,246.8,137,4.95,4.15,2.52750494559361,2.3189006015782567,0.17758534181678015,0.44884782970684356,seq_eth
6170,246.8,138,5.59,5.71,2.728466831390894,2.7330020124398007,0.1278472759899016,0.3488270520221239,seq_eth
6170,246.8,139,5.86,4.89,2.7831243684033065,1.9246298345396182,0.25779646308281745,0.7174796184939727,seq_eth
6170,246.8,140,-2.07,0.08,2.8892310828316226,2.700981303156318,0.13089655785935767,0.3781904036029241,seq_eth
6180,247.2,134,12.13,6.19,2.771760496507664,7.5822028461391096,0.016610418866501046,0.046040102844613205,seq_eth
6180,247.2,135,8.06,3.98,2.499624971870838,3.990200496215698,0.05997661421527675,0.14991904262076924,seq_eth
6180,247.2,136,-0.09,9.54,2.7005207831084066,6.912018518493711,0.019987643556416863,0.053977046829466566,seq_eth
6180,247.2,137,4.07,4.02,2.3891028650939634,3.990200496215698,0.05997661421527675,0.14329030086035302,seq_eth
6180,247.2,138,4.56,5.76,2.458149710656432,3.926627051299882,0.06193441981991463,0.15224407615999713,seq_eth
6180,247.2,139,4.78,5.0,2.6719901290985946,3.434938136269706,0.08093447287447639,0.21625611262439887,seq_eth
6180,247.2,140,-1.04,0.7,2.73909770727523,7.547423401399977,0.016763857244826035,0.045917842944392245,seq_eth
6190,247.6,134,13.11,5.88,2.569654646056508,9.480005274260137,0.010625618624035384,0.027304170264477085,seq_eth
6190,247.6,135,8.89,4.5,2.4141509894784594,5.435485258925831,0.03232174037642782,0.0780295615114191,seq_eth
6190,247.6,136,-0.92,9.99,2.4964975465639494,6.76970457257922,0.020836844404979654,0.05201913093516646,seq_eth
6190,247.6,137,3.04,4.08,2.5156075309952115,4.311496260000697,0.05137068473567012,0.12922848139343251,seq_eth
6190,247.6,138,3.63,5.87,2.299796186621729,5.435485258925831,0.03232174037642782,0.07433341526268626,seq_eth
6190,247.6,139,3.73,5.07,2.611991577321758,5.191387097876636,0.03543272512759956,0.09254997959484706,seq_eth
6190,247.6,140,-0.23,1.27,2.6553307232809624,6.004964612718379,0.026481981457125763,0.07031841897646278,seq_eth
6190,247.6,141,-3.48,11.52,2.484074274251842,9.674016745902396,0.010203700728003499,0.02534675048059828,seq_eth
6200,248.0,135,9.86,4.68,2.5564868472182307,7.8369381776303415,0.015548143505304219,0.03974862436997179,seq_eth
6200,248.0,136,-1.77,10.62,2.805936786529549,6.485283339993712,0.022704579971215888,0.06370761616393666,seq_eth
6200,248.0,137,2.06,3.92,2.297349015713514,2.567664308277077,0.14484212691704287,0.33275291770672033,seq_eth
6200,248.0,138,2.73,5.95,2.206949251795306,4.689019087186574,0.043431755206571714,0.09585167965730033,seq_eth
6200,248.0,139,2.7,5.2,2.5588388479933264,3.998512223315067,0.059727526006928405,0.15283311384106013,seq_eth
6200,248.0,140,0.86,1.65,2.7740144646342024,4.689019087186574,0.043431755206571714,0.12048031716748177,seq_eth
6200,248.0,141,-3.0,10.65,2.9272694187586747,6.874838179913764,0.020204421572535453,0.05914378539299109,seq_eth
6200,248.0,142,-5.15,4.12,2.251249652970514,6.874838179913764,0.020204421572535453,0.04548519705364041,seq_eth
6200,248.0,143,-4.93,5.21,2.4511476903687024,6.2652773282593,0.024327124794640304,0.05962937575369377,seq_eth
6210,248.4,135,10.91,4.82,2.7682632190598837,9.477731796163047,0.01063071689207716,0.029428622564575804,seq_eth
6210,248.4,136,-2.75,11.29,2.6453083468661664,7.015896236404868,0.01940014908845844,0.05131937631414716,seq_eth
6210,248.4,137,1.21,3.91,2.513619153730298,2.2012723593412966,0.19707149961849357,0.49536269609539857,seq_eth
6210,248.4,138,1.87,6.01,2.1892136145200323,3.9401142115426047,0.0615111377855243,0.13466102028468738,seq_eth
6210,248.4,139,1.69,5.24,2.5294515215753433,3.1735469115801647,0.09481597975965325,0.23983242427271187,seq_eth
6210,248.4,140,1.84,2.07,2.5983468301979644,3.9401142115426047,0.0615111377855243,0.1598272698868873,seq_eth
6210,248.4,141,-1.88,9.81,3.3077796555997643,5.338773267333986,0.03350336491716067,0.11082174886711894,seq_eth
6210,248.4,142,-4.25,4.15,2.1536306554281466,6.03918040796928,0.026182757002041913,0.05638798812322342,seq_eth
6210,248.4,143,-3.95,5.24,2.524999999999963,5.328648984498791,0.03363079675822332,0.08491776181451265,seq_eth
6220,248.8,135,12.04,5.07,2.893311251835818,11.362750547292675,0.007396128314475343,0.021399301272292996,seq_eth
6220,248.8,136,-3.33,12.05,2.3900836805433934,7.220006925204435,0.01831876341255497,0.04378337748008304,seq_eth
6220,248.8,137,0.05,3.86,2.565059697161094,3.136510800236467,0.09706838575595636,0.24898620417108966,seq_eth
6220,248.8,138,1.01,6.28,2.3496342800530194,3.4767369759589224,0.07900011239122187,0.18562137220245623,seq_eth
6220,248.8,139,0.68,5.32,2.605882767892738,3.5916848414079987,0.07402440726123408,0.19289892728552396,seq_eth
6220,248.8,140,2.81,2.37,2.6410816912773325,4.3044279527017295,0.05153953500636179,0.1361201222822493,seq_eth
6220,248.8,141,-0.73,9.29,3.17295701987916,4.212956206750788,0.053801885095012256,0.1707110689949511,seq_eth
6220,248.8,142,-3.43,4.22,2.3536208806858285,4.254656272838031,0.05275242422433705,0.12415920716119659,seq_eth
6220,248.8,143,-2.91,5.21,2.4261595166023593,3.5916848414079987,0.07402440726123408,0.17959502013769185,seq_eth
6230,249.2,137,-0.82,3.61,2.6390398348642172,2.0012496096189496,0.23843437167325157,0.6292378048465312,seq_eth
6230,249.2,138,0.05,6.48,2.7377568372666348,2.4358981916328113,0.16093596780224012,0.44060354621270587,seq_eth
6230,249.2,139,-0.37,5.56,2.5042463936282977,2.0012496096189496,0.23843437167325157,0.5970984153797694,seq_eth
6230,249.2,140,3.83,2.78,2.7472998107233066,5.289461220200032,0.03413096026046421,0.09376798066337802,seq_eth
6230,249.2,141,0.44,8.78,3.154807838839069,4.354595273960601,0.05035884817673683,0.1588724889828759,seq_eth
6230,249.2,142,-2.38,4.37,2.4811791551599662,2.3358510226467777,0.17501734880528072,0.4342493976470235,seq_eth
6230,249.2,143,-2.01,5.18,2.0948224865129346,1.9700253805471644,0.24605247579267508,0.5154362591526752,seq_eth
6240,249.6,137,-1.98,3.28,2.8635642126552296,2.6400757564888178,0.13700568989259276,0.3923245905065689,seq_eth
6240,249.6,138,-1.12,6.79,2.580273725789535,2.452305038122297,0.15878972672043834,0.40972095978204753,seq_eth
6240,249.6,139,-1.26,5.82,2.7821978721866243,1.4723111084278349,0.4405266681512074,1.2256323587717524,seq_eth
6240,249.6,140,4.89,3.08,2.7561578782790703,6.467920840579297,0.022826640018916957,0.06291382372277828,seq_eth
6240,249.6,141,1.6,8.32,3.0879048317588618,4.316028266821245,0.05126285872157503,0.15829482913612344,seq_eth
6240,249.6,142,-1.45,4.36,2.6504716561396764,1.4723111084278349,0.4405266681512074,1.1676034477084243,seq_eth
6240,249.6,143,-1.24,5.07,2.1887853366650334,1.7241809649801842,0.32122230171937977,0.7030866638131695,seq_eth
6250,250.0,137,-3.06,3.13,2.5261136158137893,3.435127362995439,0.08092555644031595,0.2044271499911894,seq_eth
6250,250.0,138,-1.96,6.95,2.1923161268393434,3.1232034836046147,0.09789732413591529,0.21462188247758557,seq_eth
6250,250.0,139,-2.59,5.72,2.98548572262534,2.632299375071156,0.13781637444817035,0.4114488182590003,seq_eth
6250,250.0,140,5.94,3.42,2.9381648183857485,6.428841264178173,0.023105000206904716,0.06788629873672287,seq_eth
6250,250.0,141,2.8,8.05,3.1106671310186385,4.885447778863264,0.04000945459750341,0.1244560953464364,seq_eth
6250,250.0,142,-0.26,4.33,2.7882005846064555,3.046309242345563,0.10290190286113923,0.2869111457145451,seq_eth
6250,250.0,143,-0.26,5.12,2.512997463190089,2.4977790134437434,0.1530605809600045,0.3846408516668925,seq_eth
6260,250.4,137,-4.0,3.34,2.4079296086056656,4.877427600692808,0.040141141544785756,0.09665704324892059,seq_eth
6260,250.4,138,-2.86,7.01,2.254994456755904,4.0971819583709,0.05688540817848274,0.12827628011277556,seq_eth
6260,250.4,139,-3.64,5.62,2.6368778887160866,4.439391850242553,0.048453418300573974,0.1277657473494949,seq_eth
6260,250.4,140,7.16,3.69,2.9045223359443733,6.54587656467795,0.022286186413792125,0.06473072622187925,seq_eth
6260,250.4,141,4.02,7.74,3.17115909408527,5.1246560860217745,0.0363615117812883,0.11530813875992107,seq_eth
6260,250.4,142,0.78,4.31,2.6126196144865417,4.610043383743802,0.044932580098876455,0.11739174009581226,seq_eth
6260,250.4,143,0.77,5.11,2.625476147292107,4.180837236726634,0.05463171839716307,0.14343427353733101,seq_eth
6270,250.8,140,8.2,3.96,2.7406944831557447,6.472217548877663,0.022796342255628422,0.062477809456131,seq_eth
6270,250.8,141,5.26,7.43,3.204537798185635,4.609913231287547,0.04493511731288779,0.14399628189505465,seq_eth
6270,250.8,142,1.83,4.35,2.657536453183721,6.381927608489459,0.023445939221472964,0.06230843816019436,seq_eth
6270,250.8,143,1.84,5.16,2.6242260763890517,6.472217548877663,0.022796342255628422,0.05982275579350972,seq_eth
6280,251.2,140,9.29,4.21,2.86806228140191,6.570007610345668,0.02212277675318828,0.06344950156569432,seq_eth
6280,251.2,141,6.51,7.13,3.226477374785145,4.48416101405826,0.04749074526432023,0.153227815107014,seq_eth
6280,251.2,142,2.9,4.47,2.5830275356643653,6.395287327399761,0.02334808466935876,0.06030874560597671,seq_eth
6280,251.2,143,2.84,5.46,2.5830275356643573,6.570007610345668,0.02212277675318828,0.05714374151884065,seq_eth
6290,251.6,140,10.43,4.5,2.8256083415788136,6.604392477737827,0.021893017986871755,0.06186109424603983,seq_eth
6290,251.6,141,7.75,6.75,3.20704790266683,4.422273171119125,0.04882927203494347,0.15659781446841356,seq_eth
6290,251.6,142,3.88,4.61,2.4902309129877542,6.550923599004952,0.02225185970628579,0.055412268912059484,seq_eth
6290,251.6,143,3.89,5.42,2.563262081801198,6.604392477737827,0.021893017986871755,0.05611754286193997,seq_eth
6300,252.0,140,11.52,4.58,2.6408154517118,6.6949085131912,0.02130502698578308,0.05626264446319283,seq_eth
6300,252.0,141,8.92,6.25,3.2256782232578156,4.3307274215771185,0.05091546123482405,0.16423689453229942,seq_eth
6300,252.0,142,4.88,4.69,2.579365231990191,6.640911082073001,0.021652899061745286,0.055850735011658825,seq_eth
6300,252.0,143,4.89,5.51,2.5818174315779587,6.6949085131912,0.02130502698578308,0.05500569005213358,seq_eth
6310,252.4,140,12.51,4.87,2.5790017448617237,6.597241847924025,0.0219405025905801,0.056584594464249245,seq_eth
6310,252.4,141,10.19,5.91,3.2089961436560968,4.410770907675889,0.04908427483828612,0.15751124867021613,seq_eth
6310,252.4,142,5.94,4.73,2.5136191537302968,6.571491459326412,0.022112787193353464,0.05558312543157528,seq_eth
6310,252.4,143,5.95,5.57,2.4761361028828417,6.597241847924025,0.0219405025905801,0.0543276705799299,seq_eth
6320,252.8,141,11.44,5.76,3.1506447752801994,13.619489711439265,0.0051481324302396735,0.016219936543785184,seq_eth
6320,252.8,142,6.89,4.75,2.050609665441008,9.021247142163881,0.01173378754690939,0.024061418155923733,seq_eth
6320,252.8,143,6.87,5.57,1.8756665481902783,9.052121298347696,0.011653882963835792,0.02185879843179137,seq_eth
6320,252.8,144,-2.13,4.6,3.926273678693546,13.619489711439265,0.0051481324302396735,0.020212976855278668,seq_eth
6330,253.2,141,12.7,5.68,3.1563428204175046,13.300721784925809,0.005397851884194672,0.01703747104035495,seq_eth
6330,253.2,142,7.58,4.77,1.981673850561717,8.141038017353807,0.01440826927419782,0.02855249045252967,seq_eth
6330,253.2,143,7.45,5.61,1.6125484488845838,8.068519071056349,0.014668433027931554,0.02365355892675843,seq_eth
6330,253.2,144,-0.56,4.64,3.446578919740666,13.300721784925809,0.005397851884194672,0.018604122515947792,seq_eth
6340,253.6,142,8.47,4.88,2.4456913644202585,7.8504076327283805,0.01032989023603506,0.025263723345680094,seq_eth
6340,253.6,143,8.16,5.58,1.7070167691033133,7.58023746329889,0.011079355592892123,0.018912645787925435,seq_eth
6340,253.6,144,0.62,4.8,3.110189905777415,7.8504076327283805,0.01032989023603506,0.03212792033990493,seq_eth
6350,254.0,142,9.53,4.93,2.563262081801197,7.620006561676964,0.010964010236333414,0.02810363170327362,seq_eth
6350,254.0,143,8.77,5.26,2.028623301650623,6.867459501154702,0.013498574538136245,0.027383522847130984,seq_eth
6350,254.0,144,1.91,4.94,3.1418545478745066,7.620006561676964,0.010964010236333414,0.03444732542396678,seq_eth
6360,254.4,142,10.5,5.17,2.582755311677787,7.380819737671419,0.01168613571664078,0.030182429095141475,seq_eth
6360,254.4,143,9.53,4.71,2.5549278365542563,6.419548270711888,0.015447961746919033,0.03946842748522875,seq_eth
6360,254.4,144,3.12,5.06,2.991080490391348,7.380819737671419,0.01168613571664078,0.034954172550109755,seq_eth
6370,254.8,142,11.59,5.09,2.346040547390457,7.312215806443352,0.011906445334497532,0.02793300353001914,seq_eth
6370,254.8,143,10.61,4.37,2.7582263322650524,6.393660923133162,0.015573309760477447,0.04295471306186925,seq_eth
6370,254.8,144,4.28,5.27,3.3558018788362163,7.312215806443352,0.011906445334497532,0.03995567162376752,seq_eth
6380,255.2,142,12.37,5.33,2.040220576310431,6.580007598779806,0.014703723681304064,0.02999883960297951,seq_eth
6380,255.2,143,11.72,4.44,2.7805125426800172,5.997907968617059,0.017696220764132242,0.049204563792704256,seq_eth
6380,255.2,144,5.79,5.34,3.5828803008195287,6.580007598779806,0.014703723681304064,0.052681681926437934,seq_eth
6520,260.8,145,-1.58,3.42,2.5559978481995524,0.9108238029388562,0.3836907981964688,0.9807128545641429,seq_eth
6520,260.8,146,-1.88,4.28,2.478154555309393,0.9108238029388562,0.3836907981964688,0.9508450993808762,seq_eth
6530,261.2,145,-0.56,3.49,2.6667220046341003,4.650268809434569,0.029439064618154053,0.07850580141307659,seq_eth
6530,261.2,146,-0.89,4.33,2.788200584606411,3.7847721199564974,0.044442722075296266,0.1239152236718413,seq_eth
6530,261.2,147,-3.31,7.24,2.552694654673546,4.650268809434569,0.029439064618154053,0.07514894288935096,seq_eth
6540,261.6,145,0.55,3.54,2.7638853992160697,4.552471856036015,0.030717479969485224,0.08489959438837229,seq_eth
6540,261.6,146,0.35,4.33,2.8881763277195507,3.8262383616288203,0.04348466010256634,0.1255913659271629,seq_eth
6540,261.6,147,-2.3,7.09,2.739325875101379,4.552471856036015,0.030717479969485224,0.08414518769831919,seq_eth
6550,262.0,145,1.65,3.56,2.7252580153080634,4.335446920445457,0.033869780027111024,0.09230388949560528,seq_eth
6550,262.0,146,1.42,4.38,2.715378656836066,3.5784074670165777,0.04971649920871389,0.13499912084394886,seq_eth
6550,262.0,147,-1.15,6.87,2.791169109889417,4.335446920445457,0.033869780027111024,0.09453628377042184,seq_eth
6560,262.4,145,2.73,3.57,2.7388980448347753,4.319085551363853,0.03412687407154207,0.09347002867086916,seq_eth
6560,262.4,146,2.52,4.43,2.7897692556911853,3.5519572069494307,0.050459701053199114,0.14077092264958302,seq_eth
6560,262.4,147,-0.08,6.85,2.714342692071095,4.319085551363853,0.03412687407154207,0.09263203123932076,seq_eth
6570,262.8,145,3.84,3.63,2.806270879655026,4.235327614246624,0.03549000849412317,0.09959457735576738,seq_eth
6570,262.8,146,3.65,4.47,2.8414619916514425,3.507035785389137,0.0517606507986293,0.14707592190744803,seq_eth
6570,262.8,147,1.02,6.79,2.7697303569119853,4.235327614246624,0.03549000849412317,0.09829775389323715,seq_eth
6580,263.2,145,4.97,3.72,2.8527399110328573,4.109318678321261,0.037699924340010155,0.10754807880766602,seq_eth
6580,263.2,146,4.79,4.55,2.9038767191462727,3.4139712945483307,0.05462109379226278,0.1586129226376569,seq_eth
6580,263.2,147,2.13,6.69,2.7428600492915822,4.109318678321261,0.037699924340010155,0.10340561633352917,seq_eth
6590,263.6,145,6.12,3.73,2.8658004989879817,7.050858103805521,0.019208233769383083,0.05504696592097584,seq_eth
6590,263.6,146,5.97,4.59,2.869478393366937,6.9247743645551365,0.019914074522733374,0.05714300656688242,seq_eth
6590,263.6,147,3.2,6.54,2.565059697161007,7.736795202149272,0.015953250334982325,0.04092103947298349,seq_eth
6590,263.6,148,-2.36,1.16,2.8304151638939667,9.008540392316617,0.011766912437265683,0.0333052473946493,seq_eth
6590,263.6,149,12.67,6.34,3.0410730014258207,9.472111696976551,0.01064333570607709,0.032367160860862464,seq_eth
6600,264.0,145,7.26,3.83,2.8620632854639907,5.288184943815789,0.03414743691382311,0.09773212548375093,seq_eth
6600,264.0,146,7.08,4.71,2.810971807044832,4.995888309400041,0.038260085923312814,0.10754802286554517,seq_eth
6600,264.0,147,4.16,6.39,2.620740591893974,7.240338389882064,0.018216026678456235,0.047739480539253816,seq_eth
6600,264.0,148,-1.59,1.99,2.6647291138126605,9.086655050127082,0.011565470332097236,0.030818845508876085,seq_eth
6600,264.0,149,11.58,6.88,2.795001118067914,5.288184943815789,0.03414743691382311,0.09544212435328916,seq_eth
6600,264.0,150,13.04,6.06,3.013511241061004,6.195264320430565,0.02488007593675494,0.07497638851386239,seq_eth
6610,264.4,145,8.4,3.94,2.9044416416928955,3.839752596196792,0.06476865770134849,0.1881167865043498,seq_eth
6610,264.4,146,8.2,4.88,2.8749456516601715,3.226391172812126,0.09173548057095099,0.26373452097041167,seq_eth
6610,264.4,147,5.26,6.15,2.939414269884333,5.380975747947579,0.032979898343678336,0.09694158381074278,seq_eth
6610,264.4,148,-0.77,2.58,2.7461620946330907,9.27030204470167,0.011111779453345965,0.030514747538701495,seq_eth
6610,264.4,149,10.56,7.08,2.5778503641599944,3.8111940386183436,0.06574296109873683,0.16947551620933507,seq_eth
6610,264.4,150,11.87,6.35,3.09071189210506,4.224807687930895,0.05350045708730867,0.16535449895280133,seq_eth
6620,264.8,145,9.56,4.16,2.8120555204333475,3.3266950566590863,0.08628700526356721,0.2426438494930755,seq_eth
6620,264.8,146,9.35,5.08,2.9248130282121902,2.423984323381651,0.1625218541708004,0.4753460364479587,seq_eth
6620,264.8,147,6.47,5.95,3.018821168933281,3.571022262602126,0.07488352272951895,0.22605996362016834,seq_eth
6620,264.8,148,0.3,3.11,2.89711602287511,9.31934010539373,0.010995147484589794,0.03185421795148005,seq_eth
6620,264.8,149,9.61,7.49,2.6150107552359785,3.3185087012090246,0.08671324935767277,0.2267560796917736,seq_eth
6620,264.8,150,10.6,6.46,3.049923154769578,1.9769926656414294,0.24432126354135117,0.7451610788773273,seq_eth
6620,264.8,151,12.46,5.79,3.0207614933988185,3.3185087012090246,0.08671324935767277,0.26194004462714776,seq_eth
6630,265.2,145,10.6,4.41,2.847284890909166,2.4517748673155126,0.15885840739808557,0.45231514317846194,seq_eth
6630,265.2,146,10.5,5.31,2.846324384183897,1.6465721970202225,0.35221660465895954,1.0025227103552563,seq_eth
6630,265.2,147,7.64,5.74,2.785004488326712,2.8921445330411832,0.11416458348393468,0.3179488774107077,seq_eth
6630,265.2,148,1.37,3.47,2.890312483106231,8.644934933242702,0.012777559862278161,0.0369311407735797,seq_eth
6630,265.2,149,8.55,7.66,2.7790510970472813,3.053686296920494,0.10240532531382006,0.28458963165685536,seq_eth
6630,265.2,150,9.44,6.57,3.0037996770756297,1.9120669444347391,0.2611952020107692,0.7845780634536523,seq_eth
6630,265.2,151,11.28,6.05,2.7538892951605702,1.9120669444347391,0.2611952020107692,0.7193026707647598,seq_eth
6640,265.6,145,11.78,4.67,2.980273687096493,3.2356297686849147,0.09121236936102438,0.2718378243443873,seq_eth
6640,265.6,146,11.6,5.43,2.441983056861698,2.9506101064017245,0.10968512405685353,0.26784921453660976,seq_eth
6640,265.6,147,8.65,5.49,2.7789386463180383,2.4661711213944586,0.15700915135668725,0.43631879853069644,seq_eth
6640,265.6,148,2.51,3.79,2.5802737257894823,6.404404734243457,0.023281654619892823,0.06007304170861477,seq_eth
6640,265.6,149,7.39,7.61,2.775253366811702,3.284935311387425,0.0884947972857779,0.2455954841126742,seq_eth
6640,265.6,150,8.21,6.71,3.028716724951294,2.169331694324313,0.2029174795051792,0.6145795639622976,seq_eth
6640,265.6,151,10.27,6.03,2.550122546074959,2.0321663317750347,0.23123463170481437,0.5896766477437867,seq_eth
6640,265.6,152,-4.42,5.4,2.553061887224973,12.697755707210627,0.005922668799509851,0.015120939982685088,seq_eth
6650,266.0,145,12.97,4.67,2.9750000000001724,3.98408082247336,0.06016100766409236,0.17897899780068513,seq_eth
6650,266.0,146,12.44,5.54,2.11792941336592,3.243593686021724,0.09076501616319636,0.19223389743666672,seq_eth
6650,266.0,147,9.84,5.42,2.9006734131923504,3.09278191924358,0.09983269302074914,0.28958203841268054,seq_eth
6650,266.0,148,3.38,3.94,2.4928021381571197,6.235102244550606,0.024563159197751133,0.06123109576804774,seq_eth
6650,266.0,149,6.33,7.69,2.5526946546739078,4.180071769718793,0.054651728870335495,0.1395091761559931,seq_eth
6650,266.0,150,7.02,6.69,2.780512542680014,3.09278191924358,0.09983269302074914,0.2775860551137165,seq_eth
6650,266.0,151,9.24,6.07,2.5497855301967527,3.243593686021724,0.09076501616319636,0.23143132486099247,seq_eth
6650,266.0,152,-3.4,5.45,2.739325875101546,10.493521811098502,0.008672191170526656,0.023755957667250832,seq_eth
6660,266.4,147,10.97,5.54,2.7638853992160826,6.08086342553424,0.025825032886785313,0.07137743133006108,seq_eth
6660,266.4,148,4.48,4.1,2.828454745969914,4.321400236034612,0.05113548735180979,0.14463441188771092,seq_eth
6660,266.4,149,5.37,7.91,2.552480411286191,3.912569488200817,0.062380270609958835,0.15922441878265162,seq_eth
6660,266.4,150,5.99,6.57,2.737528538663963,2.8949956822074885,0.11393982323724756,0.3119135178022926,seq_eth
6660,266.4,151,8.24,6.23,2.501312155649479,3.3255525856615167,0.08634630207620485,0.21597905497859304,seq_eth
6660,266.4,152,-2.23,5.48,2.9876046006792287,8.291953931372268,0.01388857284113316,0.041493564117038015,seq_eth
6670,266.8,147,12.05,5.49,2.70289196972405,7.320689858203256,0.017818345077228563,0.04816106182301314,seq_eth
6670,266.8,148,5.63,4.18,2.8397293004791395,3.841301862650214,0.06471642349693485,0.18377712402646254,seq_eth
6670,266.8,149,4.29,7.78,2.731443070979111,3.841301862650214,0.06471642349693485,0.17676922653925242,seq_eth
6670,266.8,150,4.83,6.7,2.9509797101979176,2.643936459145719,0.13660586784037707,0.40312114429093093,seq_eth
6670,266.8,151,7.25,6.28,2.569076925668027,3.3183730953586275,0.08672033660425117,0.22279121575614608,seq_eth
6670,266.8,152,-1.01,5.47,3.0125259334982846,6.764148135574796,0.020871091486620145,0.06287470436385845,seq_eth
6680,267.2,148,6.75,4.19,2.7653266081965446,5.041676308530724,0.03756829311530469,0.10388860057627912,seq_eth
6680,267.2,149,3.19,7.76,2.762754513162501,3.782089369647417,0.0667586903532789,0.18443787306633921,seq_eth
6680,267.2,150,3.66,6.95,2.8689065861404175,3.7816398559355178,0.06677456216095405,0.1915699811702038,seq_eth
6680,267.2,151,6.2,6.48,2.717075633838659,3.2708561570328953,0.08925827532377174,0.24252148500068263,seq_eth
6680,267.2,152,0.18,5.47,2.975026260388259,3.7816398559355178,0.06677456216095405,0.19865607595476648,seq_eth
6680,267.2,153,-3.01,4.24,2.976680197804004,3.4189179574830395,0.08169472654216547,0.24317907476307712,seq_eth
6680,267.2,154,-2.94,4.95,2.75283944319292,3.163036515755074,0.09544715122255037,0.262750682625836,seq_eth
6680,267.2,155,-4.31,6.75,2.8408845453482647,4.668886376856904,0.04380712702944571,0.12445099015406055,seq_eth
6690,267.6,148,7.84,4.28,2.7939667141896716,6.580341936404216,0.022053344354306084,0.06161631006249391,seq_eth
6690,267.6,149,2.08,7.81,2.6824662160034234,3.2256782232578622,0.0917760363816792,0.2461861170325555,seq_eth
6690,267.6,150,2.57,7.1,2.6063024575055946,2.582479428766084,0.14318503846808794,0.3731835176374107,seq_eth
6690,267.6,151,5.13,6.76,2.7146017203265282,3.6734860827285027,0.07076436018758546,0.19209705390302556,seq_eth
6690,267.6,152,1.37,5.48,2.9374999999999525,3.2456894491001447,0.09064783886766072,0.26627802667374906,seq_eth
6690,267.6,153,-1.82,4.28,2.98878110606979,3.408240015022417,0.08220742405380219,0.24569999579067117,seq_eth
6690,267.6,154,-1.84,5.0,2.7028919697242366,3.2456894491001447,0.09064783886766072,0.2450113157482567,seq_eth
6690,267.6,155,-3.18,6.63,2.9678485473487113,4.693080012102927,0.04335662467883639,0.12867589557102788,seq_eth
6700,268.0,148,8.97,4.45,2.876222566144862,7.8757158404807885,0.015395411644808493,0.04428063038788757,seq_eth
6700,268.0,149,1.05,7.92,2.7897692556913887,3.1758620876857995,0.0946777900825266,0.2641291879690358,seq_eth
6700,268.0,150,1.59,7.2,2.601081505835749,2.5233509466580353,0.14997403272209126,0.39009468286903703,seq_eth
6700,268.0,151,4.11,7.07,2.6410521104288716,3.1758620876857995,0.0946777900825266,0.25004897730819853,seq_eth
6700,268.0,152,2.53,5.47,2.9512973842025803,2.862324230411363,0.11655575663701155,0.3439906996765647,seq_eth
6700,268.0,153,-0.62,4.17,2.9512973842025803,3.4077118422777475,0.08223290924016122,0.24269376993585598,seq_eth
6700,268.0,154,-0.78,4.85,2.793798936931734,3.3375739692177615,0.08572541236973012,0.23949956594658656,seq_eth
6700,268.0,155,-1.95,6.49,2.9633173977825935,3.323386826717588,0.0864588777219687,0.2562050965462677,seq_eth
6710,268.4,148,10.12,4.59,2.842231737561138,9.587533572301062,0.010388613442783051,0.029526846836332266,seq_eth
6710,268.4,149,-0.15,7.9,2.9129291529317753,3.097434422227532,0.09953301076196533,0.28993260872760096,seq_eth
6710,268.4,150,0.49,7.16,2.7861824240346764,2.312163489029269,0.17862173519974778,0.49767273916411336,seq_eth
6710,268.4,151,3.09,7.31,2.623451924468942,3.2932810387211107,0.08804684423793506,0.2309866629594279,seq_eth
6710,268.4,152,3.73,5.55,3.051075630003245,3.4600144508368746,0.07976558538481353,0.24337083368054757,seq_eth
6710,268.4,153,0.54,4.21,3.0162321280033546,2.950423698386386,0.10969898432525815,0.33087760093118,seq_eth
6710,268.4,154,0.39,4.85,3.0031493885585645,2.312163489029269,0.17862173519974778,0.5364277548483923,seq_eth
6710,268.4,155,-0.84,6.25,3.1485363663136297,1.8635718392377583,0.2749660682862656,0.865740665501584,seq_eth
6720,268.8,148,11.23,4.7,2.6709665853394178,9.574053478020687,0.01041788799728757,0.027825830730563685,seq_eth
6720,268.8,149,-1.28,7.96,2.4255154091449427,3.3657391461609136,0.08429668072168327,0.2044628980302142,seq_eth
6720,268.8,150,-0.62,6.91,3.0901557404117925,2.6862799556263677,0.1323332074876141,0.4089302207649555,seq_eth
6720,268.8,151,2.03,7.35,2.6627640714114733,2.6862799556263677,0.1323332074876141,0.3523721103526586,seq_eth
6720,268.8,152,4.96,5.7,3.1183178558318496,3.469437994834322,0.07933286188845824,0.24738507978102137,seq_eth
6720,268.8,153,1.79,4.29,3.1020406589855813,3.0693973349828787,0.10135966315876663,0.314421796299577,seq_eth
6720,268.8,154,1.62,4.96,3.0282265849833117,2.4249123695507016,0.1623974794312051,0.49177636454785584,seq_eth
6720,268.8,155,0.54,6.11,3.053097812058988,1.9384787850270628,0.25412610334815783,0.7758718501193369,seq_eth
6730,269.2,148,12.25,4.76,2.554407954889104,9.469318877300521,0.010649614785111434,0.027203460723593264,seq_eth
6730,269.2,149,-2.09,7.86,2.0403737402741857,4.0711791903575065,0.05761438707359931,0.11755488244696452,seq_eth
6730,269.2,150,-1.96,6.83,3.3559648389101575,3.6262515081003417,0.07261988171223464,0.24370976963207422,seq_eth
6730,269.2,151,0.96,7.34,2.6751168198792388,2.9642030969554023,0.10868146116785662,0.2907356047791856,seq_eth
6730,269.2,152,6.21,5.82,3.0918491635265397,4.6210929443152295,0.04471795914450688,0.13826118457555758,seq_eth
6730,269.2,153,3.02,4.3,3.0021086339437835,3.533624201864143,0.07647696780934385,0.22959216535827195,seq_eth
6730,269.2,154,2.79,5.18,2.989382252238702,2.8309892264012597,0.11915024749533615,0.3561856352124067,seq_eth
6730,269.2,155,1.6,6.14,2.7760133284982045,2.324220299369231,0.17677335404505226,0.4907251869523971,seq_eth
6740,269.6,152,7.41,6.04,3.1125251003003678,4.6518168493611185,0.04412921146387479,0.137353278337773,seq_eth
6740,269.6,153,4.19,4.38,3.019131704646191,3.6227061708065698,0.07276208919166201,0.2196783303748407,seq_eth
6740,269.6,154,3.99,5.28,3.092455537271279,3.503426893771297,0.07780101503595992,0.2405961797532803,seq_eth
6740,269.6,155,2.76,6.17,2.8879328679870233,4.6518168493611185,0.04412921146387479,0.12744220022487374,seq_eth
6750,270.0,152,8.7,5.81,3.287595055660174,4.804268935020186,0.04137297597813666,0.13601759126366925,seq_eth
6750,270.0,153,5.43,4.46,3.039145644749697,3.5377111244419037,0.07630037062749669,0.23188793908534427,seq_eth
6750,270.0,154,5.26,5.32,3.0752286500358106,3.47472301054343,0.07909171658657844,0.24322511282755857,seq_eth
6750,270.0,155,3.91,6.18,2.9544722455966634,4.804268935020186,0.04137297597813666,0.12223530924514224,seq_eth
6760,270.4,152,10.03,5.81,3.1890682416655554,4.93438952657773,0.039219722959043066,0.1250743729356057,seq_eth
6760,270.4,153,6.62,4.46,2.962737332265512,3.66750596454866,0.07099532054714082,0.21034048660117088,seq_eth
6760,270.4,154,6.45,5.31,2.962526371190603,3.6147475707163834,0.07308284290633782,0.2165098493916059,seq_eth
6760,270.4,155,5.12,6.3,3.093188080282167,4.93438952657773,0.039219722959043066,0.12131397956888086,seq_eth
6770,270.8,152,11.25,5.89,3.0626020391163724,4.889836398081228,0.039937670000684725,0.12231318958165381,seq_eth
6770,270.8,153,7.8,4.49,2.9781758259041333,3.723237838226293,0.06888581847079331,0.20515407931733706,seq_eth
6770,270.8,154,7.63,5.33,2.976680197804219,3.663058831086391,0.07116780880543838,0.21184380719226517,seq_eth
6770,270.8,155,6.38,6.33,3.112525100300349,4.889836398081228,0.039937670000684725,0.12430700032464347,seq_eth
6780,271.2,152,12.48,5.79,3.0851458636507108,4.897683125723836,0.03980980179308934,0.12281904533470424,seq_eth
6780,271.2,153,9.0,4.57,2.9801426140370806,3.68765508148471,0.0702216120945504,0.2092704186293513,seq_eth
6780,271.2,154,8.83,5.39,2.989173171631204,3.671852393547432,0.07082734348610212,0.21171519496656457,seq_eth
6780,271.2,155,7.61,6.31,3.025103304021167,4.897683125723836,0.03980980179308934,0.12042876293670235,seq_eth
6790,271.6,153,10.18,4.63,2.9017236257093337,2.1741205118392117,0.13468303553515737,0.3908129461946159,seq_eth
6790,271.6,154,10.02,5.41,2.92524037473841,1.516047492659777,0.2769838898223035,0.8102444576602975,seq_eth
6790,271.6,155,8.8,6.31,2.8522195304709044,2.1741205118392117,0.13468303553515737,0.38414558437648266,seq_eth
6800,272.0,153,11.32,4.65,2.664377272459892,2.300978052915759,0.18036257598477146,0.4805539482561454,seq_eth
6800,272.0,154,11.17,5.36,2.813194358731885,1.8173882359033797,0.2891185499262383,0.8133466736572365,seq_eth
6800,272.0,155,9.89,6.22,2.87132917827283,2.5876823607235866,0.14260982639915368,0.4094797556483129,seq_eth
6800,272.0,156,12.44,6.66,3.2604639240453497,2.5876823607235866,0.14260982639915368,0.4649741941888107,seq_eth
6810,272.4,153,12.31,4.71,2.5772138541455445,2.4824383174612823,0.15495815960265666,0.39936031574086317,seq_eth
6810,272.4,154,12.27,5.36,2.4567509031238783,1.9064626930522397,0.26273308164622583,0.645469735614885,seq_eth
6810,272.4,155,11.09,6.13,3.8547454520368247,1.8721111078138502,0.27246338123469865,1.05027697966103,seq_eth
6810,272.4,156,11.16,6.91,2.95214434775808,2.4824383174612823,0.15495815960265666,0.45745885500997735,seq_eth
6820,272.8,153,13.37,4.87,2.6800186566512476,3.7892611417003175,0.04433748458178651,0.11882528586817488,seq_eth
6820,272.8,154,13.09,5.78,2.3032585612560084,3.162435770098738,0.0636556116755906,0.14661533256379197,seq_eth
6820,272.8,156,10.08,6.75,2.9817151104691364,3.7892611417003175,0.04433748458178651,0.1322017477377052,seq_eth
6850,274.0,156,6.47,6.55,2.9717682026027874,8.144476655992085,0.00479870178545646,0.01426062937979273,seq_eth
6850,274.0,157,0.12,1.45,2.751476876152308,8.144476655992085,0.00479870178545646,0.013203516998234244,seq_eth
6860,274.4,156,5.29,6.36,2.9181543824821556,6.0755328984378,0.008623456432546254,0.025164577180778785,seq_eth
6860,274.4,157,1.09,1.97,2.6453083468661793,6.0755328984378,0.008623456432546254,0.02281170127985145,seq_eth
6870,274.8,156,4.15,6.29,3.0156363341755714,4.478236259957708,0.015872163303371333,0.04786467235961476,seq_eth
6870,274.8,157,2.04,2.34,2.5588388479933277,4.478236259957708,0.015872163303371333,0.040614308062360674,seq_eth
6880,275.2,156,2.88,6.25,3.138719882372391,3.5723661626434655,0.02494239732512582,0.07828719839840435,seq_eth
6880,275.2,157,3.01,2.68,2.6958590931277717,3.5723661626434655,0.02494239732512582,0.06724118863334626,seq_eth
6890,275.6,156,1.64,6.22,2.750113634015785,4.136000483558966,0.018607540185531266,0.051172849959726145,seq_eth
6890,275.6,157,4.12,2.91,2.775112610327685,4.136000483558966,0.018607540185531266,0.05163801941604697,seq_eth
6900,276.0,156,0.68,6.23,2.8158591051401882,5.489717661228126,0.010562095967873067,0.029741374100499846,seq_eth
6900,276.0,157,5.19,3.1,2.8166081108313423,5.489717661228126,0.010562095967873067,0.029749285170490296,seq_eth
6910,276.4,156,-0.61,6.33,3.0313466479437676,7.474663872041337,0.005697269873310663,0.01727039993289129,seq_eth
6910,276.4,157,6.3,3.48,2.80560265362005,7.474663872041337,0.005697269873310663,0.01598427547494996,seq_eth
6920,276.8,156,-1.73,6.5,2.8320707971374293,9.498973628766425,0.003527741575008348,0.009990813894428742,seq_eth
6920,276.8,157,7.35,3.71,2.6805141764220894,9.498973628766425,0.003527741575008348,0.009456161302563467,seq_eth
6970,278.8,157,12.6,4.93,2.779950539128112,13.695842434841312,0.001696963985197425,0.004717475945530571,seq_eth
6970,278.8,159,-1.09,5.33,2.5504901489715146,13.695842434841312,0.001696963985197425,0.004328089927405476,seq_eth
6990,279.6,159,1.04,5.35,2.6893598215931855,10.61369398465963,0.0028256411306100786,0.007599165726903888,seq_eth
6990,279.6,160,11.65,5.63,2.9740544715927806,10.61369398465963,0.0028256411306100786,0.008403610639607385,seq_eth
7000,280.0,159,2.08,5.27,2.6768685062962683,10.82266141020775,0.00815273336080741,0.02182379517377629,seq_eth
7000,280.0,160,10.51,5.29,2.5831485148943236,14.00808695004425,0.004866466346550399,0.012570805315874869,seq_eth
7000,280.0,161,-2.56,0.25,2.740551951706235,16.465479039493506,0.003522269979017425,0.009652963865432483,seq_eth
7000,280.0,162,12.88,5.97,2.9130096120680697,16.465479039493506,0.003522269979017425,0.010260406305176557,seq_eth
7010,280.4,159,3.18,5.27,2.6127691248941045,8.578327342786588,0.012976756421947852,0.033905268520536644,seq_eth
7010,280.4,160,9.64,5.15,2.505556325449421,12.08568161089808,0.006537761665296525,0.01638073009476445,seq_eth
7010,280.4,161,-1.67,0.89,2.7441414868770484,14.360647617708612,0.004630451405537031,0.012706613804902307,seq_eth
7010,280.4,162,11.72,6.08,2.896252967197405,14.360647617708612,0.004630451405537031,0.013410958622750019,seq_eth
7020,280.8,159,4.17,5.24,2.6379738910762405,6.464371585854266,0.022851712773525767,0.0602822216629344,seq_eth
7020,280.8,160,8.54,4.92,2.7265477256046218,9.878425987980068,0.009785789766808176,0.02668142283193581,seq_eth
7020,280.8,161,-0.69,1.4,2.790301283015833,12.220887856452984,0.006393900362647041,0.017840908385369437,seq_eth
7020,280.8,162,10.57,6.15,2.9825796301188405,12.220887856452984,0.006393900362647041,0.01907031697864053,seq_eth
7030,281.2,159,5.29,5.23,2.662617368305086,5.991302028774714,0.02660289835694448,0.07083333921245522,seq_eth
7030,281.2,160,7.51,4.68,2.474400179841559,4.804039966528172,0.041376919881075794,0.10238305799502373,seq_eth
7030,281.2,161,0.35,1.84,2.8225930011249893,10.013401020632301,0.00952375387761396,0.02688168103939014,seq_eth
7030,281.2,162,9.34,6.25,3.084158110408695,4.1764698011598265,0.05474603755977343,0.16884543575271427,seq_eth
7030,281.2,163,12.29,5.16,3.124999999999732,7.000349991250436,0.019486411737425696,0.06089503667945008,seq_eth
7040,281.6,159,6.3,5.26,2.587530193060529,4.811091352281725,0.04125572043200177,0.10675042225426876,seq_eth
7040,281.6,160,6.63,4.4,2.621098290793391,4.478805644365471,0.04760438384180083,0.12477576912201668,seq_eth
7040,281.6,161,1.41,2.23,2.828012774016372,5.75265156254053,0.028855941091813133,0.08160497001391148,seq_eth
7040,281.6,162,8.11,6.34,3.051638903933378,3.3498208907343097,0.08509973519568782,0.2596936626375895,seq_eth
7040,281.6,163,11.09,4.81,2.9096821132212325,4.811091352281725,0.04125572043200177,0.12004103180905129,seq_eth
7040,281.6,164,-2.88,4.74,3.4077118422779407,9.516075871912749,0.010545218672611135,0.03593506655006743,seq_eth
7050,282.0,159,7.36,5.24,2.5257733964076685,2.820017730440715,0.12007917743494145,0.30329279182769114,seq_eth
7050,282.0,160,5.51,4.05,2.785004488326882,3.3552943239006616,0.08482231822271916,0.2362305369605639,seq_eth
7050,282.0,161,2.47,2.63,2.88305935596216,5.54294145738524,0.031080700508113207,0.08960750438977365,seq_eth
7050,282.0,162,6.9,6.33,3.025645592266389,3.680461927530293,0.07049636481797841,0.21329701548231975,seq_eth
7050,282.0,163,10.07,4.46,3.244538680614116,4.5783949152514145,0.045555926215496444,0.14780796473738086,seq_eth
7050,282.0,164,-1.56,4.4,3.1564665767280244,8.677355587965726,0.012682258253057872,0.04003112429321032,seq_eth
7060,282.4,159,8.32,5.31,2.5185871535445696,4.124293878956736,0.05613996981454058,0.1413934067752818,seq_eth
7060,282.4,160,4.49,3.78,2.606152576116721,4.094801582494566,0.056951564258702715,0.14842446590669503,seq_eth
7060,282.4,161,3.62,2.89,2.8132776702629054,4.237924020083418,0.053169802814664366,0.14958141899077704,seq_eth
7060,282.4,162,5.69,6.29,3.050025614646492,3.53277511313698,0.07651373410932029,0.23336884890567788,seq_eth
7060,282.4,163,8.56,4.23,3.423562654604125,4.094801582494566,0.056951564258702715,0.19497724851738168,seq_eth
7060,282.4,164,-0.42,4.17,3.11330310923937,6.467341030129771,0.02283073311301142,0.0710789923869527,seq_eth
7070,282.8,159,9.37,5.38,2.659534733745701,5.250409507838412,0.03464056976331573,0.09212779848227928,seq_eth
7070,282.8,160,3.46,3.67,2.554530289505255,2.8324018076537096,0.11903143141805818,0.3040693969605971,seq_eth
7070,282.8,161,4.69,3.0,2.8112497220986747,3.3279573314572413,0.08622156136189285,0.2423903404175351,seq_eth
7070,282.8,162,4.46,6.32,3.028716724951296,3.5525765297879226,0.07566316386848473,0.22916228987121032,seq_eth
7070,282.8,163,7.34,4.24,2.944300638521765,3.5525765297879226,0.07566316386848473,0.22277510169055653,seq_eth
7070,282.8,164,0.92,4.17,3.392017283269606,4.141750837508216,0.0556677213349212,0.1888258728882889,seq_eth
7080,283.2,159,10.44,5.49,2.701533129539554,7.228782746770026,0.018274312051626763,0.04936865942701364,seq_eth
7080,283.2,160,2.49,3.36,2.558930440633313,3.351805483616255,0.08499899048932513,0.21750650418623554,seq_eth
7080,283.2,161,5.84,3.25,2.959756113263343,3.7048751665879376,0.0695703556400851,0.20591128540764678,seq_eth
7080,283.2,162,3.27,6.41,2.9585680658047693,3.757552394844282,0.06763341113883024,0.20009805037678774,seq_eth
7080,283.2,163,6.21,4.07,2.87907320157021,3.7871493236998193,0.06658041893333604,0.1916898999002856,seq_eth
7080,283.2,164,2.29,4.31,3.3455193916639865,3.7048751665879376,0.0695703556400851,0.23274897387886467,seq_eth
7080,283.2,166,-1.77,0.26,3.2114054555596434,7.951358374516898,0.015103886944240754,0.04850470493289083,seq_eth
7090,283.6,159,11.52,5.6,2.624434462889049,6.683187862090964,0.021379819960850158,0.05610993631561835,seq_eth
7090,283.6,160,1.48,3.15,2.4567509031238277,3.4068900774753503,0.08227258428618944,0.20212324574742715,seq_eth
7090,283.6,161,7.0,3.52,2.938138228538564,4.9756205643115505,0.03857241883245704,0.11333109833884286,seq_eth
7090,283.6,162,2.1,6.5,2.9043609451994317,3.980376866579345,0.0602730259004615,0.17505462247429418,seq_eth
7090,283.6,163,5.07,3.85,2.8143049763662265,3.6576085083015655,0.07138006582036102,0.20088527445159082,seq_eth
7090,283.6,164,3.56,4.61,3.1714793472446936,2.541259530232991,0.14786770804449856,0.4689593821875352,seq_eth
7090,283.6,166,-0.72,1.0,3.0676996675032604,6.180809008536019,0.024996588134551023,0.07668202510907812,seq_eth
7090,283.6,167,12.54,4.31,2.5059928172284733,7.484149918327397,0.01704850986032354,0.042723443254419596,seq_eth
7100,284.0,159,12.53,5.69,2.5350049309618172,7.811075470125736,0.015651274706682882,0.03967605855727908,seq_eth
7100,284.0,160,0.57,2.94,2.5739378877511307,3.7403876804416947,0.06825557760990472,0.17568561726047152,seq_eth
7100,284.0,161,8.09,3.93,2.938643394493619,4.100268283905335,0.056799803627804346,0.16691436773938195,seq_eth
7100,284.0,162,0.96,6.66,2.964608953977067,4.285090430784396,0.05200575419624071,0.15417672454850564,seq_eth
7100,284.0,163,4.0,3.64,2.785060591800632,4.100268283905335,0.056799803627804346,0.15819089470581246,seq_eth
7100,284.0,164,4.76,4.89,3.0741360574966534,4.192004293890931,0.05434103981422371,0.16705174989476634,seq_eth
7100,284.0,166,0.33,1.53,3.0867661071096855,5.168539445530042,0.03574667993888448,0.11034164007704633,seq_eth
7100,284.0,167,11.66,3.83,2.432366388930885,6.98094549470199,0.019594892611080893,0.04766195818190331,seq_eth
7110,284.4,160,-0.52,2.66,2.7475557319187955,4.168752811093506,0.054948911502797806,0.15097519676221074,seq_eth
7110,284.4,161,9.18,4.4,3.002108633943766,6.372723122810216,0.023513716734907573,0.07059073202597405,seq_eth
7110,284.4,162,-0.25,6.82,3.017552816439137,4.963839239943212,0.03875573398017718,0.11694747422504963,seq_eth
7110,284.4,163,2.88,3.44,2.7922325297152124,3.5076630396889605,0.07761321054246871,0.2167141312123168,seq_eth
7110,284.4,164,5.97,5.1,2.8994072670116378,5.075480272841181,0.03706953120286378,0.1074796681542979,seq_eth
7110,284.4,166,1.46,2.16,3.321920566479517,4.963839239943212,0.03875573398017718,0.12874346977775966,seq_eth
7110,284.4,167,10.78,3.48,2.5622255950637265,7.900101265173757,0.015300515586066888,0.039203372652292054,seq_eth
7120,284.8,160,-1.6,2.59,2.7757037395946704,4.340414726728311,0.05068843998425475,0.1406960924185159,seq_eth
7120,284.8,161,10.34,4.77,2.9496821862701883,7.890145752772885,0.015339151265635393,0.04524562124074853,seq_eth
7120,284.8,162,-1.44,6.92,2.801366853876806,5.975391200582602,0.02674475942090872,0.07492188255664313,seq_eth
7120,284.8,163,1.83,3.11,2.7856776554367895,5.020856500638113,0.03788050531759975,0.1055228772398921,seq_eth
7120,284.8,164,7.07,5.1,2.9526471174185254,4.97507788883752,0.03858083415691122,0.1139155887610061,seq_eth
7120,284.8,166,2.74,2.65,3.255212166664339,4.97507788883752,0.03858083415691122,0.1255888007476365,seq_eth
7120,284.8,167,9.7,3.23,2.553735009745463,6.98412485569953,0.019577056430181074,0.04999461439351595,seq_eth
7130,285.2,160,-2.74,2.61,2.858867782881845,6.655914662914482,0.021555390340473216,0.0616240109918214,seq_eth
7130,285.2,161,11.4,5.2,2.8386836738178127,7.7965954108187505,0.01570946467991248,0.04459420091128513,seq_eth
7130,285.2,162,-2.49,6.89,2.813499822285337,7.444763260171542,0.017229377956524135,0.04847485181876755,seq_eth
7130,285.2,163,0.8,2.64,2.800697457777223,5.374625568353576,0.03305787661238679,0.09258511098782478,seq_eth
7130,285.2,164,8.33,5.2,3.130619946592008,4.91546538997072,0.03952228967011448,0.12372926837624768,seq_eth
7130,285.2,166,3.9,3.07,3.064030229942216,4.91546538997072,0.03952228967011448,0.12109749030576375,seq_eth
7130,285.2,167,8.75,3.25,2.7105407670794204,4.853339056773182,0.04054059488901979,0.10988693516833972,seq_eth
7140,285.6,160,-3.88,2.77,2.4285412288037302,8.957393594121005,0.011901674440316768,0.028903707070108833,seq_eth
7140,285.6,161,12.48,5.53,2.674094472901003,7.710285338429442,0.016063141350099192,0.042954357501727804,seq_eth
7140,285.6,162,-3.69,6.98,2.837527532906005,9.41847652224074,0.01076490156493035,0.030545704579512806,seq_eth
7140,285.6,163,-0.17,2.1,2.5473638334560005,6.017042462871606,0.026375774995342386,0.0671886953025083,seq_eth
7140,285.6,164,9.57,5.25,3.1258998704372702,4.8578596109809515,0.040465178676516264,0.12649009678214318,seq_eth
7140,285.6,166,5.05,3.47,3.1476677874260828,5.396786080622428,0.03278694669415842,0.10320241595725856,seq_eth
7140,285.6,167,7.56,2.88,2.7592175068304265,5.588282383702528,0.030578395606357313,0.0843724444878477,seq_eth
7150,286.0,160,-4.63,3.06,2.010286049297577,10.96499886000906,0.007942444711118013,0.015966585800077867,seq_eth
7150,286.0,161,13.47,5.74,2.5300691690150945,7.492462879454259,0.017010699869094745,0.043038247282165716,seq_eth
7150,286.0,162,-4.76,6.88,2.6866568444817847,11.490487369994366,0.00723260059206697,0.019431515884079733,seq_eth
7150,286.0,163,-0.97,1.63,2.855367752146985,7.596532103532505,0.016547813856329655,0.047250094053894735,seq_eth
7150,286.0,164,10.83,5.26,3.2002197190194877,4.918638022867713,0.0394713205700563,0.12631689842403368,seq_eth
7150,286.0,166,6.31,3.8,3.2119406127762034,7.418166889468045,0.01735314448604326,0.05573726953409578,seq_eth
7150,286.0,167,6.6,2.75,2.344274941213301,7.492462879454259,0.017010699869094745,0.03987775743561919,seq_eth
7160,286.4,163,-1.91,0.62,3.0884107968338737,14.793147062068977,0.004363653247945834,0.013476753804595116,seq_eth
7160,286.4,164,12.13,5.28,3.074415594873253,14.793147062068977,0.004363653247945834,0.013415683596103995,seq_eth
7160,286.4,166,7.56,4.02,3.2043183752554434,10.061853705952993,0.009432251773259348,0.030223937677090668,seq_eth
7160,286.4,167,5.7,2.64,2.458149710656309,7.873531609131953,0.015403954648568328,0.03786522666234114,seq_eth
7170,286.8,163,-2.63,-0.2,2.7280945731405155,16.929196673203368,0.003331951577250523,0.009089879015864133,seq_eth
7170,286.8,164,13.26,5.64,2.964898817834849,16.929196673203368,0.003331951577250523,0.009878899292473037,seq_eth
7170,286.8,166,8.83,4.27,3.2751431266434343,12.300914600142544,0.0063109766777455405,0.020669351888525322,seq_eth
7170,286.8,167,4.64,2.59,2.4295704352826824,9.143680878070931,0.011421660874298318,0.027749729582020148,seq_eth
7180,287.2,166,10.13,4.53,3.255620140618337,6.704028639556966,0.007082366638122786,0.023057495470315922,seq_eth
7180,287.2,167,3.77,2.41,2.2296650533207565,6.704028639556966,0.007082366638122786,0.01579130538782719,seq_eth
7190,287.6,166,11.38,4.8,3.157778095433509,8.860022573334675,0.00405490300871071,0.012804483900014112,seq_eth
7190,287.6,167,2.88,2.3,2.5571285165200535,8.860022573334675,0.00405490300871071,0.01036890811529712,seq_eth
7200,288.0,166,12.6,5.06,3.1184932259027094,11.259453805580447,0.0025108194276313336,0.007829973376533232,seq_eth
7200,288.0,167,1.77,1.98,2.888014023511823,11.259453805580447,0.0025108194276313336,0.00725128171750522,seq_eth
7340,293.6,168,3.4,2.76,2.9336410823411327,6.961034405891125,0.019707149961849347,0.05781370474393873,seq_eth
7340,293.6,169,-2.42,4.99,2.8002232053893295,6.232599778583573,0.024582887982622655,0.06883757338442643,seq_eth
7340,293.6,170,-2.04,0.21,2.3021728866443985,8.302150323861884,0.013854478932406522,0.03189540575677233,seq_eth
7340,293.6,171,-0.68,8.4,0.1457737973711422,8.302150323861884,0.013854478932406522,0.002019620004575387,seq_eth
7350,294.0,168,2.28,2.86,2.7251146764862657,6.251415839631852,0.024435127214071876,0.06658852379287623,seq_eth
7350,294.0,169,-1.31,5.14,3.196335792747871,4.410102039635818,0.04909916492114617,0.15693741823149018,seq_eth
7350,294.0,170,-1.28,0.73,2.4052676566238236,7.641289158250719,0.016354531713025713,0.039337026168569364,seq_eth
7350,294.0,171,-0.71,8.35,0.28858490951539645,7.641289158250719,0.016354531713025713,0.004719671054570207,seq_eth
7360,294.4,168,1.22,2.78,2.6946706663337845,6.028805851907989,0.026272946736312208,0.07079693888849045,seq_eth
7360,294.4,169,0.13,5.18,3.419909538277269,4.013826104853074,0.05927264062314548,0.20270706902597596,seq_eth
7360,294.4,170,-0.39,1.2,2.521191434619715,7.238701541022396,0.018224265795235235,0.045946862825180124,seq_eth
7360,294.4,171,-0.91,8.42,0.4862162584694184,7.238701541022396,0.018224265795235235,0.008860934328311476,seq_eth
7370,294.8,168,0.14,2.6,2.9646353064078506,3.2344551318576054,0.0912786314414839,0.2706078534920129,seq_eth
7370,294.8,169,1.42,5.32,3.2140317359975894,4.021504693519579,0.059046508489805034,0.18977735218608446,seq_eth
7370,294.8,170,0.52,1.64,2.5102913177557316,3.7884561499375975,0.06653449308487583,0.16702096032224256,seq_eth
7370,294.8,171,-1.08,8.47,0.41926274578120826,7.014905558879607,0.019405629033597008,0.008136057312237417,seq_eth
7370,294.8,172,-1.9,0.09,3.128997443271744,6.1947800606639785,0.024883965950790534,0.07786186583848471,seq_eth
7380,295.2,168,-1.03,2.03,2.163511324213612,5.032941485850993,0.03769880809898628,0.08156179823151265,seq_eth
7380,295.2,169,2.69,5.42,3.209750769140758,5.032941485850993,0.03769880809898628,0.12100377829141104,seq_eth
7380,295.2,170,1.42,2.07,2.5549278365542474,3.582652648527345,0.07439812226743008,0.1900818335684235,seq_eth
7380,295.2,171,-1.24,8.36,0.6155536126122286,6.829326467522254,0.020474609797047846,0.012603220027398531,seq_eth
7380,295.2,172,-1.01,0.97,2.8170518720818776,5.787270513808734,0.028511746168586156,0.08031906792053893,seq_eth
7390,295.6,168,-1.4,1.81,1.076162162501452,6.461307917132567,0.022873388470277308,0.024615475199909406,seq_eth
7390,295.6,169,3.98,5.52,3.2686245195800216,6.158132833903472,0.02518101761354369,0.08230729159960531,seq_eth
7390,295.6,170,2.36,2.53,2.5272576540589915,3.8283155564817273,0.06515622670246808,0.1646665726434153,seq_eth
7390,295.6,171,-1.53,8.27,0.7899762654662491,6.899420265500573,0.020060704561811943,0.015847480472361945,seq_eth
7390,295.6,172,-0.15,1.51,2.63468451621819,5.756474615595903,0.028817625571155265,0.07592535188649616,seq_eth
7400,296.0,169,5.3,5.58,3.2444664430382386,7.708294234135073,0.01607144085697168,0.05214325055171833,seq_eth
7400,296.0,170,3.21,3.01,2.388285211192467,7.413932829477214,0.01737297073396424,0.041491609078406336,seq_eth
7400,296.0,171,-1.87,8.41,0.5203664574124961,7.708294234135073,0.01607144085697168,0.008363038744256803,seq_eth
7400,296.0,172,0.84,1.98,2.6951634922580907,6.977750353803151,0.019612841885258935,0.052859815428580224,seq_eth
7410,296.4,169,6.57,5.69,3.1930099436111528,8.914757427995447,0.012015789766717612,0.03836653620547047,seq_eth
7410,296.4,170,4.04,3.44,2.3825209862663974,7.771904528492357,0.01580943932041508,0.037666320961994106,seq_eth
7410,296.4,171,-1.91,8.44,0.5499999999999279,8.914757427995447,0.012015789766717612,0.00660868437169382,seq_eth
7410,296.4,172,1.8,2.43,2.713536668261504,7.062874768817581,0.019142928192721786,0.05194503758884749,seq_eth
7420,296.8,169,7.85,5.73,3.300023674157474,10.5075211158484,0.008649098421775343,0.02854222955197668,seq_eth
7420,296.8,170,4.94,3.81,2.4536325111963784,8.586180757473022,0.01295302870292478,0.03178197234395609,seq_eth
7420,296.8,171,-2.31,8.41,0.9671155566942241,10.5075211158484,0.008649098421775343,0.008364677635078395,seq_eth
7420,296.8,172,2.82,2.87,2.8664274367232543,7.550397340537781,0.016750653999866198,0.04801453420827459,seq_eth
7430,297.2,169,9.21,5.7,3.3140090902107944,12.226274984638618,0.006388267056935171,0.021170775097377317,seq_eth
7430,297.2,170,5.87,4.15,2.589069572259447,9.634900103270404,0.010286720734831589,0.026633035652882803,seq_eth
7430,297.2,171,-2.66,8.63,0.5167506652149265,12.226274984638618,0.006388267056935171,0.0033011412512418507,seq_eth
7430,297.2,172,3.96,3.2,2.8030396447428116,8.562085026440698,0.013026037058754783,0.036512498289578706,seq_eth
7440,297.6,169,10.5,5.65,3.2284864875045844,13.493183464253349,0.0052449642357791796,0.01693329616265789,seq_eth
7440,297.6,170,6.95,4.31,2.6715222720388763,10.536341869928101,0.008601846232261299,0.02298002379013975,seq_eth
7440,297.6,171,-2.66,8.63,0.0,13.493183464253349,0.0052449642357791796,0.0,seq_eth
7440,297.6,172,4.96,3.54,2.759189192498382,9.16365101910805,0.011371933175162963,0.031377315114723456,seq_eth
7450,298.0,169,11.79,5.58,3.437704539369453,14.593292979995981,0.004483991480968971,0.015414637868620988,seq_eth
7450,298.0,170,7.98,4.49,2.7015042106206004,10.808182085808882,0.008174591827129074,0.02208369424109394,seq_eth
7450,298.0,171,-2.66,8.63,0.0,11.4170574142377,0.007325934171835131,0.0,seq_eth
7450,298.0,172,6.06,3.88,2.8365086373922628,8.968372204586515,0.01187255346525527,0.03367660045209801,seq_eth
7450,298.0,173,-2.8,5.27,2.7518175811635586,10.808182085808882,0.008174591827129074,0.022494985508729724,seq_eth
7460,298.4,169,13.25,5.68,3.6585516259855533,14.95677104190607,0.004268700559001239,0.015617261370979423,seq_eth
7460,298.4,170,9.07,4.73,2.9862706675717745,10.78160006678044,0.008214950406015095,0.024532065433039717,seq_eth
7460,298.4,171,-2.66,8.63,0.0951971638232837,12.361347013978696,0.0062494210420834416,0.0005949271587438938,seq_eth
7460,298.4,172,7.14,4.17,2.7713940535405293,8.903325221511343,0.012046667035259242,0.03338606138650018,seq_eth
7460,298.4,173,-1.7,5.23,2.9068883707496607,10.78160006678044,0.008214950406015095,0.023879943801530485,seq_eth
7470,298.8,170,10.33,4.92,3.0107359980575494,13.519245541079577,0.0052247614956030634,0.015730377516077143,seq_eth
7470,298.8,171,-2.69,8.56,0.1425219281373848,13.519245541079577,0.0052247614956030634,0.0007446430824113149,seq_eth
7470,298.8,172,8.22,4.38,2.7581980077579273,11.683342843552953,0.006995796048742473,0.01929579072432227,seq_eth
7470,298.8,173,-0.48,5.43,3.022855644915862,10.822023840299003,0.00815369401117328,0.024647439968591808,seq_eth
7480,299.2,170,11.45,5.1,2.8853617624138077,14.54771459714549,0.004512132428090553,0.013019134374959851,seq_eth
7480,299.2,171,-2.69,8.52,0.4310234912390922,14.54771459714549,0.004512132428090553,0.0019448350720887124,seq_eth
7480,299.2,172,9.31,4.57,2.719058890498662,12.633388302430983,0.0059831748158792756,0.01626860467652424,seq_eth
7480,299.2,173,0.71,5.43,3.015092245686639,10.745068636355935,0.008270904267419957,0.024937539321514445,seq_eth
7490,299.6,170,12.62,5.21,2.825608341578799,15.417214404684135,0.004017533971914621,0.011351977503618157,seq_eth
7490,299.6,171,-2.39,8.73,0.8009759671800153,15.417214404684135,0.004017533971914621,0.003217948158832882,seq_eth
7490,299.6,172,10.36,4.77,2.719058890498662,13.350808964253813,0.005357426464894895,0.014567158059565282,seq_eth
7490,299.6,173,1.93,5.53,2.903042584944222,10.69478845045567,0.008348856284628423,0.024237085329855513,seq_eth
7500,300.0,170,13.68,5.47,2.7285527299286065,16.1213647065005,0.003674242159826194,0.010025363475612541,seq_eth
7500,300.0,171,-2.1,8.77,0.8375932783875956,16.1213647065005,0.003674242159826194,0.0030775205362387416,seq_eth
7500,300.0,172,11.45,4.96,2.7850044883268836,14.0754609160766,0.004819989938104612,0.013423693611311762,seq_eth
7500,300.0,173,3.02,5.67,2.7477831974158478,10.661876007532634,0.008400480477352854,0.02308269910589003,seq_eth
7510,300.4,171,-1.72,8.74,0.7126096406869832,8.643911151787714,0.012780586779903048,0.00910756935299552,seq_eth
7510,300.4,172,12.54,5.23,3.18374779151857,15.399587656817308,0.004026736372505072,0.012820113032990523,seq_eth
7510,300.4,173,4.12,5.72,2.9151811693271528,8.434245668700905,0.013423905569593279,0.039133116735304216,seq_eth
7510,300.4,174,-3.14,13.21,2.683863819197758,13.161219548354934,0.005512887300497419,0.014795838765119822,seq_eth
7510,300.4,175,-1.98,0.1,2.5575867531716074,13.161219548354934,0.005512887300497419,0.01409968753148018,seq_eth
7520,300.8,171,-1.55,8.62,0.31249999999996536,7.878229496530295,0.015385588982001116,0.0048079965568748155,seq_eth
7520,300.8,172,13.91,5.62,3.561074276113579,15.865903693140206,0.003793514553078642,0.013508987091030853,seq_eth
7520,300.8,173,5.35,5.77,3.0387600267213766,8.561314151460627,0.01302838293649147,0.03959012928022915,seq_eth
7520,300.8,174,-2.68,12.24,2.5985572920372104,11.586207317323474,0.0071135893610957965,0.018485069506833804,seq_eth
7520,300.8,175,-1.19,0.75,2.5025611880630985,11.586207317323474,0.0071135893610957965,0.017802192642896914,seq_eth
7530,301.2,171,-1.52,8.59,0.053033008588996684,8.541949426214137,0.013087520966264215,0.0006940706118125642,seq_eth
7530,301.2,173,6.55,5.79,3.000937353561342,10.315372024314005,0.008974320824602278,0.0269313745853924,seq_eth
7530,301.2,174,-2.1,11.41,2.6257439421999487,10.315372024314005,0.008974320824602278,0.023564268540558278,seq_eth
7530,301.2,175,-0.37,1.29,2.4561466263234006,10.266805734988854,0.009059426230928713,0.02225127917352128,seq_eth
7540,301.6,171,-1.52,8.59,0.0,9.707074739590707,0.010134320505324593,0.0,seq_eth
7540,301.6,173,7.75,5.71,3.0437692504524363,10.352357219493538,0.008910311422473855,0.027120931919681027,seq_eth
7540,301.6,174,-1.38,10.59,2.3451079399463888,10.352357219493538,0.008910311422473855,0.02089564206423844,seq_eth
7540,301.6,175,0.53,1.7,2.562499999999976,9.09286533497555,0.011549677656214811,0.029596048994050175,seq_eth
7550,302.0,171,-1.52,8.59,0.0,10.930004574564459,0.007993384326383225,0.0,seq_eth
7550,302.0,173,8.97,5.52,3.0660438679185713,10.930004574564459,0.007993384326383225,0.024508066997823708,seq_eth
7550,302.0,174,-0.71,10.15,2.17733351832018,10.730298225119375,0.008293689978585695,0.01805812918093081,seq_eth
7550,302.0,175,1.5,2.13,2.518494093699789,8.318924209295334,0.013798664227779582,0.03475185435860943,seq_eth
7560,302.4,171,-1.52,8.59,0.0,12.14143731194952,0.006477854339643468,0.0,seq_eth
7560,302.4,173,10.17,5.31,3.0537118806461954,12.14143731194952,0.006477854339643468,0.01978150075806477,seq_eth
7560,302.4,174,0.08,9.64,2.4342927617687593,10.979845171950286,0.00792098060296268,0.019281985747902797,seq_eth
7560,302.4,175,2.4,2.45,2.6091785105660446,8.279643712141242,0.01392990275411359,0.03634560292030794,seq_eth
7570,302.8,171,-1.52,8.59,0.0,13.358551568190318,0.005351217945952482,0.0,seq_eth
7570,302.8,173,11.38,5.12,3.145557383040373,13.358551568190318,0.005351217945952482,0.01683256311814897,seq_eth
7570,302.8,174,0.99,9.2,2.7973480745162913,11.162369820069571,0.007664054210535215,0.021439027288829158,seq_eth
7570,302.8,175,3.47,2.82,2.6510611083110986,8.237602806642235,0.014072449104106537,0.0373069225185842,seq_eth
7580,303.2,171,-1.52,8.59,0.6374999999999008,14.615457570668116,0.004470401694249621,0.00284988108008369,seq_eth
7580,303.2,173,12.68,5.13,3.2500961524239838,14.615457570668116,0.004470401694249621,0.014529235346270352,seq_eth
7580,303.2,174,2.17,8.84,2.8232295337078033,11.145591056556848,0.007687146776162552,0.021702579808408846,seq_eth
7580,303.2,175,4.44,3.03,2.4541100729184597,8.503387560260908,0.013206490860592423,0.03241018224888544,seq_eth
7590,303.6,171,-1.97,8.35,0.7158910531637289,4.142378543783751,0.05565085164029841,0.03983994679023166,seq_eth
7590,303.6,174,3.15,8.54,2.550061273773594,5.763132828592448,0.028751077373233708,0.0733170089887515,seq_eth
7590,303.6,175,5.39,3.23,2.539746542472279,7.509487332701214,0.016933658765212547,0.04300720130035397,seq_eth
7590,303.6,176,12.82,5.69,3.989752498589583,14.126588406264268,0.004785163689965558,0.019091618788200235,seq_eth
7590,303.6,177,-1.24,7.06,2.8320707971378316,2.8458566372886733,0.11790856271238967,0.33392539719025344,seq_eth
7590,303.6,178,-1.79,5.43,2.6760511953250847,2.925542684699712,0.11157284415471469,0.29857464296604364,seq_eth
7590,303.6,179,-1.54,4.23,2.4501275477004625,4.142378543783751,0.05565085164029841,0.1363516846568866,seq_eth
7600,304.0,171,-2.04,8.35,0.5505678886386629,4.387174489349609,0.04961369431303986,0.02731570692549439,seq_eth
7600,304.0,174,4.14,8.31,2.6235114827270687,5.634012779538222,0.030084010149025175,0.07892574607244522,seq_eth
7600,304.0,175,6.43,3.44,2.6655498963630007,7.033384675957942,0.019303792485144525,0.05145522205818986,seq_eth
7600,304.0,176,11.27,6.07,3.7795915784647467,11.43019247431993,0.007309106581905699,0.027625437683072032,seq_eth
7600,304.0,177,-0.11,7.14,2.7048856260479544,2.95447118787779,0.10939862509037473,0.2959107685163637,seq_eth
7600,304.0,178,-0.72,5.46,2.587771724863065,3.1771842880135233,0.094599005255473,0.24480063100028554,seq_eth
7600,304.0,179,-0.56,4.22,2.4880024618156438,4.387174489349609,0.04961369431303986,0.12343899359061197,seq_eth
7610,304.4,171,-2.41,8.33,0.762909725983364,4.966205795172005,0.038718806097804495,0.029538953750479033,seq_eth
7610,304.4,174,5.2,8.09,2.707685820031525,5.023882960420157,0.037834879535621764,0.10244496682120398,seq_eth
7610,304.4,175,7.47,3.7,2.6563897022085863,7.043103009327635,0.019250557068526394,0.051136981558612224,seq_eth
7610,304.4,176,9.83,6.14,3.5721579612329104,8.9716553656502,0.01186386557624582,0.042379601869183575,seq_eth
7610,304.4,177,0.92,7.19,2.7153786568358536,3.5197301032891715,0.07708194362121094,0.20930666453646077,seq_eth
7610,304.4,178,0.28,5.46,2.65002948096803,3.9335734389992014,0.06171587013193122,0.16354887529321202,seq_eth
7610,304.4,179,0.45,4.27,2.4795412882224523,4.966205795172005,0.038718806097804495,0.09600487835018551,seq_eth
7620,304.8,171,-2.62,8.16,0.6754628043053048,2.663268668384773,0.13462986868058255,0.09093746864224121,seq_eth
7620,304.8,174,6.25,7.82,2.680514176422086,4.423268022627614,0.0488073098062065,0.1308286858485612,seq_eth
7620,304.8,175,8.48,4.0,2.6760803893007084,7.068182227418872,0.019114190350353326,0.05115110995394137,seq_eth
7620,304.8,176,8.42,6.28,3.47547209023459,6.43204477596355,0.02308199081852526,0.0802208148768356,seq_eth
7620,304.8,177,2.06,7.24,2.708349358926888,3.6715391867716733,0.0708394280909313,0.19185791965682117,seq_eth
7620,304.8,178,1.4,5.47,2.6785315473220965,2.4924285345822854,0.15371843445983263,0.4117396761056258,seq_eth
7620,304.8,179,1.42,4.34,2.4696280084255307,2.5956309444911465,0.14173773745437668,0.35003948626819303,seq_eth
7620,304.8,180,-0.79,4.28,2.5519600310351143,2.210814329607984,0.19537403247977006,0.49858672199052945,seq_eth
7620,304.8,181,-1.11,4.92,2.5675864152936994,1.8436105879496354,0.2809525606965112,0.7213699781863406,seq_eth
7620,304.8,182,-1.33,5.83,3.2547081282353423,1.230812739615576,0.6303582141074476,2.051632003155424,seq_eth
7620,304.8,183,-2.06,6.5,2.700115738260275,1.7519132398609243,0.31113308306769577,0.8400953342845269,seq_eth
7620,304.8,184,-1.68,7.01,3.0907118921052943,1.485294583575932,0.432858736481289,1.3378416444443917,seq_eth
7630,305.2,171,-2.83,7.99,0.3377314021527004,3.494009158545524,0.07822098922447981,0.02641768436855484,seq_eth
7630,305.2,174,7.27,7.53,2.6460170539888446,4.193447269252351,0.05430364848173853,0.14368837997649556,seq_eth
7630,305.2,175,9.5,4.38,2.6570660511172557,7.077909295830231,0.019061689739691398,0.05064816868426413,seq_eth
7630,305.2,176,7.06,6.38,3.4516753178709645,4.098877895229376,0.05683834451641422,0.19618751087595346,seq_eth
7630,305.2,177,3.08,7.36,2.628271770574679,3.4356513210743604,0.080900875026591,0.21262948604717916,seq_eth
7630,305.2,178,2.42,5.57,2.6949315854024367,2.4721245923294397,0.15625383030915538,0.4210933826402554,seq_eth
7630,305.2,179,2.42,4.42,2.5169736291824383,2.5386019774671253,0.14817746272812046,0.37295876612584283,seq_eth
7630,305.2,180,0.23,4.24,2.512624375030985,2.1973848092675983,0.19776942291630367,0.4969202726553161,seq_eth
7630,305.2,181,-0.09,4.8,2.5287410405179576,1.9100261778310792,0.2617536479774606,0.6619071921458949,seq_eth
7630,305.2,182,-0.03,5.9,3.176992485039866,1.3787675656179323,0.5023301728308114,1.5958991840922647,seq_eth
7630,305.2,183,-0.98,6.49,2.9407163242991583,1.9100261778310792,0.2617536479774606,0.7697432255521737,seq_eth
7630,305.2,184,-0.46,7.21,3.026549190084277,2.438237068047322,0.16062736056372948,0.4861466080195306,seq_eth
7640,305.6,171,-2.83,7.99,0.0,4.539438291242651,0.04634118644851731,0.0,seq_eth
7640,305.6,174,8.28,7.22,2.6959460306170526,4.137559667243482,0.05578055647694267,0.1503813698196239,seq_eth
7640,305.6,175,10.48,4.72,2.65450678092934,6.901550550419811,0.020048322294775548,0.05321840747773856,seq_eth
7640,305.6,176,5.67,6.53,3.3877075582168503,2.6996666460879934,0.131024074332671,0.44387124692515595,seq_eth
7640,305.6,177,4.15,7.47,2.613247500716255,3.094915184621381,0.09969511495029203,0.2605280099774704,seq_eth
7640,305.6,178,3.55,5.63,2.7004629232780992,2.3031283073246267,0.1800259517667167,0.4861534079738699,seq_eth
7640,305.6,179,3.43,4.46,2.641081691277248,2.5441894583540745,0.14752733064798965,0.3896317319374103,seq_eth
7640,305.6,180,1.22,4.26,2.537530787990534,2.219031320193566,0.19392978585962345,0.4921028023272058,seq_eth
7640,305.6,181,0.91,4.81,2.6389510226603123,1.6972919607421701,0.3314807201303013,0.8747613853800353,seq_eth
7640,305.6,182,1.21,5.92,3.137524900299559,1.4927156460625715,0.42856550513929265,1.3446349437839893,seq_eth
7640,305.6,183,0.29,6.39,3.1667214907534413,1.6972919607421701,0.3314807201303013,1.049707120207052,seq_eth
7640,305.6,184,0.72,7.33,2.987735346378552,2.5271525478292762,0.1495231595633558,0.4467356289296383,seq_eth
7650,306.0,171,-2.83,7.99,0.0,5.710175128662868,0.02928684076143335,0.0,seq_eth
7650,306.0,174,9.31,6.83,2.724340516528879,4.884802964296513,0.04002001812773704,0.10902815685761423,seq_eth
7650,306.0,175,11.54,4.97,2.7902732841069318,6.98936334725846,0.019547721623038375,0.05454348540992337,seq_eth
7650,306.0,176,4.37,6.71,3.3806665393086752,2.060218435020908,0.2249804826366762,0.7605839896473277,seq_eth
7650,306.0,177,5.17,7.41,2.6406971144000573,2.950254226333724,0.10971158760930286,0.2897150728161351,seq_eth
7650,306.0,178,4.58,5.61,2.6500294809682394,1.8942280749687983,0.2661379723395034,0.7052734727047939,seq_eth
7650,306.0,179,4.53,4.53,2.6979737767444716,2.2897379762758887,0.18213768306688502,0.49140269267145137,seq_eth
7650,306.0,180,2.26,4.23,2.6398981987949446,2.1256528408938276,0.21134243505474773,0.557922513629966,seq_eth
7650,306.0,181,2.02,4.73,2.8225099645529874,1.5749285698088025,0.3849901864825722,1.0866386376021728,seq_eth
7650,306.0,182,2.48,5.89,3.188112686214393,1.6745148551147575,0.3405597926360104,1.0857429953174078,seq_eth
7650,306.0,183,1.54,6.23,3.190341870395892,1.5749285698088025,0.3849901864825722,1.2282503116268726,seq_eth
7650,306.0,184,1.91,7.52,3.1030478968267787,2.589922778771599,0.14236320326659987,0.44175983848194594,seq_eth
7660,306.4,171,-2.83,7.99,0.0,6.005630691276313,0.02647610760215185,0.0,seq_eth
7660,306.4,174,10.33,6.48,2.648407540390986,4.735102955586077,0.04259047948153408,0.11279694700776242,seq_eth
7660,306.4,175,12.66,5.2,3.368280347595668,7.00383466395374,0.019467026107131,0.06557040146278115,seq_eth
7660,306.4,176,2.98,6.81,3.5376987576671337,1.221474518768197,0.640033283211376,2.2642449508825018,seq_eth
7660,306.4,177,6.25,7.24,2.6342100333875957,2.8420063335608527,0.11822826031340496,0.31143806954753184,seq_eth
7660,306.4,178,5.67,5.64,2.650029480968062,1.9237983262286098,0.2580193619430889,0.6837589158097543,seq_eth
7660,306.4,179,5.58,4.65,2.738298970163724,2.300630348404541,0.18041709810337847,0.4940359539364088,seq_eth
7660,306.4,180,3.33,4.17,2.5250309404044793,2.0324615617521524,0.23116745952489104,0.58370498771505,seq_eth
7660,306.4,181,3.16,4.62,2.6264579284656318,1.555409913816933,0.3947132057005632,1.03669762858233,seq_eth
7660,306.4,182,3.76,5.87,3.1500248014896264,1.3865424623862046,0.49671243617756683,1.5646564931676687,seq_eth
7660,306.4,183,2.83,6.14,3.262595784034495,1.555409913816933,0.3947132057005632,1.2877896408213978,seq_eth
7660,306.4,184,3.17,7.73,3.2088013727869913,1.9513328778042975,0.2507891006516721,0.8047324104511003,seq_eth
7670,306.8,171,-2.83,7.99,0.11792476415072231,7.305367889435822,0.017893166340969036,0.0021100474206684166,seq_eth
7670,306.8,174,11.32,6.16,2.455255842066102,4.653815638806505,0.044091313073754364,0.1082554540087009,seq_eth
7670,306.8,175,14.15,5.64,3.8840217558604677,7.450107381776454,0.017204668818184096,0.06682330799220124,seq_eth
7670,306.8,176,1.54,6.74,3.393398922908928,3.314030778372464,0.0869477417918356,0.2950483733457785,seq_eth
7670,306.8,177,7.26,7.14,2.5934111224408394,2.5875084540924687,0.1426289966769286,0.36989562636452417,seq_eth
7670,306.8,178,6.7,5.6,2.626457928465606,1.722904524342542,0.3216984431179664,0.8449274265022246,seq_eth
7670,306.8,179,6.7,4.83,2.669854864969194,2.37690975848895,0.16902307353512092,0.4512670751697884,seq_eth
7670,306.8,180,4.28,4.22,2.42528993112161,2.0341583025910253,0.2307819755791415,0.5597132016564451,seq_eth
7670,306.8,181,4.12,4.66,2.45114769036871,1.5902829936838285,0.37759179855728436,0.9255332649358547,seq_eth
7670,306.8,182,5.0,5.88,3.063137688710664,1.722904524342542,0.3216984431179664,0.9854066255141866,seq_eth
7670,306.8,183,4.15,6.25,3.2638167840734638,1.5902829936838285,0.37759179855728436,1.232390449659751,seq_eth
7670,306.8,184,4.47,7.71,3.1733755686964713,2.8476305940202287,0.1177617041005515,0.3737021147207532,seq_eth
7680,307.2,171,-2.91,8.04,0.11858541225632743,1.464137971640652,0.44545862693071364,0.05282489491771624,seq_eth
7680,307.2,174,12.18,5.82,2.323151146610962,4.571487722831594,0.045693693736458235,0.10615335699674307,seq_eth
7680,307.2,176,0.27,6.65,3.0756350970165207,3.4705186932215186,0.07928346204087942,0.24384699846590582,seq_eth
7680,307.2,177,8.32,7.1,2.62502976173601,2.4175400720567177,0.16338945308433092,0.42890217710013817,seq_eth
7680,307.2,178,7.77,5.57,2.6004807247891417,1.62585362194756,0.36125053285593267,0.9394250475116595,seq_eth
7680,307.2,179,7.7,4.91,2.478816501881461,2.2760711763914587,0.1843315623108527,0.4569241184737325,seq_eth
7680,307.2,180,5.27,4.2,2.4750315654552413,2.1858636736997115,0.1998597025013337,0.49465907235329476,seq_eth
7680,307.2,181,5.12,4.68,2.4880024618154692,1.7280335644888385,0.3197915872045048,0.7956422562326843,seq_eth
7680,307.2,182,6.21,5.92,3.0266524412293765,1.650969412193939,0.35034290587789263,1.0603662113427175,seq_eth
7680,307.2,183,5.43,6.38,3.143097596321148,1.7280335644888385,0.3197915872045048,1.0051361690662037,seq_eth
7680,307.2,184,5.7,7.52,3.0653812976528343,2.6534505836740205,0.1356280051345546,0.4157515503774263,seq_eth
7680,307.2,185,-1.98,6.4,2.1744252114062688,2.2638462845343543,0.18632773825392623,0.4051557316436455,seq_eth
7680,307.2,186,-3.14,7.07,2.4186773244893582,1.7572990639046047,0.3092288651764425,0.7479248442798384,seq_eth
7680,307.2,187,-2.98,8.82,2.4619606008218264,1.7572990639046047,0.3092288651764425,0.7613092827012459,seq_eth
7680,307.2,188,-2.8,9.5,2.43310501211908,2.4536707195546836,0.1586130152896557,0.38592212248858154,seq_eth
7690,307.6,171,-2.92,8.02,0.12747548783983353,1.7055204484262276,0.3282898991169457,0.04184891504282239,seq_eth
7690,307.6,174,13.11,5.66,2.3591576886675143,4.488128786030988,0.047406813111623834,0.1118401476475113,seq_eth
7690,307.6,176,-0.92,6.69,3.3003787661418498,2.2426992665089984,0.18985817415578904,0.6266038865622274,seq_eth
7690,307.6,177,9.36,7.15,2.763715795808231,2.312249986485025,0.17860837156109086,0.4936227777469724,seq_eth
7690,307.6,178,8.78,5.56,2.6250297617360223,1.6924833824885852,0.3333669605695134,0.8750981930744518,seq_eth
7690,307.6,179,8.68,4.94,2.6269040713356757,2.312249986485025,0.17860837156109086,0.4691870584284647,seq_eth
7690,307.6,180,6.26,4.23,2.652946475147949,2.206558406206371,0.1961284188525893,0.5203181974713174,seq_eth
7690,307.6,181,6.11,4.7,2.52750494559355,1.8176083186429353,0.2890485390778135,0.7305716120357643,seq_eth
7690,307.6,182,7.42,5.96,3.0682344271583566,1.5122169156572742,0.41758337351380626,1.2812436828239875,seq_eth
7690,307.6,183,6.66,6.4,2.9759452279905396,1.7867568385205639,0.2991165727647211,0.8901545373320567,seq_eth
7690,307.6,184,6.9,7.38,3.0592329512477106,2.4707286374670927,0.15643044615470106,0.4785571754548422,seq_eth
7690,307.6,185,-1.15,6.14,2.5928085640864653,2.5821115390315734,0.14322584232768465,0.37135719058571853,seq_eth
7690,307.6,186,-2.18,7.19,2.7665694009007,1.469863939281456,0.44199475054449067,1.2228091522151259,seq_eth
7690,307.6,187,-2.01,8.65,2.4838541120604973,1.469863939281456,0.44199475054449067,1.0978504786490868,seq_eth
7690,307.6,188,-1.84,9.34,2.5032790995012664,2.17671771252039,0.20154274045532436,0.5045177298380218,seq_eth
7700,308.0,171,-3.01,8.06,0.16677080080158904,2.1662179022434467,0.20350125914786835,0.0339380679522217,seq_eth
7700,308.0,176,-2.37,6.69,3.3228846654678303,2.1584485168750263,0.20496891080542015,0.6810880506129741,seq_eth
7700,308.0,177,10.52,6.88,2.98328677803543,2.028718807523605,0.2320212013877038,0.6921857823238325,seq_eth
7700,308.0,178,9.87,5.58,2.6285987236550192,1.4534441853748632,0.45203770818999867,1.1882257427921705,seq_eth
7700,308.0,179,9.8,4.83,2.830415163893967,2.1727632176562635,0.20227703585150547,0.5725279895816248,seq_eth
7700,308.0,180,7.39,4.3,2.7653266081967383,2.1808255317654375,0.2007842007046618,0.5552338927141155,seq_eth
7700,308.0,181,7.14,4.77,2.616115918685708,2.0000999975001257,0.23870854378346454,0.624489221318206,seq_eth
7700,308.0,182,8.66,6.07,3.149528734588894,1.3630847369110985,0.5139556827510079,1.618718191129553,seq_eth
7700,308.0,183,7.81,6.44,2.9381648183859563,1.7993887851156578,0.2949316383196526,0.8665577635397346,seq_eth
7700,308.0,184,8.14,7.33,3.0682344271585684,2.422168449963791,0.16276562725653632,0.4994031011065638,seq_eth
7700,308.0,185,0.02,5.85,2.7173631520282373,2.7523081222857306,0.12605999294426173,0.3425507797716764,seq_eth
7700,308.0,186,-0.95,7.39,2.962526371190812,1.7541094606665808,0.3103544666876958,0.9194332919791591,seq_eth
7700,308.0,187,-1.04,8.39,2.5315817683813266,1.9974483722990188,0.2393427386213274,0.6059157134882097,seq_eth
7700,308.0,188,-0.83,9.14,2.5372536826263024,2.4328584011405185,0.16133838929366967,0.4093564223843594,seq_eth
7700,308.0,189,11.99,7.34,3.613948671467468,3.331095915761057,0.08605916066323357,0.31101338934649836,seq_eth
7710,308.4,171,-3.05,8.05,0.0515388203202273,3.3214605221197493,0.08655919168167187,0.0044611586271458,seq_eth
7710,308.4,176,-3.57,6.9,3.045591075637216,3.732023579775455,0.06856186520328632,0.20881140479217059,seq_eth
7710,308.4,177,11.68,6.59,2.999088403165159,1.797386992275175,0.2955889489727518,0.8864973889679578,seq_eth
7710,308.4,178,10.88,5.67,2.5204476288944857,1.219180052330253,0.6424446034387601,1.619247977433281,seq_eth
7710,308.4,179,10.94,4.8,2.638240417399435,1.936930561481232,0.2545325208709044,0.6715179841041853,seq_eth
7710,308.4,180,8.47,4.33,2.6024327560957063,2.3567138137669574,0.17193238482407094,0.4474424700998145,seq_eth
7710,308.4,181,8.2,4.81,2.5793652319902014,2.2067623342806995,0.19609217186565603,0.5057933303757203,seq_eth
7710,308.4,182,9.93,6.18,3.004397818199164,1.199541579104285,0.6636525530275704,1.9938762823583376,seq_eth
7710,308.4,183,9.01,6.45,2.950423698386351,1.829125474099577,0.2854199894047199,0.8421099007328668,seq_eth
7710,308.4,184,9.35,7.23,2.878286165411612,1.4136477637657843,0.4778471069612544,1.3753807171485413,seq_eth
7710,308.4,185,1.02,6.01,2.6648757006659216,3.0564358327961014,0.10222116278997327,0.27240669281281527,seq_eth
7710,308.4,186,0.19,7.2,2.8442925306655438,1.7404597093871486,0.3152415352407807,0.8966391440408913,seq_eth
7710,308.4,187,-0.05,8.14,2.474400179841547,2.3836526592605733,0.16806815772314612,0.41586787969579025,seq_eth
7710,308.4,188,0.15,8.94,2.5259280472728833,3.0564358327961014,0.10222116278997327,0.2582033021160407,seq_eth
7710,308.4,189,10.63,7.83,3.5970908384414653,1.7923448328934928,0.29725436842066033,1.0692509653326614,seq_eth
7710,308.4,190,-2.64,3.35,3.305487861117953,4.717849086183238,0.042902568438068465,0.14181391918281752,seq_eth
7720,308.8,171,-3.05,8.05,4.440892098500626e-16,4.467572047544393,0.0478440848606844,2.124704184178068e-17,seq_eth
7720,308.8,177,12.86,6.35,3.010398644697817,1.8062391868188432,0.2926987459161297,0.8811399080106675,seq_eth
7720,308.8,178,11.88,5.74,2.653564819257277,1.154339638061518,0.7166451471304874,1.9016643503169166,seq_eth
7720,308.8,179,11.91,4.88,2.2156051656375326,1.7502571239677895,0.3117221579132247,0.6906532233162194,seq_eth
7720,308.8,180,9.47,4.39,2.509014995969499,2.4091907354960505,0.1645239065765087,0.4127929487959452,seq_eth
7720,308.8,181,9.2,4.89,2.5350049309616423,2.2750164834567697,0.1845025133897581,0.4677147812178532,seq_eth
7720,308.8,182,11.06,6.2,2.8388487983687636,1.193649864910142,0.6702201421612661,1.9026536452170522,seq_eth
7720,308.8,183,10.17,6.4,2.708349358926881,1.7947144619688125,0.2964699343531111,0.8029441566463429,seq_eth
7720,308.8,184,10.44,7.22,2.9845958687902776,2.06494551986245,0.2239516084782766,0.6684050454732021,seq_eth
7720,308.8,185,2.15,5.94,2.687529069610167,2.929607482240581,0.11126344680532384,0.29902374767433226,seq_eth
7720,308.8,186,1.29,6.99,2.7579714012294887,1.7066048165876004,0.3278728441378105,0.9042639273718549,seq_eth
7720,308.8,187,0.89,7.95,2.603993327564409,2.372277386816305,0.1696838243956452,0.441855546521871,seq_eth
7720,308.8,188,1.14,8.69,2.474400179841525,2.929607482240581,0.11126344680532384,0.2753102927848812,seq_eth
7720,308.8,190,-1.35,3.64,2.9896958457340572,4.726319921461094,0.042748920389440996,0.1278062696979277,seq_eth
7730,309.2,171,-3.05,8.05,4.440892098500626e-16,5.149699020331188,0.03600872035383048,1.5991084169644445e-17,seq_eth
7730,309.2,178,13.0,5.78,2.801785145224537,1.7274258305351344,0.32001664160568777,0.8966178726754606,seq_eth
7730,309.2,179,12.7,5.01,2.110094784600874,1.9884164553734711,0.24152199366467,0.5096342991982256,seq_eth
7730,309.2,180,10.47,4.5,2.4653853654144733,2.2875751353780696,0.18248225846576976,0.4498890894692901,seq_eth
7730,309.2,181,10.22,4.99,2.487594219321126,2.274818674092508,0.18453460202353192,0.45904720925846254,seq_eth
7730,309.2,182,12.2,6.11,2.490042670317133,1.0439348638684305,0.8762430340900837,2.1818825444524585,seq_eth
7730,309.2,183,11.17,6.28,2.3635579641718,1.60206117236515,0.37206018021950144,0.8793858021089977,seq_eth
7730,309.2,184,11.72,6.94,2.667219994676152,1.7274258305351344,0.32001664160568777,0.8535547851198025,seq_eth
7730,309.2,185,3.17,6.0,2.5827553116777806,2.727288030260097,0.12838354667877178,0.3315832871166301,seq_eth
7730,309.2,186,2.35,6.75,2.4838541120605275,1.7707060738586742,0.3045639020703489,0.7564923005426359,seq_eth
7730,309.2,187,2.01,7.83,2.71897269202908,2.166679487141557,0.2034145614125832,0.553078637641886,seq_eth
7730,309.2,188,2.08,8.5,2.495151548503568,2.727288030260097,0.12838354667877178,0.32033640529791746,seq_eth
7730,309.2,190,-0.31,3.89,2.6136660077369966,4.0697051490249265,0.057656130327630006,0.1506938679749807,seq_eth
7730,309.2,191,1.19,1.87,3.186789136419018,5.015974481593781,0.037954278956731806,0.12095228385992986,seq_eth
7740,309.6,171,-3.05,8.05,4.440892098500626e-16,6.132356806318432,0.02539314835880029,1.1276823190265035e-17,seq_eth
7740,309.6,179,13.55,5.28,2.2296300141501435,1.8222239159883733,0.2875861040660658,0.6412106092782068,seq_eth
7740,309.6,180,11.43,4.61,2.2419996654771692,2.2078043391568927,0.19590711852768986,0.4392236942036768,seq_eth
7740,309.6,181,11.18,5.09,2.2584909231608075,2.1300938946440846,0.21046209387771828,0.47532672869224446,seq_eth
7740,309.6,182,13.05,6.11,2.1249999999998224,1.0100495037373183,0.9360220138711717,1.9890467794760736,seq_eth
7740,309.6,183,12.04,6.12,2.1377558326431534,1.3418271125595873,0.5303691522084822,1.1337997485876874,seq_eth
7740,309.6,184,12.53,6.79,2.063711765242393,1.8222239159883733,0.2875861040660658,0.5934948264813632,seq_eth
7740,309.6,185,4.21,6.1,2.6514441819506276,2.402353013193524,0.1654617951850314,0.43871271417845786,seq_eth
7740,309.6,186,3.23,6.56,2.172124536024539,1.6667633305301637,0.3437348038412479,0.7466348013091565,seq_eth
7740,309.6,187,3.04,7.62,2.513743473387796,1.9181501505356668,0.25954112427672976,0.6524198072263603,seq_eth
7740,309.6,188,3.08,8.22,2.4838541120604782,2.402353013193524,0.1654617951850314,0.41098296035924886,seq_eth
7740,309.6,190,0.67,4.18,2.613695898531397,4.02715780669196,0.05888085205027575,0.15389664150583973,seq_eth
7740,309.6,191,2.39,2.3,2.8315742088102667,4.34202717633135,0.0506507997873768,0.14342149833354867,seq_eth
7750,310.0,171,-3.05,8.05,0.0,7.0700282884865455,0.019104209808711206,0.0,seq_eth
7750,310.0,180,12.24,4.79,1.9442623922712798,2.2574321695235935,0.1873880805634561,0.3643315977994285,seq_eth
7750,310.0,181,12.0,5.3,1.9463507520486723,1.987988933570808,0.24162588460599996,0.4702887222173137,seq_eth
7750,310.0,183,12.85,5.96,2.490795555640951,1.3194695904036589,0.548494921626291,1.3661887130783972,seq_eth
7750,310.0,184,13.36,6.75,2.0774082410543415,2.2574321695235935,0.1873880805634561,0.3892815428378786,seq_eth
7750,310.0,185,5.29,6.07,2.792232529715404,2.3691559678501544,0.17013124384032707,0.4750459933719047,seq_eth
7750,310.0,186,4.05,6.39,2.298538938108423,1.6802678357928542,0.33823173539877854,0.7774388139180776,seq_eth
7750,310.0,187,3.97,7.38,2.3092883102810275,1.8597042775667314,0.27611093206632137,0.6376197477615548,seq_eth
7750,310.0,188,4.02,8.07,2.5055563254496422,2.3691559678501544,0.17013124384032707,0.426273414160747,seq_eth
7750,310.0,190,1.69,4.5,2.7386698413647546,3.673254687603352,0.07077327601027007,0.19382463658391033,seq_eth
7750,310.0,191,3.36,2.52,2.9776248924270177,4.040717758022701,0.05848632718934868,0.17415034370563573,seq_eth
7760,310.4,171,-3.05,8.05,0.5630552814776719,8.10246875958186,0.01454576783779698,0.008190071404219646,seq_eth
7760,310.4,180,12.96,4.89,1.4283950784009656,6.608842561296192,0.021863544457271865,0.031229779299167842,seq_eth
7760,310.4,181,12.69,5.47,1.9180475098390612,6.269968101992225,0.02429073853230836,0.04659079055404578,seq_eth
7760,310.4,183,13.99,5.71,2.9177259981021137,7.55447549469849,0.01673257377420702,0.04882106551616543,seq_eth
7760,310.4,185,6.44,5.97,2.7455930597959877,2.33805474700658,0.1746875804539233,0.479621008526845,seq_eth
7760,310.4,186,5.06,6.38,2.655301301170864,1.4700340132119392,0.4418924842903157,1.1733576885137007,seq_eth
7760,310.4,187,4.85,7.25,2.3412403229911622,2.041200627082013,0.22919228574375888,0.5365942211018008,seq_eth
7760,310.4,188,5.05,7.85,2.573937887750956,2.33805474700658,0.1746875804539233,0.44963498184989653,seq_eth
7760,310.4,190,2.78,4.77,2.721327800908934,3.230371495664237,0.09150955492907459,0.24902749587729384,seq_eth
7760,310.4,191,4.69,2.92,3.2683376891012785,3.5163901945034484,0.07722843983432043,0.25240862058099994,seq_eth
7770,310.8,171,-2.6,8.07,0.7546729424061357,8.633915681774983,0.012810196037955482,0.009667508336763286,seq_eth
7770,310.8,180,13.37,4.96,1.0398317171541784,7.304827171124583,0.01789581541686027,0.018608636474788037,seq_eth
7770,310.8,181,13.47,5.74,2.063522473829468,7.3274347489418155,0.017785556664699345,0.036700895887174574,seq_eth
7770,310.8,185,7.46,5.73,2.7125864041537673,2.3443762496664227,0.17374677654179724,0.4713031438128219,seq_eth
7770,310.8,186,6.15,6.07,2.699189693222707,1.515585695366646,0.4157290633658564,1.1221316030102493,seq_eth
7770,310.8,187,5.81,7.03,2.4323342697910197,2.1005951537600005,0.21641465349606162,0.5263927781834196,seq_eth
7770,310.8,188,6.02,7.58,2.4648149017725025,2.3443762496664227,0.17374677654179724,0.4282536439551589,seq_eth
7770,310.8,190,3.83,4.9,2.61725046566044,2.908143737850658,0.11291188187144507,0.2955186754066362,seq_eth
7770,310.8,191,5.89,3.18,3.0579047156508525,2.9945617375502547,0.10648902229758593,0.3256332834488368,seq_eth
7780,311.2,171,-2.51,7.78,0.5062114182829393,9.479309046549753,0.010627179522992256,0.005379599618681319,seq_eth
7780,311.2,185,8.58,5.61,2.8214856458964617,2.3847222060441338,0.16791743455157854,0.4737766312830374,seq_eth
7780,311.2,186,7.14,5.8,2.4760098949721283,1.5703502793962885,0.3872383043598425,0.9588058733071987,seq_eth
7780,311.2,187,6.75,6.83,2.3289616785168223,2.1993862780330335,0.1974096414428239,0.45975948989008325,seq_eth
7780,311.2,188,6.96,7.36,2.3713458731277197,2.3847222060441338,0.16791743455157854,0.3981903154500797,seq_eth
7780,311.2,190,4.86,5.01,2.631123809325546,2.7940114530903406,0.12232494184991641,0.3218520669756779,seq_eth
7780,311.2,191,7.1,3.34,2.994630611611355,2.7940114530903406,0.12232494184991641,0.3663180154273386,seq_eth
7790,311.6,171,-2.38,7.73,0.7501041594339249,10.265836546526542,0.009061136896359264,0.006796796475159289,seq_eth
7790,311.6,185,9.71,5.55,2.7502556699332024,2.44493353692897,0.15974867566980136,0.4393497010251914,seq_eth
7790,311.6,186,8.05,5.51,2.2606691487256136,1.6604818577750255,0.3463403665136269,0.7829609815356778,seq_eth
7790,311.6,187,7.64,6.68,2.275206034626284,2.3020208513391003,0.18019920716913038,0.40999032358607734,seq_eth
7790,311.6,188,7.87,7.16,2.517935662402827,2.44493353692897,0.15974867566980136,0.40223688749061565,seq_eth
7790,311.6,190,5.92,5.15,2.5924168260524296,2.800464247227591,0.12176187215354248,0.3156575261424883,seq_eth
7790,311.6,191,8.26,3.53,3.065049958809784,2.8460498941515415,0.11789255043844096,0.36134655686532385,seq_eth
7800,312.0,171,-1.91,7.79,1.0500744021259278,10.890628999281907,0.008051289722352296,0.008454453241541714,seq_eth
7800,312.0,185,10.78,5.64,2.7697303569121803,2.34580476595986,0.17353522907453897,0.4806457919614598,seq_eth
7800,312.0,186,8.92,5.48,2.185356092265179,1.64048773235279,0.35483414779703193,0.7754389666319668,seq_eth
7800,312.0,187,8.54,6.5,2.2629143267036396,2.0461915843830454,0.22807558302117856,0.5161155043899103,seq_eth
7800,312.0,188,8.96,7.12,2.4988122178348458,2.34580476595986,0.17353522907453897,0.4336319506362267,seq_eth
7800,312.0,190,6.92,5.25,2.5249071765117863,2.767399501336951,0.12468886316528976,0.31482780543713623,seq_eth
7800,312.0,191,9.45,4.04,3.1583470756079253,2.6229182221335074,0.13880396798572206,0.43839110637048134,seq_eth
7810,312.4,171,-1.54,7.72,1.0875718367077714,11.424644414597768,0.007316207232863086,0.007956900937979587,seq_eth
7810,312.4,185,11.92,5.71,2.850685224643326,2.4147877753541827,0.16376211732600007,0.4668342482175352,seq_eth
7810,312.4,186,9.79,5.34,2.1708293346092127,1.631502375113196,0.3587533468147014,0.7787922891545863,seq_eth
7810,312.4,187,9.42,6.35,2.2050014172330767,1.7944637081869337,0.29655279604713264,0.653899335568359,seq_eth
7810,312.4,188,9.86,6.97,2.2563798439092357,2.4147877753541827,0.16376211732600007,0.36950954073028597,seq_eth
7810,312.4,190,7.93,5.35,2.5818174315779534,2.519781736579579,0.1503992028335993,0.388303283571215,seq_eth
7810,312.4,191,10.66,4.32,2.9860352057535833,2.378760181270907,0.16876021181432754,0.5039239338080138,seq_eth
7820,312.8,171,-1.04,7.8,1.156773530125896,11.820693719067423,0.006834164886203646,0.007905581040876233,seq_eth
7820,312.8,185,13.06,5.59,2.865745976181177,2.6258903252040064,0.13848993641340793,0.39687697801831084,seq_eth
7820,312.8,186,10.6,5.04,2.096574587273219,1.659518002312719,0.3467427954071797,0.72697213317077,seq_eth
7820,312.8,187,10.28,6.21,2.0985858333648935,1.53169840373358,0.4070285403654462,0.8541843285861161,seq_eth
7820,312.8,188,10.74,6.82,2.0985858333648872,2.2614154859291116,0.18672852142185611,0.3918658297410791,seq_eth
7820,312.8,190,8.98,5.4,2.5194865548360723,2.2614154859291116,0.18672852142185611,0.470459999126786,seq_eth
7820,312.8,191,11.74,4.72,2.909467305195194,2.0860728654579646,0.21943830193978706,0.6384485650013615,seq_eth
7830,313.2,171,-0.62,7.82,1.1006390189339779,12.185339552101121,0.0064312606438561605,0.007078496405562547,seq_eth
7830,313.2,186,11.45,5.1,2.1279758574757994,1.561153419750923,0.39181423705537977,0.8337712370691479,seq_eth
7830,313.2,187,11.07,6.04,1.9131943184109528,1.2523977004130924,0.608817123717801,1.164785462048195,seq_eth
7830,313.2,188,11.51,6.66,1.8805335014298337,1.952050204272421,0.25060481788515204,0.4712707556527508,seq_eth
7830,313.2,190,9.94,5.5,2.1955210087812858,1.952050204272421,0.25060481788515204,0.5502081425686595,seq_eth
7830,313.2,191,12.86,5.08,2.109983708467998,2.0781963333621776,0.22110483191353636,0.46652759320111686,seq_eth
7840,313.6,171,-0.16,7.77,1.1261105629555024,12.439967845617609,0.006170677742511748,0.006948865386436893,seq_eth
7840,313.6,186,12.3,4.95,2.157834562703828,1.6019987515600624,0.3720891749342942,0.8029068820811709,seq_eth
7840,313.6,187,11.79,5.96,1.8110770276273263,1.1365298060323792,0.7392813025868034,1.3388953840693658,seq_eth
7840,313.6,188,12.22,6.55,1.7961764946684549,1.6285576440519383,0.3600519035334334,0.646716765987387,seq_eth
7840,313.6,190,10.73,5.55,1.9789517427161638,1.7944637081869337,0.29655279604713264,0.5868636725448242,seq_eth
7840,313.6,191,13.31,5.34,1.2992786460185195,1.6415846003176335,0.35436012266267275,0.46041254037611395,seq_eth
7930,317.2,171,3.5,8.06,1.1472793905583618,6.406949352070765,0.015508776641759394,0.017792899813863474,seq_eth
7930,317.2,192,9.83,7.07,2.5491420125208575,6.406949352070765,0.015508776641759394,0.039534074100311005,seq_eth
7930,317.2,193,9.74,7.75,2.5526946546735445,6.247695575170097,0.01630949083401218,0.04163315007243006,seq_eth
7940,317.6,171,3.94,8.17,1.0590384789987313,4.9735299335582575,0.025736569064019294,0.027256016956204793,seq_eth
7940,317.6,192,8.82,7.21,2.5566701977376396,4.9735299335582575,0.025736569064019294,0.06579991911799463,seq_eth
7940,317.6,193,8.73,7.9,2.5055251445554845,4.797603568449566,0.027658677167640484,0.0692995111086659,seq_eth
7950,318.0,171,4.33,8.23,1.021793765884349,3.5873388465546436,0.04946924954290009,0.050547370785912496,seq_eth
7950,318.0,192,7.8,7.32,2.52697942215617,3.5873388465546436,0.04946924954290009,0.12500777562441706,seq_eth
7950,318.0,193,7.75,7.99,2.475789015647477,3.4284107105187966,0.054161968042162785,0.1340936055446363,seq_eth
7960,318.4,171,4.73,8.38,0.9329054078522698,2.339444378479642,0.1163200753458033,0.10851562733188339,seq_eth
7960,318.4,192,6.8,7.29,2.5061175152015154,2.339444378479642,0.1163200753458033,0.29151177819367763,seq_eth
7960,318.4,193,6.75,7.95,2.5061175152015163,2.0652602741543253,0.14925556757264005,0.3740519921351367,seq_eth
7970,318.8,171,5.04,8.46,0.7762087348129864,1.4886235252742726,0.2872832907795941,0.22299179966893998,seq_eth
7970,318.8,192,5.8,7.18,2.519486554836089,1.4886235252742726,0.2872832907795941,0.723806388548254,seq_eth
7970,318.8,193,5.75,7.85,2.4553831167456934,0.9360555539069256,0.7265690166258622,1.784005296573663,seq_eth
7980,319.2,171,5.33,8.54,1.0521555255758903,1.500533238552215,0.28274106074239735,0.2974875693673018,seq_eth
7980,319.2,192,4.79,7.14,2.537992563030831,1.500533238552215,0.28274106074239735,0.7175947094276529,seq_eth
7980,319.2,193,4.79,7.82,2.47613610288283,0.8999999999999991,0.7859503362562749,1.9461200026770624,seq_eth
7990,319.6,171,5.87,8.6,1.1760633486338667,2.512846990964631,0.10082031109330757,0.11857107267470347,seq_eth
7990,319.6,192,3.77,7.22,2.5317977802343936,2.512846990964631,0.10082031109330757,0.2552566398285771,seq_eth
7990,319.6,193,3.77,7.91,2.5358677015963993,2.2104524423746374,0.13029200637882593,0.3304032907522567,seq_eth
8000,320.0,171,6.27,8.5,1.0671955069246355,3.632079294288603,0.04825801791749406,0.051500739894638214,seq_eth
8000,320.0,192,2.79,7.46,2.652386896740519,3.632079294288603,0.04825801791749406,0.12799893438703044,seq_eth
8000,320.0,193,2.79,8.16,2.5533372769770817,3.4965697476240907,0.05207097761881085,0.13295476820274904,seq_eth
8010,320.4,171,6.7,8.4,0.8715109006776885,4.965239168459059,0.025822588683501853,0.02250466752138819,seq_eth
8010,320.4,192,1.76,7.9,2.6392766527971103,4.965239168459059,0.025822588683501853,0.0681529554271493,seq_eth
8010,320.4,193,1.8,8.45,2.160041955611061,4.900255095400647,0.0265120155072392,0.05726706582344773,seq_eth
8020,320.8,171,6.96,8.4,0.32499999999994955,6.080131577523631,0.01722083348754548,0.005596770883451413,seq_eth
8020,320.8,192,0.88,8.36,2.5040592045716163,6.080131577523631,0.01722083348754548,0.043121986604883394,seq_eth
8020,320.8,193,1.34,9.1,2.0598088503547998,5.663426524640362,0.019848220773189252,0.04088354081241121,seq_eth
8030,321.2,171,6.96,8.4,0.6374999999998994,6.948740893140282,0.013184628194420242,0.008405200473941579,seq_eth
8030,321.2,192,0.03,8.91,2.531057091414718,6.948740893140282,0.013184628194420242,0.033371046689153784,seq_eth
8030,321.2,193,0.53,9.5,2.258456331213996,6.523411684080654,0.01495996400808324,0.0337864254287891,seq_eth
8080,323.2,171,7.23,7.85,0.05303300858898302,7.357125797483689,0.005880764164918454,0.0003118746164679039,seq_eth
8080,323.2,194,0.46,4.97,2.751817581163168,7.357125797483689,0.005880764164918454,0.01618279021969694,seq_eth
8090,323.6,171,7.2,7.88,0.22946949688358814,6.3282304003568015,0.007948507015189609,0.0018239399057512304,seq_eth
8090,323.6,194,1.56,5.01,2.750255669933213,6.3282304003568015,0.007948507015189609,0.02186042648602914,seq_eth
8100,324.0,171,7.07,7.94,0.48814060474419324,5.300160374932065,0.011331100865515102,0.005531170428909994,seq_eth
8100,324.0,194,2.66,5.0,2.7127592042053488,5.300160374932065,0.011331100865515102,0.03073854816670529,seq_eth
8110,324.4,171,6.81,7.86,0.743303437365906,6.57860927552321,0.014709975076715042,0.010933975038089098,seq_eth
8110,324.4,194,3.73,5.04,2.753435354243808,8.980450990902407,0.007893758375761251,0.021734953389679207,seq_eth
8110,324.4,195,12.71,4.95,2.400130204801195,8.980450990902407,0.007893758375761251,0.018946047907067,seq_eth
8120,324.8,171,6.51,7.74,0.8220591523728615,7.367991585228637,0.017590295677835738,0.014460263554909656,seq_eth
8120,324.8,194,4.86,5.11,2.900969665473912,8.570583410713649,0.013000217256457662,0.03771323590555416,seq_eth
8120,324.8,195,11.82,4.59,2.316584231147186,6.979398254864097,0.019603581428628922,0.045413347611571585,seq_eth
8120,324.8,196,13.43,5.21,1.9411658867805255,8.570583410713649,0.013000217256457662,0.025235578258971127,seq_eth
8130,325.2,171,6.16,7.76,0.9125856124221798,6.501638255086174,0.02259049659110016,0.020615762166510305,seq_eth
8130,325.2,194,6.05,5.1,2.875027173784597,6.448875871033649,0.022961663425780803,0.06601540630441573,seq_eth
8130,325.2,195,10.96,4.34,2.486589029172221,4.968470589628161,0.03868351549890713,0.09619000524939605,seq_eth
8130,325.2,196,12.66,5.11,2.062196947432471,6.610007564292193,0.02185583830869977,0.04507104304377832,seq_eth
8130,325.2,197,12.43,6.04,2.3251344047170854,6.448875871033649,0.022961663425780803,0.05338895362081692,seq_eth
8140,325.6,171,5.78,7.73,0.9540210951545953,5.967277436151264,0.02681753907930073,0.025584498001785642,seq_eth
8140,325.6,194,7.16,5.12,2.638240417399389,4.43437707011932,0.048563070965859524,0.12812105661516537,seq_eth
8140,325.6,195,9.86,4.25,2.327350961930659,2.8367058360006236,0.1186705015038552,0.2761879058277911,seq_eth
8140,325.6,196,11.82,4.85,2.147673159491416,4.667815334822063,0.04382723264801946,0.09412657121293729,seq_eth
8140,325.6,197,11.5,6.03,2.0471016095933603,4.43437707011932,0.048563070965859524,0.09941354074100761,seq_eth
8150,326.0,171,5.4,7.69,0.9875791107552399,5.730636962851512,0.02907807073499467,0.028716895238944,seq_eth
8150,326.0,194,8.16,5.15,2.183031149571745,2.84822751900195,0.11771234881802817,0.25696972415901026,seq_eth
8150,326.0,195,9.11,4.13,2.1497092826706865,2.383044271514905,0.16815398379111646,0.3614821798738192,seq_eth
8150,326.0,196,10.98,4.75,2.0840165546368623,2.3471898091121646,0.17333048818386584,0.3612236067984655,seq_eth
8150,326.0,197,10.81,5.8,1.6528857341027277,2.383044271514905,0.16815398379111646,0.2779393209408777,seq_eth
8150,326.0,198,12.76,6.28,2.4011715890374536,4.236153915995027,0.05321424678469612,0.12777653751144,seq_eth
8160,326.4,171,4.99,7.72,1.0128085949477212,5.729232060232854,0.02909233333286738,0.029464965246612167,seq_eth
8160,326.4,194,8.86,5.52,1.8931207700513843,1.6825278600962295,0.3373236986652206,0.6385945001736836,seq_eth
8160,326.4,195,8.16,3.99,2.313547060251834,2.6144406667583784,0.13970559573850055,0.3232154703215391,seq_eth
8160,326.4,196,10.18,4.55,2.007991845102943,2.0961870145576222,0.21732582124519176,0.4363884767906449,seq_eth
8160,326.4,197,10.28,5.52,1.455860999546303,1.8445866745696722,0.28065530008857353,0.4085951057149183,seq_eth
8160,326.4,198,11.83,6.52,2.4626269002834715,2.569708154635464,0.1446118149061653,0.35612494548673695,seq_eth
8160,326.4,199,-1.31,4.48,2.9627900701869687,10.223037709017804,0.009137164768624896,0.027071501046144055,seq_eth
8160,326.4,200,13.26,5.37,2.6853770684949927,3.187287247801804,0.09400024201198688,0.25242609433196916,seq_eth
8170,326.8,171,4.59,7.71,1.077613103112612,5.657985507227815,0.029829619981737682,0.03214478935319032,seq_eth
8170,326.8,194,9.47,5.91,1.95675911905375,1.7310401497365682,0.31868168147884934,0.6235832863091211,seq_eth
8170,326.8,195,7.27,3.93,2.223911250477379,2.959797290356217,0.10900525758542665,0.242418018705415,seq_eth
8170,326.8,196,9.41,4.41,1.8606534470448404,2.1931712199461315,0.19853007454290467,0.36939566754032466,seq_eth
8170,326.8,197,9.8,5.22,1.7711666353000477,2.002623279601034,0.23810738275810284,0.4217278519597696,seq_eth
8170,326.8,198,10.89,6.9,2.4608179534455155,2.629752840097335,0.1380834141002042,0.3397981444908341,seq_eth
8170,326.8,199,-0.13,4.59,3.001301800885706,9.541697962102972,0.010488661071035674,0.03147963736137917,seq_eth
8170,326.8,200,12.39,4.74,2.4164152168035296,2.9982161363050537,0.1062295905745021,0.25669479913903565,seq_eth
8180,327.2,171,4.13,7.78,1.1065854011326832,5.591565076076644,0.03054250225651745,0.03379788711112424,seq_eth
8180,327.2,194,10.35,6.0,2.3005434140654213,1.9076687343456675,0.2624009833346262,0.6036648540547647,seq_eth
8180,327.2,195,6.39,3.81,2.2257372374114284,4.525229275959396,0.046632661800464506,0.10379205184890732,seq_eth
8180,327.2,196,8.72,4.26,1.8374574825012584,2.384218949677231,0.16798832941355837,0.30867141285382904,seq_eth
8180,327.2,197,8.97,4.98,2.0691181696558414,2.4613004692641645,0.15763117506625496,0.326157528433789,seq_eth
8180,327.2,198,9.99,7.22,2.361970840209474,2.4613004692641645,0.15763117506625496,0.3723202390144489,seq_eth
8180,327.2,199,1.08,4.71,3.0313466479437396,7.653241143463337,0.01630349020355036,0.04942153037831598,seq_eth
8180,327.2,200,11.65,4.3,2.1861066991342955,2.764923145405673,0.12491231406333352,0.2730716465782205,seq_eth
8180,327.2,201,12.01,6.94,3.0083217912980054,2.6644323973409425,0.13451229132175058,0.40465625718064785,seq_eth
8190,327.6,171,3.73,7.92,1.0643366478703866,5.3526161827652095,0.03333029645386196,0.03547465600022967,seq_eth
8190,327.6,194,11.31,5.95,2.6126196144865728,1.924084197741876,0.25794269699667016,0.6739061495870673,seq_eth
8190,327.6,195,5.51,3.66,2.2194101130705546,3.4457074745253697,0.0804293524371781,0.17850571818678893,seq_eth
8190,327.6,196,7.99,4.03,1.9366530406864093,2.8517538463198395,0.11742141513081736,0.2274045406547986,seq_eth
8190,327.6,197,8.18,4.88,2.1741736936132745,2.824553061990516,0.11969386928609217,0.2602352618886075,seq_eth
8190,327.6,198,9.05,7.33,2.386845460016181,2.648018126826174,0.1361850625429795,0.32505269825273025,seq_eth
8190,327.6,199,2.28,4.86,2.9964823126459,5.770008665504759,0.02868259569733493,0.08594689068783752,seq_eth
8190,327.6,200,10.84,3.93,2.2005681084665056,2.4888752479784912,0.1541576654373029,0.339234442236978,seq_eth
8190,327.6,201,10.89,7.38,2.784162800555958,2.821435804692354,0.11995850242464329,0.3339840000610936,seq_eth
8190,327.6,202,12.87,5.37,2.3476051627138292,2.4888752479784912,0.1541576654373029,0.3619013312525235,seq_eth
8190,327.6,203,12.86,4.81,2.118076957997634,2.203361068912673,0.19669804287537543,0.41662159229756335,seq_eth
8200,328.0,171,3.3,7.97,1.0854146673046818,4.822623767203907,0.04105864546156207,0.04456565600364228,seq_eth
8200,328.0,194,12.44,6.02,2.8304151638939645,3.034221481698394,0.10372341916595582,0.2935803384582512,seq_eth
8200,328.0,195,4.64,3.51,2.301765626644164,2.9024300163828243,0.11335687593349697,0.2609209605674904,seq_eth
8200,328.0,196,7.2,3.96,2.026234191795328,2.825968860408762,0.11957396708673475,0.24228486055975115,seq_eth
8200,328.0,197,7.24,4.8,2.3180339190789705,2.9024300163828243,0.11335687593349697,0.26276508337467264,seq_eth
8200,328.0,198,8.09,7.41,2.4437739768646134,3.5629482174177047,0.07522329640566636,0.18382873421014084,seq_eth
8200,328.0,199,3.45,5.07,3.0055157627270943,3.799605242653505,0.06614460473445813,0.1987986521487671,seq_eth
8200,328.0,200,10.01,3.66,2.128269543549528,2.825968860408762,0.11957396708673475,0.25448563235209126,seq_eth
8200,328.0,201,9.92,7.71,2.747868492122734,3.1908149429260226,0.09379250769070475,0.2577294766804668,seq_eth
8200,328.0,202,11.94,5.24,2.2682936868934287,2.4942533953069,0.1534935879239664,0.3481685364665544,seq_eth
8200,328.0,203,12.03,4.64,2.1523969197154407,2.245172599155797,0.18944010049027385,0.40775028876584896,seq_eth
8210,328.4,171,2.87,8.04,1.1253471686550567,4.731595925266653,0.04265363849166394,0.048000151309430354,seq_eth
8210,328.4,195,3.69,3.38,2.3098971838590354,2.9181500989496754,0.11213885792561556,0.2590292321235479,seq_eth
8210,328.4,196,6.39,3.77,2.1919240976821697,2.728021260914218,0.12831454274349607,0.2812557383225378,seq_eth
8210,328.4,197,6.35,4.58,2.3435083208727483,2.9181500989496754,0.11213885792561556,0.26279834664184704,seq_eth
8210,328.4,198,7.1,7.47,2.433233445438367,3.26712411763006,0.08946231144090577,0.2176826883042354,seq_eth
8210,328.4,199,4.64,5.32,3.0455910756369984,2.337733945512192,0.17473552763977526,0.5321729635764216,seq_eth
8210,328.4,200,9.19,3.51,2.289787108008015,2.8120455188349993,0.12076099683233496,0.27651697369687733,seq_eth
8210,328.4,201,8.79,8.03,2.86620938697783,4.2256478793198085,0.053479184063226146,0.15328253936993394,seq_eth
8210,328.4,202,11.07,5.14,2.2187059854788878,2.4882323042674295,0.154237342488875,0.34220731496442414,seq_eth
8210,328.4,203,11.17,4.48,2.2161340212179947,2.204835594777988,0.19643503971188186,0.43532637446480926,seq_eth
8210,328.4,204,-2.58,4.48,2.878041869048918,7.268700021324308,0.018074150330305717,0.05201816139810418,seq_eth
8210,328.4,205,13.12,4.75,3.455882665831979,4.12098289246631,0.05623021690277474,0.19432503189027156,seq_eth
8220,328.8,171,2.42,8.16,1.1524430571615936,4.849340161300298,0.040607484172603965,0.04679781320351674,seq_eth
8220,328.8,195,2.82,3.19,2.269429994514017,3.8040636167130537,0.06598965223665233,0.14975889611340779,seq_eth
8220,328.8,196,5.5,3.53,2.2345651142895364,2.701481075262235,0.1308481307962965,0.2923886683473985,seq_eth
8220,328.8,197,5.42,4.35,2.4588170428073486,2.847033543883879,0.11781110078851315,0.2896759424506904,seq_eth
8220,328.8,198,6.15,7.57,2.414862832543466,3.3017116772970967,0.08759777811374526,0.21153661858027292,seq_eth
8220,328.8,199,5.85,5.49,3.0373199535116018,2.1015232570685485,0.21622354373502672,0.6567400838053852,seq_eth
8220,328.8,200,8.21,3.32,2.3828160860628236,2.718124353299533,0.1292506508420686,0.3079805299605705,seq_eth
8220,328.8,201,7.68,8.2,2.8880140235116287,4.052912532981683,0.05813489864005284,0.16789440252789972,seq_eth
8220,328.8,202,10.18,5.01,2.312094559052439,2.595573154430442,0.14174404906506943,0.327725644621409,seq_eth
8220,328.8,203,10.29,4.3,2.3254367869284045,2.2993042425916568,0.18062526642796653,0.4200326392003375,seq_eth
8220,328.8,204,-1.45,4.7,2.9433452481827227,6.878909797344344,0.020180510711280616,0.05939821030794834,seq_eth
8220,328.8,205,11.82,4.28,3.368419510690378,3.735465165143425,0.0684355875897699,0.23051976846294123,seq_eth
8230,329.2,171,1.97,8.24,1.149796177589732,4.567986427300327,0.04576376769229971,0.05261900516471068,seq_eth
8230,329.2,195,1.98,2.77,2.2367666395938417,3.0290922732726386,0.10407498948834622,0.23279146450361257,seq_eth
8230,329.2,196,4.65,3.36,2.2710817906891387,2.7344103569142657,0.12771561569498083,0.2900526091915229,seq_eth
8230,329.2,197,4.42,4.2,2.4395504196470075,2.9936265632172625,0.10655556456865498,0.259947672259186,seq_eth
8230,329.2,198,5.19,7.76,2.446585631037637,3.2555798254688835,0.09009790339957086,0.22043223584400712,seq_eth
8230,329.2,199,7.05,5.63,2.978779112320983,2.8278083386255153,0.11941845289206182,0.35572119310056105,seq_eth
8230,329.2,200,7.32,3.14,2.3713458731277006,2.5522147245088918,0.14660100994064484,0.34764169991910115,seq_eth
8230,329.2,201,6.53,8.51,2.6563897022086276,4.567986427300327,0.04576376769229971,0.12156640123209284,seq_eth
8230,329.2,202,9.25,4.81,2.382816086062839,2.3478500803926985,0.17323301258097598,0.41278240901507574,seq_eth
8230,329.2,203,9.37,4.01,2.385928802374421,2.2269710370815323,0.19254943310710426,0.459409238331107,seq_eth
8230,329.2,204,-0.25,4.82,2.791309056697225,4.710976544199727,0.043027835362536085,0.1201039865375241,seq_eth
8230,329.2,205,10.66,3.65,3.0529186854549435,3.3787127726398998,0.08365055656257366,0.25537834717858676,seq_eth
8240,329.6,171,1.52,8.35,1.0467957059521862,4.13039949641678,0.055974118624129404,0.05859346702019695,seq_eth
8240,329.6,195,1.2,2.43,2.3011546014989874,2.784762108331697,0.12313887458914649,0.28336158788422117,seq_eth
8240,329.6,196,3.73,3.12,2.4174495858238414,2.639185480408681,0.13709813770424417,0.33142783621034505,seq_eth
8240,329.6,197,3.5,4.0,2.316685401602864,2.923696290656743,0.11171381124840572,0.25880575567659936,seq_eth
8240,329.6,198,4.25,8.04,2.4228727783356305,4.1090266487332485,0.0565579248258049,0.13703265645959564,seq_eth
8240,329.6,199,8.23,5.61,3.0125259334983,2.644617174564213,0.13653555312430252,0.4113168946314962,seq_eth
8240,329.6,200,6.36,2.9,2.719863277813792,2.639185480408681,0.13709813770424417,0.37288819019843217,seq_eth
8240,329.6,201,5.63,8.76,2.41249999999999,4.13039949641678,0.055974118624129404,0.1350375611807116,seq_eth
8240,329.6,202,8.31,4.64,2.3837994882120084,1.8176083186429353,0.2890485390778135,0.6890337595221205,seq_eth
8240,329.6,203,8.41,3.97,2.3844876284015037,1.6498484778912275,0.35081912511071717,0.8365238636331445,seq_eth
8240,329.6,204,0.76,5.02,2.83769272473254,2.923696290656743,0.11171381124840572,0.3170094694317451,seq_eth
8240,329.6,205,9.57,3.33,3.0052038200428095,2.644617174564213,0.13653555312430252,0.4103171658208119,seq_eth
8240,329.6,206,-1.57,4.84,3.089599488607073,4.676344726386198,0.04366750160284669,0.13491509062090365,seq_eth
8250,330.0,171,1.15,8.41,0.9753204601566134,3.451448971084463,0.08016198602739745,0.0781836250993093,seq_eth
8250,330.0,195,0.29,2.04,2.3405394677297418,2.9871893143890293,0.10701530359299498,0.2504735417104852,seq_eth
8250,330.0,196,2.76,2.95,2.2933667936029334,2.561444904736387,0.14554635856597656,0.3337911856650365,seq_eth
8250,330.0,197,2.6,3.85,2.309897183859188,2.863564212655271,0.1164548364087039,0.26899869866724757,seq_eth
8250,330.0,198,3.32,8.27,2.41641521680374,3.198280788173546,0.09335513330250973,0.2255847646789261,seq_eth
8250,330.0,199,9.46,5.64,3.0002343658456123,2.9062174729362567,0.11306160932872827,0.33921132576586144,seq_eth
8250,330.0,200,5.2,2.65,2.4044230077090547,2.8450834785643813,0.11797265532786115,0.28365616675083954,seq_eth
8250,330.0,201,4.6,8.51,2.718283005869853,4.10114618125226,0.05677548893250485,0.15433184671517985,seq_eth
8250,330.0,202,7.37,4.49,2.4359931239641615,2.3854978516024703,0.1678082554653941,0.4087797564581214,seq_eth
8250,330.0,203,7.47,3.84,2.3882852111924686,2.563006047593333,0.1453691061883654,0.3471828864739407,seq_eth
8250,330.0,204,1.95,5.38,2.980902757555337,2.561444904736387,0.14554635856597656,0.4338595416014574,seq_eth
8250,330.0,205,8.36,2.95,3.0140556149482447,2.9062174729362567,0.11306160932872827,0.3407739784323383,seq_eth
8250,330.0,206,-0.34,4.96,3.093465896046228,3.1425626485402,0.09669488325398426,0.2991223236683718,seq_eth
8260,330.4,171,0.74,8.37,1.0518584743205528,3.2634490956655036,0.08966391475679784,0.09431374857769348,seq_eth
8260,330.4,195,-0.52,1.69,2.0073692360898616,3.699256682091688,0.06978184504741654,0.14007792898577362,seq_eth
8260,330.4,196,1.92,2.82,2.2525679789963653,2.5495097567963922,0.14691225516174955,0.3309298416995005,seq_eth
8260,330.4,197,1.68,3.68,2.3240589493383887,2.405265058158872,0.16506138982444676,0.383612400211738,seq_eth
8260,330.4,198,2.38,8.53,2.426191717486448,2.959189078109068,0.10905007063669064,0.2645763781700509,seq_eth
8260,330.4,199,10.63,5.64,3.0749999999999353,4.549131785297059,0.04614390510332993,0.14189250819273655,seq_eth
8260,330.4,200,4.46,2.6,2.0679473518442757,2.611378946074277,0.14003338444581875,0.2895816665345223,seq_eth
8260,330.4,201,3.62,7.93,2.901562079294479,2.913417237540823,0.11250349417428984,0.32643587248424677,seq_eth
8260,330.4,202,6.38,4.37,2.3940681903404304,2.611378946074277,0.14003338444581875,0.3352494712874471,seq_eth
8260,330.4,203,6.52,3.69,2.3447414569627676,2.3306007809146547,0.17580677477610554,0.41222143323245086,seq_eth
8260,330.4,204,3.06,5.65,2.9100042955294256,2.405265058158872,0.16506138982444676,0.4803293534151971,seq_eth
8260,330.4,205,7.22,2.79,3.0557834510972093,2.7665321252427195,0.12476706149331335,0.3812611217532948,seq_eth
8260,330.4,206,0.89,5.11,3.034231780863122,2.5109759058979444,0.1514559331564428,0.4595524057835593,seq_eth
8270,330.8,171,0.31,8.36,1.1025538535599855,3.5734717013011306,0.07478089998601159,0.08244996945226095,seq_eth
8270,330.8,195,-1.13,1.29,2.305021691871937,4.218921663174134,0.053649843451785854,0.1236640529219,seq_eth
8270,330.8,196,1.01,2.52,2.43890984868237,2.540019684963091,0.14801209891212735,0.3609881657609365,seq_eth
8270,330.8,197,0.78,3.47,2.307122125072673,2.8983616061492397,0.11367533581945978,0.26226288234414175,seq_eth
8270,330.8,198,1.45,8.79,2.3362964816135374,3.593883693165375,0.07393385402224935,0.17273140302431003,seq_eth
8270,330.8,199,11.92,5.64,3.224999999999723,6.726878919677386,0.021102998140398805,0.0680571690027803,seq_eth
8270,330.8,200,3.55,2.53,1.9552013962760235,2.5391730937452848,0.1481108134366368,0.2895864692348899,seq_eth
8270,330.8,201,2.51,7.5,2.9776511296657566,2.3621176939348296,0.17114661598526285,0.5096149144269894,seq_eth
8270,330.8,202,5.48,4.18,2.3104720837958332,1.9865799757371971,0.24196874662393802,0.5590620342256761,seq_eth
8270,330.8,203,5.62,3.53,2.383799488212023,2.298891037000232,0.18069020389248078,0.43072921556382177,seq_eth
8270,330.8,204,4.25,5.74,2.915743901648377,2.474914139924858,0.15590179235802457,0.45456970032396166,seq_eth
8270,330.8,205,5.95,2.54,3.1506199786708065,2.400020833242912,0.1657835208679314,0.5223208729808932,seq_eth
8270,330.8,206,2.07,5.25,3.0333562270198,2.2926185901715095,0.1816802683646377,0.551100973370502,seq_eth
8270,330.8,207,-2.81,5.16,2.604323328621232,4.469272871508294,0.047807676753813505,0.12450664785713948,seq_eth
8280,331.2,171,-0.14,8.31,1.1209649860722537,3.6001388862098094,0.07367715905804888,0.08258951557734898,seq_eth
8280,331.2,195,-2.0,0.59,2.3954709870921223,4.515860936742849,0.04682634524353318,0.11217115146244293,seq_eth
8280,331.2,196,0.07,2.2,2.5442643828815767,2.8463485380395706,0.11786781274934545,0.2998868778663146,seq_eth
8280,331.2,197,-0.11,3.23,2.2652607465808154,3.134645115479582,0.09718396687882883,0.220147025367621,seq_eth
8280,331.2,198,0.6,9.1,2.3750328945089922,4.649397810469653,0.04417514345495293,0.10491741882516682,seq_eth
8280,331.2,200,2.91,2.39,2.049428273933889,2.3765521244020715,0.1690739480437982,0.3465049295065894,seq_eth
8280,331.2,201,1.34,7.24,3.148412298286166,2.771894658893083,0.12428477738388892,0.3912997216051942,seq_eth
8280,331.2,202,4.55,4.11,2.3646154549947056,1.7801685313475244,0.30133469818598024,0.7125406844567339,seq_eth
8280,331.2,203,4.64,3.37,2.4454357996070675,1.988290723209259,0.24155254054874978,0.5907012301439505,seq_eth
8280,331.2,204,5.39,5.76,2.8631822331105217,2.504915168224265,0.15218972660430502,0.43574692127539383,seq_eth
8280,331.2,205,4.74,2.34,3.1414815374277865,1.8306829326784035,0.284934552291989,0.8951166354005357,seq_eth
8280,331.2,206,3.31,5.29,3.1002268062191396,2.3356583654293277,0.17504622267361508,0.542682991860146,seq_eth
8280,331.2,207,-1.77,5.1,2.451147690368725,3.6001388862098094,0.07367715905804888,0.1805935982580657,seq_eth
8290,331.6,171,-0.58,8.25,1.088648818490134,3.161550252645054,0.09553691283504129,0.1040061472800626,seq_eth
8290,331.6,195,-2.64,0.11,2.2744848317806015,5.023982484045899,0.03783338055464145,0.08605145020651514,seq_eth
8290,331.6,196,-0.89,1.79,2.398208967125195,2.87020905161976,0.11591624993036886,0.27799139001853584,seq_eth
8290,331.6,197,-0.93,2.87,2.3444415646374983,2.983236497497307,0.10729908407602189,0.25155643255535926,seq_eth
8290,331.6,198,-0.3,9.53,2.4233886399007054,4.46401164873032,0.047920434103363836,0.11612983562520227,seq_eth
8290,331.6,200,1.96,2.13,2.4175465352294263,2.4647920804806236,0.1571848924399809,0.3800017921086859,seq_eth
8290,331.6,201,0.03,7.06,3.093465896045978,2.491947029934625,0.1537778444638108,0.47570651741626147,seq_eth
8290,331.6,202,3.6,3.97,2.4186773244895337,1.9925109786397668,0.24053037922253134,0.581765374076405,seq_eth
8290,331.6,203,3.69,3.21,2.4714621178565266,2.0394361965994423,0.22958903145995055,0.5674205939286381,seq_eth
8290,331.6,204,6.54,5.69,2.9288436284649615,3.7779491791182163,0.06690508996429399,0.1959545464537975,seq_eth
8290,331.6,205,3.5,1.98,2.752839443193049,1.9925109786397668,0.24053037922253134,0.6621415152099661,seq_eth
8290,331.6,206,4.55,5.22,2.9809027575551075,2.186252501427957,0.19978861822946467,0.5955504430083358,seq_eth
8290,331.6,207,-0.85,5.1,2.5124999999999944,3.161550252645054,0.09553691283504129,0.2400364934980407,seq_eth
8300,332.0,171,-1.01,8.35,1.027740239554782,3.48209706929603,0.07875708524135028,0.08094182565258173,seq_eth
8300,332.0,195,-3.5,-0.44,2.280659170064784,5.098284025042151,0.03673866148124929,0.08378836520311705,seq_eth
8300,332.0,196,-1.65,1.35,2.129297125814177,2.7477445296096943,0.12647907425747631,0.2693115292920822,seq_eth
8300,332.0,197,-1.75,2.32,3.1839686320692846,2.9236962906567436,0.11171381124840568,0.3556932707838325,seq_eth
8300,332.0,198,-1.09,10.05,2.2896506283711924,5.12556338366818,0.036348639910753586,0.08322568621209515,seq_eth
8300,332.0,200,1.05,1.86,2.340138884767445,2.5566579747787928,0.146091892993402,0.3418753195431447,seq_eth
8300,332.0,201,-1.12,6.97,3.115535668228034,3.080146100430953,0.10065346922215714,0.3135894734925232,seq_eth
8300,332.0,202,2.63,3.87,2.4025052029081344,2.5566579747787928,0.146091892993402,0.35098653301934674,seq_eth
8300,332.0,203,2.68,3.11,2.457450406417327,2.0541178155110775,0.22631882697809447,0.5561672933372109,seq_eth
8300,332.0,204,7.73,5.64,2.939201634798299,5.648309481605979,0.029931908779358057,0.08797591521692276,seq_eth
8300,332.0,205,2.6,1.82,2.5259280472730663,2.0502195004437938,0.2271802965578751,0.5738410828633496,seq_eth
8300,332.0,206,5.69,5.14,2.9282300541455024,3.630564694369183,0.07244743635167074,0.21214276047075564,seq_eth
8300,332.0,207,0.24,5.1,2.875027173784787,3.148602864763989,0.09632424408156107,0.2769348192287665,seq_eth
8300,332.0,208,-3.33,4.78,2.3660357140163026,3.5843130443642894,0.07432920991580894,0.17586556525541863,seq_eth
8310,332.4,171,-1.36,8.51,0.6405563987659836,3.7636817081150737,0.0674133028281344,0.04318202248851047,seq_eth
8310,332.4,195,-4.04,-1.06,2.196196997083771,2.74934537663059,0.1263318285135895,0.2774495824176472,seq_eth
8310,332.4,196,-2.33,0.88,2.020558400541768,2.5978837541352773,0.14149202230721172,0.2858928942824799,seq_eth
8310,332.4,197,-3.09,1.52,3.141083610794274,3.270137611783333,0.08929750496094671,0.2804909293176501,seq_eth
8310,332.4,198,-1.86,10.49,2.3054961505063902,5.6250244443913315,0.030180230605051428,0.06958040548134121,seq_eth
8310,332.4,200,0.18,1.55,2.2270005051638195,2.5978837541352773,0.14149202230721172,0.3151028051548109,seq_eth
8310,332.4,201,-2.46,7.17,3.2242489435525674,3.373781261433527,0.08389528206277869,0.2704992745599588,seq_eth
8310,332.4,202,1.7,3.68,2.3723669614964367,2.2350391495452606,0.19116180056679577,0.45350593996483707,seq_eth
8310,332.4,203,1.74,2.96,2.3566727074415437,2.1027838690650067,0.21596437084184186,0.508957338542753,seq_eth
8310,332.4,204,8.89,5.61,2.9637919123986585,7.4567821478168455,0.017173881880874115,0.05089981222302457,seq_eth
8310,332.4,205,1.55,1.45,2.1000372020514972,2.2350391495452606,0.19116180056679577,0.4014468928014201,seq_eth
8310,332.4,206,6.89,5.11,3.0129149091867373,5.4399999999999995,0.03226811400273614,0.09722108177018104,seq_eth
8310,332.4,207,1.45,5.11,2.862745622649679,3.661365865356807,0.07123363807299725,0.20392378557888438,seq_eth
8310,332.4,208,-2.39,4.89,2.9045492335299317,3.7636817081150737,0.0674133028281344,0.19580525705917895,seq_eth
8310,332.4,209,-3.41,-1.97,3.6662310347273137,3.5046397817750115,0.07774717350306307,0.2850391003592589,seq_eth
8320,332.8,171,-1.5,8.5,0.9007809112098892,3.623285801589491,0.07273881099856584,0.06552173245161205,seq_eth
8320,332.8,195,-4.6,-1.81,2.3400053418740443,2.8268887491374683,0.11949615939226058,0.279621651311322,seq_eth
8320,332.8,196,-2.92,0.35,2.1072790512886392,2.4754191564258363,0.1558381870116638,0.3283945468804804,seq_eth
8320,332.8,197,-3.83,0.91,2.3190784807763185,2.8268887491374683,0.11949615939226058,0.27712097178200845,seq_eth
8320,332.8,198,-2.62,11.08,2.4053326173315432,6.376597838973382,0.023485149370437816,0.05648959580361744,seq_eth
8320,332.8,200,-0.66,1.36,2.213594362117844,2.4754191564258363,0.1558381870116638,0.34496253217168527,seq_eth
8320,332.8,201,-3.69,7.19,2.8629366479193346,4.034476422040411,0.05866742388347805,0.16796111787502735,seq_eth
8320,332.8,202,0.75,3.61,2.5090149959695163,2.2826519664635687,0.1832702540161928,0.45982781564177017,seq_eth
8320,332.8,203,0.81,2.87,2.393872385905288,2.107368026710095,0.2150258181831506,0.5147443684053354,seq_eth
8320,332.8,204,10.1,5.57,2.9377393519506927,9.553224586494343,0.01046336575445736,0.030738641330722634,seq_eth
8320,332.8,205,0.99,1.34,2.2237707278405217,2.2826519664635687,0.1832702540161928,0.40755102616510636,seq_eth
8320,332.8,206,8.1,5.1,2.900673413192129,7.499506650440414,0.01697876091346012,0.04924984037061947,seq_eth
8320,332.8,207,2.53,5.13,2.714831946916752,3.5468295701936396,0.07590855791346361,0.20607897806785144,seq_eth
8320,332.8,208,-1.01,4.91,3.2000976547598485,3.5186360993998798,0.07712988325078929,0.24682315850275172,seq_eth
8320,332.8,209,-2.5,-0.82,2.884115982411098,2.321658889673502,0.17716362563799784,0.5109604442044461,seq_eth
8330,333.2,171,-2.08,8.54,1.1430496489654614,3.975437082887867,0.06042290662241902,0.06906638220422891,seq_eth
8330,333.2,196,-3.59,-0.24,2.2318714120666914,2.425077318355025,0.16237538829304068,0.362400987154466,seq_eth
8330,333.2,197,-4.47,0.28,2.245133626312824,3.053686296920494,0.10240532531382006,0.22991363937556125,seq_eth
8330,333.2,200,-1.5,0.99,2.336798022936474,2.1882641522448796,0.19942145944478892,0.466007672161689,seq_eth
8330,333.2,201,-4.75,7.13,2.704192347078837,3.019437033620671,0.10474165389397525,0.28324157888046814,seq_eth
8330,333.2,202,-0.3,3.51,2.5634754241068642,2.3820999139414787,0.16828733585072816,0.43140044964175966,seq_eth
8330,333.2,203,-0.16,2.72,2.3335193378242924,2.175178153623284,0.20182813935650593,0.47096986610550273,seq_eth
8330,333.2,204,11.24,5.58,2.8888254533633084,11.092745377047109,0.007760564153722273,0.022418915259731786,seq_eth
8330,333.2,205,-0.2,1.13,2.640815451711855,2.1639085008382404,0.2039358587402823,0.5385569669194636,seq_eth
8330,333.2,206,9.21,5.16,2.928843628464932,9.044650352556479,0.011673143296266295,0.03418881136742767,seq_eth
8330,333.2,207,3.62,5.2,2.772690480381781,4.5209291080484775,0.04672141508069809,0.12954402282421737,seq_eth
8330,333.2,208,0.17,4.87,2.962499999999956,3.388923132796021,0.08314726060108772,0.24632375953071872,seq_eth
8330,333.2,209,-1.85,-0.27,2.4996562263638467,2.1639085008382404,0.2039358587402823,0.5097695390790046,seq_eth
8330,333.2,210,-3.15,5.55,2.6501179219043824,3.1756889016400827,0.09468811686181186,0.25093467548686416,seq_eth
8330,333.2,211,-3.28,4.75,2.600120189529484,3.2276926743418435,0.0916615145470697,0.2383309545766864,seq_eth
8340,333.6,171,-2.41,8.59,0.922801441264592,3.8537514190720707,0.06429896565652882,0.05933517817966729,seq_eth
8340,333.6,200,-2.34,0.54,2.3823570261400855,2.452835094334717,0.1587211054037917,0.37813034065544426,seq_eth
8340,333.6,201,-5.84,6.95,2.7619060447449506,4.224227740072734,0.053515148343226744,0.14780381169458068,seq_eth
8340,333.6,202,-1.29,3.4,2.5150795216055966,2.284644392460236,0.1829507354110223,0.46013564809494606,seq_eth
8340,333.6,203,-1.04,2.62,2.6067520499656465,2.3494041797868666,0.17300390574693772,0.4509782859578934,seq_eth
8340,333.6,204,12.41,5.5,3.1645003555063678,11.065739921035558,0.007798489011498284,0.02467832124929882,seq_eth
8340,333.6,205,-1.09,0.97,2.2606691487254675,1.650757401921918,0.3504329022206869,0.7922128507486352,seq_eth
8340,333.6,206,10.44,5.22,3.1515869018638494,9.085290309065527,0.011568945192493227,0.0364605361370424,seq_eth
8340,333.6,207,4.74,5.32,2.832070797137633,6.328293608864874,0.023845044698428405,0.06753085474686063,seq_eth
8340,333.6,208,1.36,4.91,3.0026030373660393,3.4047760572466435,0.0823747818461395,0.24733877017358333,seq_eth
8340,333.6,209,-0.83,0.28,3.007698455630125,2.3494041797868666,0.17300390574693772,0.5203435801330443,seq_eth
8340,333.6,210,-2.09,5.54,2.7284668313908185,3.066740941129524,0.10153533355499499,0.277035789819007,seq_eth
8340,333.6,211,-2.24,4.74,2.354782367863256,2.4360623965736186,0.16091427247091059,0.378918091552044,seq_eth
8350,334.0,171,-2.81,8.43,0.6020797289396486,5.165239587860373,0.035792368675486304,0.02154985963024476,seq_eth
8350,334.0,202,-2.3,3.29,2.4354157755916495,2.717682836535566,0.12929265056613665,0.3148813608568278,seq_eth
8350,334.0,203,-2.24,2.57,2.5544079548891054,3.0705862632402954,0.10128118561291533,0.25871346621023095,seq_eth
8350,334.0,204,13.77,5.49,3.4000919105226117,11.212064930243669,0.007596266168522035,0.025828003149768367,seq_eth
8350,334.0,206,11.73,5.24,3.088410796834041,9.163978393689066,0.011371120686263411,0.03511869189955883,seq_eth
8350,334.0,207,5.88,5.36,3.089548915295093,6.856566195990526,0.020312250115424032,0.06275569031131094,seq_eth
8350,334.0,208,2.57,4.97,2.8751086935976766,3.971259246133397,0.060550105482335956,0.17408813467052045,seq_eth
8350,334.0,209,0.29,0.83,2.9817151104693105,4.379235093027092,0.04979375308568659,0.14847078598256958,seq_eth
8350,334.0,210,-0.97,5.66,2.7975994173578336,3.325432302723963,0.0863525485871838,0.24157983961486942,seq_eth
8350,334.0,211,-1.4,4.87,2.702342733629624,2.448591431823611,0.159271742369633,0.4304068356651073,seq_eth
8360,334.4,171,-2.89,8.55,0.3132491021535445,5.340833268320591,0.03347752488391986,0.010486804612210842,seq_eth
8360,334.4,202,-3.23,3.22,2.3315767197329405,4.202023322162789,0.05408221433716779,0.12609683190014748,seq_eth
8360,334.4,203,-3.08,2.5,2.107279051288771,4.3484365006287025,0.0505015975837501,0.10642095864485221,seq_eth
8360,334.4,206,12.91,5.28,2.9516944286292555,12.309248555456179,0.006302433899107246,0.018602859026799014,seq_eth
8360,334.4,207,7.21,5.41,3.0770572386616317,7.077238161882078,0.01906530514823861,0.05866503521368049,seq_eth
8360,334.4,208,3.66,4.93,2.8879328679870024,3.7413366595376045,0.06822095634618591,0.1970175421176568,seq_eth
8360,334.4,209,1.17,1.58,3.050230524075121,4.275909260028795,0.05222932597609701,0.1593114843441607,seq_eth
8360,334.4,210,0.14,5.73,2.6931916474695705,4.139239060503754,0.055735302513314544,0.15010585119804848,seq_eth
8360,334.4,211,-0.08,4.83,3.0375257200557106,3.537598055178117,0.07630524815426559,0.23177915384381528,seq_eth
8370,334.8,171,-2.93,8.65,0.2741464024932632,8.224384475448604,0.014117720279290839,0.0038703222259737708,seq_eth
8370,334.8,207,8.34,5.45,2.8381882425237044,7.168549365108676,0.01858270024677643,0.0527412013547432,seq_eth
8370,334.8,208,4.88,4.93,2.9177527739682905,3.8009077863057925,0.06609927794553656,0.19286135158289036,seq_eth
8370,334.8,209,2.26,2.27,3.280720195322934,3.7336309405188937,0.06850284494629644,0.2247386668523903,seq_eth
8370,334.8,210,1.18,5.8,2.5702930280417027,3.8009077863057925,0.06609927794553656,0.1698945132620033,seq_eth
8370,334.8,211,1.03,4.88,2.691682791489318,3.8503246616356908,0.06441346769317857,0.1733806225298819,seq_eth
8380,335.2,171,-2.98,8.75,0.13975424859375474,8.706422916445076,0.012597717449339886,0.0017605845361289283,seq_eth
8380,335.2,207,9.48,5.36,2.890204361286541,7.3092407266418595,0.017874209799744908,0.05166011911777336,seq_eth
8380,335.2,208,5.99,5.07,2.757943074104289,3.8874670416609325,0.06318848485689711,0.17427024417422313,seq_eth
8380,335.2,209,3.45,2.88,3.2187196600511534,3.3537590849671957,0.08489999364771214,0.2732692786921091,seq_eth
8380,335.2,210,2.19,5.89,2.5942845834641513,3.8874670416609325,0.06318848485689711,0.16392891211670615,seq_eth
8380,335.2,211,2.07,4.95,2.594284583464161,3.9218363045899816,0.062085825090461615,0.16106829888383697,seq_eth
8390,335.6,171,-2.98,8.75,0.4132568813704665,9.35213879281098,0.010918161023883058,0.004512005175030492,seq_eth
8390,335.6,207,10.65,5.35,2.7915329569968677,7.424284477308235,0.017324558391715747,0.048362075715891156,seq_eth
8390,335.6,208,7.06,5.27,2.8497806933165695,3.870206712825556,0.06375335704852772,0.18168308605101213,seq_eth
8390,335.6,209,4.62,3.3,3.198559245973067,3.1360006377550365,0.09709997036467259,0.31058000799363433,seq_eth
8390,335.6,210,3.25,5.95,2.6014719391144254,3.870206712825556,0.06375335704852772,0.16585256938608772,seq_eth
8390,335.6,211,3.1,5.03,2.627409608340473,3.9672660611559687,0.06067205820825534,0.15941034869416254,seq_eth
8400,336.0,171,-2.96,8.42,0.4132568813704363,9.984728338818238,0.009578530259866833,0.003958393543304922,seq_eth
8400,336.0,207,11.71,5.24,2.5688336361081747,7.474757521150771,0.017091381345779134,0.04390491528858924,seq_eth
8400,336.0,208,8.25,5.37,2.875027173784785,4.023493506891741,0.05898814952289415,0.16959253280960068,seq_eth
8400,336.0,209,5.86,3.74,3.23150990250706,2.892922397853077,0.11410319734154287,0.368725612116913,seq_eth
8400,336.0,210,4.27,5.96,2.6398981987949446,4.023493506891741,0.05898814952289415,0.15572270967573512,seq_eth
8400,336.0,211,4.17,5.04,2.6183546837662734,4.0933238327794195,0.056992692375031906,0.14922708302061516,seq_eth
8410,336.4,171,-2.96,8.42,0.6013006735401911,10.976142309573067,0.007926325877761011,0.004766105088996743,seq_eth
8410,336.4,207,12.68,5.03,2.383078366315278,7.389350445066197,0.017488753418824634,0.04167706992622334,seq_eth
8410,336.4,208,9.36,5.28,2.8484919255633705,4.0715598976313725,0.05760361322214147,0.1640834271465454,seq_eth
8410,336.4,209,7.1,4.03,3.2258961933080954,2.6585146228674383,0.1351117985414452,0.4358566365858583,seq_eth
8410,336.4,210,5.36,6.04,2.8450889704892672,4.0715598976313725,0.05760361322214147,0.16388740463864443,seq_eth
8410,336.4,211,5.19,5.17,2.6158471381179313,4.171450587026052,0.05487786095921915,0.14355209553620715,seq_eth
8420,336.8,171,-3.31,8.09,0.7164364940452774,12.26722870089247,0.006345684241750316,0.004546279770477961,seq_eth
8420,336.8,207,13.6,4.99,2.3021728866440707,5.270237186313345,0.03438041067100283,0.07914964927847119,seq_eth
8420,336.8,208,10.52,5.17,2.8699139795470785,3.085255256862874,0.10032038266917807,0.28791086865578663,seq_eth
8420,336.8,209,8.37,4.34,3.224152020299238,2.637745249261194,0.13724789205504292,0.4425080684510784,seq_eth
8420,336.8,210,6.53,6.23,2.7490055019951516,4.128401627748928,0.056028307148763015,0.1540221246194238,seq_eth
8420,336.8,211,6.25,5.27,2.580122332371034,4.271170799675423,0.05234527726136592,0.1350572188562039,seq_eth
8420,336.8,212,12.68,6.64,2.8622543562725054,4.885294259305165,0.040011969217902045,0.11452443319698152,seq_eth
8430,337.2,171,-3.38,8.03,0.11524430571617708,13.45,0.005278697964657051,0.0006083398820222989,seq_eth
8430,337.2,208,11.64,5.01,2.8828425642063276,2.010397970552099,0.23626930711120878,0.6811272151557294,seq_eth
8430,337.2,209,9.62,4.58,3.125624937512461,2.7182531155137113,0.12923840606198111,0.4039507848716898,seq_eth
8430,337.2,210,7.54,6.33,2.418838822658491,4.11821563301389,0.05630581074850217,0.1361946809797388,seq_eth
8430,337.2,211,7.25,5.3,2.576092001462635,4.399568160626678,0.04933456249425877,0.12709037183711852,seq_eth
8430,337.2,212,11.6,7.02,2.7354158733179648,2.1262408142070837,0.21122556538551432,0.5777897644060975,seq_eth
8430,337.2,213,12.89,6.34,2.6021625621776328,1.825212316416915,0.2866451517534286,0.7458972825224981,seq_eth
8430,337.2,214,13.32,5.77,3.3245300419755766,2.1262408142070837,0.21122556538551432,0.7022257377574188,seq_eth
8440,337.6,171,-3.38,8.03,0.6227459353541366,13.998017716805476,0.004873470082351747,0.00303493368485454,seq_eth
8440,337.6,208,12.82,5.0,3.516323541712315,2.0063897926375125,0.2372142434795737,0.834122028776702,seq_eth
8440,337.6,209,10.82,4.84,3.2138615791598513,2.0063897926375125,0.2372142434795737,0.7623737431484722,seq_eth
8440,337.6,210,8.46,6.37,2.0262341917951536,2.812561110447202,0.120716725687551,0.24460035710967215,seq_eth
8440,337.6,211,8.31,5.33,2.562987758456869,3.033842448117568,0.10374933818815024,0.2659082837242308,seq_eth
8440,337.6,212,10.6,7.32,2.5004999500099467,2.341388476951229,0.17419048513368468,0.4355632993689869,seq_eth
8440,337.6,213,11.86,6.49,2.9028541988877126,1.7724841325100775,0.3039531650225583,0.8823317213509432,seq_eth
8440,337.6,214,12.02,6.05,2.7505681231337173,1.7041420128616038,0.32882120400515563,0.9044451219470301,seq_eth
8450,338.0,171,-3.87,7.94,0.7379236071573139,13.520003698224347,0.005224175537302934,0.0038550424569095795,seq_eth
8450,338.0,209,12.14,5.09,3.1797454693734766,2.8450834785643813,0.11797265532786115,0.37512301628872524,seq_eth
8450,338.0,210,9.14,6.07,1.996285613333036,1.6637307474468324,0.34498903849399337,0.688696654303156,seq_eth
8450,338.0,211,9.3,5.26,2.5786685033173127,2.079543219074804,0.2208185127879228,0.5694177438755877,seq_eth
8450,338.0,212,9.64,7.42,2.556884090059763,1.9553260597659914,0.24976581972415784,0.6386222506934341,seq_eth
8450,338.0,213,10.62,6.83,3.0393512876929907,1.6637307474468324,0.34498903849399337,1.0485428783866855,seq_eth
8450,338.0,214,11.16,6.19,2.428509059073212,1.9553260597659914,0.24976581972415784,0.606558555846964,seq_eth
8460,338.4,171,-3.96,7.92,0.11524430571617612,14.088477561468451,0.004811087469248951,0.0005544504351333902,seq_eth
8460,338.4,209,13.32,5.31,3.0008332176249017,3.409589418097141,0.08214236695408911,0.24649554333016463,seq_eth
8460,338.4,210,9.98,5.88,2.3087469545187798,1.1271202242884295,0.7516763685070627,1.735430526574417,seq_eth
8460,338.4,211,10.37,5.22,2.64046042386547,1.8930662957223652,0.2664647315766869,0.7035895780841773,seq_eth
8460,338.4,212,8.56,7.47,2.6792023066576776,2.131783291050007,0.2101286518982005,0.562977168860527,seq_eth
8460,338.4,213,9.46,6.88,2.8225099645527942,1.1271202242884295,0.7516763685070627,2.1216140402300425,seq_eth
8460,338.4,214,10.14,6.54,2.6647291138124727,1.3398880550254937,0.5319053409187167,1.417383647738453,seq_eth
8470,338.8,171,-3.96,7.92,0.0,13.095686312675637,0.005568200368236016,0.0,seq_eth
8470,338.8,210,10.97,5.82,2.4390700071953244,2.7262428358457003,0.12848200561748174,0.3133766063659009,seq_eth
8470,338.8,211,11.41,5.16,2.6799312024751405,3.3811240734406662,0.08353128573752377,0.22385809903085666,seq_eth
8470,338.8,212,7.5,7.54,2.6889240413220725,3.872892975541669,0.06366494826767728,0.1711902099864835,seq_eth
8470,338.8,213,8.37,6.64,2.814693589007477,2.7262428358457003,0.12848200561748174,0.36163747751434855,seq_eth
8470,338.8,214,9.07,6.61,2.7845836762431615,2.0576928828180363,0.22553309051542755,0.6280157623019309,seq_eth
8480,339.2,210,11.93,5.81,2.294694968835705,4.707122263124254,0.0430983282281614,0.0988975169503918,seq_eth
8480,339.2,211,12.51,5.09,2.8402519694561765,5.410970338118664,0.03261527732034223,0.09263560564346139,seq_eth
8480,339.2,212,6.41,7.54,2.6752628375544396,5.78474718548702,0.02853662545389642,0.07634297358601919,seq_eth
8480,339.2,213,7.26,6.4,2.8523290921630617,4.707122263124254,0.0430983282281614,0.12293061542877726,seq_eth
8480,339.2,214,7.94,6.89,3.1408597549078037,4.133581981768354,0.055887961756437676,0.17553624986462155,seq_eth
8490,339.6,210,12.79,5.58,2.2255617268454153,6.70457306619892,0.021243649428411907,0.04727905310639502,seq_eth
8490,339.6,211,13.68,5.26,2.9557148035625,7.625850772208961,0.016420817602889107,0.04853525367545902,seq_eth
8490,339.6,212,5.36,7.57,2.7002604041091756,7.691878834199092,0.016140110851878175,0.04358250225125945,seq_eth
8490,339.6,213,6.12,6.26,2.8233678913665745,6.70457306619892,0.021243649428411907,0.05997863769162606,seq_eth
8490,339.6,214,6.63,7.21,3.2164615651363833,6.372009102316159,0.023518986726220614,0.07564791685584138,seq_eth
8500,340.0,212,4.25,7.51,2.726031914706951,1.597779709471865,0.2493712140575745,0.6797938881301667,seq_eth
8500,340.0,213,5.02,6.11,2.815276407388962,1.597779709471865,0.2493712140575745,0.7020488956182321,seq_eth
8500,340.0,214,5.38,7.15,3.221267219589393,1.1859595271340415,0.45262692667442705,1.4580322815998237,seq_eth
8510,340.4,212,3.18,7.51,2.675116819879049,1.516113452219193,0.27695978959696405,0.740899791581001,seq_eth
8510,340.4,213,3.87,6.16,2.9045492335300045,1.516113452219193,0.27695978959696405,0.8044433445924932,seq_eth
8510,340.4,214,4.06,7.02,3.1430975963211627,1.0072239075796399,0.6275207219000316,1.9723588726457102,seq_eth
8520,340.8,212,2.11,7.53,2.7129607903542987,6.3963505219773555,0.02334032352685734,0.06332138256254792,seq_eth
8520,340.8,213,2.7,6.24,2.9013197428066655,7.206837031597148,0.018385776611788408,0.05334301667061475,seq_eth
8520,340.8,214,2.87,7.0,2.9381648183857423,7.215885254076592,0.018339696528671033,0.05388505112041236,seq_eth
8520,340.8,215,10.78,6.43,2.704741207583604,8.739502274157264,0.012502532224886353,0.033816114107792034,seq_eth
8520,340.8,216,-4.26,8.11,0.7433034373659667,6.3963505219773555,0.02334032352685734,0.017348942706746803,seq_eth
8520,340.8,217,-6.49,5.93,3.193450328406746,8.747571091451615,0.012479478026024204,0.03985259320055177,seq_eth
8520,340.8,218,-6.57,4.94,2.6386549603919027,9.058173104991978,0.011638316141295567,0.030709500616838695,seq_eth
8530,341.2,212,1.01,7.55,2.713219950538441,5.011157550905779,0.03802728045299091,0.10317637598977543,seq_eth
8530,341.2,213,1.55,6.23,2.8624999999999616,5.809414772591126,0.02829479896031539,0.08099386202390171,seq_eth
8530,341.2,214,1.71,6.97,2.874999999999963,5.784263133710291,0.028541401786475823,0.08205653013611694,seq_eth
8530,341.2,215,9.71,6.27,2.713450294366892,8.79365680476558,0.012349016125399879,0.0335084414406078,seq_eth
8530,341.2,216,-3.98,8.01,0.557477578024462,5.011157550905779,0.03802728045299091,0.02119935620579034,seq_eth
8530,341.2,217,-5.23,5.72,3.0497182246889403,6.502807086174401,0.022582376374289007,0.06886988478545414,seq_eth
8530,341.2,218,-5.53,4.76,2.959782508901537,7.110253160049929,0.018888664553183363,0.05590633896102058,seq_eth
8540,341.6,212,-0.06,7.58,2.5757583834668463,3.79905251345648,0.06616385306741396,0.1704220992208601,seq_eth
8540,341.6,213,0.41,6.24,2.8408295443408362,4.542708443208743,0.04627449135748695,0.1314579421976936,seq_eth
8540,341.6,214,0.57,7.0,2.838188242523698,4.513280403431633,0.04687990783130689,0.13305400321740984,seq_eth
8540,341.6,215,8.67,5.92,2.7558177098639542,8.886422227195824,0.012092538905403702,0.033324832872730394,seq_eth
8540,341.6,216,-3.84,7.96,0.8740173053207365,3.79905251345648,0.06616385306741396,0.05782835256761829,seq_eth
8540,341.6,217,-4.08,5.55,3.0052038200427984,4.503476434933351,0.04708424304908324,0.14149774707492854,seq_eth
8540,341.6,218,-4.22,4.65,3.160918576932915,4.895406009719725,0.039846845756368536,0.1259526349834858,seq_eth
8550,342.0,212,-1.05,7.5,2.3041063886028796,2.3689026995636606,0.17016762452578937,0.39208431080324735,seq_eth
8550,342.0,213,-0.72,6.34,2.805463419829404,2.336343296692504,0.1749436032887006,0.4907978795595966,seq_eth
8550,342.0,214,-0.56,7.02,2.881107642904191,2.8166824457151716,0.12036372166219696,0.34678083840934837,seq_eth
8550,342.0,215,7.68,5.41,2.774352401913081,8.976692041058332,0.011850556068445067,0.03287761869249621,seq_eth
8550,342.0,216,-3.31,8.21,1.2333896383544707,2.996431210623732,0.10635618677203255,0.13117861873951778,seq_eth
8550,342.0,217,-2.85,5.38,3.129421871528528,2.7810789273229917,0.12346525374319559,0.3863748654377757,seq_eth
8550,342.0,218,-3.01,4.55,3.1628952322201784,3.478994107497165,0.07889763690792441,0.2495449596095129,seq_eth
8560,342.4,212,-1.9,7.47,1.9799779039170968,1.2744018204632321,0.587974668155515,1.1641768510109072,seq_eth
8560,342.4,213,-1.83,6.38,2.8759780944923214,1.1161093136427094,0.766580764671568,2.204669486854603,seq_eth
8560,342.4,214,-1.73,7.15,3.3756712295481703,1.612761606685873,0.3671394304311313,1.239342012539072,seq_eth
8560,342.4,215,6.72,4.86,2.7613402542967758,8.684060110340095,0.012662683155685191,0.034965976725199244,seq_eth
8560,342.4,216,-2.9,8.26,0.696419413859239,2.1631689716709603,0.2040753229225252,0.14212201677283992,seq_eth
8560,342.4,217,-1.59,5.29,2.9884412743100506,1.8652613757862466,0.27446817042750393,0.820232008989918,seq_eth
8560,342.4,218,-1.71,4.33,3.198290559033026,2.820070921094007,0.12007464774059096,0.38403361224794835,seq_eth
8570,342.8,212,-2.58,7.09,2.176938791055014,1.3366001645967283,0.5345254176050218,1.1636291163892527,seq_eth
8570,342.8,213,-3.02,6.4,2.8013668538768073,2.0231164079212047,0.23330800355518508,0.6535813079036678,seq_eth
8570,342.8,214,-3.21,7.54,3.199853512271953,1.1557248807566614,0.714928246276389,2.2876656598699308,seq_eth
8570,342.8,215,5.8,4.25,2.812055520433374,8.848163651289457,0.012197338849806774,0.0342995940471956,seq_eth
8570,342.8,216,-2.79,8.41,0.531801184654577,2.0231164079212047,0.23330800355518508,0.1240734726800417,seq_eth
8570,342.8,217,-0.46,5.44,3.0406105472421014,2.73408119850161,0.12774636913411977,0.3884269573610874,seq_eth
8570,342.8,218,-0.46,4.34,3.0881325263012425,3.4723047101312985,0.07920192243042341,0.2445860328029785,seq_eth
8580,343.2,212,-3.61,7.14,2.5780321952994987,1.6953170794869024,0.33225345623025365,0.8565601071611267,seq_eth
8580,343.2,213,-4.07,6.45,2.62797450520373,2.5207141845120002,0.15028795381670954,0.3949529110695483,seq_eth
8580,343.2,214,-4.26,7.54,2.6250000000001488,1.9633135256499405,0.24773767927965865,0.6503114081091408,seq_eth
8580,343.2,215,4.87,3.58,2.826271837598039,8.831019193728434,0.012244744419272624,0.03460697631077597,seq_eth
8580,343.2,216,-2.51,8.43,0.7027846398435197,2.5207141845120002,0.15028795381670954,0.10562006549589573,seq_eth
8580,343.2,217,0.84,5.4,3.289020560896459,4.517012286899383,0.04680247696714139,0.15393430904581099,seq_eth
8580,343.2,218,0.76,4.38,3.014599890532701,5.168607162476174,0.03574574326868824,0.1077591137447976,seq_eth
8590,343.6,215,3.89,3.04,2.571630076430055,8.175010703356909,0.014288765936534826,0.03674542023746222,seq_eth
8590,343.6,216,-2.23,8.46,0.6251249875024797,8.175010703356909,0.014288765936534826,0.00893226462750219,seq_eth
8590,343.6,217,2.17,5.36,3.1756150978982927,5.3823786563191565,0.03296270826894621,0.10467687404648249,seq_eth
8590,343.6,218,1.95,4.43,3.07563509701652,5.806315527079113,0.02832501293410529,0.0871174039035811,seq_eth
8600,344.0,215,3.02,2.68,2.4025052029081353,7.647123642259225,0.01632958537841039,0.03923191383296357,seq_eth
8600,344.0,216,-2.01,8.44,0.4862162584694462,7.647123642259225,0.01632958537841039,0.007939709905048076,seq_eth
8600,344.0,217,3.38,5.35,3.012733393448719,6.2129059223522765,0.02473898214391045,0.0745319576248906,seq_eth
8600,344.0,218,3.22,4.43,3.1002268062193594,6.59037176493102,0.021986269853599152,0.06816242316890068,seq_eth
8610,344.4,215,2.1,2.34,2.6057928256098357,7.1889915843600765,0.018477169022463935,0.04814767447631682,seq_eth
8610,344.4,216,-1.86,8.34,0.4924428900897915,7.422108864736491,0.017334716434909643,0.00853635786009391,seq_eth
8610,344.4,217,4.58,5.33,3.0375257200556676,7.108705930055062,0.018896887790748985,0.05739978269340596,seq_eth
8610,344.4,218,4.43,4.4,3.0000260415536006,7.422108864736491,0.017334716434909643,0.05200460072767612,seq_eth
8620,344.8,215,1.06,1.97,2.61736986304949,5.835631928077714,0.028041135663063776,0.0733940234101854,seq_eth
8620,344.8,216,-1.65,8.28,0.27300412084797676,8.011117275386747,0.014879392604184806,0.004062135496657361,seq_eth
8620,344.8,217,5.81,5.36,3.06823442715835,6.667960707742661,0.021477578647495978,0.06589824621824823,seq_eth
8620,344.8,218,5.62,4.42,3.2506009059864547,6.837967534289702,0.02042289540036897,0.06638668229130597,seq_eth
8620,344.8,219,-2.37,4.43,2.955186119350352,7.990006257819828,0.014958124481931007,0.04420404184051719,seq_eth
8620,344.8,220,12.45,4.75,3.2888067745006286,11.724354992919652,0.006946938637291239,0.022847138852363592,seq_eth
8630,345.2,215,0.2,1.46,2.438012766578525,7.455803108988326,0.017178392461662778,0.04188114013083015,seq_eth
8630,345.2,216,-1.65,8.28,0.0,9.120438585945305,0.011479948385131618,0.0,seq_eth
8630,345.2,217,7.03,5.48,3.03575052499374,7.925231857807064,0.015203634788978258,0.04615444229245384,seq_eth
8630,345.2,218,7.03,4.45,3.3185322433268416,7.455803108988326,0.017178392461662778,0.05700704927255068,seq_eth
8630,345.2,219,-1.19,4.36,2.8502466998489537,8.220492685964754,0.014131090816354382,0.040277094964579936,seq_eth
8630,345.2,220,11.2,4.34,3.2729955698105817,11.370769542999277,0.0073857000655200246,0.024173363594396764,seq_eth
8640,345.6,215,-0.59,0.93,2.3903778467011962,7.426042014424642,0.01731635888215798,0.041392640657437925,seq_eth
8640,345.6,216,-1.65,8.28,0.73919297209872,8.079702964837258,0.01462785315542775,0.010812806249384278,seq_eth
8640,345.6,217,8.22,5.66,3.079468298261861,8.404980666247841,0.013517548748881671,0.04162686284239039,seq_eth
8640,345.6,218,8.27,4.58,3.0575981178041833,8.361937574509868,0.013657070143179146,0.04175783196450426,seq_eth
8640,345.6,219,-0.09,4.4,2.780512542679821,4.782802525716487,0.041745193858474326,0.1160730351200885,seq_eth
8640,345.6,220,9.97,3.91,3.261637817109633,10.071926330151546,0.009413395396179084,0.030703086411583418,seq_eth
8640,345.6,221,-2.45,0.24,2.6706740722148803,8.079702964837258,0.01462785315542775,0.03906622815436751,seq_eth
8650,346.0,215,-1.43,0.46,2.537530787990706,7.669765315835941,0.01623331557257459,0.041192538056576994,seq_eth
8650,346.0,216,-2.21,8.09,0.7391929720986677,7.669765315835941,0.01623331557257459,0.011999552785106997,seq_eth
8650,346.0,217,9.47,5.82,3.002524979080276,8.542599136094356,0.013085530291484482,0.03928963156469376,seq_eth
8650,346.0,218,9.46,4.73,3.0203476621079646,8.433137020112978,0.01342743530524527,0.040555522832303494,seq_eth
8650,346.0,219,1.03,4.5,2.7159827871326505,4.835876342505048,0.04083391382560162,0.11090420708159196,seq_eth
8650,346.0,220,8.71,3.56,3.1714793472449334,7.7373121948128745,0.015951118473780973,0.05058864280505348,seq_eth
8650,346.0,221,-1.79,1.08,2.8269075418203737,7.022570754360542,0.01936328933625404,0.05473822865910657,seq_eth
8660,346.4,215,-2.22,-0.28,2.706127306687702,8.37000597371352,0.013630752937627532,0.03688655273522747,seq_eth
8660,346.4,216,-2.21,8.09,0.11524430571614191,8.37000597371352,0.013630752937627532,0.0015708666586851468,seq_eth
8660,346.4,217,10.61,5.9,2.7208110004187893,8.642511209133604,0.012784727598990162,0.03478482748869013,seq_eth
8660,346.4,218,10.67,4.86,2.92414517423466,8.597127427228237,0.012920063678976657,0.037780141857684094,seq_eth
8660,346.4,219,2.08,4.51,2.8828425642062987,5.587530760541727,0.03058662284561016,0.08817641823464975,seq_eth
8660,346.4,220,7.5,3.33,3.081522553868418,5.546963133102653,0.03103564840199722,0.09563705052468476,seq_eth
8660,346.4,221,-0.74,1.72,2.905517380777458,6.537415391421903,0.022343912380875294,0.0649206257772018,seq_eth
8670,346.8,216,-2.23,8.18,0.2427060979868421,9.924641051443622,0.009694864983237027,0.00235300285059073,seq_eth
8670,346.8,217,11.64,5.99,2.394851247990093,8.414184452458837,0.013487992804245454,0.03230173640012862,seq_eth
8670,346.8,218,11.78,5.03,2.5358677015963633,8.457665162442883,0.013349666213509347,0.03385298737793058,seq_eth
8670,346.8,219,3.33,4.67,3.064718584144335,6.575233836146058,0.02208762281626074,0.06769234812456473,seq_eth
8670,346.8,220,6.29,3.09,3.1207220718929385,6.085433427456093,0.02578625959768776,0.08047174947806532,seq_eth
8670,346.8,221,0.23,2.23,2.7284668313908056,6.438485846843184,0.023035831402717033,0.06285250191582416,seq_eth
8680,347.2,216,-2.25,8.28,0.1274754878398359,9.098071224166143,0.011536464055545485,0.0014706163834273924,seq_eth
8680,347.2,217,12.52,6.05,2.2051077071201175,8.12655523576872,0.014459670576133458,0.03188513102984988,seq_eth
8680,347.2,218,12.67,5.2,2.265226258014989,8.162413858657255,0.014332902942609709,0.03246726809917982,seq_eth
8680,347.2,219,4.52,4.75,2.878910384155757,7.635037655440868,0.016381324575707405,0.04716036542722994,seq_eth
8680,347.2,220,5.05,2.85,3.076854115813715,7.974139452003583,0.015017710543388213,0.046207304495523044,seq_eth
8680,347.2,221,1.23,2.66,2.7313000567494923,6.6102042328509025,0.021854537806589625,0.05969130035137217,seq_eth
8690,347.6,216,-2.25,8.28,0.0,8.618265486743837,0.012856763203405909,0.0,seq_eth
8690,347.6,219,5.63,4.79,2.802259133270833,8.618265486743837,0.012856763203405909,0.036027982111044576,seq_eth
8690,347.6,220,3.87,2.64,3.14841229828621,8.322499624511856,0.01378681073214617,0.04340656446323331,seq_eth
8690,347.6,221,2.23,3.11,2.711549372591207,6.841001388685724,0.020404785083353215,0.05532858219062483,seq_eth
8700,348.0,216,-2.25,8.28,0.0,9.644361046746436,0.010266548460617865,0.0,seq_eth
8700,348.0,219,6.76,4.84,2.8500274121490348,9.644361046746436,0.010266548460617865,0.02925994454091739,seq_eth
8700,348.0,220,2.57,2.41,3.160720843415491,7.59534726000069,0.016552977043426984,0.0523193395617378,seq_eth
8700,348.0,221,3.23,3.5,2.6841257887812966,7.271781074812415,0.01805883754077952,0.04847219155861812,seq_eth
8710,348.4,216,-2.25,8.28,0.0,10.739459949178078,0.00827954548927804,0.0,seq_eth
8710,348.4,219,7.91,4.8,2.8339460121886226,10.739459949178078,0.00827954548927804,0.023463784922073797,seq_eth
8710,348.4,220,1.38,2.2,3.1050865527388525,7.081193402245133,0.019044013029684365,0.05913330876865641,seq_eth
8710,348.4,221,4.26,3.81,2.6655498963628137,7.896898125213468,0.015312930494241147,0.040817380291935455,seq_eth
8720,348.8,216,-2.25,8.28,0.7173083367702704,10.331471337616922,0.008946373627627052,0.006417308386958571,seq_eth
8720,348.8,219,9.02,4.66,2.839068949497319,11.837115358059158,0.006815215955141671,0.019348868002361432,seq_eth
8720,348.8,220,0.12,2.0,3.1184932259024816,6.712324485601094,0.021194613254187016,0.06609525785880516,seq_eth
8720,348.8,221,5.31,3.97,2.775450413896793,8.702281310093348,0.012609711362270973,0.034997628619534066,seq_eth
8720,348.8,222,-3.28,-2.0,2.6501179219047586,10.460831706895968,0.008726477063222472,0.02312619326033668,seq_eth
8730,349.2,216,-2.78,8.5,0.7280109889281405,10.229843596067342,0.00912501095131063,0.0066431082466437644,seq_eth
8730,349.2,219,10.16,4.49,2.8796972497121587,13.547091938862744,0.005203304306481246,0.014983941100789476,seq_eth
8730,349.2,220,-1.06,1.68,3.0635202382226434,7.902866568530687,0.015289809808797208,0.046840641787825335,seq_eth
8730,349.2,221,6.46,4.11,2.96279007018717,10.229843596067342,0.00912501095131063,0.027035491836892318,seq_eth
8730,349.2,222,-2.79,-1.06,2.8924740707566516,10.59676365689072,0.008504031996674474,0.024597692047265834,seq_eth
8740,349.6,216,-2.81,8.44,0.514781507049391,11.308974312465299,0.007466635431297376,0.0038436858399116427,seq_eth
8740,349.6,219,11.3,4.33,2.865227957772254,14.047042393329637,0.004839512275789264,0.013866305874573425,seq_eth
8740,349.6,220,-2.2,1.21,3.061249744793741,10.310058195762041,0.00898357398119587,0.027500963557271548,seq_eth
8740,349.6,221,7.67,4.19,2.9817151104690907,10.600533005467225,0.00849798532678159,0.02533857125740928,seq_eth
8740,349.6,222,-2.05,-0.04,3.270344974157896,10.600533005467225,0.00849798532678159,0.027791343603907715,seq_eth
8750,350.0,216,-2.98,8.14,0.43102349123918976,7.351258395676213,0.017670466100763713,0.0076163859905749275,seq_eth
8750,350.0,219,12.45,4.39,2.895173785803012,14.052544253621832,0.004835723480313216,0.014000259855594933,seq_eth
8750,350.0,220,-3.16,0.42,3.108154597184815,6.66060057352188,0.021525071422323076,0.06690324969602494,seq_eth
8750,350.0,221,8.84,4.27,2.9150739699021306,10.546492307871844,0.0085852965611455,0.025026774529285527,seq_eth
8750,350.0,222,-1.19,1.01,3.118342909303129,5.856227454599078,0.027844249040727683,0.08682791656102362,seq_eth
8750,350.0,223,-0.71,5.6,2.70104146580552,4.6150297940533385,0.044835535767841495,0.12110264125054641,seq_eth
8750,350.0,224,-1.46,6.86,3.0623724463234496,5.856227454599078,0.027844249040727683,0.0852694610508926,seq_eth
8760,350.4,216,-2.98,8.14,0.3729108472543492,7.352176548478688,0.017666052938263642,0.00658786276884808,seq_eth
8760,350.4,219,13.57,4.79,2.9732137494638726,13.948394172807134,0.0049082079946019715,0.014593151494779083,seq_eth
8760,350.4,221,9.98,4.51,2.9353715693246976,10.462600059258692,0.008723527474753549,0.02560679453361444,seq_eth
8760,350.4,222,-0.02,1.41,3.0212269858452876,7.352176548478688,0.017666052938263642,0.05337315587045355,seq_eth
8760,350.4,223,0.37,5.63,2.7375285386639816,4.237983010820123,0.05316832262750883,0.14554980054569935,seq_eth
8760,350.4,224,-0.24,6.75,2.9021812917183323,5.344529913846493,0.03343123016914199,0.09702349075601338,seq_eth
8770,350.8,216,-3.27,8.07,0.3729108472543492,7.598381406589169,0.016539759983500105,0.006167855908830605,seq_eth
8770,350.8,221,11.13,4.79,2.999088403165165,10.474015466858926,0.008704522661240345,0.026105632968414297,seq_eth
8770,350.8,222,1.08,1.84,3.1750246062038503,7.598381406589169,0.016539759983500105,0.05251414492831862,seq_eth
8770,350.8,223,1.48,5.61,2.887743496226744,5.349214895664597,0.03337269592792966,0.09637178561743162,seq_eth
8770,350.8,224,0.86,6.77,2.7139684965009763,4.934906280771703,0.03921150967430994,0.10641880195632043,seq_eth
8780,351.2,216,-3.27,8.07,0.0,8.090092706514556,0.014590305495394501,0.0,seq_eth
8780,351.2,221,12.32,5.04,3.008659377530095,10.577565882564855,0.008534928829103587,0.02567869365823446,seq_eth
8780,351.2,222,2.37,2.27,3.3535894948546883,8.090092706514556,0.014590305495394501,0.048929895236075625,seq_eth
8780,351.2,223,2.68,5.6,2.937925501097638,6.442313249136525,0.023008468186976768,0.06759716542771278,seq_eth
8780,351.2,224,1.92,6.97,2.6517977392704424,5.305289813007391,0.03392760128583967,0.0899691363886586,seq_eth
8790,351.6,216,-3.27,8.07,0.0,8.814646901606439,0.01229027334746547,0.0,seq_eth
8790,351.6,221,13.5,5.21,2.9804571796955046,10.67938668650967,0.008372955016395298,0.024955233893882857,seq_eth
8790,351.6,222,3.65,2.61,3.116914540053922,8.814646901606439,0.01229027334746547,0.03830773169795231,seq_eth
8790,351.6,223,3.83,5.57,2.827239156845373,7.527283706623526,0.016853682642982207,0.047649391505284515,seq_eth
8790,351.6,224,2.97,6.99,2.726834245054119,6.3327719049402065,0.023811332000582778,0.06492955551954212,seq_eth
8800,352.0,216,-3.27,8.07,0.0,9.561804223053304,0.01044459699535889,0.0,seq_eth
8800,352.0,222,4.78,2.91,3.082029566698068,9.561804223053304,0.01044459699535889,0.0321905567519419,seq_eth
8800,352.0,223,4.94,5.51,2.801366853877031,8.599866278030143,0.012911835529652377,0.03617078807547995,seq_eth
8800,352.0,224,4.1,6.89,2.8111385593742795,7.463866290335056,0.017141297028527954,0.048186561034582694,seq_eth
8810,352.4,216,-3.27,8.07,0.0,10.447607381596994,0.008748582566147108,0.0,seq_eth
8810,352.4,222,6.02,3.29,3.525908570850831,10.447607381596994,0.008748582566147108,0.030846702252774243,seq_eth
8810,352.4,223,6.07,5.5,2.9754201384005623,9.687130638119834,0.010176093036070484,0.030278152149761837,seq_eth
8810,352.4,224,5.21,6.79,2.867081486459655,8.576059701284734,0.012983619835420457,0.03722509605736434,seq_eth
8820,352.8,216,-3.27,8.07,0.0,11.686924317372812,0.006991508963345485,0.0,seq_eth
8820,352.8,222,7.52,3.58,3.571786142814179,11.686924317372812,0.006991508963345485,0.02497217483263853,seq_eth
8820,352.8,223,7.32,5.55,2.8752445548160863,10.885701631038764,0.008058580138578735,0.02317038866299757,seq_eth
8820,352.8,224,6.38,6.64,2.8063822351917174,9.755378003952487,0.010034209808730427,0.02815982815140755,seq_eth
8830,353.2,216,-3.27,8.07,0.0,12.802038900112747,0.005826571725508428,0.0,seq_eth
8830,353.2,222,8.82,3.86,3.4075742838564196,12.802038900112747,0.005826571725508428,0.019854475974887445,seq_eth
8830,353.2,223,8.37,5.53,2.6889240413220583,11.913907839160078,0.0067276425629159975,0.018090119828846375,seq_eth
8830,353.2,224,7.44,6.53,2.5712958795128733,10.820152494304322,0.00815651461875839,0.020972812430399963,seq_eth
8840,353.6,216,-3.27,8.07,0.0,14.024806594031876,0.004854870167403028,0.0,seq_eth
8840,353.6,222,10.19,4.13,3.5061553017514306,3.573415732880797,0.07478324250752756,0.2622016621999307,seq_eth
8840,353.6,223,9.47,5.48,2.701851217221212,3.5102706448363774,0.0774979433980987,0.2093879127022936,seq_eth
8840,353.6,224,8.43,6.47,2.4529637685868533,4.380924559953071,0.04975535540192116,0.12204808409407476,seq_eth
8840,353.6,226,12.81,6.56,2.8022312538405707,4.380924559953071,0.04975535540192116,0.13942601195320875,seq_eth
8850,354.0,216,-3.27,8.07,0.0,12.781752618479205,0.005845081436559803,0.0,seq_eth
8850,354.0,222,11.56,4.46,3.712836685069997,2.85156097602699,0.11743729967181199,0.4360255144170623,seq_eth
8850,354.0,223,10.53,5.45,2.7257166488835263,1.8515128949051376,0.2785594523355127,0.7592741369347841,seq_eth
8850,354.0,224,9.39,6.31,2.483350810900608,2.85156097602699,0.11743729967181199,0.291638013369972,seq_eth
8850,354.0,226,11.73,6.86,2.780091050667386,2.4060133000463653,0.16495874147961995,0.4586003209168463,seq_eth
8850,354.0,227,1.07,6.45,3.4573291714850294,8.321177801249052,0.013791191163619942,0.04768068751950979,seq_eth
8850,354.0,228,0.95,7.09,3.378331688866754,8.475966021640248,0.013292080656877201,0.04490505729410107,seq_eth
8860,354.4,216,-3.27,8.07,0.45961940777118354,13.79285684693349,0.005019528500413797,0.0023070727166507664,seq_eth
8860,354.4,222,13.03,5.0,3.915114940841676,3.16741219294237,0.09518361909308473,0.37265480923471905,seq_eth
8860,354.4,223,11.65,5.43,2.7388980448347917,1.9379370474811612,0.254268201765729,0.6964146806798135,seq_eth
8860,354.4,224,10.38,6.09,2.5372536826261216,2.865414455187939,0.11630449157812742,0.29509399956256255,seq_eth
8860,354.4,226,10.65,7.09,2.7973480745162473,3.16741219294237,0.09518361909308473,0.26626171359552847,seq_eth
8860,354.4,227,2.45,6.36,3.3185322433268323,7.934595137749626,0.015167773628547565,0.05033474584581752,seq_eth
8860,354.4,228,2.3,7.03,3.342084865768629,8.134494452638101,0.014431459249680693,0.04823116154931454,seq_eth
8870,354.8,216,-3.61,7.93,0.5501420271165749,13.156564901219465,0.005516788787623067,0.0030350173667969458,seq_eth
8870,354.8,223,12.72,5.52,2.684445939108995,9.03287883235461,0.011703587671860813,0.03141764839873286,seq_eth
8870,354.8,224,11.38,5.91,2.540177159175891,7.669419795525604,0.01623477828207025,0.04123921297639966,seq_eth
8870,354.8,226,9.53,7.27,2.8749456516601835,5.892070943225309,0.027506507238672463,0.07907971337818076,seq_eth
8870,354.8,227,3.72,6.29,3.231993386441215,7.511224933391357,0.016925825013982505,0.05470415450525274,seq_eth
8870,354.8,228,3.62,6.95,3.3842465926701837,7.296115404789044,0.01793857714158942,0.06070856856877524,seq_eth
8880,355.2,216,-3.68,7.91,0.21578345627039358,12.068392602165376,0.00655650689274462,0.0014147857183770928,seq_eth
8880,355.2,226,8.38,7.46,2.90164285362616,12.068392602165376,0.00655650689274462,0.019024641370083084,seq_eth
8880,355.2,227,5.03,6.19,3.232839309337807,8.878203647134933,0.012114937467745526,0.03916564607589717,seq_eth
8880,355.2,228,5.0,6.83,3.295000948406518,8.746930890318042,0.01248130487671186,0.041125911406116475,seq_eth
8890,355.6,216,-3.78,7.9,0.9138688363217934,11.022835388410734,0.007859315773955782,0.007182383760630485,seq_eth
8890,355.6,226,7.24,7.65,2.894742000593451,11.022835388410734,0.007859315773955782,0.022750691466796428,seq_eth
8890,355.6,227,6.3,6.11,3.180236822942548,10.237699936997569,0.00911101138293751,0.02897517389426658,seq_eth
8890,355.6,228,6.24,6.66,3.060560610411053,10.096435014399884,0.009367749598298693,0.028670565428746946,seq_eth
8900,356.0,216,-4.41,7.87,1.1281899219546965,8.192740689171115,0.014226987955354835,0.016050744431002177,seq_eth
8900,356.0,226,6.08,7.73,2.8772002450300422,6.7988896152239455,0.020658339088919,0.05943817828855144,seq_eth
8900,356.0,227,7.55,5.84,3.137873483746775,6.694303548540356,0.021308877833148613,0.06686456272103647,seq_eth
8900,356.0,228,7.43,6.53,3.1072747303708277,6.967883466304528,0.019668426833240073,0.0611152056850744,seq_eth
8900,356.0,229,1.76,2.48,2.680601611579165,6.694303548540356,0.021308877833148613,0.057120612260481714,seq_eth
8900,356.0,230,-3.11,5.32,2.5647855660855448,5.637597005817284,0.030045769167037578,0.07706095508155608,seq_eth
8900,356.0,231,-3.38,4.31,2.2549944567560645,5.4560516859721915,0.03207852792553781,0.07233690265298237,seq_eth
8910,356.4,216,-4.67,7.75,0.5445755227698112,8.914129233974567,0.012017483373139161,0.0065444272903047735,seq_eth
8910,356.4,226,4.94,7.74,2.876331213542651,5.359001772718498,0.03325091345947693,0.09564064026229895,seq_eth
8910,356.4,227,8.76,5.61,3.1183178558318385,6.599469675663341,0.02192569188233582,0.06837127649815498,seq_eth
8910,356.4,228,8.72,6.49,3.2686245195800105,6.9803295051165035,0.01959835112470748,0.06405965102955735,seq_eth
8910,356.4,229,2.77,2.84,2.847147695501523,5.436046357418229,0.03231506834214439,0.09200577236031063,seq_eth
8910,356.4,230,-2.09,5.21,2.287534152750516,5.4070786937125295,0.03266224269496596,0.0747159956701607,seq_eth
8910,356.4,231,-2.48,4.25,2.3378007827870597,5.436046357418229,0.03231506834214439,0.07554619206608248,seq_eth
8920,356.8,216,-4.84,7.8,0.24044230077086012,8.621136815988944,0.012848200561748187,0.0030892509038321914,seq_eth
8920,356.8,226,3.78,7.66,2.9211780585920764,6.277618975375935,0.024231565742197037,0.0707847181714374,seq_eth
8920,356.8,227,10.03,5.57,3.341453650733441,6.590189678605617,0.02198748482754952,0.07347016144746149,seq_eth
8920,356.8,228,10.04,6.37,3.3996782936036394,6.882710221998307,0.020158230727446394,0.0685314994415534,seq_eth
8920,356.8,229,3.9,3.26,3.0081399984042863,5.578288267918753,0.0306880628637887,0.09231398937410798,seq_eth
8920,356.8,230,-1.28,5.33,2.063446752402372,5.57068218443666,0.030771921648316183,0.06349622179039827,seq_eth
8920,356.8,231,-1.51,4.28,2.564968323391132,5.505315613114293,0.031506991720189774,0.08081443572763344,seq_eth
8930,357.2,216,-4.84,7.84,0.05000000000000604,7.4552598881595,0.017180895929201797,0.0008590447964601936,seq_eth
8930,357.2,226,2.61,7.56,2.8893392410722214,4.642854725274096,0.04429974153726195,0.127996981592968,seq_eth
8930,357.2,227,11.43,5.48,3.212499999999997,9.061942396638813,0.011628636299499898,0.03735699411214339,seq_eth
8930,357.2,228,11.43,6.26,3.358408291140285,8.91529023644211,0.012014353599682094,0.04034910474186348,seq_eth
8930,357.2,229,5.05,3.61,2.9107827555487265,5.732591037218685,0.029058250368241466,0.08458225407829469,seq_eth
8930,357.2,230,-0.44,5.26,2.1634029906607393,5.100627412387617,0.036704911461669265,0.07940751522811293,seq_eth
8930,357.2,231,-0.43,4.34,2.491297352786289,5.528408450901579,0.031244324354744814,0.07783890255457193,seq_eth
8940,357.6,216,-4.84,7.84,0.0,6.340733396067051,0.023751574025836948,0.0,seq_eth
8940,357.6,226,1.48,7.43,2.879507336333734,5.8782480383189,0.027636024360602078,0.07957813489345147,seq_eth
8940,357.6,227,12.6,5.57,2.565546968971638,11.274484467149705,0.007512387766503865,0.019273383664093605,seq_eth
8940,357.6,228,12.72,6.18,2.567647269388715,11.309292639241413,0.007466215105002828,0.01917060682702929,seq_eth
8940,357.6,229,6.15,3.86,2.8412420259456597,5.8782480383189,0.027636024360602078,0.07852063384340065,seq_eth
8940,357.6,230,0.45,5.28,2.2272460573542077,5.8742148411511135,0.02767398681263105,0.061636778019704845,seq_eth
8940,357.6,231,0.48,4.39,2.245342401505801,5.6947168498530285,0.029446054510091708,0.06611647474856004,seq_eth
8950,358.0,216,-4.84,7.84,0.0,7.047162549565606,0.019228384768212876,0.0,seq_eth
8950,358.0,226,0.32,7.31,2.91507396990213,5.187147578390266,0.03549066800034832,0.10345792246225388,seq_eth
8950,358.0,227,13.48,5.38,2.2506943373102857,12.140065897679468,0.006479317976454066,0.014582964279237906,seq_eth
8950,358.0,228,13.48,6.13,1.904107402433069,12.165677128709277,0.006452066120991382,0.012285426861967309,seq_eth
8950,358.0,229,7.28,4.05,2.961339435120701,6.341048809148216,0.023749211208249216,0.07032947570399896,seq_eth
8950,358.0,230,1.34,5.34,2.287534152750641,6.078461976520048,0.025845442572917175,0.05912233257850344,seq_eth
8950,358.0,231,1.36,4.49,2.2042926870088175,5.936328831862332,0.02709789042427276,0.059731681695590705,seq_eth
8960,358.4,216,-4.84,7.84,0.0,7.8282820593026665,0.015582547216986587,0.0,seq_eth
8960,358.4,226,-0.83,7.11,2.9181543824823537,4.075904807524336,0.057480867907745294,0.1677380465938762,seq_eth
8960,358.4,229,8.49,4.23,3.0023428351871795,9.754834698753228,0.010035327570403504,0.030129493829757326,seq_eth
8960,358.4,230,2.28,5.27,2.3066480008878427,6.296483145375679,0.024086588420720832,0.05555928102886397,seq_eth
8960,358.4,231,2.24,4.5,2.11486553946106,6.255829281558121,0.024400661767897406,0.05160411871297121,seq_eth
8970,358.8,216,-4.84,7.84,0.09762812094884468,14.883551323524907,0.004310803663195222,0.00042085566141714586,seq_eth
8970,358.8,229,9.65,4.44,2.959439347241258,6.600068181466008,0.02192171554195096,0.0648759875338799,seq_eth
8970,358.8,230,3.18,5.2,2.291628787565708,8.443340571124677,0.013395001522673195,0.030696371098844384,seq_eth
8970,358.8,231,3.05,4.41,2.082441475768264,8.603313315229197,0.012901490989250738,0.02686659993526627,seq_eth
8970,358.8,232,12.66,6.61,2.7540878707842382,9.858605378044096,0.009825177751600925,0.02705940287398326,seq_eth
8980,359.2,216,-4.78,7.79,0.017677669529687804,15.912875290154197,0.0037711522273606466,6.666518282142759e-05,seq_eth
8980,359.2,229,10.82,4.65,3.0079322216432507,6.940410650674785,0.019824445415469443,0.05963058814139836,seq_eth
8980,359.2,230,4.11,5.16,2.316584231147198,7.601486696692957,0.016526249399496942,0.038284448758880464,seq_eth
8980,359.2,231,3.89,4.27,2.0963137289060283,8.036721968564049,0.014784733267657014,0.030993439327203085,seq_eth
8980,359.2,232,11.56,6.67,2.7888729802556,8.036721968564049,0.014784733267657014,0.04123274313045473,seq_eth
8990,359.6,216,-4.83,7.83,0.21505813167606913,15.303270892198176,0.0040775833758616275,0.0008769174625662004,seq_eth
8990,359.6,229,12.01,4.91,2.9438760588719863,7.353645354516357,0.017658996461493565,0.05198589690669603,seq_eth
8990,359.6,230,5.03,5.09,2.392207401125557,6.982320531170135,0.019587175681219787,0.046856586631760504,seq_eth
8990,359.6,231,4.7,4.11,2.067947351844308,7.353645354516357,0.017658996461493565,0.03651787496877362,seq_eth
8990,359.6,232,10.43,6.68,2.8254424432289835,6.27995222911767,0.024213563093057226,0.06841402886492676,seq_eth
9000,360.0,216,-4.92,7.89,0.2610076627227787,11.305136000951071,0.0074717064252126635,0.0019501726305955255,seq_eth
9000,360.0,229,13.1,5.24,2.847147695501749,7.638173865525712,0.016367875097081028,0.04660175786291472,seq_eth
9000,360.0,230,6.02,5.04,2.4761361028830176,7.082824295434697,0.019035243879396806,0.04713385459695742,seq_eth
9000,360.0,231,5.54,4.15,2.0780474609595645,7.3363206036813855,0.017742498523852356,0.03686975400857021,seq_eth
9000,360.0,232,9.3,6.63,2.7862385037898094,4.504220243282959,0.047068693737745075,0.1311446068151956,seq_eth
9000,360.0,233,0.08,9.05,2.8460498941517036,7.3363206036813855,0.017742498523852356,0.050496036045796756,seq_eth
9010,360.4,216,-5.03,7.89,0.39725621455174354,12.375023232301423,0.006235615618470877,0.0024771370559934698,seq_eth
9010,360.4,230,7.01,5.03,2.539469678889625,6.900586931558792,0.02005392190262468,0.05092632661453591,seq_eth
9010,360.4,231,6.36,4.2,2.0413307546793806,6.870232892704584,0.02023151769914412,0.04129921929310311,seq_eth
9010,360.4,232,8.21,6.48,2.9013466700826425,7.38827449408859,0.01749384754777495,0.050755716329670256,seq_eth
9010,360.4,233,1.16,8.69,2.883411607800684,6.900586931558792,0.02005392190262468,0.05782371119595638,seq_eth
9020,360.8,216,-5.23,7.82,0.4900573945978055,12.903677770310294,0.005735144482542987,0.0028105499627569955,seq_eth
9020,360.8,230,8.05,4.96,2.418838822658448,6.722916033984063,0.021127884191890097,0.05110494652397548,seq_eth
9020,360.8,231,7.17,4.25,2.163077957448587,6.42990668672571,0.02309734393756176,0.049961355546948596,seq_eth
9020,360.8,232,7.05,6.06,3.0041637771599086,5.3129652737430915,0.033829643985013674,0.10162979105399367,seq_eth
9020,360.8,233,2.31,8.46,2.9109974665052087,6.722916033984063,0.021127884191890097,0.06150321735520752,seq_eth
9030,361.2,216,-5.42,7.85,0.5896238207535119,13.983997997711526,0.004883246818759248,0.0028792786469592603,seq_eth
9030,361.2,230,8.94,4.89,2.2924127573366477,6.41237085639937,0.02322384470618754,0.05323863787886949,seq_eth
9030,361.2,231,8.09,4.24,2.2577989835235304,6.095941272682997,0.025697438370080383,0.058019650231126055,seq_eth
9030,361.2,232,5.93,5.72,2.8296698128933424,3.5003571246374277,0.07793753589482734,0.22053749261288424,seq_eth
9030,361.2,233,3.43,8.17,2.995439241580382,6.41237085639937,0.02322384470618754,0.06956561577328298,seq_eth
9040,361.6,216,-5.67,7.99,0.6041522986797057,15.147993266436318,0.004161608052896722,0.002514245071361529,seq_eth
9040,361.6,230,9.88,4.84,2.256795294216955,6.068047461910628,0.025934235129527874,0.05852825979943455,seq_eth
9040,361.6,231,8.97,4.1,2.0878367991775137,5.760980819270276,0.028772561264500222,0.06007241221461306,seq_eth
9040,361.6,232,4.87,5.45,2.611303553782997,5.046999108381138,0.03748909236545614,0.09789540012201464,seq_eth
9040,361.6,233,4.64,7.9,3.0834487591007114,6.068047461910628,0.025934235129527874,0.0799668851283688,seq_eth
9050,362.0,216,-5.86,8.05,0.5032705534799632,10.138584713854296,0.009290021378851357,0.004675394201175213,seq_eth
9050,362.0,230,10.74,4.75,2.2946949688358553,6.869708873016381,0.020234604327163033,0.046432244745925236,seq_eth
9050,362.0,231,9.76,4.21,1.9165806140103827,5.9649392285252985,0.026838567714095433,0.05143827858864026,seq_eth
9050,362.0,232,3.89,5.27,2.6436539580665235,6.869708873016381,0.020234604327163033,0.053493291819414555,seq_eth
9050,362.0,233,5.83,7.6,2.9743959470791723,5.677200014091453,0.029628044732377685,0.08812553617186461,seq_eth
9050,362.0,234,-2.62,-0.32,1.9275956526202334,8.975215874841119,0.011854454543835187,0.022850595042880877,seq_eth
9050,362.0,235,-3.15,0.11,1.8741664813992378,8.728527940036624,0.012533990730088153,0.023490785304499977,seq_eth
9060,362.4,216,-6.06,8.09,0.5340002340823284,9.425497334358543,0.01074887053749856,0.005739899383144875,seq_eth
9060,362.4,230,11.7,4.6,2.2950013616553537,8.886129641188,0.01209333523993263,0.02775422084260006,seq_eth
9060,362.4,231,10.5,4.2,1.7117242768623615,7.714615998220521,0.01604511207288499,0.027464807860134607,seq_eth
9060,362.4,232,2.82,4.93,2.834194109442709,6.9263915569364105,0.019904776425826262,0.056414000095850896,seq_eth
9060,362.4,233,6.94,7.29,2.9623153950921015,5.467513145846106,0.03194417748727566,0.09462872875411121,seq_eth
9060,362.4,234,-2.06,0.21,1.3546793901141945,8.83710359789903,0.012227889049040291,0.016564869279337938,seq_eth
9060,362.4,235,-2.61,0.63,1.4252740964460562,8.21913012428931,0.0141357764895302,0.02014735606367856,seq_eth
9070,362.8,216,-6.22,8.28,0.5088283109261683,8.907665238433694,0.012034931075111973,0.00612371365106208,seq_eth
9070,362.8,230,12.52,4.3,1.6917538975866708,10.782898497157431,0.008212972106962035,0.013894327572723636,seq_eth
9070,362.8,231,11.12,4.05,1.483713668468378,9.393316773110548,0.010822645799726324,0.016057707502045826,seq_eth
9070,362.8,232,1.74,4.55,2.790189285693664,6.830666146138309,0.020466579333691382,0.057105630371665064,seq_eth
9070,362.8,233,8.12,6.99,2.9531762561688857,6.830666146138309,0.020466579333691382,0.060441416133254204,seq_eth
9070,362.8,234,-1.9,0.49,0.543282845302474,8.907665238433694,0.012034931075111973,0.006538371597505995,seq_eth
9070,362.8,235,-2.39,0.96,1.1377746921073655,8.261434500133738,0.013991376846321934,0.015919034483482062,seq_eth
9080,363.2,216,-6.25,8.45,0.4651948516481977,8.970797066035994,0.011866135884736815,0.005520065322537498,seq_eth
9080,363.2,230,13.01,4.26,0.6741893280081532,12.270798670013292,0.0063419924524821735,0.004275703629771736,seq_eth
9080,363.2,231,11.67,4.0,1.1675963557668483,10.930658717570502,0.007992427630153273,0.009331929374697229,seq_eth
9080,363.2,232,0.74,4.12,2.757064788865099,8.222469215509413,0.01412429792707143,0.03894160448216895,seq_eth
9080,363.2,233,9.24,6.75,2.8691516603344214,8.897578322217793,0.01206223381932818,0.03460837819006746,seq_eth
9080,363.2,234,-1.89,0.61,0.7698417045080467,8.970797066035994,0.011866135884736815,0.009135046275429888,seq_eth
9080,363.2,235,-2.08,1.37,0.7325042661992487,8.21676943816729,0.014143900101923148,0.010360467165354693,seq_eth
9090,363.6,216,-6.18,8.65,1.694568529154415,9.184165721501328,0.011321186862559817,0.019184526969970278,seq_eth
9090,363.6,230,13.05,4.4,0.18200274723198628,3.4839776118683656,0.07867208694535159,0.014318535954527674,seq_eth
9090,363.6,231,12.02,3.8,0.6957460025037346,3.283199658869378,0.0885883869743559,0.061635016105662035,seq_eth
9090,363.6,232,-0.26,3.62,2.7706610222110832,7.7683524636823735,0.015823900299621888,0.04384266377951665,seq_eth
9090,363.6,233,10.39,6.65,3.121122594516265,3.4839776118683656,0.07867208694535159,0.24554522812288493,seq_eth
9090,363.6,234,-1.38,0.82,0.6894291116567762,9.184165721501328,0.011321186862559817,0.007805155801554981,seq_eth
9090,363.6,235,-2.04,1.43,0.22534695471650604,8.322739933459413,0.013786014589007507,0.0031066364053101664,seq_eth
9090,363.6,236,12.83,5.79,2.7540878707842382,2.5871219530590355,0.14267161575201284,0.39293016644780804,seq_eth
9100,364.0,216,-5.02,9.02,3.1337128537887953,8.971599634401883,0.011864012972500447,0.03717840994944166,seq_eth
9100,364.0,230,13.05,4.4,0.5257435211203569,2.4520399670478454,0.15882405963432386,0.08350072035077898,seq_eth
9100,364.0,231,12.2,3.83,0.3411836015989247,2.673443472377899,0.1336070486129549,0.045584534044770565,seq_eth
9100,364.0,232,-1.19,3.03,2.311824225584767,7.109781993844819,0.018891168144797563,0.04367306016673824,seq_eth
9100,364.0,233,11.72,6.46,3.2941472720571,2.673443472377899,0.1336070486129549,0.4401212947159657,seq_eth
9100,364.0,234,-1.38,0.82,0.4000000000000228,8.971599634401883,0.011864012972500447,0.004745605189000449,seq_eth
9100,364.0,235,-2.07,1.55,1.1075028216668974,8.03140087406923,0.014804330601974036,0.016395837914575842,seq_eth
9100,364.0,236,11.73,5.73,2.626071210001887,1.957268504830137,0.24927031730177557,0.654601603774228,seq_eth
9110,364.4,216,-3.86,9.6,3.217360136820203,9.041791857812255,0.011680525216519952,0.03758045620875446,seq_eth
9110,364.4,230,12.68,4.6,0.6656763477847641,2.316246964380093,0.17799248062467335,0.11848538443538295,seq_eth
9110,364.4,231,12.29,3.76,0.07603453162875365,2.608006901831357,0.14039573320660612,0.010674923817039751,seq_eth
9110,364.4,232,-1.65,2.4,2.4618336661926348,7.531540347100319,0.016834637456590272,0.041444077248781484,seq_eth
9110,364.4,233,12.99,6.22,3.2311955991553933,2.5576551761330144,0.14597799598742997,0.47168345820810736,seq_eth
9110,364.4,234,-1.7,0.82,0.5975209201358315,9.041791857812255,0.011680525216519952,0.006979358175044784,seq_eth
9110,364.4,235,-2.57,2.14,2.062651509586581,7.570713308533086,0.01666087404587874,0.034365577001763674,seq_eth
9110,364.4,236,10.73,5.85,2.439582443780059,2.608006901831357,0.14039573320660612,0.3425069659124653,seq_eth
9120,364.8,216,-2.62,9.95,3.221121699035636,8.801420339922416,0.012327240154280925,0.03970754075017769,seq_eth
9120,364.8,230,12.61,4.7,0.21360009363292323,14.702666424836007,0.004417526606809191,0.0009435840968403729,seq_eth
9120,364.8,231,12.26,3.82,0.11180339887497995,14.174247775455315,0.004753038602749461,0.0005314058707713753,seq_eth
9120,364.8,232,-2.31,1.41,2.8745108279496328,8.545624611460534,0.013076266383185724,0.03758786930762115,seq_eth
9120,364.8,234,-1.67,1.2,0.9529559276272147,8.801420339922416,0.012327240154280925,0.011747316576306227,seq_eth
9120,364.8,235,-3.17,2.78,2.1931712199459437,7.19106389903469,0.018466521087252948,0.04050024258108804,seq_eth
9120,364.8,236,9.8,6.02,2.3550477702161032,12.44159555684077,0.00616906325113149,0.014528438653899321,seq_eth
9130,365.2,230,12.62,4.76,0.0901387818866057,16.1492693333166,0.0036615555454849397,0.00033004815668015853,seq_eth
9130,365.2,231,12.25,3.84,0.027950849718751343,15.570260113434202,0.00393894254722489,0.00011009679118827852,seq_eth
9130,365.2,232,-2.96,0.51,2.7754504138969724,16.1492693333166,0.0036615555454849397,0.010162465854222931,seq_eth
9130,365.2,236,8.87,6.15,2.252845423015065,13.105666713296198,0.005559722858265368,0.012525196194475369,seq_eth
9140,365.6,230,12.65,4.76,0.03749999999999609,14.010032119877527,0.004865115108193722,0.00018244181655724555,seq_eth
9140,365.6,231,12.25,3.84,0.0,13.639068883175273,0.00513336253321542,0.0,seq_eth
9140,365.6,236,8.01,6.23,2.236347468529858,9.364683657230499,0.010888928833058397,0.024351428430811926,seq_eth
9140,365.6,237,-1.38,7.43,2.4044230077090547,1.6840427548016716,0.3367170869363086,0.8096103109184304,seq_eth
9140,365.6,238,-2.36,6.64,2.6879360111432744,1.8338211472223782,0.28396017084997244,0.7632667689580376,seq_eth
9140,365.6,239,-1.57,5.57,2.0774082410543415,1.869679116854012,0.27317265742236824,0.5674911297599422,seq_eth
9140,365.6,240,-1.36,4.73,2.201278037868127,2.700074073057996,0.13098453562923468,0.2883333815809895,seq_eth
9140,365.6,241,-1.38,8.19,3.2577791515081564,1.8338211472223782,0.28396017084997244,0.9250795244537343,seq_eth
9140,365.6,242,-0.92,9.05,3.3930996153961224,2.8074365531566343,0.12115782871098514,0.411100582001473,seq_eth
9150,366.0,230,12.65,4.76,0.0,12.905460084785819,0.005733560482419321,0.0,seq_eth
9150,366.0,231,12.25,3.84,0.0,12.76320100915127,0.005862085709093728,0.0,seq_eth
9150,366.0,236,7.09,6.33,2.2022715545546494,7.14226854717743,0.018719706315207637,0.04122587672759881,seq_eth
9150,366.0,237,-0.43,7.28,2.3087469545189676,1.7772450590731712,0.3023268722064751,0.6979962454759444,seq_eth
9150,366.0,238,-1.3,6.46,2.322848466861455,1.4512063946937388,0.45343288630169626,1.0532558847704596,seq_eth
9150,366.0,239,-0.74,5.53,2.052437575177496,1.7772450590731712,0.3023268722064751,0.6205070325024544,seq_eth
9150,366.0,240,-0.48,4.76,2.316584231147361,2.2993042425916586,0.18062526642796625,0.41843364395381744,seq_eth
9150,366.0,241,-0.08,8.1,3.1903418703958915,2.0440156555173443,0.22856143096011783,0.7291891031496637,seq_eth
9150,366.0,242,0.43,8.91,3.206731201706993,2.9992332353453275,0.10615755369982124,0.34041873974610243,seq_eth
9150,366.0,243,-2.56,5.74,2.5491420125212207,2.2993042425916586,0.18062526642796625,0.4604394551743676,seq_eth
9160,366.4,230,12.65,4.76,0.03749999999999254,11.709218590495269,0.006964910737192532,0.000261184152644668,seq_eth
9160,366.4,231,12.25,3.84,0.0,11.684151659406,0.00699482753770799,0.0,seq_eth
9160,366.4,236,6.25,6.31,2.0430140112098876,5.8648870406854385,0.0277620849132152,0.05671832845809729,seq_eth
9160,366.4,237,0.45,7.18,2.1706133925689977,1.73219513912261,0.3182568433765614,0.6908125665098981,seq_eth
9160,366.4,238,-0.52,6.38,2.1634029906607184,1.2573384588089238,0.6040417854079145,1.306785805035522,seq_eth
9160,366.4,239,0.07,5.49,2.188071353955296,1.73219513912261,0.3182568433765614,0.6963686821924913,seq_eth
9160,366.4,240,0.49,4.84,2.4421110232747045,2.3403418553707063,0.17434631902274375,0.4257730675528108,seq_eth
9160,366.4,241,1.16,7.94,3.120121191556464,2.292596780945136,0.18168372499074806,0.5668752405045497,seq_eth
9160,366.4,242,1.62,8.69,3.0644126680327664,3.1489204499320076,0.09630481544937547,0.29511769645562386,seq_eth
9160,366.4,243,-1.65,6.2,2.7788543052847503,2.3174123500145587,0.17781350710400942,0.4941178297537571,seq_eth
9170,366.8,230,12.68,4.76,0.1546164609606858,10.504522835426652,0.008654036508689766,0.0013380564979981807,seq_eth
9170,366.8,231,12.25,3.84,0.11250000000001492,10.470019102179327,0.008711168892828055,0.000980006500443286,seq_eth
9170,366.8,236,5.46,6.21,1.9399178461986133,4.205829288023945,0.053984377780053806,0.10472525787145426,seq_eth
9170,366.8,237,1.3,7.13,2.125918918961838,1.6654428840401578,0.344280080236281,0.7319115359960093,seq_eth
9170,366.8,238,0.43,6.41,2.263363095042372,1.1292918134831227,0.7487882526083056,1.6947796969549043,seq_eth
9170,366.8,239,1.01,5.49,2.3521266972677823,1.6654428840401578,0.344280080236281,0.8097903680612507,seq_eth
9170,366.8,240,1.47,4.88,2.387532722288806,2.2564130827488125,0.18755738275353973,0.4477993886309222,seq_eth
9170,366.8,241,2.39,7.74,3.1629199325938933,2.3686494041964083,0.17020402077379415,0.5383416899130586,seq_eth
9170,366.8,242,2.83,8.41,3.1930099436111674,3.1240998703626617,0.09784115354009959,0.312407776147925,seq_eth
9170,366.8,243,-0.51,6.6,2.8302495473013716,1.886001060445089,0.2684649026008918,0.7598226690524807,seq_eth
9180,367.2,230,12.62,4.88,0.8663861725580536,9.105915659613807,0.01151659607721117,0.00997781959623208,seq_eth
9180,367.2,231,12.25,3.93,0.6676685180536028,9.155091479608492,0.011393207460551806,0.007606885941063876,seq_eth
9180,367.2,236,4.72,6.05,1.8651826318084546,2.6212210894924524,0.13898376587171393,0.25923010620725345,seq_eth
9180,367.2,237,2.15,7.13,2.227842285710502,1.6646020545463711,0.34462797594693856,0.7677767776534115,seq_eth
9180,367.2,238,1.29,6.33,2.2891728855636386,1.1745637488020817,0.6921786449343087,1.5845165859498007,seq_eth
9180,367.2,239,1.95,5.41,2.3335862958116342,1.7315888657530687,0.31847974204621543,0.7431999615326726,seq_eth
9180,367.2,240,2.4,4.83,2.30274971501461,2.313547060251855,0.1784081566653661,0.41082933191745374,seq_eth
9180,367.2,241,3.65,7.49,3.1623764798011886,1.7940178371465543,0.29670022014956404,0.9382777977528161,seq_eth
9180,367.2,242,4.11,8.12,3.3021063353562177,2.1958369702689677,0.19804833534881308,0.6539766628620685,seq_eth
9180,367.2,243,0.5,6.91,2.616354811565095,2.0862646045025066,0.21939796865051628,0.5740229309263861,seq_eth
9190,367.6,230,13.18,5.24,0.8321658488545337,8.547286118997068,0.01307118308466196,0.010877392167180743,seq_eth
9190,367.6,231,12.58,4.26,2.0854031384843608,8.265863536255605,0.013976387072739235,0.02914640146616265,seq_eth
9190,367.6,236,3.98,6.02,2.0594674675750544,1.5,0.4244131815783876,0.8740651402707136,seq_eth
9190,367.6,237,3.08,7.22,2.170613392568968,1.563873396410336,0.3904524915367265,0.8475214072915401,seq_eth
9190,367.6,238,2.26,6.48,2.3160445807453183,1.3017680284904838,0.5635133120213451,1.305121952484882,seq_eth
9190,367.6,239,2.87,5.33,2.2505554869853404,1.3069812546475175,0.5590268461253792,1.2581209359195817,seq_eth
9190,367.6,240,3.31,4.79,2.2749999999999675,1.9896230798822179,0.24122913619748684,0.5487962848492747,seq_eth
9190,367.6,241,4.87,7.24,3.07665097955548,1.7901117283566408,0.29799646077433983,0.9168311029454389,seq_eth
9190,367.6,242,5.42,7.89,3.15777809543349,2.43402958075698,0.16118316457952098,0.5089806664618625,seq_eth
9190,367.6,243,1.52,7.11,2.5326924902166414,2.2340322289528416,0.19133415988125824,0.48459058985317294,seq_eth
9190,367.6,244,-2.59,5.75,2.956454802631184,5.476130020370225,0.0318437261088226,0.0941445369881006,seq_eth
9200,368.0,230,13.18,5.24,0.0,7.331909710300584,0.017763852799387095,0.0,seq_eth
9200,368.0,231,13.53,5.0,3.0105024497583495,7.730523914974974,0.015979144568386942,0.048105253868171716,seq_eth
9200,368.0,236,3.09,5.81,2.2115110784259158,1.495760676044132,0.4268223566581918,0.9439223702694486,seq_eth
9200,368.0,237,3.88,7.28,2.138084715347013,1.6688319268278642,0.34288318080839186,0.7331132880359889,seq_eth
9200,368.0,238,3.12,6.62,2.191068517869887,1.0065783625729294,0.9424888063081052,2.065057551946459,seq_eth
9200,368.0,239,3.75,5.37,2.1944888356974035,1.3997856978837868,0.4873582007509299,1.0695021305334895,seq_eth
9200,368.0,240,4.22,4.83,2.2528107443814664,2.1009759636892564,0.21633620863853836,0.48736453521964984,seq_eth
9200,368.0,241,6.06,6.99,3.0741360574966556,2.8214358046923556,0.11995850242464319,0.3687687577068956,seq_eth
9200,368.0,242,6.58,7.59,3.0533025153104414,3.5933967217661897,0.07395389417629213,0.22580361110547495,seq_eth
9200,368.0,243,2.48,7.34,2.583904506749574,1.6471186963907614,0.35198291874359444,0.9094902500404427,seq_eth
9200,368.0,244,-1.43,5.98,2.9139749484168465,4.5947905284136725,0.04523139140830956,0.13180314144585106,seq_eth
9210,368.4,236,2.28,5.53,2.1862139076494387,2.343885662740399,0.1738195162822404,0.380006643917132,seq_eth
9210,368.4,237,4.79,7.18,2.3191121684816856,1.7184295155751952,0.32337611193747784,0.7499454761905006,seq_eth
9210,368.4,238,4.01,6.58,2.1990409841564746,1.266570171763097,0.595268456895257,1.3090197332882518,seq_eth
9210,368.4,239,4.62,5.47,2.116970122604454,1.7184295155751952,0.32337611193747784,0.6845775673356341,seq_eth
9210,368.4,240,5.11,4.88,2.193527410359826,2.322154172315008,0.17708806070606264,0.3884475152062133,seq_eth
9210,368.4,241,7.28,6.75,3.1307197654851997,2.86457675756821,0.11637252413553487,0.3643297614705225,seq_eth
9210,368.4,242,7.78,7.26,3.1201462305474923,3.576772287971377,0.07464295049372502,0.2328969206199392,seq_eth
9210,368.4,243,3.55,7.5,2.6669270706188843,2.294733099948663,0.18134559963374455,0.4836354888008474,seq_eth
9210,368.4,244,-0.29,6.13,2.7950011180677263,4.3234823927015125,0.05108624627799237,0.14278611546487188,seq_eth
9220,368.8,236,1.51,5.06,2.2985389381082673,3.952379030406877,0.061129973725065886,0.14050962489259922,seq_eth
9220,368.8,237,5.73,7.14,2.213770821471769,1.6851409436602025,0.3362783598800481,0.7444432209948333,seq_eth
9220,368.8,238,4.87,6.44,2.124448457835549,1.171537451385998,0.6957593140629306,1.4781048017857124,seq_eth
9220,368.8,239,5.44,5.48,1.9626592292091474,1.6851409436602025,0.3362783598800481,0.6599998266018915,seq_eth
9220,368.8,240,5.97,4.96,2.0905292392118886,2.1931712199461306,0.19853007454290483,0.4150329256948584,seq_eth
9220,368.8,241,8.51,6.47,3.195406859853647,2.9549450079485404,0.109363544161088,0.34946101923024786,seq_eth
9220,368.8,242,8.99,6.94,3.0927586795609647,3.611204785109812,0.07322630962451473,0.22647130466343657,seq_eth
9220,368.8,243,4.6,7.58,2.641761959374805,2.2617692189964917,0.18667011856896004,0.49313801818746306,seq_eth
9220,368.8,244,0.78,6.32,2.8667544802441465,4.091760012512952,0.057036264509563825,0.1635089668191823,seq_eth
9230,369.2,236,0.75,4.51,2.3345235059857155,5.52756727684069,0.03125383447507272,0.07296281123424399,seq_eth
9230,369.2,237,6.53,6.85,2.113091633129021,1.4018559127100039,0.48591983439414466,1.0267931364297065,seq_eth
9230,369.2,238,5.7,6.4,2.1161949933784103,1.22065556157337,0.6408923882895117,1.3562532633925968,seq_eth
9230,369.2,239,6.19,5.49,1.9126633917132079,1.4018559127100039,0.48591983439414466,0.929401078553025,seq_eth
9230,369.2,240,6.78,4.97,1.9264604849308347,1.8965494984312958,0.2654868521647452,0.5114499299640559,seq_eth
9230,369.2,241,9.76,6.13,3.583926791941945,3.3092748450378062,0.08719783574108758,0.31251065971183667,seq_eth
9230,369.2,242,10.19,6.7,3.1752952618614216,3.823741623070261,0.06531219879292609,0.20738551536892946,seq_eth
9230,369.2,243,5.66,7.62,2.712759204205148,2.194948746554233,0.19820865510219857,0.5376923534816128,seq_eth
9230,369.2,244,1.97,6.52,2.8947420005934656,3.8504675040831087,0.06440868863365092,0.18644653619097626,seq_eth
9240,369.6,236,0.15,3.78,2.3623346502981004,7.023873575172035,0.01935610681610896,0.04572560182656544,seq_eth
9240,369.6,237,7.37,6.73,2.0983996878573574,1.331502910248416,0.5386257874394333,1.1302521842348303,seq_eth
9240,369.6,238,6.56,6.34,2.127975857475797,1.2872451204024824,0.5763003370859211,1.226353203974004,seq_eth
9240,369.6,239,6.97,5.46,1.9376612836096723,1.331502910248416,0.5386257874394333,1.043674334675163,seq_eth
9240,369.6,240,7.51,5.02,1.8645542362720147,1.7157214226091608,0.32439775063741927,0.6048572001881127,seq_eth
9240,369.6,241,11.28,5.73,3.67025629214083,4.035851830778726,0.058627443259273486,0.215177742514478,seq_eth
9240,369.6,242,11.51,6.62,3.2218977327034524,4.308131845707604,0.051450951430569596,0.16576970375958763,seq_eth
9240,369.6,243,6.77,7.61,2.788872980255605,2.1592822881689187,0.20481065062764006,0.5711908896039961,seq_eth
9240,369.6,244,3.08,6.59,2.7065025863648713,4.0508023896507215,0.058195481659538806,0.15750622162629122,seq_eth
9250,370.0,237,8.19,6.6,2.117929413365921,1.2163058825805289,0.6454844251394976,1.367090449872535,seq_eth
9250,370.0,238,7.4,6.31,2.025617189895579,1.3333041663476493,0.5371714341853924,1.0881036910067923,seq_eth
9250,370.0,239,7.74,5.47,1.9250405839878875,1.2163058825805289,0.6454844251394976,1.2425837147256242,seq_eth
9250,370.0,240,8.27,5.04,2.11383094167923,1.5620499351813306,0.3913646141603985,0.8272786308906036,seq_eth
9250,370.0,241,12.63,5.51,3.3768744794560095,4.571837704905984,0.045686698141843556,0.15427824500580178,seq_eth
9250,370.0,242,12.75,6.4,3.0193645854717572,4.681879964287851,0.04356430924048229,0.13153653251125225,seq_eth
9250,370.0,243,7.89,7.55,2.9211780585922824,2.0854016399725017,0.2195795853092442,0.6414310667201565,seq_eth
9250,370.0,244,4.13,6.67,2.7697303569121794,3.861605883567094,0.06403766487066606,0.17736706437805244,seq_eth
9260,370.4,237,9.05,6.51,2.1055358581605557,1.1718361660232206,0.6954046450272147,1.464199416036213,seq_eth
9260,370.4,238,8.18,6.3,1.742932155879858,1.4571547618561316,0.44973845361059306,0.7838636125335845,seq_eth
9260,370.4,239,8.51,5.47,1.7295230556427996,1.1718361660232206,0.6954046450272147,1.2027183665756647,seq_eth
9260,370.4,240,9.2,5.08,2.3378007827870713,1.5902201105507372,0.3776216618757404,0.8828042167304607,seq_eth
9260,370.4,241,13.98,5.64,3.390612039145927,5.0061761854733,0.03810299573659403,0.12919247607202164,seq_eth
9260,370.4,242,13.9,6.27,2.8933112518360273,4.8559345135617304,0.040497269246159776,0.11717120477854719,seq_eth
9260,370.4,243,9.1,7.43,3.0962931466512793,2.046875667938822,0.2279231588303154,0.7057169146494165,seq_eth
9260,370.4,244,5.29,6.75,2.804014978561965,3.767651788581318,0.06727130710038406,0.18862975273691876,seq_eth
9270,370.8,237,9.86,6.38,2.0529323539756192,1.252078272313676,0.6091278041406978,1.2504981768265626,seq_eth
9270,370.8,238,8.79,6.2,1.5433830535547335,1.7996110690924316,0.2948587842127372,0.4550800507456906,seq_eth
9270,370.8,239,9.12,5.37,1.5504535626712381,1.252078272313676,0.6091278041406978,0.944424374052053,seq_eth
9270,370.8,240,10.14,5.01,2.2577989835235095,1.7996110690924316,0.2948587842127372,0.6657318632784959,seq_eth
9270,370.8,243,10.35,7.26,3.197655391063856,2.254994456755936,0.18779344317627772,0.6004987159790683,seq_eth
9270,370.8,244,6.37,6.79,2.743913719488976,3.514000569151917,0.07733351083974768,0.21219648136943312,seq_eth
9280,371.2,237,10.67,6.24,1.9235384061671283,1.3152186130069785,0.5520462819698069,1.0618822253506914,seq_eth
9280,371.2,238,9.4,6.11,1.2706420621087793,1.9880643852752857,0.24160754441639817,0.30699670845829063,seq_eth
9280,371.2,239,9.74,5.31,1.6879166152389944,1.316054710108968,0.5513450684476746,0.9306245017629106,seq_eth
9280,371.2,240,11.0,4.93,2.157110335611013,1.9880643852752857,0.24160754441639817,0.5211741312222095,seq_eth
9280,371.2,243,11.62,6.99,3.1604242199426005,2.3880536007384747,0.1674492632656542,0.5292107072363184,seq_eth
9280,371.2,244,7.48,6.9,2.8828425642063227,3.257560436891386,0.0899883768436134,0.2594223230486073,seq_eth
9290,371.6,237,11.38,6.14,1.707794630510318,1.552417469626002,0.39623637284289315,0.6766903499539773,seq_eth
9290,371.6,238,9.77,5.93,1.009718401337704,1.6236378906640494,0.3622371817583532,0.36575754807011973,seq_eth
9290,371.6,239,10.47,5.34,1.9318465907001927,1.4673104647619728,0.44353444428767935,0.8568405040552579,seq_eth
9290,371.6,240,11.86,4.87,2.1376461938309315,2.084250464795438,0.21982220910001427,0.46990210860215265,seq_eth
9290,371.6,243,12.82,6.72,3.0749999999997404,2.725233934912744,0.12857715312598422,0.3953747458623681,seq_eth
9290,371.6,244,8.67,6.96,2.9751050401624033,2.8313424377845933,0.119120521243856,0.3543960631393686,seq_eth
9300,372.0,237,12.02,6.03,1.7489729128835416,1.8828967045486051,0.26935087539880204,0.4710873851339747,seq_eth
9300,372.0,238,10.15,5.81,1.0794240362342005,1.8828967045486051,0.26935087539880204,0.29074380908619013,seq_eth
9300,372.0,239,11.28,5.18,1.9502003102246783,1.4552662986546496,0.4509064399619276,0.8793578790960564,seq_eth
9300,372.0,240,12.71,4.91,2.0205584005419093,2.713595400939499,0.1296824458894253,0.26203095544469984,seq_eth
9300,372.0,244,9.86,6.88,3.0353129986874565,2.3212281232140883,0.17722938671356733,0.5379466612410969,seq_eth
9310,372.4,237,12.77,5.98,2.414312790422867,1.8522418848519753,0.27834022926179686,0.6720003755959892,seq_eth
9310,372.4,238,10.53,5.52,1.1792476415070587,2.28674441072893,0.18261486624175244,0.21534815031971355,seq_eth
9310,372.4,239,12.01,5.09,1.8333712117298795,1.541200830521448,0.4020248636178047,0.7370608113565141,seq_eth
9310,372.4,240,13.46,5.1,1.9342311133885794,2.893527259246058,0.11405549818469651,0.22060969324187463,seq_eth
9310,372.4,244,11.09,6.76,3.0175528164391445,1.9066462702871763,0.26268249073016586,0.7926582897320614,seq_eth
9320,372.8,237,13.94,6.24,2.996351948619932,3.1312936623702354,0.09739211203991555,0.2918210446910117,seq_eth
9320,372.8,238,10.95,5.31,1.2434830115445832,3.1312936623702354,0.09739211203991555,0.12110543678008164,seq_eth
9320,372.8,239,12.74,5.32,1.8168052317185417,1.7900279327429514,0.29802436132306687,0.5414522188313249,seq_eth
9320,372.8,244,12.26,6.62,3.0002343658454094,1.8526197667087552,0.2782266938265169,0.8347452883138647,seq_eth
9320,372.8,245,4.12,6.31,2.6250000000001488,2.4212806528777286,0.16288500981669773,0.42757315076885577,seq_eth
9320,372.8,246,3.96,5.35,2.8745651845106828,1.8906612599828665,0.26714308133815584,0.7679202008975683,seq_eth
9320,372.8,247,2.31,4.06,2.1536306554283,2.0944211610848473,0.21769244028435966,0.4688291128513915,seq_eth
9320,372.8,248,2.11,4.96,2.559907224881547,1.8906612599828665,0.26714308133815584,0.6838615039946639,seq_eth
9320,372.8,249,2.6,5.47,2.3255375722616507,1.4395138068111748,0.4608289057771315,1.0716749347689434,seq_eth
9330,373.2,238,11.39,5.02,1.2446133937894055,6.3082881988698025,0.023996523603798805,0.029866394681671606,seq_eth
9330,373.2,239,13.43,5.4,1.7365554986813232,8.309975932576458,0.01382839734520644,0.024013779447768457,seq_eth
9330,373.2,244,13.49,6.73,3.0872722588072943,8.330594216501005,0.013760031276497175,0.04248096284025045,seq_eth
9330,373.2,245,5.17,6.31,2.612978425092679,2.497038245602177,0.1531514079021318,0.40018132462083883,seq_eth
9330,373.2,246,5.1,5.5,2.6949315854024807,2.0682843131445927,0.22322915015928096,0.6015872875467995,seq_eth
9330,373.2,247,3.16,3.92,2.2667432585098344,2.5019992006393603,0.15254467388999557,0.3457796111617286,seq_eth
9330,373.2,248,3.13,4.87,2.409389186080144,2.0682843131445927,0.22322915015928096,0.5378459004116323,seq_eth
9330,373.2,249,3.53,5.45,2.264191356754083,1.5741029191256843,0.38539416359325684,0.8726061341513213,seq_eth
9340,373.6,238,11.78,4.76,0.9013878188659504,7.397736140198567,0.017449127178814146,0.01572843068882586,seq_eth
9340,373.6,245,6.21,6.27,2.612499999999965,2.634919353604584,0.13754244088139833,0.35932962680264835,seq_eth
9340,373.6,246,6.11,5.51,2.5515007838524824,2.2010906387516167,0.19710404114749258,0.5029111154883192,seq_eth
9340,373.6,247,4.11,3.84,2.2941842232043603,2.6055517649818434,0.14066043962223218,0.32270096141031457,seq_eth
9340,373.6,248,4.03,4.79,2.3868454600161964,2.2010906387516167,0.19710404114749258,0.47045688576373823,seq_eth
9340,373.6,249,4.41,5.4,2.3508309701039636,1.7035551062410632,0.3290478131530174,0.7735357898050956,seq_eth
9350,374.0,238,12.07,4.78,0.6473503688112396,6.688796603276257,0.021343979851394104,0.01381703322869964,seq_eth
9350,374.0,245,7.26,6.31,2.590517564117402,2.762209260718673,0.12515788861456034,0.32422370874386797,seq_eth
9350,374.0,246,7.14,5.57,2.476546234173853,2.2900218339570477,0.18209253242656118,0.4509605754521803,seq_eth
9350,374.0,247,4.99,3.78,2.3001358655524244,2.7976061195243336,0.12201079121858431,0.2806413968662946,seq_eth
9350,374.0,248,5.03,4.68,2.4437739768646116,2.2900218339570477,0.18209253242656118,0.44499299212540566,seq_eth
9350,374.0,249,5.41,5.4,2.478154555309393,1.7383325343558402,0.31601352126261584,0.7831303472563131,seq_eth
9360,374.4,238,12.29,4.67,0.3557562367689733,5.933540258564022,0.027123366685262607,0.009649306860453965,seq_eth
9360,374.4,245,8.28,6.37,2.6335871449412367,2.8720027855139683,0.11577150217634606,0.3048943398821614,seq_eth
9360,374.4,246,8.09,5.58,2.5625304876234494,2.305862094748946,0.17959933393856925,0.46022876877444857,seq_eth
9360,374.4,247,5.95,3.82,2.4251288625555163,2.7707760645710797,0.12438514804243371,0.30165001259094676,seq_eth
9360,374.4,248,5.98,4.65,2.554407954888897,2.305862094748946,0.17959933393856925,0.4587699673054288,seq_eth
9360,374.4,249,6.39,5.3,2.6617663308411665,1.722904524342542,0.3216984431179664,0.8562860845754252,seq_eth
9370,374.8,238,12.34,4.69,0.03535533905931657,4.836961856372241,0.040815587939553095,0.001443048950508252,seq_eth
9370,374.8,245,9.36,6.48,2.631123809325541,2.840158446284291,0.11838215565008026,0.3114781083302083,seq_eth
9370,374.8,246,9.19,5.58,2.6007510934342974,2.258937803481981,0.18713836688707622,0.4867003123050722,seq_eth
9370,374.8,247,6.93,3.76,2.401171589037278,2.9017236257093817,0.1134120734621582,0.2723218486511429,seq_eth
9370,374.8,248,7.07,4.8,2.392207401125494,2.258937803481981,0.18713836688707622,0.4476737863018018,seq_eth
9370,374.8,249,7.53,5.2,2.6249999999999316,1.7029386365926393,0.32928608915564583,0.8643759840335478,seq_eth
9380,375.2,238,12.31,4.69,0.04506939094330075,3.868397601074636,0.0638130013399293,0.0028760131046546484,seq_eth
9380,375.2,245,10.37,6.62,2.452581548083549,2.736512378923217,0.1275194843495188,0.3127519343367587,seq_eth
9380,375.2,246,10.17,5.63,2.376183915440869,2.337348925599257,0.17479309901731066,0.4153405504149968,seq_eth
9380,375.2,247,7.87,3.88,2.2500694433727895,2.890069203323685,0.11432860323871562,0.25724729665092533,seq_eth
9380,375.2,248,7.89,4.77,2.0774082410541888,2.4368011818775863,0.16081671582205656,0.3340819707480098,seq_eth
9380,375.2,249,8.49,5.3,2.328357790374989,1.7121039688056328,0.3257700196333955,0.7585091630840296,seq_eth
9390,375.6,238,12.31,4.67,0.0875000000000048,2.9871893143890293,0.10701530359299498,0.009363839064387574,seq_eth
9390,375.6,245,11.32,6.57,2.2267198409318962,2.3103679360655955,0.17889948266165312,0.3983590275751548,seq_eth
9390,375.6,246,11.09,5.64,2.313040477380336,1.7336666346215461,0.31771681479617137,0.734891852967896,seq_eth
9390,375.6,247,8.72,3.95,2.0485513173947663,2.910841802640603,0.11270266240426918,0.23087718754216324,seq_eth
9390,375.6,248,8.73,4.88,1.9729419656948375,2.479354754769877,0.15534384086272976,0.30648438275030004,seq_eth
9390,375.6,249,9.39,5.3,2.237499999999965,1.7336666346215461,0.31771681479617137,0.7108913731064224,seq_eth
9400,376.0,238,12.31,4.62,0.06250000000000355,2.140864311440593,0.2083498044097858,0.013021862775612352,seq_eth
9400,376.0,245,12.15,6.55,2.1033455493571434,2.249311005619277,0.18874365706434978,0.39699313105569106,seq_eth
9400,376.0,246,12.02,5.67,2.131204178393172,1.778904157058497,0.3017632038399025,0.6431190009089107,seq_eth
9400,376.0,247,9.5,4.05,1.9256898114702738,2.8672286270892324,0.11615736024222983,0.22368304514574425,seq_eth
9400,376.0,248,9.45,5.01,1.9054199012292308,2.653394052906579,0.13563378432659212,0.2584393119349219,seq_eth
9400,376.0,249,10.28,5.3,2.270256042828776,1.778904157058497,0.3017632038399025,0.6850797370209104,seq_eth
9410,376.4,238,12.31,4.62,0.0,1.7492855684535902,0.31206851586646145,0.0,seq_eth
9410,376.4,245,12.97,6.24,1.4722962507594166,1.938298222668536,0.25417345183693657,0.3742186201821009,seq_eth
9410,376.4,246,12.79,5.51,2.0427080677374927,1.591131672741134,0.3771891055620225,0.7704872289942322,seq_eth
9410,376.4,247,10.25,4.13,1.7979589122112734,2.117474911303556,0.21297804459517178,0.3829257733852191,seq_eth
9410,376.4,248,10.17,5.38,2.117339132023922,2.2709469390542796,0.18516436410287979,0.39205575397135295,seq_eth
9410,376.4,249,11.2,5.45,2.2921401026115036,1.591131672741134,0.3771891055620225,0.8645702751268756,seq_eth
9420,376.8,238,12.31,4.62,0.0625000000000071,1.5281688388394785,0.40891091446553846,0.025556932154099057,seq_eth
9420,376.8,245,13.23,6.08,0.7632168761236221,1.3104197800704933,0.556096936030382,0.42442256633902586,seq_eth
9420,376.8,246,13.63,5.39,2.121320343559466,1.5716551784663209,0.3865955461525326,0.8200929967828499,seq_eth
9420,376.8,247,10.9,4.38,1.7410485346479956,1.7335801106380981,0.3177485304466682,0.5532156133207257,seq_eth
9420,376.8,248,11.01,5.67,2.105053443502041,1.6710774967068407,0.341962277010339,0.7198488687684129,seq_eth
9420,376.8,249,12.08,5.65,1.9783594845224,1.2277621919573842,0.6334945326730606,1.2532799171068347,seq_eth
9420,376.8,250,12.87,7.34,2.795643932978749,2.092868844433402,0.21801549246623853,0.6094936888086139,seq_eth
9420,376.8,251,2.92,6.64,2.6501179219047595,8.147944526075273,0.014383853628633838,0.03811890828729734,seq_eth
9420,376.8,252,2.39,5.77,2.650471656139865,8.620580026889142,0.012849860303674283,0.03405819052024549,seq_eth
9420,376.8,253,2.61,5.05,2.8289794979817215,8.31703072015488,0.013804947863348007,0.039053914476118085,seq_eth
9430,377.2,238,12.31,4.57,0.1677050983124731,1.3723337786413334,0.5070512709347272,0.08503508324157287,seq_eth
9430,377.2,247,11.43,4.87,1.7325018037508506,1.5976232346833217,0.37413009659589874,0.6481810671898746,seq_eth
9430,377.2,248,11.79,5.84,1.7497321223547424,1.3723337786413334,0.5070512709347272,0.8872038964352899,seq_eth
9430,377.2,249,12.75,5.77,1.2948214162578962,1.5976232346833217,0.37413009659589874,0.4844316615390051,seq_eth
9430,377.2,250,11.86,7.82,2.450765186630504,2.9811742652854094,0.10744758405735895,0.2633287983953301,seq_eth
9430,377.2,251,3.98,6.63,2.6260712100017054,7.655070215223371,0.016295700153265476,0.042793669019310844,seq_eth
9430,377.2,252,3.45,5.79,2.700260404109158,8.032857523945012,0.014798961959238213,0.03996105100044863,seq_eth
9430,377.2,253,3.74,4.99,2.8277641344355033,7.690936223893681,0.0161440673967485,0.045651614768434955,seq_eth
9440,377.6,238,12.37,4.5,0.269258240356729,1.5565346125287418,0.3941429992369869,0.10612625042347469,seq_eth
9440,377.6,247,11.89,5.35,1.3005407529177344,1.3118307817702703,0.5549013066136166,0.7216717630983075,seq_eth
9440,377.6,248,12.36,6.04,1.2202714861865265,1.1597413504743206,0.7099848762463729,0.8663743001071185,seq_eth
9440,377.6,249,13.09,5.88,0.4911720676096496,1.4326548781894408,0.46525196518946227,0.2285187697015609,seq_eth
9440,377.6,250,11.01,7.96,2.0251543151078204,2.754360179787677,0.12587222810932203,0.2549106859078294,seq_eth
9440,377.6,251,5.02,6.58,2.912526823910814,4.724447057593089,0.04278282013545332,0.12460611124705948,seq_eth
9440,377.6,252,4.55,5.74,2.71042547398001,4.063951279235518,0.057819508622182055,0.15671546906256908,seq_eth
9440,377.6,253,4.87,4.95,2.850685224643329,4.331951061588762,0.050886701262476,0.14506196741977936,seq_eth
9440,377.6,254,0.54,5.08,3.186887195995672,4.724447057593089,0.04278282013545332,0.136344021698262,seq_eth
9440,377.6,256,12.51,7.19,2.6405491853023286,1.686090151800905,0.3358998412013692,0.886960052027457,seq_eth
9450,378.0,238,12.51,4.49,0.24811791551600557,1.5128780519261957,0.4172184806673242,0.10351937973793135,seq_eth
9450,378.0,247,12.28,5.47,0.8533024082938485,1.0066280345788108,0.9423957944847258,0.8041486009998112,seq_eth
9450,378.0,248,12.76,5.95,1.0860622680123555,1.0469001862641916,0.8712861848096468,0.9462710499621974,seq_eth
9450,378.0,249,13.13,5.87,0.10307764064044948,1.3845215780189204,0.49816352368478867,0.05134952067456069,seq_eth
9450,378.0,250,10.24,7.8,2.077144975681882,3.0968532415986387,0.09957037261366689,0.20682209920125103,seq_eth
9450,378.0,251,6.31,6.62,2.8000000000001597,4.103327917678528,0.05671513001201925,0.15880236403366296,seq_eth
9450,378.0,252,5.61,5.6,2.634625210537694,3.822054421381255,0.06536987414868273,0.1722251184417958,seq_eth
9450,378.0,253,6.02,5.04,2.790301283016027,4.212671361499731,0.05380916110981102,0.1501437712827218,seq_eth
9450,378.0,254,1.81,5.19,3.148461926084088,4.721747557843388,0.042831753385364914,0.13485414476124466,seq_eth
9450,378.0,255,12.0,6.67,3.7824016841157477,1.2322337440599491,0.6289052018910511,2.378772094781866,seq_eth
9450,378.0,256,11.51,7.53,2.4011715890374554,2.0146711890529434,0.23526809198338763,0.5649190582775611,seq_eth
9460,378.4,238,12.5,4.35,0.7400380057807162,2.9730960293942745,0.10803227162234248,0.079947986851359,seq_eth
9460,378.4,247,12.57,5.41,0.7905694150420758,2.328991197922397,0.1760498614636945,0.13917963599559144,seq_eth
9460,378.4,248,13.21,5.86,0.7356969484781553,2.7376084453405682,0.1274173938957064,0.09374058787211031,seq_eth
9460,378.4,250,9.39,7.59,2.0780474609594273,2.357328996979421,0.1718426594477904,0.35709720214999635,seq_eth
9460,378.4,251,7.26,6.58,2.330671845198263,2.357328996979421,0.1718426594477904,0.4005088481789584,seq_eth
9460,378.4,252,6.65,5.56,2.6043233286210463,3.4100586505220116,0.08211976252752907,0.21386641329126438,seq_eth
9460,378.4,253,7.1,5.05,2.649999999999971,3.419897659287483,0.08164792689205191,0.2163670062639352,seq_eth
9460,378.4,254,3.05,5.29,3.1474443998265786,4.4032033793591685,0.04925313636909935,0.15502150823881655,seq_eth
9460,378.4,255,10.58,6.62,2.9652150006365825,2.328991197922397,0.1760498614636945,0.5220256900721392,seq_eth
9460,378.4,256,10.65,7.67,2.2453424015057935,2.965467922605132,0.10858877172519583,0.24381897348201562,seq_eth
9470,378.8,238,12.67,3.92,0.7280109889279819,3.0304125131737427,0.10398432590885426,0.07570173193791456,seq_eth
9470,378.8,247,12.88,5.27,0.5969976968129329,1.7000000000000008,0.3304254873880177,0.19726325493893737,seq_eth
9470,378.8,248,13.34,5.85,0.29712160810010707,2.0429880077964233,0.2287914271290844,0.06797887674811202,seq_eth
9470,378.8,250,8.58,7.71,1.8390299752858335,1.3280060240827225,0.5414661252842888,0.9957724349996817,seq_eth
9470,378.8,251,8.17,6.49,2.527504945593578,1.450310311622999,0.453993371946074,1.1474704928604067,seq_eth
9470,378.8,252,7.69,5.48,2.5801223323710434,2.4010414407085934,0.16564261206441844,0.42737820257967923,seq_eth
9470,378.8,253,8.14,5.04,2.5124999999999513,2.397269279826528,0.16616430746165273,0.4174878224973944,seq_eth
9470,378.8,254,4.32,5.39,3.246199701189031,4.004060439104285,0.059562118107055785,0.19335053000131028,seq_eth
9470,378.8,255,9.64,6.91,2.3036994704170413,1.5288230767489095,0.4085610142264028,0.9412017921064133,seq_eth
9470,378.8,256,9.72,7.68,2.055974525620331,1.9541238445912277,0.25007323588523855,0.5141442025194944,seq_eth
9470,378.8,257,12.62,6.95,2.3759208741034783,2.980268444284842,0.10751290909157542,0.25544216494626365,seq_eth
9470,378.8,258,-1.72,7.41,2.3908680432011824,9.605883613702595,0.010348960785401708,0.024742999622159152,seq_eth
9470,378.8,259,-2.22,6.66,2.5545302895054394,9.980005010018782,0.009587599043693275,0.024491812160747854,seq_eth
9480,379.2,238,12.66,3.79,0.24044230077087866,2.8723683607782617,0.11574203485259951,0.027829281155862255,seq_eth
9480,379.2,247,13.02,5.25,0.37291084725439966,1.5901257811883933,0.37766646571143875,0.1408359217080273,seq_eth
9480,379.2,248,13.44,5.8,0.2795084971874886,2.1560380330597133,0.20542748382303377,0.0574187272843833,seq_eth
9480,379.2,250,7.92,7.53,1.8229869034087556,1.8952572384771418,0.26584901407332173,0.4846392709397955,seq_eth
9480,379.2,251,9.24,6.17,2.6557720158176044,1.1275194011634568,0.7511442291759395,1.9948678236883455,seq_eth
9480,379.2,252,8.71,5.43,2.470608477683156,1.4808443537387719,0.43546429775702117,1.0758617857668387,seq_eth
9480,379.2,253,9.11,5.05,2.4627855164426706,1.8926436537288263,0.26658375214298086,0.656538603696676,seq_eth
9480,379.2,254,5.64,5.48,3.2644390789230133,3.432098483435462,0.08106845555774725,0.2646430343906437,seq_eth
9480,379.2,255,8.76,6.91,2.182458476122709,1.0440306508910548,0.8760822555517178,1.9120131444095476,seq_eth
9480,379.2,256,9.02,7.45,1.8858022165645776,1.2987686476043379,0.5661190766844745,1.067588609651074,seq_eth
9480,379.2,257,11.68,7.09,2.370686873039086,2.2762249449472254,0.18430665840951363,0.43693337570513285,seq_eth
9480,379.2,258,-0.77,7.3,2.3556116509305736,8.69304319556736,0.012636526334229277,0.029766748660201493,seq_eth
9480,379.2,259,-1.22,6.45,2.5975048123150373,9.203586257541133,0.011273459478093311,0.029282865245785945,seq_eth
9480,379.2,260,12.23,6.63,2.500499950009784,1.5901257811883933,0.37766646571143875,0.9443549786318245,seq_eth
9490,379.6,238,12.5,3.83,0.3678484742390479,3.09278191924358,0.09983269302074914,0.036723303806857815,seq_eth
9490,379.6,247,13.17,5.2,0.5138701197773734,3.0391610684529367,0.10338652720742408,0.053127247119445685,seq_eth
9490,379.6,250,7.21,7.21,2.455923960549306,1.752512482123879,0.3109203459614406,0.7635967274689817,seq_eth
9490,379.6,251,10.23,5.97,2.3582965250366064,1.2092973166264782,0.6529880050269226,1.5399393431455775,seq_eth
9490,379.6,252,9.66,5.32,1.9753559805765775,2.0576199843508522,0.2255490714137115,0.44553970713056856,seq_eth
9490,379.6,253,10.11,5.01,2.4380127665785083,1.9859506539690264,0.24212212437915093,0.5902968303074795,seq_eth
9490,379.6,254,6.93,5.48,3.2625239462722306,2.254173906334646,0.18793018687174,0.613126734896467,seq_eth
9490,379.6,255,7.92,6.61,2.024112459820295,1.5023315213360866,0.4230968801734035,0.8563956668700804,seq_eth
9490,379.6,256,8.26,7.3,2.0736818102109975,2.254173906334646,0.18793018687174,0.3897074101054809,seq_eth
9490,379.6,257,10.74,7.2,2.450031887547566,2.1681328372588244,0.2031419457435696,0.49770424477020314,seq_eth
9490,379.6,258,0.16,7.28,2.2791514320026702,7.050347509165771,0.019211016036875236,0.04378481471067046,seq_eth
9490,379.6,259,-0.17,6.32,2.5559978481993593,7.433471598116186,0.01728176157649095,0.04417214540260523,seq_eth
9490,379.6,260,11.23,6.65,2.7166442994989164,1.9859506539690264,0.24212212437915093,0.657759688977188,seq_eth
9500,380.0,238,12.37,3.74,0.38017265814366114,2.517935662402834,0.15061981996078427,0.05726153732361103,seq_eth
9500,380.0,247,13.41,5.12,0.6324555320337124,2.352573059439387,0.1725381524502895,0.10912270900406162,seq_eth
9500,380.0,250,6.13,6.72,2.688924041322258,2.4509793960782287,0.15896153988503525,0.42743550624247834,seq_eth
9500,380.0,251,11.11,5.92,2.356506948854728,1.3384319183283093,0.5330633351297159,1.2561674534128522,seq_eth
9500,380.0,252,10.29,5.4,1.5696834872037995,1.3694524453225816,0.5091871912932563,0.7992627260687066,seq_eth
9500,380.0,253,11.06,5.01,2.250867888171268,1.8245547402037559,0.2868518049117974,0.645665516339934,seq_eth
9500,380.0,254,8.25,5.49,3.1000000000001773,2.0419843290289954,0.229016394117412,0.7099508217640178,seq_eth
9500,380.0,255,7.26,6.3,2.5866242479341226,1.2791403363196705,0.5836264873190149,1.5096224238359806,seq_eth
9500,380.0,256,7.41,7.05,2.0594674675751703,1.7717787672280076,0.30419522762212425,0.6264801750793887,seq_eth
9500,380.0,257,9.72,7.1,2.516259624919637,1.8233211456021663,0.2872400837874487,0.7227706254928908,seq_eth
9500,380.0,258,1.05,7.19,2.2534695471651216,6.273452000294574,0.02426376679027376,0.05467765956139832,seq_eth
9500,380.0,259,0.82,6.31,2.387532722288984,6.440007763970475,0.023024944930193643,0.05497280944973917,seq_eth
9500,380.0,260,10.06,6.75,2.5639934672305147,1.3694524453225816,0.5091871912932563,1.3055526320733635,seq_eth
9500,380.0,261,12.7,7.0,2.796984983871183,2.5787012234844107,0.14360492331253627,0.4016608141151367,seq_eth
9510,380.4,238,12.28,3.62,0.22500000000000764,2.278003511849795,0.1840189733781767,0.04140426901009116,seq_eth
9510,380.4,250,5.28,6.26,2.376479802144311,3.445112480021516,0.08045713623545533,0.19120475920193278,seq_eth
9510,380.4,251,12.11,5.83,2.1783738200777383,1.4094325099131206,0.48070961920532224,1.0471652495364128,seq_eth
9510,380.4,252,10.91,5.44,2.02503857987931,1.5005332385522154,0.42411159111359575,0.8588423341790304,seq_eth
9510,380.4,253,11.91,4.96,1.9664768623098468,1.390143877445784,0.49414212602917085,0.9717190575289607,seq_eth
9510,380.4,254,9.41,5.48,2.787948394429115,1.747712791050062,0.312630433311957,0.871597514601749,seq_eth
9510,380.4,255,6.18,5.49,2.8422317375612036,3.0103986446980744,0.10537154852980653,0.2994903594673867,seq_eth
9510,380.4,256,6.7,6.77,2.856844850529861,2.055066908886424,0.22610983319948183,0.6459607126301055,seq_eth
9510,380.4,257,8.73,7.09,2.480328859244238,2.055066908886424,0.22610983319948183,0.5608267446435757,seq_eth
9510,380.4,258,1.96,7.18,2.326645922782367,4.545822257853907,0.0462111185149107,0.10751691047992973,seq_eth
9510,380.4,259,1.74,6.31,2.275858354555456,4.515085824211982,0.04684242414163506,0.10660672233037033,seq_eth
9510,380.4,260,9.18,6.58,2.4359931239639603,2.0718349355100663,0.22246468457807153,0.5419224419569936,seq_eth
9510,380.4,261,11.59,7.14,2.4196138638220908,1.929248558377069,0.25656358370536597,0.620784804085383,seq_eth
9510,380.4,262,13.43,6.56,2.934706118165588,2.206898275861395,0.19606801465000256,0.5754020021699426,seq_eth
9520,380.8,238,12.37,3.56,0.3457329171484931,2.2007725916141356,0.19716101469037706,0.06816505275686095,seq_eth
9520,380.8,250,4.45,5.83,2.18578504203862,1.886001060445089,0.2684649026008918,0.5868065684173842,seq_eth
9520,380.8,251,12.84,5.71,1.9975375465807816,1.1772000679578647,0.6890818722408508,1.3764669124692808,seq_eth
9520,380.8,252,11.91,5.41,2.0006249023741565,1.3778606605894517,0.5029916558079389,1.006297632295773,seq_eth
9520,380.8,253,12.63,4.91,1.4401605813241087,1.3748090776540578,0.5052270560030535,0.7276080906740255,seq_eth
9520,380.8,254,10.48,5.53,2.5373460544434456,2.160601768026676,0.20456057121618024,0.5190409582700724,seq_eth
9520,380.8,255,5.27,5.2,2.4033830323108805,2.8744564703609616,0.11557393749487109,0.27776844035253145,seq_eth
9520,380.8,256,5.38,6.0,2.9041457435877773,2.551568145278507,0.14667531810941895,0.4259665007768523,seq_eth
9520,380.8,257,7.74,6.97,2.3758222260934763,3.0387168344549647,0.10341675784090754,0.2456998318289549,seq_eth
9520,380.8,258,2.91,7.26,2.068362879187232,2.7728144546651508,0.1242023357678835,0.25689550081063883,seq_eth
9520,380.8,259,2.64,6.36,2.1824584761227035,2.763548443577568,0.1250366179426193,0.2728872266545856,seq_eth
9520,380.8,260,8.13,6.48,2.5500612737735886,2.7915766154630264,0.12253842068438853,0.3124804811366357,seq_eth
9520,380.8,261,10.83,7.5,2.338936724240322,2.3525518060183073,0.17254126995236643,0.40356311273865303,seq_eth
9520,380.8,262,12.27,6.74,2.9720047947471055,1.628250594963809,0.3601877106787012,1.0704796031460833,seq_eth
9520,380.8,263,-1.98,5.1,2.4186773244897024,1.350592462588178,0.5235072959549216,1.2661952259310887,seq_eth
9520,380.8,264,-2.16,5.98,2.2500000000001283,2.230807028857494,0.19188780439091166,0.43174755987957586,seq_eth
9520,380.8,265,-2.07,1.9,2.151307741816713,1.3518135966175218,0.5225619232523652,1.1241915110714442,seq_eth
9520,380.8,266,-1.85,2.67,2.2534695471651216,1.1520850663036997,0.719452767687314,1.621264902607025,seq_eth
9520,380.8,267,-2.0,3.25,2.3264780248265002,1.042784733298297,0.8781769896554827,2.0430594683417693,seq_eth
9520,380.8,268,-1.38,3.89,1.5004166088124509,1.307402003975824,0.5586670909444635,0.8382333820500091,seq_eth
9520,380.8,269,0.1,3.41,2.150145343924574,2.08568933448872,0.21951901302300453,0.4719977837543311,seq_eth
9520,380.8,270,-0.92,1.99,2.5071148757088726,1.6595180023127198,0.34674279540717934,0.8693240204102175,seq_eth
9520,380.8,272,-2.43,4.2,3.186887195995672,1.0948059188732953,0.7967042036971231,2.5390064257582896,seq_eth
9530,381.2,238,12.55,3.56,0.2761340254297027,2.3976655313033137,0.16610938953370646,0.045868454393612895,seq_eth
9530,381.2,250,3.72,5.47,1.9780040444852238,1.169273278579478,0.6984564500814592,1.3815496831579182,seq_eth
9530,381.2,251,13.7,5.67,2.1523243250032094,2.2700220263248543,0.18531528401928438,0.39885859358958425,seq_eth
9530,381.2,252,12.51,5.48,1.2772039774444908,1.2050726119201276,0.6575744791016204,0.8398567401745787,seq_eth
9530,381.2,253,13.06,4.89,1.1430496489654052,1.4244297104455519,0.47064054142502354,0.5379655056647614,seq_eth
9530,381.2,254,11.43,5.68,2.1556973929566303,1.8113530854032855,0.2910483567666478,0.6274121839061739,seq_eth
9530,381.2,255,4.36,4.87,2.2452728119317635,1.9589793260777413,0.2488351205314185,0.5587027307829574,seq_eth
9530,381.2,256,4.67,5.64,1.9290541723860215,1.5508062419270827,0.39706014908580933,0.7659505372821962,seq_eth
9530,381.2,257,6.86,6.75,2.222189235866263,2.9807717121577757,0.10747660760285563,0.23883336052248796,seq_eth
9530,381.2,258,3.6,7.4,1.9497195311120477,2.059732992404599,0.2250865429702702,0.438855629019627,seq_eth
9530,381.2,259,3.46,6.61,2.1893563551874866,1.5508062419270827,0.39706014908580933,0.8693061607927076,seq_eth
9530,381.2,260,7.21,6.05,2.5325999486693154,2.9148756405719953,0.11239094433606452,0.2846412998564129,seq_eth
9530,381.2,261,9.75,7.48,2.648171539005703,2.9148756405719953,0.11239094433606452,0.2976305000327402,seq_eth
9530,381.2,262,11.06,6.75,3.125624937512438,1.9275372888740692,0.25701934073084265,0.8033460608113281,seq_eth
9530,381.2,263,-1.02,5.22,2.2775054884675785,1.2414910390333067,0.6195611876671462,1.4110540053534169,seq_eth
9530,381.2,264,-1.26,5.98,2.226579495549141,2.0350184274349954,0.23058693129002283,0.5134201331519634,seq_eth
9530,381.2,265,-1.21,1.87,2.4258052786651363,1.5255490814785344,0.4103165292619653,0.9953480026072333,seq_eth
9530,381.2,266,-0.95,2.62,2.3126351311868905,1.1230761327710603,0.7570995469367888,1.750895010051696,seq_eth
9530,381.2,267,-1.08,3.39,2.2588713996152805,1.0647065323364933,0.8423867841843435,1.9028434142079034,seq_eth
9530,381.2,268,-0.79,4.0,2.194488835697148,1.2414910390333067,0.6195611876671462,1.3596201093668179,seq_eth
9530,381.2,269,0.96,3.4,2.3290623113175233,2.0400245096566856,0.22945663035571326,0.5344187898434081,seq_eth
9530,381.2,270,0.07,2.15,2.3759208741033295,1.5344705927452633,0.405559185658444,0.9635765348902448,seq_eth
9530,381.2,272,-1.18,4.45,3.454435554471872,1.0647065323364933,0.8423867841843435,2.90997085790362,seq_eth
9540,381.6,238,12.59,3.58,0.055901699437502686,2.2772132091659754,0.18414672243889385,0.010294114730180276,seq_eth
9540,381.6,250,2.93,5.39,2.124448457835576,2.001224625073358,0.23844032523942454,0.5065541812407086,seq_eth
9540,381.6,252,12.93,5.35,0.9219544457292516,0.9340770846134705,1.0944752533540076,1.0090563255703764,seq_eth
9540,381.6,253,13.54,5.0,1.2311072252244049,1.588080602488425,0.37863983289110714,0.46614623403000327,seq_eth
9540,381.6,254,12.18,5.82,1.532359292072122,1.588080602488425,0.37863983289110714,0.5802122662793235,seq_eth
9540,381.6,255,3.57,4.62,1.9255275251213182,1.949897433200013,0.2511584804585288,0.4836125672905419,seq_eth
9540,381.6,256,3.92,5.5,1.9465514377996573,1.3822083779228083,0.49983232585782345,0.9729493325572931,seq_eth
9540,381.6,257,6.04,6.45,2.0078362109494363,1.9843638779215875,0.2425095001019305,0.4869193558039021,seq_eth
9540,381.6,258,4.43,7.61,2.153050161979483,2.1707602354935474,0.20265049415376507,0.4363166792629862,seq_eth
9540,381.6,259,4.33,6.82,2.2140531271854895,1.7495713760804388,0.3119665660082888,0.6907105510479703,seq_eth
9540,381.6,260,6.24,5.75,2.540576952190155,2.333430950339007,0.17538056870674792,0.4455678307183657,seq_eth
9540,381.6,261,8.72,7.31,2.546842407766876,2.929846412356798,0.11124530039042078,0.2833242486990887,seq_eth
9540,381.6,262,9.77,6.69,3.296399551025295,3.4323752708583606,0.0810553813322388,0.2671909226317761,seq_eth
9540,381.6,263,-0.19,5.44,2.2534695471649764,1.517135458685216,0.41488015751460733,0.9349198006821763,seq_eth
9540,381.6,264,-0.39,6.18,2.3344231086073304,2.2803727765433437,0.18363678747550477,0.4286859602732315,seq_eth
9540,381.6,265,-0.13,1.95,2.7070798381281245,1.4616771189288011,0.44695982146097435,1.2099559211303499,seq_eth
9540,381.6,266,0.0,2.69,2.383406176042984,1.0478549517943787,0.8696991425786633,2.072846307721274,seq_eth
9540,381.6,267,-0.2,3.41,2.187499999999967,1.258014308344702,0.6033929347601242,1.319922044787752,seq_eth
9540,381.6,268,0.37,4.03,2.32513440471717,1.3901438774457846,0.4941421260291704,1.1489468580505118,seq_eth
9540,381.6,269,1.96,3.52,2.399283747287877,1.949897433200013,0.2511584804585288,0.602600460157668,seq_eth
9540,381.6,270,0.96,2.27,2.309288310280874,1.6007810593582121,0.3726554765078525,0.8605689356617326,seq_eth
9540,381.6,272,0.31,4.56,3.556354348205405,1.258014308344702,0.6033929347601242,2.1458790872105884,seq_eth
9540,381.6,273,13.18,6.25,2.460309939824793,1.3008074415531299,0.5643458770470848,1.3884657707980834,seq_eth
9550,382.0,238,12.53,3.6,0.11524430571616726,2.2032702966272657,0.19671425069037826,0.02267019724528872,seq_eth
9550,382.0,250,2.03,5.29,2.266674325967581,1.1116204388189346,0.7727843801500134,1.7516505139948064,seq_eth
9550,382.0,252,13.23,5.32,0.8015609770941169,1.6668833192518302,0.34368531889558124,0.27548474002684525,seq_eth
9550,382.0,254,12.65,5.8,0.9789184082445863,1.3551752654177234,0.5199725883753736,0.5090107385432382,seq_eth
9550,382.0,255,2.84,4.62,1.828464177937424,1.0511898020814319,0.8641897362455856,1.580139975666244,seq_eth
9550,382.0,256,3.14,5.35,1.7801860857787761,1.7805897899291683,0.30119213327594135,0.5361780448038576,seq_eth
9550,382.0,257,5.37,6.15,2.074246851269271,1.6324827717314507,0.35832257356524283,0.7432494699564067,seq_eth
9550,382.0,258,5.28,7.78,2.184640988812704,2.2303587155433098,0.19196495297042349,0.4193745046746902,seq_eth
9550,382.0,259,5.19,6.99,2.2238761206507345,1.4408677940741133,0.4599632284337804,1.0229012400913031,seq_eth
9550,382.0,260,5.24,5.55,2.4407030237209693,2.1095023109728985,0.21459093450592634,0.5237527427117229,seq_eth
9550,382.0,261,7.78,6.96,2.570566571789332,2.5901737393464552,0.14233561761087676,0.36588318060550873,seq_eth
9550,382.0,262,8.44,6.45,3.159608361807066,3.294556115776448,0.087978704687756,0.2779782509923884,seq_eth
9550,382.0,263,0.7,5.76,2.349601029962454,1.7640861656959952,0.3068540033905439,0.7209844824145244,seq_eth
9550,382.0,264,0.55,6.44,2.364648493962821,2.428518066640642,0.16191560414252537,0.38287348948470296,seq_eth
9550,382.0,265,0.94,2.13,2.682262338027513,1.288603895694872,0.575085611894834,1.5425304779270201,seq_eth
9550,382.0,266,0.95,2.78,2.603993327564564,0.9656603957913982,1.0240532531382007,2.66662783824266,seq_eth
9550,382.0,267,0.67,3.39,2.3502991830830022,1.288603895694872,0.575085611894834,1.3516232438392168,seq_eth
9550,382.0,268,1.07,4.02,1.975355980576778,1.2457929201917948,0.6152897284480492,1.2154162448773156,seq_eth
9550,382.0,269,2.87,3.59,2.369071548096561,1.4577379737113252,0.44937866284770445,1.0646102044741736,seq_eth
9550,382.0,270,1.88,2.52,2.4253865671271186,1.4577379737113252,0.44937866284770445,1.0899169724243687,seq_eth
9550,382.0,272,1.66,4.28,3.5973080212850093,1.2280065146407,0.6332424791454723,2.2779682496484126,seq_eth
9550,382.0,273,12.31,6.71,2.3287939475188897,2.164162655624571,0.2038879619419619,0.4748130517424026,seq_eth
9550,382.0,274,13.87,5.21,0.0,2.094683747012899,0.217637864610473,0.0,seq_eth
9560,382.4,238,12.5,3.6,0.05153882032021007,2.1986586820150142,0.1975403195116717,0.010180995033308935,seq_eth
9560,382.4,250,1.14,5.1,2.336296481613538,1.3929106216839615,0.49218104244478506,1.1498808377806347,seq_eth
9560,382.4,252,13.57,5.31,0.4914900812834787,2.0171762441591463,0.2346841136769162,0.1153449141070087,seq_eth
9560,382.4,254,12.96,5.75,0.5550900827793873,1.8804520733057786,0.27005165536929715,0.14990299573365373,seq_eth
9560,382.4,255,2.11,4.71,1.6468245960028618,1.04546640309481,0.8736776381988768,1.4387938235635997,seq_eth
9560,382.4,256,2.53,5.19,2.0965745872731456,1.322762261330432,0.545767650769488,1.1442425871590736,seq_eth
9560,382.4,257,4.44,6.01,1.986595706227134,2.078581246908574,0.22102295071204064,0.4390832448621914,seq_eth
9560,382.4,258,6.15,7.92,2.7908891952206374,2.228115795913668,0.19235162827099853,0.5368320810246263,seq_eth
9560,382.4,259,6.09,7.08,2.250312478301593,1.6248384535085327,0.3617020789179849,0.813942701616769,seq_eth
9560,382.4,260,4.34,5.3,2.2496180231319074,1.6191355718407276,0.36425452340226283,0.8194335408530536,seq_eth
9560,382.4,261,6.79,6.6,2.6209790632509486,1.46696966567138,0.4437405476539832,1.1630346849165998,seq_eth
9560,382.4,262,7.33,6.03,2.9509002863532623,2.228115795913668,0.19235162827099853,0.5676104749454058,seq_eth
9560,382.4,263,1.57,6.1,2.4942746941745826,1.322762261330432,0.545767650769488,1.361294440213445,seq_eth
9560,382.4,264,1.42,6.73,2.4310812923470366,1.8983413813115912,0.26498589187539806,0.6442022444741748,seq_eth
9560,382.4,265,2.0,2.21,2.5793652319902023,1.2129715577869087,0.6490380334067641,1.6741061376087027,seq_eth
9560,382.4,266,2.06,3.0,2.6058827678926715,0.819084855189009,1.4233561761087679,3.7090993318954446,seq_eth
9560,382.4,267,1.68,3.38,2.269257863267199,1.2129715577869087,0.6490380334067641,1.4728346608677787,seq_eth
9560,382.4,268,1.94,3.85,2.050152433357078,0.8766413177577245,1.2425890156816817,2.547496894162576,seq_eth
9560,382.4,269,3.84,3.76,2.3759208741033224,1.6191355718407276,0.36425452340226283,0.8654399256379934,seq_eth
9560,382.4,270,2.84,2.75,2.624226076388939,1.3200378782444084,0.5480227595703715,1.4381356161191947,seq_eth
9560,382.4,272,3.17,4.24,3.9696111270500185,1.1595257651298656,0.7102489092981568,2.8194119733251024,seq_eth
9560,382.4,273,11.4,6.8,2.351196503910252,2.937515957403465,0.11066515917851115,0.26019553536518697,seq_eth
9560,382.4,274,13.87,5.21,0.0,2.1140009460735816,0.21367859891505317,0.0,seq_eth
9570,382.8,238,12.54,3.56,0.21286732957409368,2.2483104767802873,0.18891168144797554,0.04021312515518241,seq_eth
9570,382.8,250,0.25,4.72,2.129884093090443,2.5276471272707353,0.1494646515184492,0.3183423837484513,seq_eth
9570,382.8,252,13.62,5.37,0.19525624189764895,1.240201596515662,0.6208501778501877,0.12122487250851462,seq_eth
9570,382.8,254,13.09,5.74,0.20348525745122625,0.9430270409696635,1.0737992337246964,0.21850231352539934,seq_eth
9570,382.8,255,1.53,4.48,1.559697486694113,1.3023056476879764,0.563048147730762,0.878184780903445,seq_eth
9570,382.8,256,1.48,5.11,2.0858526434049818,1.6302760502442526,0.3592932720864519,0.749432821339151,seq_eth
9570,382.8,257,3.84,5.72,2.086302051477725,1.9811612756158952,0.24329418052264248,0.507585147936981,seq_eth
9570,382.8,258,7.51,7.89,2.500499950009835,2.6060122793264036,0.14061073116360234,0.351597126245434,seq_eth
9570,382.8,259,6.99,7.02,2.2258776359000154,1.5929846201391895,0.37631212900038336,0.837624752059875,seq_eth
9570,382.8,260,3.49,5.13,2.240675121475646,1.556566734836641,0.3941267318301917,0.8831099627204141,seq_eth
9570,382.8,261,5.8,6.27,2.6725456029785253,2.035706265648362,0.23043113306903118,0.6158377114729987,seq_eth
9570,382.8,262,6.23,5.62,2.7749436931223777,2.2919205919926635,0.18179094567788687,0.5044596381756049,seq_eth
9570,382.8,263,2.59,6.4,2.5862919885426234,1.556566734836641,0.3941267318301917,1.0193268090029117,seq_eth
9570,382.8,264,2.39,7.07,2.5101357035028564,2.1609488656606386,0.20449486231478936,0.5133098550792535,seq_eth
9570,382.8,265,3.0,2.25,2.536144958396472,1.3815932831336433,0.5002774824766201,1.2687762149823594,seq_eth
9570,382.8,266,3.01,3.1,2.425386567126952,0.9677293009927934,1.0196792937014112,2.4731164617209007,seq_eth
9570,382.8,267,2.48,3.53,2.2215563238414595,1.3435028842544408,0.529046902244527,1.1753074912900634,seq_eth
9570,382.8,268,2.71,4.04,2.1551174561958293,1.2593649193144933,0.6020994064006128,1.2975949410991074,seq_eth
9570,382.8,269,4.75,3.87,2.165243923903217,1.9027611515899732,0.26375629292953234,0.5710967106569069,seq_eth
9570,382.8,270,3.95,2.87,2.7581980077579202,1.2806248474865696,0.5822741820435197,1.6060274888813084,seq_eth
9570,382.8,273,10.43,6.65,2.4928021381569474,3.1723808094237356,0.09488569739182953,0.23653126933886576,seq_eth
9570,382.8,274,13.87,5.21,0.0,1.5140013210033858,0.41659962418260765,0.0,seq_eth
9570,382.8,275,12.96,6.42,1.598827695532041,1.5140013210033858,0.41659962418260765,0.6660710170913929,seq_eth
9580,383.2,238,12.67,3.61,0.16298006013007998,2.721323207559146,0.12894696696437458,0.021015784429445204,seq_eth
9580,383.2,250,-0.38,4.33,2.1404219794236115,3.0263013729633736,0.10426703702040421,0.22317545776784856,seq_eth
9580,383.2,254,13.12,5.78,0.4527692569068077,2.216167863678201,0.19443125352269655,0.08803249417693046,seq_eth
9580,383.2,255,0.99,4.16,1.9049688317659428,1.7799157283422156,0.30142030193219027,0.5741962804423022,seq_eth
9580,383.2,256,0.87,5.02,1.7707696066964045,1.7110523077919038,0.3261705975856038,0.5775729808025909,seq_eth
9580,383.2,257,2.8,5.7,2.501312155649487,1.4714618581533125,0.44103531246599503,1.103166988141863,seq_eth
9580,383.2,258,8.15,7.88,1.699999999999962,3.877692612882048,0.0635074424601052,0.10796265218217643,seq_eth
9580,383.2,259,7.87,7.03,1.787674816626368,3.143024021543584,0.09666649713029901,0.17280826253132062,seq_eth
9580,383.2,260,2.58,4.96,2.235858336299487,1.528201557386983,0.4088934052202501,0.9142277287195802,seq_eth
9580,383.2,261,4.75,5.96,2.522678388142248,1.930414463269481,0.2562537658798799,0.6464458370652365,seq_eth
9580,383.2,262,5.22,5.34,2.683805600262386,1.8882796403075468,0.2678173823623997,0.7187697906318211,seq_eth
9580,383.2,263,3.57,6.63,2.3170900392518154,1.356945098373549,0.5186170958297789,1.201682506932885,seq_eth
9580,383.2,264,3.33,7.35,2.3145261394073597,1.9870832896484232,0.24184618426019305,0.5597593151861456,seq_eth
9580,383.2,265,4.02,2.4,2.4968104653737493,1.4185203558638133,0.47456995256503937,1.184911224116314,seq_eth
9580,383.2,266,3.98,3.28,2.383799488212021,1.1194641575325224,0.761993024697871,1.8164385822959146,seq_eth
9580,383.2,267,3.43,3.69,2.544909133937735,1.4185203558638133,0.47456995256503937,1.2077374069751665,seq_eth
9580,383.2,268,3.56,4.44,2.4153480598041717,1.2336936410632915,0.6274176468800073,1.5154319960785245,seq_eth
9580,383.2,269,5.53,4.14,2.2355438376376666,1.7725969649077031,0.3039144707524814,0.6794141222596226,seq_eth
9580,383.2,270,5.04,2.92,2.5880132341237947,1.3147243057006286,0.5524614744294892,1.4297776071670625,seq_eth
9580,383.2,273,9.43,6.49,2.4641491939409583,2.9055808369412137,0.11311116016196479,0.2787227741388322,seq_eth
9580,383.2,274,13.87,5.21,0.0,1.9999999999999998,0.2387324146378431,0.0,seq_eth
9580,383.2,275,12.33,6.31,1.4744702438503123,2.721323207559146,0.12894696696437458,0.19012846582371956,seq_eth
9580,383.2,276,-3.3,5.59,2.85711830346568,4.522057054040782,0.046698110350206476,0.13342202581883503,seq_eth
9590,383.6,238,12.61,3.67,0.11524430571614587,2.726242835845699,0.12848200561748185,0.01480681953440465,seq_eth
9590,383.6,250,-1.14,3.72,2.3702584247292102,2.4240462041801103,0.16251355659485567,0.38519912665166395,seq_eth
9590,383.6,254,13.45,5.7,0.8488963423174101,1.755135322418189,0.30999177359239477,0.2631508827510706,seq_eth
9590,383.6,255,0.38,3.48,2.4839484696748375,1.8676188047886,0.2737757048599118,0.6800447431209279,seq_eth
9590,383.6,256,0.26,4.39,2.9170297393068103,1.5520631430454108,0.3964173102043972,1.1563610830422397,seq_eth
9590,383.6,257,1.85,5.51,2.1867855976294797,2.0143485299222674,0.23534346868872538,0.5146457078246691,seq_eth
9590,383.6,258,8.87,7.89,2.07473642904347,3.2790852382943627,0.08881083837574609,0.18425908167205224,seq_eth
9590,383.6,259,8.42,7.0,1.9775300250565675,2.3165923249462774,0.17793941388427909,0.35188053359712934,seq_eth
9590,383.6,260,1.74,4.76,2.2254564138620885,1.8676188047886,0.2737757048599118,0.6092758983401049,seq_eth
9590,383.6,261,3.85,5.75,2.0970589524378562,1.3207573584879244,0.5474258533314448,1.147984286524639,seq_eth
9590,383.6,262,4.16,5.05,2.761000724375094,1.1332254850646448,0.7435988619773963,2.0530769965640867,seq_eth
9590,383.6,263,4.4,6.8,2.1584499646737,1.7663804799646083,0.3060573887219551,0.6606095598750289,seq_eth
9590,383.6,264,4.17,7.58,2.640697114399939,2.5300197627686627,0.14918444907848336,0.3939509441948957,seq_eth
9590,383.6,265,4.97,2.58,2.2543360996088744,1.4677874505527018,0.4432462210134479,0.9992259570458293,seq_eth
9590,383.6,266,4.89,3.42,2.299898095568551,1.1400438588054411,0.7347308290769959,1.6898060345496855,seq_eth
9590,383.6,267,4.47,3.96,2.5259280472728647,1.1332254850646448,0.7435988619773963,1.8782772213888892,seq_eth
9590,383.6,268,4.55,4.63,2.4207759603068935,1.25686116973992,0.604500638444877,1.4633606135375272,seq_eth
9590,383.6,269,6.47,4.36,2.393023714884544,1.838477631085024,0.282523567618749,0.6760855973254535,seq_eth
9590,383.6,270,6.0,3.16,2.5422984187541537,1.288759093081403,0.5749471121388233,1.4616871340577977,seq_eth
9590,383.6,272,8.07,4.71,3.8024868507332648,2.3165923249462774,0.17793941388427909,0.6766122815221554,seq_eth
9590,383.6,273,8.49,6.3,2.2921401026114836,1.6445364088398893,0.3530891693663791,0.8093298449024556,seq_eth
9590,383.6,274,13.87,5.21,0.0,2.131009150613859,0.2102813482232388,0.0,seq_eth
9590,383.6,275,11.79,6.27,1.33211532909127,2.33452350598575,0.17521645111034356,0.23340852043305974,seq_eth
9590,383.6,276,-2.2,5.9,2.798576647154716,3.5373436361201893,0.07631622486984303,0.21357680471975068,seq_eth
9590,383.6,278,12.83,7.07,1.5402921800750229,2.131009150613859,0.2102813482232388,0.32389471628388755,seq_eth
9600,384.0,238,12.6,3.67,0.14252192813739942,2.8582861998057507,0.11688531647670347,0.01665872067520992,seq_eth
9600,384.0,250,-1.88,3.17,2.305021691872032,2.421425200166216,0.16286556351395493,0.3754086567586283,seq_eth
9600,384.0,255,-0.29,2.64,2.686191541942015,2.118962010041709,0.21267921125865746,0.5712970984299046,seq_eth
9600,384.0,256,-0.76,3.35,3.641771546926235,1.9557607215607946,0.24965481269316916,0.909185793419182,seq_eth
9600,384.0,257,1.07,5.44,2.26667432596758,2.1539034333042886,0.20583485839488105,0.4665605889128493,seq_eth
9600,384.0,258,9.8,7.7,2.3180339190789696,2.4789110512481076,0.15539945623293283,0.3602212105543661,seq_eth
9600,384.0,259,9.45,7.11,2.0128493485605063,2.062353025066271,0.22451500212808223,0.451914875775571,seq_eth
9600,384.0,260,0.89,4.4,2.324327859834024,2.118962010041709,0.21267921125865746,0.4943362159360235,seq_eth
9600,384.0,261,3.08,5.8,2.1321937060221607,2.4464055264816587,0.1595564936007906,0.3402053514105709,seq_eth
9600,384.0,262,3.1,4.72,2.6627347314369882,2.2330472453577865,0.1915029897826877,0.5099216620683853,seq_eth
9600,384.0,263,5.28,6.87,2.165424323314147,2.4464055264816587,0.1595564936007906,0.34550751218587,seq_eth
9600,384.0,264,5.43,7.58,2.6135763333028508,2.8202836736753985,0.12005653238010709,0.3137769116870553,seq_eth
9600,384.0,265,5.81,2.62,1.8579642757600028,1.5743252522906435,0.3852853171480221,0.7158463552358879,seq_eth
9600,384.0,266,5.8,3.55,2.2913560395540014,1.2477980605851258,0.6133138462115423,1.4053203856589114,seq_eth
9600,384.0,267,5.4,4.14,2.25849092316099,1.5743252522906435,0.3852853171480221,0.8701633916060113,seq_eth
9600,384.0,268,5.47,4.76,2.1939191530228603,1.9413912537147173,0.2533641970154873,0.555860564522535,seq_eth
9600,384.0,269,7.4,4.55,2.4026027553469302,1.8867962264113212,0.26823866813240776,0.6444709631455137,seq_eth
9600,384.0,270,7.03,3.34,2.564237216015856,1.416615685357183,0.4758469496468864,1.2201844574121692,seq_eth
9600,384.0,272,9.52,4.73,3.403881056970309,2.358007633575429,0.1717437607552557,0.5845953338876556,seq_eth
9600,384.0,273,7.63,6.14,2.268706955514657,2.358007633575429,0.1717437607552557,0.38963626459169376,seq_eth
9600,384.0,274,13.87,5.21,0.0,2.586426105652353,0.14274839430629221,0.0,seq_eth
9600,384.0,275,11.27,6.2,1.3115472732616973,2.034821859524809,0.23063148377040732,0.3024840936673771,seq_eth
9600,384.0,276,-1.12,6.1,2.7309567920420945,2.6325083095785278,0.13779449914883948,0.3763108233565618,seq_eth
9600,384.0,278,12.23,7.21,1.453121639781144,2.4789110512481076,0.15539945623293283,0.22581431266229746,seq_eth
9600,384.0,279,12.96,6.32,1.8990129014834032,1.6942549985170487,0.3326701475531686,0.6317449021418545,seq_eth
9600,384.0,280,-3.05,5.29,2.8144715312116584,3.001283058959951,0.10601259572936175,0.29836943263013926,seq_eth
9610,384.4,238,12.54,3.76,0.2121320343559679,2.370358622656074,0.1699586478039675,0.03605367371504508,seq_eth
9610,384.4,257,0.06,5.22,2.6601515464348537,2.0827865949251736,0.22013131824605167,0.5855826666509772,seq_eth
9610,384.4,258,10.7,7.59,2.0039024427351815,1.521183749584513,0.4126748740498585,0.8269601881639448,seq_eth
9610,384.4,259,10.03,6.97,1.5187371398632221,1.651484180971771,0.35012453565717216,0.5317471358799124,seq_eth
9610,384.4,260,-0.02,4.16,2.3920767650725203,2.193855054464629,0.19840632839214048,0.47460316819018755,seq_eth
9610,384.4,261,2.15,5.61,2.6081902250410396,2.3274449510138795,0.17628385795668675,0.4597818351551535,seq_eth
9610,384.4,262,2.17,4.29,2.538823546448204,2.3058620947489463,0.17959933393856917,0.45597101792965344,seq_eth
9610,384.4,263,6.13,6.89,2.2517007461027703,2.0362956563328414,0.23029775920689083,0.5185616362319522,seq_eth
9610,384.4,264,6.26,7.64,2.2278422857104956,2.78016186579127,0.12354671943790159,0.275242605824568,seq_eth
9610,384.4,265,6.44,2.8,1.9711988737820711,1.7486566272427524,0.3122930402745021,0.6155916892790776,seq_eth
9610,384.4,266,6.7,3.71,2.2029809350060003,1.220901306412603,0.6406344146996992,1.4113054018921651,seq_eth
9610,384.4,267,6.25,4.27,2.2839795314318727,1.4822280526288794,0.43465164249038324,0.9927354547512793,seq_eth
9610,384.4,268,6.29,4.86,2.2344602256472927,1.220901306412603,0.6406344146996992,1.4314721188273112,seq_eth
9610,384.4,269,8.35,4.76,2.351196503910274,2.062425756239482,0.22449916742321147,0.527841657576222,seq_eth
9610,384.4,270,8.01,3.57,2.586080528521832,1.7486566272427524,0.3122930402745021,0.8076149506467741,seq_eth
9610,384.4,272,10.79,4.84,3.2264773747850253,2.056428943581567,0.2258104137131103,0.7285721908361966,seq_eth
9610,384.4,273,6.7,6.0,2.386845460016172,1.6979988221432898,0.3312047927828011,0.7905346559892259,seq_eth
9610,384.4,274,13.87,5.21,0.0,2.7662610144380806,0.12479151858960459,0.0,seq_eth
9610,384.4,275,10.76,6.07,1.250562373494408,1.239072233568326,0.6219824519972462,0.777827851441548,seq_eth
9610,384.4,276,-0.06,6.34,2.7686018583392857,2.180366941594923,0.20086867028846703,0.556125373842791,seq_eth
9610,384.4,278,11.68,6.9,1.5628999488130824,1.239072233568326,0.6219824519972462,0.9720963423891316,seq_eth
9610,384.4,279,12.23,6.11,1.6622650209879404,1.870721785835616,0.27286823024099127,0.4535793144684835,seq_eth
9610,384.4,280,-1.98,5.64,2.847147695501542,2.4560130292814,0.15831061978636807,0.4507337162981786,seq_eth
9620,384.8,238,12.48,3.79,0.142521928137392,2.38018906812043,0.1685576507071774,0.02402316138109596,seq_eth
9620,384.8,257,-1.01,4.99,2.305699460033672,2.0949701668520246,0.21757835871206274,0.5016703041974157,seq_eth
9620,384.8,258,11.4,7.6,1.6625469918170412,1.5815182578775369,0.3817886048902017,0.6347414965702298,seq_eth
9620,384.8,259,10.66,7.0,1.5127065974602982,0.9526804291051643,1.052148147368193,1.5915914440294958,seq_eth
9620,384.8,260,-0.97,3.95,2.0910897278691016,2.231815404552984,0.19171444660738246,0.4008921099848068,seq_eth
9620,384.8,261,1.07,5.24,2.6287176056015675,2.065841233008965,0.2237574474661696,0.5881951415387879,seq_eth
9620,384.8,262,1.26,3.86,2.5417144804245493,2.535705030164195,0.1485162304506162,0.3774858535144006,seq_eth
9620,384.8,263,7.08,6.94,2.3391371272329926,1.9366207682455547,0.2546139604189765,0.5955769679278595,seq_eth
9620,384.8,264,7.21,7.67,2.3211325360693693,2.660169167553071,0.13494377991257994,0.31322239809527347,seq_eth
9620,384.8,265,7.33,3.04,2.062196947432457,1.8836666371733606,0.2691307306666402,0.5550005712410122,seq_eth
9620,384.8,266,7.54,3.83,2.135488819919196,1.2175385004179535,0.6441781290821457,1.3756351926913868,seq_eth
9620,384.8,267,7.21,4.39,2.3814714463960764,1.3553228397691817,0.5198593600911169,1.238030222198731,seq_eth
9620,384.8,268,7.24,5.01,2.413018079086817,1.7786792853125604,0.30183951024160693,0.728344195195708,seq_eth
9620,384.8,269,9.26,4.83,2.381438640821952,1.989572818471342,0.241241324411725,0.574501411717146,seq_eth
9620,384.8,270,9.04,3.83,2.456750903123818,1.8836666371733606,0.2691307306666402,0.6611871656236414,seq_eth
9620,384.8,272,12.08,5.06,2.9964823126458646,1.3315029102484153,0.5386257874394339,1.6139826451972148,seq_eth
9620,384.8,273,5.73,5.95,2.4739265348833337,2.150348808914498,0.2065159296175112,0.5109052381568598,seq_eth
9620,384.8,274,13.87,5.21,0.0,1.9870832896484225,0.2418461842601932,0.0,seq_eth
9620,384.8,275,10.27,6.17,1.252247978636808,1.396065901023301,0.48995877811768673,0.6135498895132335,seq_eth
9620,384.8,276,1.04,6.59,2.7639701970172803,2.6004807247891684,0.1412095613384654,0.390299019073402,seq_eth
9620,384.8,278,11.15,6.58,1.5892215075312677,0.9708243919473808,1.0131879666327537,1.6101801077446445,seq_eth
9620,384.8,279,11.66,6.04,1.5310331479102537,1.0662082348209474,0.8400155335603199,1.286091626640368,seq_eth
9620,384.8,280,-0.87,5.95,2.868143999174337,2.014373351690297,0.23533766876589496,0.6749823224505794,seq_eth
9620,384.8,281,12.51,6.17,1.779220334865909,1.4204576727238296,0.47327633372224454,0.8420628769694016,seq_eth
9630,385.2,238,12.43,3.73,0.1776583800443986,2.474126108346137,0.1560011204403267,0.02771490634253956,seq_eth
9630,385.2,257,-1.76,4.92,2.472157458577307,2.3853720883753127,0.16782595053626925,0.4148921753610642,seq_eth
9630,385.2,258,12.01,7.36,1.5038492278150744,1.7650212463310457,0.3065289566177808,0.46097333471261004,seq_eth
9630,385.2,259,11.24,6.95,1.1435279839164643,1.1475626344561765,0.7251345269582901,0.8292116236808325,seq_eth
9630,385.2,260,-1.66,3.83,2.6377665742061285,2.1265935201631736,0.21115550560573423,0.5569789346464006,seq_eth
9630,385.2,261,0.16,4.93,2.3835372873105727,1.9200260414900627,0.2590342217689874,0.6174177262758574,seq_eth
9630,385.2,262,0.28,3.54,2.6580067720003533,2.4629250902128548,0.15742328693560373,0.41843216274538947,seq_eth
9630,385.2,263,8.0,6.96,2.2512496529705217,2.000024999843752,0.23872644647668106,0.5374328297855141,seq_eth
9630,385.2,264,8.11,7.48,2.243393077460988,2.3417301296263844,0.17413966091350208,0.39066370980475434,seq_eth
9630,385.2,265,8.05,3.16,2.081803605050133,1.9856736892047488,0.24218967220862123,0.5041913327098176,seq_eth
9630,385.2,266,8.39,3.96,2.20797559995572,1.195198728245642,0.6684841851952202,1.475996769867327,seq_eth
9630,385.2,267,8.14,4.51,2.26122201475218,1.3529966740535615,0.5216484532674383,1.1795629664897551,seq_eth
9630,385.2,268,8.2,5.14,2.30217288664425,1.786197077592504,0.2993040772767188,0.6890497315685374,seq_eth
9630,385.2,269,10.25,4.9,2.4164152168035757,1.2133424908079329,0.6486412569972646,1.567386603654789,seq_eth
9630,385.2,270,9.93,3.99,2.214158982548428,1.8640010729610637,0.2748394469855729,0.6085382303017486,seq_eth
9630,385.2,272,13.16,5.2,1.661371797642062,2.208800579500106,0.19573043751565364,0.3251810288286488,seq_eth
9630,385.2,273,4.73,5.81,2.5303470611755645,3.5340911137094344,0.07645676140141339,0.1934621415190677,seq_eth
9630,385.2,275,9.76,6.01,1.2992786460186148,1.2940247292845675,0.5702774909234835,0.7409493662619564,seq_eth
9630,385.2,276,2.12,6.71,2.690405406253826,2.7608150970320344,0.12528432565190326,0.3370656270527454,seq_eth
9630,385.2,278,10.48,6.48,1.6468245960028494,0.8935882720806039,1.1959043939278307,1.969444770388232,seq_eth
9630,385.2,279,11.04,5.82,2.0371932284394734,1.1475626344561765,0.7251345269582901,1.4772391480270892,seq_eth
9630,385.2,280,0.24,6.22,2.7998325842806784,2.3853720883753127,0.16782595053626925,0.46988456479932406,seq_eth
9630,385.2,281,11.83,5.96,1.6850908729204954,1.4115239990875115,0.4792861165184559,0.8076406604627591,seq_eth
9640,385.6,238,12.39,3.68,0.11319231422671255,1.9622436138257646,0.24800791049017581,0.028072589334914383,seq_eth
9640,385.6,257,-2.96,4.66,2.775394116157118,2.590829982843336,0.14226352102845066,0.3948373392061564,seq_eth
9640,385.6,258,12.47,7.05,1.6554833131143574,1.6953170794869028,0.33225345623025343,0.5500400525137561,seq_eth
9640,385.6,259,11.54,6.75,1.063675819975252,1.6224980739587962,0.36274630904135646,0.38584447771256103,seq_eth
9640,385.6,260,-3.04,3.54,2.914859559223952,2.5886096654381867,0.14250767188756316,0.41538984966421394,seq_eth
9640,385.6,261,-0.79,4.82,2.018082319926437,2.5886096654381867,0.14250767188756316,0.28759221309016897,seq_eth
9640,385.6,262,-0.78,3.26,2.651650429449506,2.590829982843336,0.14226352102845066,0.37723312663009,seq_eth
9640,385.6,263,8.88,7.0,2.0643552262146665,1.1113955191559832,0.7730971976614103,1.5959472403642454,seq_eth
9640,385.6,264,9.0,7.54,2.184176046018231,1.5897798589741918,0.37783083744218227,0.8252490645882226,seq_eth
9640,385.6,265,8.97,3.33,2.0312019225078792,1.7634341496069534,0.3070809591122527,0.6237434345143711,seq_eth
9640,385.6,266,9.29,4.07,2.5647855660854044,1.0413932974625864,0.8805252729842076,2.258358510723306,seq_eth
9640,385.6,267,9.01,4.57,2.066284406852019,1.240644993541666,0.6204064829465773,1.2819362416224158,seq_eth
9640,385.6,268,9.08,5.09,2.200887605035719,1.0413932974625864,0.8805252729842076,1.9379371592316355,seq_eth
9640,385.6,269,11.19,4.94,2.378287198805028,1.3787675656179317,0.5023301728308118,1.194685419617037,seq_eth
9640,385.6,270,10.8,4.03,2.1955210087812578,1.6280663377147748,0.3602692441527851,0.790978694355184,seq_eth
9640,385.6,272,13.37,5.38,0.6914658342969054,1.9622436138257646,0.24800791049017581,0.17148899673932166,seq_eth
9640,385.6,273,3.72,5.71,2.4931155207891575,4.596977267727131,0.045188369339272394,0.11265982495889289,seq_eth
9640,385.6,275,9.25,5.97,1.4426538046253556,0.8962700485902672,1.1887584446052188,1.714966892890239,seq_eth
9640,385.6,276,3.18,6.82,2.6534470505363004,4.445323385311804,0.048324198723305734,0.12822570257188565,seq_eth
9640,385.6,278,9.84,6.44,1.4317821063275957,1.1113955191559832,0.7730971976614103,1.1069067340636156,seq_eth
9640,385.6,279,10.06,5.73,1.6219683258311597,1.1414026458704212,0.7329825441751409,1.1888744700392173,seq_eth
9640,385.6,280,1.32,6.42,2.7405804585889815,2.648037008804824,0.13618312039922023,0.37322079855577345,seq_eth
9640,385.6,281,11.18,5.95,1.5508062419270494,1.1414026458704212,0.7329825441751409,1.1367139047303776,seq_eth
9640,385.6,283,13.07,6.21,2.5124689052803655,1.6224980739587962,0.36274630904135646,0.9113888219716301,seq_eth
9650,386.0,238,12.42,3.64,0.11180339887499505,2.06196508214858,0.2245994916272013,0.025110986549517097,seq_eth
9650,386.0,257,-3.93,4.45,2.5156075309953896,2.5079872407968904,0.15181711582692722,0.38191227990821747,seq_eth
9650,386.0,258,13.29,7.02,1.723731417593918,2.3194827009486394,0.17749621906159346,0.3059558093006011,seq_eth
9650,386.0,259,12.04,6.66,1.100922908291102,1.6279127740760555,0.36033721691686077,0.39670349681363204,seq_eth
9650,386.0,260,-3.95,3.39,2.3526912780899725,2.8174456516497353,0.12029852085555201,0.28302528078398187,seq_eth
9650,386.0,261,-1.43,4.65,2.6086394921492646,2.8174456516497353,0.12029852085555201,0.31381547235093493,seq_eth
9650,386.0,262,-1.82,3.24,2.6877616151736414,2.4323239915767805,0.16140929288248737,0.4338297017418696,seq_eth
9650,386.0,263,9.65,6.89,1.9540023029670226,1.214125199474914,0.6478052089758987,1.2658128702129394,seq_eth
9650,386.0,264,9.85,7.64,2.071005190722729,1.8724315741836868,0.27237012508595904,0.5640799428508202,seq_eth
9650,386.0,265,9.66,3.38,1.9284465898749754,1.7361163555476344,0.31682082829082375,0.6109720459188042,seq_eth
9650,386.0,266,10.43,4.18,2.4366023988334002,1.1103603018840322,0.7745394261913965,1.887244623849002,seq_eth
9650,386.0,267,9.79,4.61,1.9165806140103825,1.0707474025184458,0.8329085552127111,1.5963363901640784,seq_eth
9650,386.0,268,9.96,5.09,2.0501524333572085,1.024207010325549,0.910323792708649,1.8663025387646,seq_eth
9650,386.0,269,12.15,5.0,2.5150173955662254,1.3865424623862046,0.49671243617756683,1.249240417580659,seq_eth
9650,386.0,270,11.68,4.14,2.1769387910551212,1.2506398362438325,0.6105297989587443,1.329086002448375,seq_eth
9650,386.0,273,2.75,5.57,2.4084486708254045,4.280046728716872,0.052128395885722434,0.12554856578322868,seq_eth
9650,386.0,275,8.62,5.83,1.6248557628295193,1.478005412709981,0.4371387770892064,0.7102874611096457,seq_eth
9650,386.0,276,4.22,7.02,2.6695622300296367,4.558080736450376,0.04596289286975765,0.12270080278800352,seq_eth
9650,386.0,278,9.36,6.24,1.4778574017814592,0.845990543682375,1.3342596877900956,1.9718455554992116,seq_eth
9650,386.0,279,9.75,5.68,1.2490621481736524,0.8736131867136622,1.2512181060683596,1.562849175399514,seq_eth
9650,386.0,280,2.34,6.85,2.779866228796069,4.364962771891645,0.05011991132853121,0.13932664889243743,seq_eth
9650,386.0,281,10.59,5.92,1.4992706560192042,1.2709445306542695,0.5911778979455032,0.8863356748768088,seq_eth
9650,386.0,283,12.07,6.11,2.3255375722616516,1.4921461054467828,0.42889272784701166,0.9974061530780167,seq_eth
9660,386.4,238,12.43,3.6,0.0874999999999897,1.624130536625674,0.36201746097178417,0.031676527835027384,seq_eth
9660,386.4,257,-4.95,4.36,2.516973629182446,2.1200943375236867,0.21245209098321888,0.5347363104694316,seq_eth
9660,386.4,258,13.77,6.59,1.611094348571894,1.6608732642799688,0.34617714647503073,0.5577240442906668,seq_eth
9660,386.4,259,12.4,6.56,1.1308873728183113,1.3703284277865646,0.5085364035314587,0.5750973973721639,seq_eth
9660,386.4,260,-4.92,3.45,2.458149710656332,2.287575135378071,0.18248225846576957,0.44856871084754546,seq_eth
9660,386.4,261,-2.83,4.38,3.029980404227094,2.1200943375236867,0.21245209098321888,0.6437256725162249,seq_eth
9660,386.4,262,-2.93,3.23,2.7125288016903784,2.3145841959194313,0.17824830764589847,0.4835036683420669,seq_eth
9660,386.4,263,10.44,6.9,1.6751865567751139,1.1884864324004716,0.6760563954345994,1.1325205852538813,seq_eth
9660,386.4,264,10.65,7.69,1.7876748166263396,2.001924074484345,0.2382737376927843,0.4259559603368207,seq_eth
9660,386.4,265,10.46,3.73,1.941849955583598,1.404279174523357,0.484244248758302,0.9403296729429216,seq_eth
9660,386.4,266,11.23,4.26,1.8561132104481073,0.9912618221237014,0.9718396687882878,1.803844447675454,seq_eth
9660,386.4,267,10.54,4.67,1.7284838009076025,0.9433981132056602,1.0729546725296317,1.8545847705755898,seq_eth
9660,386.4,268,10.72,5.11,1.7182840277439582,1.0044899203078146,0.9464119509924404,1.626204539056308,seq_eth
9660,386.4,269,13.2,5.03,2.626071210001886,1.624130536625674,0.36201746097178417,0.9506836317759838,seq_eth
9660,386.4,270,12.51,4.36,2.205143135943747,1.283900307656322,0.5793069998491708,1.2774548543215642,seq_eth
9660,386.4,273,1.82,5.39,2.373025495016823,4.7584241088831085,0.04217402853697772,0.10008004494581517,seq_eth
9660,386.4,275,8.01,5.58,1.6192687392770633,1.992184730390232,0.24060916613368566,0.38961090110379865,seq_eth
9660,386.4,276,5.29,7.15,2.6481715390057037,3.4926780555900083,0.07828062256544677,0.20730051673346378,seq_eth
9660,386.4,278,8.67,6.27,1.6267298484997323,1.4011780757633916,0.4863900873790922,0.7912252731539622,seq_eth
9660,386.4,279,9.09,5.49,1.62499999999999,1.0837435120913066,0.8130520719892482,1.3212096169825203,seq_eth
9660,386.4,280,3.41,7.18,2.8149711366193024,4.870318264754368,0.040258417308236594,0.11332628272866097,seq_eth
9660,386.4,281,9.99,5.8,1.3556594336336747,1.1884864324004716,0.6760563954345994,0.9165022301392927,seq_eth
9660,386.4,283,11.21,6.17,2.2090722034374117,1.2522779244241267,0.6089335917302467,1.3451782712305935,seq_eth
9660,386.4,285,-3.93,5.63,2.388121646817646,2.3942639787625755,0.16658171104254207,0.3978173901046168,seq_eth
9660,386.4,286,-3.81,9.19,0.9646890690786561,4.962710952695109,0.0387733584486011,0.037404235066834046,seq_eth
9660,386.4,287,13.52,6.18,2.144906757879979,1.1936917525056454,0.6701731058680418,1.4374588237257775,seq_eth
9670,386.8,238,12.49,3.64,0.3716517186829863,1.4577379737113252,0.44937866284770445,0.16701235238681159,seq_eth
9670,386.8,257,-5.94,4.33,2.3750328945089936,2.2388613177238113,0.19050965756635851,0.45246670344174567,seq_eth
9670,386.8,259,12.92,6.45,1.8631710200623555,1.9762590923256997,0.24450267783474305,0.4555503036693357,seq_eth
9670,386.8,260,-5.91,3.55,2.4322379098270375,2.233942702935776,0.19134949575220353,0.4654074975947971,seq_eth
9670,386.8,261,-3.84,4.39,2.4538553848993994,2.1008569680013918,0.21636071654689412,0.5309179093792887,seq_eth
9670,386.8,262,-3.99,3.23,2.602432756095683,2.2388613177238113,0.19050965756635851,0.49578857320326314,seq_eth
9670,386.8,263,10.99,6.91,1.500885155499913,1.6532694880145828,0.34936876982086557,0.5243624004194031,seq_eth
9670,386.8,264,11.28,7.62,1.4036782038629336,2.0145719148245864,0.23529127967263075,0.33027324083548953,seq_eth
9670,386.8,265,11.08,4.01,1.4879726139952465,1.3023056476879769,0.5630481477307615,0.8378002241841229,seq_eth
9670,386.8,266,11.88,4.5,1.995776791126713,0.9683491106000979,1.0183743825865113,2.032447957444155,seq_eth
9670,386.8,267,11.15,4.86,1.3951366420533398,0.8528774824088164,1.312798540763501,1.8315333478533153,seq_eth
9670,386.8,268,11.32,5.29,1.370732012466287,1.3023056476879769,0.5630481477307615,0.7717881206544019,seq_eth
9670,386.8,270,13.32,4.79,2.2926513036218803,1.4689111613708974,0.4425683174451373,1.0146548299323361,seq_eth
9670,386.8,273,0.89,5.19,2.3770057320082003,4.797176252755364,0.04149540729553304,0.09863482099349694,seq_eth
9670,386.8,275,7.37,5.49,1.463087488839914,2.009975124224178,0.23636872736420106,0.34582812775957517,seq_eth
9670,386.8,276,6.33,7.21,2.577456352685684,2.0134050759844633,0.23556407779154656,0.6071561287683663,seq_eth
9670,386.8,278,8.06,6.18,1.6606192369113337,1.8294534703019907,0.28531765471073917,0.47380398604307905,seq_eth
9670,386.8,279,8.49,5.36,1.50254991597615,1.1903780911962378,0.6739094273474756,1.0125825534364847,seq_eth
9670,386.8,280,4.49,7.52,2.991028251287488,3.813200755271089,0.06567378415813568,0.1964321437859405,seq_eth
9670,386.8,281,9.68,5.33,1.9465514377997353,1.5433081351434657,0.40092772632100576,0.7804264421239325,seq_eth
9670,386.8,283,10.31,6.27,2.4466814259318608,1.4073023839957064,0.4821659472614858,1.1797064673815185,seq_eth
9670,386.8,285,-2.99,5.8,2.494775791529151,3.2959672328468317,0.08790338738805273,0.21929924284912283,seq_eth
9670,386.8,286,-3.48,9.39,0.9271090820394303,5.626295406393092,0.030166596911451255,0.027967725970829086,seq_eth
9670,386.8,287,12.72,5.87,1.880533501429789,1.5153877391611696,0.41583768444146124,0.7819966967491568,seq_eth
9680,387.2,238,12.71,3.7,0.46502688094345773,1.6218816233005418,0.36302210931434015,0.16881503920796256,seq_eth
9680,387.2,257,-6.85,4.35,2.054606105802278,2.108672568228647,0.21475984674493925,0.4412468924033137,seq_eth
9680,387.2,259,13.89,6.52,2.431306233282981,2.212781055594973,0.19502688884718802,0.47417009051195536,seq_eth
9680,387.2,260,-6.86,3.6,2.2318714120665533,2.253219918250325,0.18808935563351817,0.4197912557524683,seq_eth
9680,387.2,261,-4.79,4.49,2.414312790422943,2.253219918250325,0.18808935563351817,0.45410653704841253,seq_eth
9680,387.2,262,-5.01,3.32,2.5225545088262895,2.108672568228647,0.21475984674493925,0.5417434197212895,seq_eth
9680,387.2,263,11.63,6.74,1.423573847750805,1.4500000000000004,0.45418770918020046,0.6465697447587816,seq_eth
9680,387.2,264,11.76,7.52,1.3960323241242931,2.2203603311174516,0.19369769950332094,0.2704082496151501,seq_eth
9680,387.2,265,11.57,4.16,1.14700697469545,1.2293087488503454,0.6319015739487633,0.7247955126402643,seq_eth
9680,387.2,266,12.79,4.6,1.9465514377996997,1.21247680390183,0.6495678243326127,1.26441718240307,seq_eth
9680,387.2,267,11.63,4.91,1.068877916321601,1.0807867504739308,0.8175067704403502,0.8738149333670829,seq_eth
9680,387.2,268,11.8,5.3,1.0961580634196841,1.1629703349613005,0.706047806692327,0.7739399964655767,seq_eth
9680,387.2,273,-0.03,4.95,2.647935516586383,5.2399713739676095,0.034778716718372606,0.09209179921987544,seq_eth
9680,387.2,275,6.89,5.24,1.4630874888399135,2.010621794371085,0.23621670671136688,0.3456057082443681,seq_eth
9680,387.2,276,7.35,7.24,2.46278551644269,1.898420396013486,0.2649638342262408,0.6525490933135079,seq_eth
9680,387.2,278,7.35,6.12,1.6868980407837244,1.12,0.7612640772890401,1.2841748804979116,seq_eth
9680,387.2,279,7.89,5.42,1.476746846957848,1.162497311824849,0.7066225089176943,1.0435025620336489,seq_eth
9680,387.2,280,5.75,7.68,3.0466426193434377,2.6931765630942204,0.1316563252842018,0.4011097717169922,seq_eth
9680,387.2,281,8.84,4.75,2.6625293425612626,2.010621794371085,0.23621670671136688,0.6289339128222022,seq_eth
9680,387.2,283,9.27,6.43,2.43043848924427,1.9448650338776723,0.2524599229481487,0.6135883137248233,seq_eth
9680,387.2,285,-1.96,5.95,2.6067520499655887,3.4722039110628278,0.07920652100590338,0.20647176100278108,seq_eth
9680,387.2,286,-3.07,9.24,0.8067101400131558,5.25791783884077,0.034541706614459836,0.027865144979244243,seq_eth
9680,387.2,287,12.04,5.91,1.7943052276577307,1.0807867504739308,0.8175067704403502,1.4668566718467089,seq_eth
9680,387.2,289,13.35,5.73,1.3483786560160633,1.322308587282107,0.5461422124972097,0.7364065024806269,seq_eth
9690,387.6,238,12.79,3.86,0.4531142240097907,1.4091131963046821,0.4809275073284514,0.2179150942880942,seq_eth
9690,387.6,257,-7.58,4.44,1.8388175548431738,1.8860805921274948,0.268442261982788,0.49361634379576086,seq_eth
9690,387.6,260,-7.69,3.69,2.0871631464740026,2.133775995740884,0.2097363625195194,0.4377540063262522,seq_eth
9690,387.6,261,-5.76,4.6,2.440542972372947,2.133775995740884,0.2097363625195194,0.5118706055980778,seq_eth
9690,387.6,262,-6.0,3.41,2.4852062288669226,1.8860805921274948,0.268442261982788,0.667134381570751,seq_eth
9690,387.6,263,12.08,6.58,0.9374999999999493,1.0536128321162381,0.86021949243435,0.8064557741571595,seq_eth
9690,387.6,264,12.35,7.3,1.2453036778231379,1.609627286051028,0.36857063512731986,0.4589823674616612,seq_eth
9690,387.6,265,11.96,4.27,0.8240524861924373,1.1531695452100705,0.7181002094686204,0.5917522629479267,seq_eth
9690,387.6,266,13.41,4.79,1.621149283687212,1.3640014662748723,0.5132650677513417,0.832079296926756,seq_eth
9690,387.6,267,11.99,5.02,0.6350442897939752,1.1597413504743206,0.7099848762463729,0.4508718415003412,seq_eth
9690,387.6,268,12.19,5.4,0.8913648243003264,1.120044641967452,0.7612033946204655,0.6785099301026832,seq_eth
9690,387.6,273,-1.18,4.74,2.9225417020118885,4.809261897630447,0.041287113950078766,0.12066331227482198,seq_eth
9690,387.6,275,6.25,5.15,1.591824817622817,1.8406792224610997,0.2818481327444209,0.4486528525032193,seq_eth
9690,387.6,276,8.3,7.24,2.2875341527504665,1.8350476833041705,0.2835807027829694,0.6487005426770217,seq_eth
9690,387.6,278,6.72,6.02,1.6974245196767854,1.693192251340644,0.3330878853644607,0.5653915438249258,seq_eth
9690,387.6,279,7.35,5.67,1.604534589842168,1.2543125607279868,0.6069596761910458,0.9738877950879348,seq_eth
9690,387.6,280,6.91,7.81,2.79153295699687,2.02970441197727,0.23179592168152374,0.6470659546714388,seq_eth
9690,387.6,281,7.85,4.24,2.8529042220165453,2.108388009831207,0.21481782074356562,0.6128546677637118,seq_eth
9690,387.6,283,8.37,6.4,1.9664768623097835,1.693192251340644,0.3330878853644607,0.6550096196849056,seq_eth
9690,387.6,285,-0.91,5.95,2.7101948730672256,5.03438178925675,0.03767724042420091,0.10211266382899054,seq_eth
9690,387.6,286,-2.85,9.25,0.862862242771148,5.4854899507701225,0.03173514846999967,0.02738306138349928,seq_eth
9690,387.6,287,11.3,6.08,1.9180475098390846,1.2647924730958833,0.5969429634002449,1.1449649644658035,seq_eth
9690,387.6,289,12.82,5.83,1.4344532930702132,1.1597413504743206,0.7099848762463729,1.0184401437616573,seq_eth
9700,388.0,238,12.86,4.03,0.45961940777128313,1.5911002482559038,0.37720400479987853,0.17337028129507642,seq_eth
9700,388.0,263,12.35,6.53,0.4389262466520115,0.9662815324738439,1.0227371302895703,0.4489061699096504,seq_eth
9700,388.0,264,12.7,7.19,0.5306246319198082,1.6376812876747417,0.3560513268275063,0.18892960424240487,seq_eth
9700,388.0,265,12.18,4.41,0.8519279605694847,1.1933147112141043,0.6705966703310192,0.5713000537197923,seq_eth
9700,388.0,267,12.13,5.0,0.39528470752106987,0.9850888284819804,0.98405776849894,0.3889829872049402,seq_eth
9700,388.0,268,12.46,5.57,1.0698276730390408,0.9662815324738439,1.0227371302895703,1.0941524842283172,seq_eth
9700,388.0,275,5.65,4.95,1.544445693444827,1.5276125163142644,0.4092088012304476,0.632000770780085,seq_eth
9700,388.0,276,9.18,7.25,2.3137158965613303,1.7528548142958102,0.31079891246586566,0.7191003844062468,seq_eth
9700,388.0,278,6.01,5.9,1.789727632909644,1.7438463235044541,0.31401830271337444,0.5620072336055117,seq_eth
9700,388.0,279,6.75,6.01,1.521974457735827,1.5276125163142644,0.4092088012304476,0.6228053433534383,seq_eth
9700,388.0,280,7.98,7.8,2.6376184807512977,2.171865557533431,0.2024442778357795,0.5339707685420023,seq_eth
9700,388.0,281,6.73,3.88,2.945467916987213,2.1444812892632106,0.20764757296498473,0.6116192642086239,seq_eth
9700,388.0,283,7.7,6.33,1.5786168787898722,1.7426416728633567,0.3144526009455258,0.49640018343198317,seq_eth
9700,388.0,285,0.19,6.23,2.7442268947739827,5.829348162530695,0.02810162232025768,0.07711722775803198,seq_eth
9700,388.0,286,-2.38,9.26,1.0467957059522768,9.113561323653888,0.011497280886034552,0.012035304261628157,seq_eth
9700,388.0,287,10.52,6.12,1.9931523398878614,1.8753666308218242,0.27151824240869266,0.5411772201791254,seq_eth
9700,388.0,289,12.23,5.98,1.9892288078550573,0.9850888284819804,0.98405776849894,1.9575160616916543,seq_eth
9710,388.4,263,12.41,6.46,0.24270609798682707,1.2175795661885922,0.6441346769317854,0.1563354140161191,seq_eth
9710,388.4,264,12.66,7.01,0.3972562145517718,1.6835973390332974,0.33689527555172766,0.1338337418660554,seq_eth
9710,388.4,265,12.59,4.53,1.0624999999999851,1.938375608596022,0.2541531574671632,0.27003772980885715,seq_eth
9710,388.4,267,12.29,5.12,0.6624999999999666,1.345362404707371,0.5275854467134653,0.34952535844765314,seq_eth
9710,388.4,268,12.93,5.83,1.3419319095989748,1.2104957662049047,0.6516956654278118,0.874531208784918,seq_eth
9710,388.4,275,5.04,4.9,1.4927428613126756,1.6475739740600421,0.35178841722282994,0.5251296485018645,seq_eth
9710,388.4,276,10.15,7.18,2.125477887440856,1.548579994704826,0.39820260145589115,0.8463708241159207,seq_eth
9710,388.4,278,5.32,5.72,1.5680900006058391,1.8681541692269403,0.2736188133385021,0.4290589251737407,seq_eth
9710,388.4,279,6.2,6.07,1.6020007022469784,1.6475739740600421,0.35178841722282994,0.5635652914333266,seq_eth
9710,388.4,280,9.02,7.79,2.3325482310126007,2.464731222669117,0.15719265478466674,0.3666594488461488,seq_eth
9710,388.4,281,5.6,3.54,2.838380920524915,2.6001730711627644,0.14124297927071422,0.4009013775200913,seq_eth
9710,388.4,283,7.12,6.22,1.7050018328435324,2.463493454426051,0.1573506555746395,0.26828315615389176,seq_eth
9710,388.4,285,1.23,6.44,2.701301769517755,4.194901667500681,0.054266000190449186,0.1465888423391112,seq_eth
9710,388.4,286,-2.03,9.08,0.6987712429687153,8.213239312232416,0.014156061071987346,0.009891848390813642,seq_eth
9710,388.4,287,9.71,5.96,2.007991845102941,1.955760721560795,0.24965481269316908,0.5013048279785858,seq_eth
9710,388.4,289,11.25,6.09,2.3630290412942254,1.545477272560162,0.3998030808253603,0.9447462907892289,seq_eth
9720,388.8,263,12.31,6.34,0.42957100693600814,1.1326517558367175,0.7443523723995423,0.3197521981268779,seq_eth
9720,388.8,264,12.63,6.88,0.3186887195995511,1.6007810593582117,0.3726554765078527,0.11876109666004817,seq_eth
9720,388.8,265,12.95,4.77,1.0816653826391025,1.6954350474140847,0.33220722162162886,0.3593370514908323,seq_eth
9720,388.8,267,12.58,5.28,0.8551315688243476,1.1458621208504975,0.7272883918898492,0.6219272635445037,seq_eth
9720,388.8,268,13.41,6.07,1.3416407864997606,1.1458621208504975,0.7272883918898492,0.9757597701072434,seq_eth
9720,388.8,275,4.46,4.85,1.4248903466582712,1.9442736432920138,0.25261352800152687,0.3599465774846645,seq_eth
9720,388.8,276,10.85,6.93,1.7609035322810462,1.5747063218263913,0.3850988662142079,0.6781219537940247,seq_eth
9720,388.8,278,4.77,5.71,1.5518134552838532,1.637681287674742,0.3560513268275063,0.552525239742593,seq_eth
9720,388.8,279,5.55,6.46,1.8584687917745417,1.9442736432920138,0.25261352800152687,0.469474358170902,seq_eth
9720,388.8,280,9.84,7.65,1.909270148512201,2.0303694245136774,0.2316441050241053,0.4422711748013494,seq_eth
9720,388.8,281,4.54,3.28,2.7256019977245,3.248291858808257,0.09050264974803077,0.24667420295259337,seq_eth
9720,388.8,283,6.39,5.95,1.9736546050410935,2.221463481581455,0.1935053716491463,0.38191276785552586,seq_eth
9720,388.8,285,2.29,6.74,2.7835734676849833,3.2720024449868617,0.08919574617517019,0.24828291248356807,seq_eth
9720,388.8,286,-1.88,9.01,0.31349840509959165,7.5829545692955325,0.016607125739138872,0.005206307432508413,seq_eth
9720,388.8,287,8.94,5.83,2.050914430199354,2.204109797628058,0.19656443024049983,0.4031368264441554,seq_eth
9720,388.8,289,10.34,6.02,2.2999999999999705,1.7049633427144417,0.32850447505981323,0.7555602926375607,seq_eth
9730,389.2,263,12.46,6.12,0.5057482081036077,1.134636505670429,0.7417505503739092,0.37513901171146935,seq_eth
9730,389.2,264,12.77,6.78,0.3809937663532029,1.3793114224133716,0.5019341175040067,0.19123376988902263,seq_eth
9730,389.2,267,12.83,5.54,0.5656854249492793,1.7425555945220226,0.314483668220442,0.1778988274968889,seq_eth
9730,389.2,275,3.91,4.75,1.5538762016325052,1.891718795170149,0.26684448067718436,0.41464328806126166,seq_eth
9730,389.2,276,11.41,6.55,1.46500853239836,1.3793114224133716,0.5019341175040067,0.7353377648452109,seq_eth
9730,389.2,278,4.08,5.66,1.720192576428558,1.5195394038984313,0.41356849655754524,0.7114174576230089,seq_eth
9730,389.2,279,4.76,6.44,1.800173602739468,1.496930192093138,0.42615568482299737,0.7671542144757204,seq_eth
9730,389.2,280,10.53,7.56,1.738578801780319,2.3719190542680835,0.16973509750291008,0.29509784243667503,seq_eth
9730,389.2,281,3.48,3.03,2.7238816512469453,3.5060091271986162,0.07768645378343585,0.21160870601114473,seq_eth
9730,389.2,283,5.59,5.83,2.0501524333570558,1.9971980372511884,0.23940274231632877,0.4908121147121736,seq_eth
9730,389.2,285,3.38,7.02,2.6201741354345023,2.3310512649875372,0.17573883075405286,0.46046633893327077,seq_eth
9730,389.2,286,-1.8,8.98,0.10680004681648199,7.034571770904039,0.019297277944746557,0.0020609501879295974,seq_eth
9730,389.2,287,8.09,5.7,2.42451670441753,3.068093870793395,0.10144580573570862,0.24595705059932124,seq_eth
9730,389.2,289,9.41,6.09,2.4553831167456814,2.0522183119736552,0.22673797572214177,0.5567285975132391,seq_eth
9740,389.6,263,12.62,6.08,0.2828427124746036,1.0737783756436878,0.8282130603220943,0.23425402848839363,seq_eth
9740,389.6,264,12.83,6.65,0.4048533685175446,1.4401388821915748,0.46042895783576315,0.18640621454283124,seq_eth
9740,389.6,267,12.9,5.6,0.11524430571614394,1.4052046114356442,0.483606633521408,0.05573291071989633,seq_eth
9740,389.6,275,3.23,4.67,1.731193591138765,2.012585401914662,0.2357559951984623,0.4081392679601194,seq_eth
9740,389.6,276,11.55,5.99,1.2694117732240784,1.4052046114356442,0.483606633521408,0.6138959542013376,seq_eth
9740,389.6,278,3.4,5.58,1.75650576429454,1.411736519326464,0.4791418256655155,0.8416153786960876,seq_eth
9740,389.6,279,4.11,6.48,1.8607794065928458,1.196202324023825,0.6673629593622,1.24181525150404,seq_eth
9740,389.6,280,11.13,7.13,1.4985409570645047,1.8228000438885212,0.28740433953872674,0.43068717403685547,seq_eth
9740,389.6,281,2.41,2.82,2.8045164467337043,3.605010402204132,0.07347817103218444,0.2060707391356733,seq_eth
9740,389.6,283,4.81,5.51,2.0965000596231493,1.6236070953281772,0.3622509231635264,0.759459082010874,seq_eth
9740,389.6,285,4.36,7.07,2.563597326024485,1.7724841325100773,0.30395316502255837,0.7792135210885096,seq_eth
9740,389.6,286,-1.8,8.98,0.0,6.4493177933793895,0.02295851675978266,0.0,seq_eth
9740,389.6,287,7.04,5.44,2.3940681903403744,3.109099548100703,0.09878752997996922,0.2365040831273404,seq_eth
9740,389.6,289,8.38,6.15,2.503123049312552,3.1740352865083277,0.09478680416411453,0.23726303427387005,seq_eth
9750,390.0,263,12.62,5.96,0.3000000000000173,0.8469356528095857,1.3312835055783816,0.3993850516735375,seq_eth
9750,390.0,264,12.82,6.46,0.47565743976103914,1.2842507543311006,0.5789908801014804,0.27540131967406095,seq_eth
9750,390.0,267,12.9,5.6,0.0,1.060424443324465,0.8492037870621351,0.0,seq_eth
9750,390.0,275,2.57,4.4,1.7827296486008082,2.3117309532036807,0.17868858340064225,0.3185534354948032,seq_eth
9750,390.0,276,11.84,5.63,1.155692433132687,1.2842507543311006,0.5789908801014804,0.6691353789861156,seq_eth
9750,390.0,278,2.73,5.27,1.8456028825292803,1.439235908390282,0.46100688353353864,0.850835633115339,seq_eth
9750,390.0,279,3.28,6.6,2.0965745872733703,2.2029298672449835,0.1967750537928603,0.41255357719146135,seq_eth
9750,390.0,280,11.59,7.0,1.1950418402717775,1.4637281168304443,0.4457081253448647,0.5326398583362112,seq_eth
9750,390.0,281,1.31,2.46,2.893527259246222,3.8823317735608325,0.06335575774100992,0.18332161205381203,seq_eth
9750,390.0,283,4.02,5.24,2.087163146474299,1.675738643106376,0.34006255423644904,0.7097660306982339,seq_eth
9750,390.0,285,5.43,7.08,2.6751168198792374,2.2029298672449835,0.1967750537928603,0.5263962561339224,seq_eth
9750,390.0,287,6.2,5.39,2.1037169486412624,2.185154456783319,0.199989457067451,0.42072121038236077,seq_eth
9750,390.0,289,7.41,6.19,2.4270609798685894,3.520596540360739,0.07704400775752114,0.18699050496097247,seq_eth
9890,395.6,294,1.35,2.72,2.8180223561925297,4.254174420495708,0.05276437498902488,0.14869118832959807,seq_eth
9890,395.6,295,-1.18,4.97,0.0,1.98600100704909,0.24210984700354243,0.0,seq_eth
9890,395.6,296,-1.52,6.1,0.0,2.63531781764553,0.13750085077558669,0.0,seq_eth
9890,395.6,297,-1.92,4.0,0.0,2.1377558326431947,0.2089561616086154,0.0,seq_eth
9890,395.6,298,-2.77,3.78,0.12500000000000777,2.63531781764553,0.13750085077558669,0.017187606346949404,seq_eth
9890,395.6,299,7.87,4.33,1.892749323074876,5.785473187216409,0.02852946395167775,0.05399912358222714,seq_eth
9890,395.6,300,4.91,6.78,2.3251344047174163,3.8424080990961906,0.06467916490347342,0.15038775158545728,seq_eth
9890,395.6,301,5.15,7.64,2.335192711533807,4.284215214015281,0.05202700474278091,0.12149308227827679,seq_eth
9890,395.6,302,2.96,7.39,2.9267089025048207,4.662027455946609,0.04393612268749554,0.12858824141103722,seq_eth
9900,396.0,294,2.4,3.13,2.8104992883829194,4.560844220097853,0.04590721053738816,0.12902218254697428,seq_eth
9900,396.0,295,-1.18,4.97,0.0,1.9564508682816442,0.24947871007429323,0.0,seq_eth
9900,396.0,296,-1.52,6.1,0.0,2.5914088832139166,0.14219996702376214,0.0,seq_eth
9900,396.0,297,-1.92,4.0,0.0,2.1377558326431947,0.2089561616086154,0.0,seq_eth
9900,396.0,298,-2.77,3.83,0.06250000000000355,2.5914088832139166,0.14219996702376214,0.008887497938985639,seq_eth
9900,396.0,299,8.61,4.49,1.8928318731467935,5.315072906367324,0.03380281977172999,0.06398305466616715,seq_eth
9900,396.0,300,5.8,6.51,2.3720376261772564,3.4607080200444527,0.07973361654501501,0.18913113851596502,seq_eth
9900,396.0,301,6.05,7.39,2.3877290466048775,3.8682812720897113,0.06381683943378415,0.15237732117856598,seq_eth
9900,396.0,302,4.13,7.35,2.6751168198792383,4.560844220097853,0.04590721053738816,0.12280715106230447,seq_eth
9910,396.4,294,3.48,3.44,2.812499999999959,4.904742602828409,0.03969528645278292,0.11164299314845033,seq_eth
9910,396.4,295,-1.18,4.97,0.0,1.9564508682816442,0.24947871007429323,0.0,seq_eth
9910,396.4,296,-1.52,6.1,8.881784197001252e-16,2.5914088832139166,0.14219996702376214,1.2629894199257498e-16,seq_eth
9910,396.4,297,-1.92,4.0,0.0,2.1377558326431947,0.2089561616086154,0.0,seq_eth
9910,396.4,298,-2.77,3.83,0.0,2.5914088832139166,0.14219996702376214,0.0,seq_eth
9910,396.4,299,9.36,4.6,1.8085301352202987,3.86848807675557,0.06381001647498005,0.11540233772390517,seq_eth
9910,396.4,300,6.72,6.21,2.4153480598041837,3.092199864174371,0.09987028023796733,0.2412214876048745,seq_eth
9910,396.4,301,6.97,7.06,2.4141509894784643,3.429825068425502,0.08117596152157673,0.19597102782918022,seq_eth
9910,396.4,302,5.1,7.37,2.5169736291824245,4.250799924720051,0.05284818219584446,0.13301748093716861,seq_eth
9910,396.4,303,12.9,6.16,1.528275171557662,6.180202262062303,0.025001496496950427,0.038209166348075196,seq_eth
9920,396.8,294,4.56,3.76,2.6499115551277703,4.405564663014266,0.0492003533696415,0.13037658491058254,seq_eth
9920,396.8,295,-1.18,4.97,0.0,1.9564508682816442,0.24947871007429323,0.0,seq_eth
9920,396.8,296,-1.52,6.1,0.17544586059525047,2.5914088832139166,0.14219996702376214,0.024948395591100188,seq_eth
9920,396.8,297,-1.92,4.0,0.0,2.1377558326431947,0.2089561616086154,0.0,seq_eth
9920,396.8,298,-2.77,3.83,0.0,2.5914088832139166,0.14219996702376214,0.0,seq_eth
9920,396.8,299,10.04,4.71,1.8208857734630057,2.952371927789587,0.10955425440846348,0.19948578327471791,seq_eth
9920,396.8,300,7.64,5.92,2.4349345473749096,2.687768591229535,0.13218666111368507,0.3218658678478513,seq_eth
9920,396.8,301,7.85,6.69,2.391554149501918,2.952371927789587,0.10955425440846348,0.26200493172614964,seq_eth
9920,396.8,302,6.14,7.23,2.5652728899670265,3.8127811371753304,0.06568824049523445,0.16850826253205914,seq_eth
9920,396.8,303,12.31,6.32,1.7339442032545416,4.475321217521711,0.04767854100663413,0.0826719297980872,seq_eth
9920,396.8,304,13.38,5.92,2.9403443675870657,5.583350248730596,0.03063244322319934,0.09006993189676477,seq_eth
9930,397.2,294,5.53,3.98,2.562499999999954,4.076039744654117,0.05747706216715755,0.14728497180333855,seq_eth
9930,397.2,295,-1.18,4.97,0.0,1.9564508682816442,0.24947871007429323,0.0,seq_eth
9930,397.2,296,-1.51,6.24,0.3365728004458127,2.7195036311797787,0.1291195773965104,0.043458137756723365,seq_eth
9930,397.2,297,-1.92,4.0,0.0,2.2772132091659754,0.18414672243889385,0.0,seq_eth
9930,397.2,298,-2.77,3.83,0.0,2.7195036311797787,0.1291195773965104,0.0,seq_eth
9930,397.2,299,10.8,4.82,1.8974489452946828,2.369472515139183,0.17008578985312253,0.3227291025664204,seq_eth
9930,397.2,300,8.6,5.7,2.419613863822048,2.369472515139183,0.17008578985312253,0.41154193516773874,seq_eth
9930,397.2,301,8.78,6.44,2.4021149535357056,2.58936285599373,0.14242477904655934,0.342120691501759,seq_eth
9930,397.2,302,7.1,6.91,2.524009706795879,3.3241239447409296,0.08642053779718838,0.21812627626662362,seq_eth
9930,397.2,303,11.61,6.67,1.9597512597265738,2.8393309070976565,0.11845117201510481,0.23213483357269074,seq_eth
9930,397.2,304,12.21,6.04,2.4622144504490566,3.4532448508612896,0.08007863030728737,0.19717076071477074,seq_eth
9940,397.6,294,6.56,4.21,2.5710224133600543,3.701513204082892,0.06969678995645434,0.17919200911729202,seq_eth
9940,397.6,295,-1.18,4.97,0.0,1.9564508682816442,0.24947871007429323,0.0,seq_eth
9940,397.6,296,-1.38,5.87,0.4480862082232914,2.4685420798519924,0.15670769131256412,0.07021855519967289,seq_eth
9940,397.6,297,-1.92,4.0,0.0,1.9464069461446136,0.25206009200247376,0.0,seq_eth
9940,397.6,298,-2.77,3.83,0.0,2.4685420798519924,0.15670769131256412,0.0,seq_eth
9940,397.6,299,11.53,5.0,1.9255275251213433,2.1720497231877545,0.2024099492457018,0.3897459286310129,seq_eth
9940,397.6,300,9.51,5.42,2.3780572427929147,2.0632013958894073,0.22433040277940522,0.5334705391082164,seq_eth
9940,397.6,301,9.7,6.17,2.390083680543389,1.6954055562018184,0.3322187790674134,0.7940306822190744,seq_eth
9940,397.6,302,8.08,6.67,2.531612628345779,2.8917122955093584,0.11419871544503368,0.2891069101615134,seq_eth
9940,397.6,303,10.95,7.1,1.878704673438552,2.178623418583395,0.2011903039253692,0.3779771642351138,seq_eth
9940,397.6,304,11.46,6.36,1.980056817366578,1.7702259742756024,0.3047291248528482,0.6033809811150332,seq_eth
9940,397.6,305,-1.48,9.06,2.757716446627692,5.079094407470686,0.03701679478979781,0.10208182379326768,seq_eth
9950,398.0,294,7.52,4.5,2.5132772429639987,3.409750724026611,0.08213459527896619,0.206427009174684,seq_eth
9950,398.0,295,-1.18,4.97,0.0,1.9564508682816442,0.24947871007429323,0.0,seq_eth
9950,398.0,296,-1.37,5.91,0.05153882032022418,2.5072694310743713,0.1519040561452297,0.007828955855582239,seq_eth
9950,398.0,297,-1.92,4.0,0.0,1.9876116320851014,0.24171762733543561,0.0,seq_eth
9950,398.0,298,-2.77,3.83,0.0,2.5072694310743713,0.1519040561452297,0.0,seq_eth
9950,398.0,299,12.32,5.07,1.7626772960472232,2.2493110056192767,0.18874365706434987,0.3326941590802526,seq_eth
9950,398.0,300,10.43,5.18,2.3141210534456933,1.8539687160251652,0.2778219651319016,0.6429136586213888,seq_eth
9950,398.0,301,10.62,5.92,2.2970429360376805,1.4893287078412207,0.43051695530019923,0.9889159310167726,seq_eth
9950,398.0,302,9.07,6.44,2.4228727783358073,1.7197674261364522,0.322873160181016,0.7822805906578403,seq_eth
9950,398.0,303,10.28,7.37,1.7432458948755154,1.5261061562027711,0.4100170281457163,0.7147605011440785,seq_eth
9950,398.0,304,10.77,6.7,2.2122174960886096,1.5575621977950034,0.3936231073995761,0.8707799250541082,seq_eth
9950,398.0,305,-0.46,8.64,2.9386433944936194,4.864277952584536,0.04035846273863421,0.11859912993880428,seq_eth
9960,398.4,294,8.51,4.7,2.5470877978585267,2.864000698323937,0.1164193427066592,0.2965302872428417,seq_eth
9960,398.4,295,-1.18,4.97,0.0,1.9564508682816442,0.24947871007429323,0.0,seq_eth
9960,398.4,296,-1.37,5.91,0.0,2.5072694310743713,0.1519040561452297,0.0,seq_eth
9960,398.4,297,-1.92,4.0,0.0,1.9876116320851014,0.24171762733543561,0.0,seq_eth
9960,398.4,298,-2.77,3.83,0.0,2.5072694310743713,0.1519040561452297,0.0,seq_eth
9960,398.4,299,12.91,5.29,1.5742061491432056,3.089676358455687,0.10003348577443905,0.1574733284263513,seq_eth
9960,398.4,300,11.34,5.14,2.2528107443813097,1.756957597667058,0.30934907465462835,0.6969049191463627,seq_eth
9960,398.4,301,11.5,5.8,2.1628251200686326,1.5920113064925132,0.3767724042420093,0.8148928204432712,seq_eth
9960,398.4,302,9.97,6.24,2.3705550510375826,1.5920113064925132,0.3767724042420093,0.8931597259674691,seq_eth
9960,398.4,303,9.63,7.55,1.7504463716434957,2.561132561973315,0.14558186092498895,0.25483324023325493,seq_eth
9960,398.4,304,9.81,7.0,2.5347583711272743,2.0727035485085654,0.2222782659973865,0.5634216954565304,seq_eth
9960,398.4,305,0.7,8.18,3.0738056623670555,4.933234233238879,0.03923809451330382,0.12061027709548697,seq_eth
9970,398.8,294,9.52,4.89,2.4490112800883033,2.717370052090809,0.12932241688917692,0.3167120577298764,seq_eth
9970,398.8,295,-1.18,4.97,0.0,1.9564508682816442,0.24947871007429323,0.0,seq_eth
9970,398.8,296,-1.37,5.91,0.0,2.5072694310743713,0.1519040561452297,0.0,seq_eth
9970,398.8,297,-1.92,4.0,0.0,1.9876116320851014,0.24171762733543561,0.0,seq_eth
9970,398.8,298,-2.77,3.83,0.0,2.5072694310743713,0.1519040561452297,0.0,seq_eth
9970,398.8,300,12.23,5.09,2.576092001462695,2.717370052090809,0.12932241688917692,0.3331464437580328,seq_eth
9970,398.8,301,12.35,5.89,2.2272460573542197,3.0014829668015777,0.10599847468074593,0.23608468481825245,seq_eth
9970,398.8,302,10.93,6.07,2.344741456962746,1.8386136081297784,0.28248178037313165,0.6623467412775271,seq_eth
9970,398.8,303,8.91,7.66,1.8598555051400962,2.836370920736567,0.11869852809836817,0.22076211093577644,seq_eth
9970,398.8,304,8.81,7.22,2.2406751214755913,2.435775030662725,0.16095224314029535,0.3606416869501502,seq_eth
9970,398.8,305,1.84,7.77,3.164500355506353,5.324518757596784,0.033682991783262096,0.10658983947265048,seq_eth
9980,399.2,294,10.43,5.09,2.3366977232838306,2.972036338943386,0.10810932396143683,0.2526188111664435,seq_eth
9980,399.2,295,-1.18,4.97,0.0,1.9564508682816442,0.24947871007429323,0.0,seq_eth
9980,399.2,296,-1.37,5.91,0.0,2.5072694310743713,0.1519040561452297,0.0,seq_eth
9980,399.2,297,-1.92,4.0,0.0,1.9876116320851014,0.24171762733543561,0.0,seq_eth
9980,399.2,298,-2.77,3.83,0.0,2.5072694310743713,0.1519040561452297,0.0,seq_eth
9980,399.2,300,13.4,5.2,2.9378989090846845,2.972036338943386,0.10810932396143683,0.317614264928188,seq_eth
9980,399.2,301,13.28,5.88,2.325134404717416,2.9574651308172677,0.10917724127676723,0.25385175990474584,seq_eth
9980,399.2,302,11.82,5.93,2.237639660445772,1.7404884371922726,0.31523112882559406,0.7053736760672397,seq_eth
9980,399.2,303,8.16,7.78,1.931967908636134,4.1009876859117735,0.05677987754570206,0.1096969012745858,seq_eth
9980,399.2,304,8.05,7.34,1.9442623922711364,4.0250465835813625,0.05894263678485107,0.11459995200208323,seq_eth
9980,399.2,305,3.07,7.29,3.195309061734062,4.98025099769078,0.03850072606636207,0.12302171888318751,seq_eth
9990,399.6,294,11.36,5.22,2.231101185513507,4.812411038138784,0.04123309679270841,0.09199521113660492,seq_eth
9990,399.6,302,12.71,5.88,1.452637687105639,5.704910165813307,0.02934092234226546,0.042621729568814666,seq_eth
9990,399.6,303,7.39,7.94,1.9809246578302497,4.812411038138784,0.04123309679270841,0.08167965815537748,seq_eth
9990,399.6,304,7.28,7.5,1.990602923739414,4.673842102596106,0.04371427793119517,0.08701776945899445,seq_eth
9990,399.6,305,4.24,6.89,3.0631886980726,3.3203915431767976,0.0866149350159975,0.2653178900252962,seq_eth
9990,399.6,306,2.2,8.37,2.9551861193503504,5.207782637553145,0.035209972292738916,0.10405202138221248,seq_eth
10000,400.0,294,12.2,5.32,2.1602227894364368,6.2475755297555216,0.024465176406950475,0.052850231621877054,seq_eth
10000,400.0,302,12.98,5.86,0.6768493185340816,6.755693894782385,0.020923361362142626,0.01416196287940857,seq_eth
10000,400.0,303,6.61,8.11,2.0284307358153666,3.395114136520303,0.08284429837868028,0.1680439211183742,seq_eth
10000,400.0,304,6.49,7.66,2.037806725379145,3.262590994899606,0.08971108634049244,0.18281385508572462,seq_eth
10000,400.0,305,5.43,6.63,3.041381265149282,2.48708664907357,0.15437947144195746,0.469526832167218,seq_eth
10000,400.0,306,3.23,7.79,3.176476034853898,2.4890158697766473,0.15414024705439242,0.48962280077473663,seq_eth
10000,400.0,307,1.47,6.03,2.0020302195522572,1.7572990639046047,0.3092288651764425,0.6190855328410885,seq_eth
10000,400.0,308,0.51,6.68,2.236067977499917,1.3601470508735447,0.5161781938115523,1.1542095298657578,seq_eth
10000,400.0,309,0.52,7.43,2.256241343473826,1.6918924315688626,0.33359988071663665,0.7526818430508124,seq_eth
10000,400.0,310,1.31,7.78,2.2080817466752802,1.7572990639046047,0.3092288651764425,0.6828026127412139,seq_eth
10010,400.4,294,13.07,5.47,2.0100139924886085,7.795716772689988,0.015713006038045915,0.03158336200053028,seq_eth
10010,400.4,303,5.81,8.31,1.9489179690279315,2.0003249735980404,0.23865485181100435,0.46511872909016455,seq_eth
10010,400.4,304,5.69,7.86,1.892831873146685,1.6671532623007397,0.3435740298450645,0.6503278744761886,seq_eth
10010,400.4,305,6.64,6.49,3.0771587950574966,2.30269407433988,0.18009385533935066,0.5541773908932953,seq_eth
10010,400.4,306,4.44,7.17,3.361198632928395,2.30269407433988,0.18009385533935066,0.6053312203654295,seq_eth
10010,400.4,307,2.24,5.81,1.9606280881390823,1.731848723185718,0.3183841758248163,0.6242329579411471,seq_eth
10010,400.4,308,1.39,6.52,2.0595054017894645,1.2780062597655777,0.5846627432507019,1.2041160779498674,seq_eth
10010,400.4,309,1.39,7.19,2.189356355187502,1.6207714212682807,0.3635196081127455,0.7958739642569096,seq_eth
10010,400.4,310,2.16,7.54,2.240884312051793,1.731848723185718,0.3183841758248163,0.7134621048113706,seq_eth
10020,400.8,294,13.76,5.71,1.8263693492827313,9.036924255519684,0.011693111681132566,0.021355940772160388,seq_eth
10020,400.8,303,5.08,8.41,1.9702870983691585,2.317671245021606,0.17777378407762526,0.3502653931964096,seq_eth
10020,400.8,304,5.0,7.93,1.919798166474799,2.055723716845238,0.2259653711669125,0.43380790525303603,seq_eth
10020,400.8,305,7.88,6.39,3.059232951247696,3.4525932282850813,0.08010886031939969,0.24507166517600656,seq_eth
10020,400.8,306,5.67,6.66,3.2914899741605854,2.2264321233758735,0.19264265857401086,0.6340813792919975,seq_eth
10020,400.8,307,2.96,5.54,1.9487576170473087,1.7718069872308322,0.3041855377158515,0.592783883619397,seq_eth
10020,400.8,308,2.12,6.33,1.8229869034087647,1.344172607963724,0.5285198464419817,0.963484758255344,seq_eth
10020,400.8,309,2.21,6.97,2.2224001664866577,1.6147445618425222,0.36623826745086,0.8139279865565764,seq_eth
10020,400.8,310,3.04,7.31,2.2980970388562496,1.7718069872308322,0.3041855377158515,0.6990478834876943,seq_eth
10030,401.2,303,4.24,8.45,2.129443882801295,2.010795862339088,0.2361758114785875,0.5029231370187099,seq_eth
10030,401.2,304,4.17,8.08,2.0791374413443413,1.67107749670684,0.34196227701033927,0.7109865736595616,seq_eth
10030,401.2,305,9.08,6.3,2.975236335150499,5.2226908773160226,0.035009244534723,0.10416077640587688,seq_eth
10030,401.2,306,6.88,6.18,3.299100256130398,3.2749351138610363,0.0890360700547656,0.29373892152252123,seq_eth
10030,401.2,307,3.72,5.32,1.9131943184109474,1.7736967046256809,0.30353771727634205,0.5807266361165261,seq_eth
10030,401.2,308,2.76,6.02,1.9708025015205803,1.5861904047118685,0.37954278956731785,0.7480038791133693,seq_eth
10030,401.2,309,3.12,6.78,2.2102389576694943,1.5784802817900514,0.3832596157293996,0.8470953335865591,seq_eth
10030,401.2,310,3.94,7.08,2.2010295886243645,1.4024621207005905,0.48549985182336325,1.068599539135967,seq_eth
10030,401.2,311,0.84,7.47,2.4129857024025254,2.4060133000463653,0.16495874147961995,0.39804308467663735,seq_eth
10030,401.2,312,0.34,6.96,2.435415775591303,2.785821243367923,0.12304526061119626,0.29966636880425057,seq_eth
10030,401.2,313,-0.27,2.74,2.0556325060669964,4.465344331627741,0.047891834645718355,0.09844801207292422,seq_eth
10030,401.2,314,-0.68,3.47,2.157834562703825,4.2790653185012255,0.052152310083415566,0.11253605722284132,seq_eth
10040,401.6,303,3.38,8.52,2.235124437251741,2.035706265648362,0.23043113306903118,0.5150422566261993,seq_eth
10040,401.6,304,3.35,8.14,1.97598867658695,1.730722392528623,0.3187987108737971,0.6299426427971401,seq_eth
10040,401.6,305,10.25,6.17,2.933454661316542,5.8822104688628745,0.027598804018201296,0.08095984029395431,seq_eth
10040,401.6,306,8.14,5.73,3.28110118710162,3.7293028839181197,0.06866193968458996,0.22528677180780796,seq_eth
10040,401.6,307,4.45,5.19,1.9347561215822373,1.7262676501632062,0.320446194144756,0.6199852357592968,seq_eth
10040,401.6,308,3.59,5.76,2.2288239611956557,1.6194134740701647,0.3641295170834593,0.811580592654217,seq_eth
10040,401.6,309,3.93,6.56,2.12522057678724,1.4653668482670126,0.444711804848588,0.9451106784044107,seq_eth
10040,401.6,310,4.75,6.89,2.0665868600181967,1.7262676501632062,0.320446194144756,0.6622298941623928,seq_eth
10040,401.6,311,1.8,7.37,2.4947757915291473,1.9542006038275597,0.2500535909689629,0.6238276453343,seq_eth
10040,401.6,312,1.31,6.87,2.529853009563972,2.535843055080499,0.14850006353337566,0.3756833326503515,seq_eth
10040,401.6,313,0.53,2.93,2.169569369713708,4.168033109273485,0.05496788939711455,0.11925664915379064,seq_eth
10040,401.6,314,0.17,3.62,2.048970778220084,4.034352488318293,0.05867102841922905,0.12021522275912042,seq_eth
10050,402.0,303,2.46,8.62,2.281720841821057,1.9736514383244057,0.2451491948120487,0.559362027158302,seq_eth
10050,402.0,304,2.59,8.13,1.8551027599570842,1.5009663553857566,0.4238668642866401,0.7863165897925009,seq_eth
10050,402.0,305,11.41,6.02,3.049718224689137,6.266897158881738,0.024314550556382646,0.07415252795692555,seq_eth
10050,402.0,306,9.44,5.6,3.2547081282353405,4.255408323533711,0.05273378018893739,0.17163306301351028,seq_eth
10050,402.0,307,5.23,4.98,2.116490314175925,1.8004999305748384,0.2945677273586812,0.6234497418234634,seq_eth
10050,402.0,308,4.48,5.55,2.321536398594822,1.6144348856488449,0.3663787824399065,0.8505616791070965,seq_eth
10050,402.0,309,4.77,6.37,2.186964220100672,1.464137971640651,0.44545862693071425,0.9742020786326457,seq_eth
10050,402.0,310,5.56,6.75,2.0550243307563245,1.8004999305748384,0.2945677273586812,0.6053438467776853,seq_eth
10050,402.0,311,2.81,7.15,2.562621948317923,1.511092320144602,0.4182051583390442,1.0717017176594068,seq_eth
10050,402.0,312,2.34,6.65,2.599579292885825,1.9736514383244057,0.2451491948120487,0.6372847705010348,seq_eth
10050,402.0,313,1.43,3.09,2.2114757516193917,3.9184308083721477,0.062193789186690975,0.13754005668769542,seq_eth
10050,402.0,314,0.94,3.72,1.971079970473152,3.906635380989631,0.06256992350518105,0.12333032297509965,seq_eth
10060,402.4,303,1.56,8.66,2.1250367643878416,2.796354770053328,0.1221200136261921,0.2595095186232024,seq_eth
10060,402.4,304,1.87,8.03,1.8436122829922474,2.1960418939537556,0.19801137530613622,0.36505620368658054,seq_eth
10060,402.4,305,12.67,5.86,3.205000975038805,6.653375083369342,0.021571848777009083,0.06913779636370376,seq_eth
10060,402.4,306,10.74,5.59,3.4250912396605573,4.705103612036615,0.0431353174880916,0.1477423980484394,seq_eth
10060,402.4,307,6.1,4.81,2.2092490239897957,1.8201373574541022,0.28824584459276503,0.6368068508356804,seq_eth
10060,402.4,308,5.41,5.39,2.307765423521178,1.552417469626003,0.39623637284289276,0.9144206007882738,seq_eth
10060,402.4,309,5.64,6.19,2.1769387910549756,1.454647723677455,0.45129000876718867,0.982430726100833,seq_eth
10060,402.4,310,6.37,6.61,2.0886598574205086,1.8201373574541022,0.28824584459276503,0.6020475246691787,seq_eth
10060,402.4,311,3.82,7.02,2.573482562598743,2.1960418939537556,0.19801137530613622,0.5095788215465369,seq_eth
10060,402.4,312,3.36,6.52,2.651797739270426,2.3037577997697585,0.17992758249041366,0.477131556480472,seq_eth
10060,402.4,313,2.27,3.25,2.100297597960797,3.799894735384126,0.06613452674326639,0.1389021876611565,seq_eth
10060,402.4,314,1.73,3.85,2.2441938975943447,3.796972478172576,0.06623636391422436,0.14864724369514057,seq_eth
10060,402.4,315,-1.71,10.7,2.8254424432287837,6.570943615646081,0.022116474595478924,0.0624888260166573,seq_eth
10070,402.8,303,0.76,8.61,2.0268895505182067,3.435258360007293,0.08091938467514383,0.16401465523241213,seq_eth
10070,402.8,304,1.12,8.01,1.9501602498256227,3.3959093038536823,0.0828055061958145,0.16148400664976675,seq_eth
10070,402.8,305,13.95,5.67,3.235061823211143,7.05126938926602,0.01920599308435516,0.062132575004054606,seq_eth
10070,402.8,306,12.18,5.62,3.2149309868175013,5.295904077681166,0.034047965120598295,0.10946185810429294,seq_eth
10070,402.8,307,6.97,4.67,2.252845423015055,1.7749647883831385,0.3031041607844381,0.6828468213200407,seq_eth
10070,402.8,308,6.3,5.24,2.3054961505064107,1.4920120642943875,0.42896979405748725,0.9889882088830646,seq_eth
10070,402.8,309,6.48,6.04,2.2311011855135394,1.4549914089093445,0.4510768344597885,1.0063980601209288,seq_eth
10070,402.8,310,7.2,6.43,2.2945587811167454,1.7749647883831385,0.3031041607844381,0.6954903137209543,seq_eth
10070,402.8,311,4.86,6.96,2.4525815480835136,2.243211982849592,0.18977139478365906,0.46542982120047416,seq_eth
10070,402.8,312,4.45,6.43,2.6632921356846597,2.1996817951694734,0.19735660285028161,0.5256182882965957,seq_eth
10070,402.8,313,3.09,3.35,2.163077957448582,3.7250771804084812,0.068817807364507,0.1488582821901078,seq_eth
10070,402.8,314,2.67,4.2,2.4272541070105906,3.5233081046085086,0.07692546610207851,0.18671765352997405,seq_eth
10070,402.8,315,-0.74,10.12,2.7676987281855188,3.8878400172846606,0.06317636160389623,0.17485313566249203,seq_eth
10070,402.8,316,-1.87,6.4,1.352081728299073,3.8878400172846606,0.06317636160389623,0.0854196041850432,seq_eth
10080,403.2,303,-0.06,8.59,1.8870032458901553,2.5575965279926383,0.14598469089498609,0.2754735855691097,seq_eth
10080,403.2,304,0.31,8.05,1.9010276825969585,2.347764894532671,0.1732455839171574,0.32934465091419063,seq_eth
10080,403.2,306,13.31,5.69,2.830415163893969,5.906174734970174,0.02737529444373524,0.07748344850961054,seq_eth
10080,403.2,307,7.89,4.6,2.340839859964756,1.6735889578985639,0.34093671982268975,0.7980782634865884,seq_eth
10080,403.2,308,7.24,5.16,2.3335862958116342,1.432829368766567,0.46513865492029843,1.0854411907742652,seq_eth
10080,403.2,309,7.41,5.96,2.3303030918744976,1.4422205101855958,0.4591007973804672,1.06984400761775,seq_eth
10080,403.2,310,8.17,6.25,2.409778257433633,1.6735889578985639,0.34093671982268975,0.82158189458946,seq_eth
10080,403.2,311,5.78,6.93,2.533926054564269,2.2944498251214815,0.18139038057771345,0.4596298113931966,seq_eth
10080,403.2,312,5.46,6.16,2.699450175498654,2.041665986394445,0.22908781752024077,0.6184111492096176,seq_eth
10080,403.2,313,3.99,3.44,2.176938791054979,3.6770776439993758,0.07062619045709768,0.15374889367049294,seq_eth
10080,403.2,314,3.58,4.44,2.2860992979308437,3.322664593364789,0.08649646819787613,0.19773951522066216,seq_eth
10080,403.2,315,0.2,9.58,2.789853266750728,3.5559808773389094,0.07551835971145687,0.21068514254066453,seq_eth
10080,403.2,316,-1.33,6.37,1.4160353985688061,3.5559808773389094,0.07551835971145687,0.1069366705932753,seq_eth
10090,403.6,303,-0.74,8.44,1.7450823762791035,2.119999999999999,0.21247099914368384,0.37077939607605515,seq_eth
10090,403.6,304,-0.4,7.96,1.7154172233016327,1.9916073910286636,0.2407486848736599,0.41298444051949346,seq_eth
10090,403.6,307,8.84,4.57,2.2628107521398646,1.5009663553857557,0.4238668642866406,0.9591304979836192,seq_eth
10090,403.6,308,8.16,5.08,2.2328863047633676,1.3438005804433926,0.5288125255019231,1.1807782459805733,seq_eth
10090,403.6,309,8.33,5.81,2.330370142273507,1.3407833531186155,0.5311952264289777,1.2378814953883044,seq_eth
10090,403.6,310,9.09,6.05,2.3607797970161983,1.5009663553857557,0.4238668642866406,1.000656329832508,seq_eth
10090,403.6,311,6.88,6.79,2.683805600262382,2.1360009363293826,0.20929965118934185,0.5617195759949187,seq_eth
10090,403.6,312,6.59,6.14,2.718139299226533,1.8943336559328718,0.2661083066884135,0.7233194462604037,seq_eth
10090,403.6,313,4.8,3.68,2.185928006591231,3.64,0.07207233867825232,0.1575449436173202,seq_eth
10090,403.6,314,4.45,4.62,2.2715977306732564,3.2578827480435812,0.0899705721373469,0.20437694749457172,seq_eth
10090,403.6,315,1.24,9.09,2.7393258751013327,3.4048935372489986,0.08236909754352706,0.2256358002097293,seq_eth
10090,403.6,316,-0.74,6.32,1.5063407649001432,3.4048935372489986,0.08236909754352706,0.12407592939785106,seq_eth
10100,404.0,303,-1.45,8.46,1.7757040857080773,3.601999444752872,0.07360106506284468,0.1306937119445593,seq_eth
10100,404.0,304,-1.06,7.97,1.6501893830710188,3.26744548539069,0.08944471427580712,0.1476007178697577,seq_eth
10100,404.0,307,9.7,4.57,2.1887853366651893,1.3388054376943648,0.5327659331351107,1.166110262320877,seq_eth
10100,404.0,308,9.02,5.01,2.219410113070713,1.3189389675038041,0.5489363408550079,1.2183148663256365,seq_eth
10100,404.0,309,9.25,5.66,2.232746346990757,1.1792370414806344,0.6867033356474705,1.5332343641332575,seq_eth
10100,404.0,310,10.02,5.87,2.356672707441709,1.3388054376943648,0.5327659331351107,1.2555549340742298,seq_eth
10100,404.0,311,7.91,6.66,2.583027535664449,1.9886176103011861,0.24147313471687962,0.6237317560969111,seq_eth
10100,404.0,312,7.63,6.02,2.6420872430714306,1.7181967291320277,0.32346374180318826,0.8546194258143548,seq_eth
10100,404.0,313,5.65,3.99,2.1740299560954863,3.498070896937339,0.07803944416715337,0.1696600893764326,seq_eth
10100,404.0,314,5.38,4.69,2.220360331117578,3.206524598377502,0.09287572784447974,0.2062175818295551,seq_eth
10100,404.0,315,2.15,8.58,2.6462827702270957,3.601999444752872,0.07360106506284468,0.19476923034616933,seq_eth
10100,404.0,316,-0.14,6.18,1.5618998847558307,3.3172428310269964,0.08677944207625994,0.13554080057808568,seq_eth
10110,404.4,307,10.59,4.51,2.2750343404001234,1.3516286472252652,0.5227049420063341,1.189171692961265,seq_eth
10110,404.4,308,9.93,4.94,2.2637427526112304,1.3482581355215333,0.5253216297455009,1.1891930321262978,seq_eth
10110,404.4,309,10.1,5.57,2.116970122604447,1.167775663387451,0.7002490713143442,1.4824063623539774,seq_eth
10110,404.4,310,10.96,5.81,2.4282195123175723,1.3516286472252652,0.5227049420063341,1.2692423393646055,seq_eth
10110,404.4,311,8.93,6.53,2.4682990094394763,1.878323720768068,0.27066400004290475,0.6680796831968282,seq_eth
10110,404.4,312,8.69,5.9,2.528895509901491,1.5681836627130128,0.3883090674005254,0.9819930570032241,seq_eth
10110,404.4,313,6.48,4.13,2.096313728906023,3.4296501279285034,0.08118424302243332,0.17018764321876997,seq_eth
10110,404.4,314,6.21,4.86,2.2629143267034575,3.191755003129156,0.09373726684709119,0.21211940409430768,seq_eth
10110,404.4,315,3.17,8.22,2.8381882425236813,5.261577710155007,0.034493669983289094,0.09789952858806313,seq_eth
10110,404.4,316,0.48,6.05,1.6317647655222554,6.29971427923521,0.024061886655160764,0.03926333883588149,seq_eth
10120,404.8,307,11.52,4.56,2.230050447859822,1.2875169901791592,0.5760569816923277,1.2846361300157525,seq_eth
10120,404.8,308,10.83,4.95,2.1918171684699947,1.3961733416735906,0.4898833727755459,1.0737347869974279,seq_eth
10120,404.8,309,10.94,5.55,2.088098716536139,1.147388338793802,0.725354848880647,1.514612528980944,seq_eth
10120,404.8,310,11.96,5.77,2.612769124894104,1.3961733416735906,0.4898833727755459,1.2799521511869352,seq_eth
10120,404.8,311,9.87,6.42,2.258871399615256,1.755704986607944,0.3097906434878741,0.699777224443165,seq_eth
10120,404.8,312,9.64,5.79,2.3246639542092544,1.4566056432679364,0.450077606896061,1.0462791893480357,seq_eth
10120,404.8,313,7.3,4.29,2.145088867622948,3.3379334924470854,0.08570694668288538,0.18384901720741098,seq_eth
10120,404.8,314,7.16,5.02,2.2725605052450786,3.0502622838044595,0.10263536059923822,0.23324506693941566,seq_eth
10120,404.8,315,4.3,7.85,2.904145743587899,4.6554913811540874,0.044059577483730086,0.12795543441365598,seq_eth
10120,404.8,316,1.15,5.98,1.6716851527724694,6.377977735928529,0.023474988287487078,0.03924278938169977,seq_eth
10130,405.2,307,12.37,4.63,3.4379545154056883,1.3879841497654077,0.495681110070787,1.7041291105691663,seq_eth
10130,405.2,308,11.68,5.05,2.515607530995156,1.3172699040060094,0.5503282956151287,1.3844100049691463,seq_eth
10130,405.2,309,11.77,5.61,1.9940536602609096,1.234058345460214,0.6270468570171196,1.2503650803900865,seq_eth
10130,405.2,310,13.05,5.84,2.730613484182785,1.581455026233754,0.3818191357662419,1.0426004806423175,seq_eth
10130,405.2,311,10.73,6.37,2.095903743018727,1.6263148526653748,0.3610456571331136,0.7567169441859487,seq_eth
10130,405.2,312,10.54,5.71,2.1617411963507367,1.3172699040060094,0.5503282956151287,1.1896673481487103,seq_eth
10130,405.2,313,8.16,4.48,2.173778392569005,3.1901410627118043,0.09383213702971131,0.20397027200376044,seq_eth
10130,405.2,314,7.99,5.23,2.249722205073281,2.9676927064640637,0.1084260217266977,0.2439284286863098,seq_eth
10130,405.2,315,5.34,7.39,2.832953405899888,4.0522216128933515,0.058154724798354034,0.16474962568666776,seq_eth
10130,405.2,316,1.81,5.91,1.6632517097540944,6.50902450448606,0.022539255619919374,0.03748845544641548,seq_eth
10140,405.6,308,12.82,5.25,2.893527259245812,1.6367040050051818,0.3564766531847735,1.0314749132748575,seq_eth
10140,405.6,309,12.52,5.77,1.9171919570036204,1.1709824934643558,0.6964189458513508,1.3351688016911496,seq_eth
10140,405.6,311,11.54,6.27,1.9491183904524214,1.6367040050051818,0.3564766531847735,0.6948152004893717,seq_eth
10140,405.6,312,11.36,5.61,1.972664758644975,1.5037286989347523,0.42231101121146775,0.8330780490045854,seq_eth
10140,405.6,313,8.99,4.7,2.187499999999974,2.9945617375502533,0.10648902229758603,0.23294473627596665,seq_eth
10140,405.6,314,8.9,5.48,2.269154578251512,2.7556668884319078,0.1257528818035178,0.2853527274727736,seq_eth
10140,405.6,315,6.38,6.95,2.8808093480825514,4.0286598267910385,0.05883695470461501,0.16949804912576458,seq_eth
10140,405.6,316,2.48,5.94,1.7375449634469737,6.6270430811939045,0.021743617232946447,0.03778051261022492,seq_eth
10150,406.0,311,12.28,6.2,1.81525652457177,2.7324897072084275,0.12789521978857193,0.23216263218274574,seq_eth
10150,406.0,312,12.11,5.55,1.8515618407172896,2.4010414407085925,0.16564261206441858,0.3066975396952148,seq_eth
10150,406.0,313,9.84,4.97,2.287055967833012,2.7324897072084275,0.12789521978857193,0.29250352567476817,seq_eth
10150,406.0,314,9.72,5.78,2.2461077445217468,2.4010414407085925,0.16564261206441858,0.3720511537807019,seq_eth
10150,406.0,315,7.49,6.56,2.838683673818009,4.337476224718702,0.05075714285607679,0.14408347275519356,seq_eth
10150,406.0,316,3.2,5.92,1.8385626179166115,6.707615075419877,0.02122438513764354,0.039022361102336325,seq_eth
10160,406.4,311,12.99,6.19,1.2686730272218039,2.4490202122481555,0.15921597588265035,0.20199301410511575,seq_eth
10160,406.4,312,12.82,5.36,1.7536568934657528,2.2912005586591504,0.1819052229791549,0.31899934823481985,seq_eth
10160,406.4,313,10.75,5.2,2.3022068217255995,2.439877046082446,0.160411499840647,0.36930044921637245,seq_eth
10160,406.4,314,10.62,6.0,2.2533655384779223,2.2912005586591504,0.1819052229791549,0.4098989607303699,seq_eth
10160,406.4,315,8.52,6.19,2.8417094327182135,4.379372101112214,0.049790637552277334,0.1414905243933602,seq_eth
10160,406.4,316,3.95,5.89,1.7793959649274127,6.834917702503812,0.020441125405403538,0.036372856064950276,seq_eth
10170,406.8,311,13.29,6.3,0.7988272654334517,1.898973406870142,0.26480953344371305,0.21153707546154948,seq_eth
10170,406.8,312,13.5,5.36,1.6999999999998543,2.1763501556505096,0.20161082203132535,0.3427383974532237,seq_eth
10170,406.8,313,11.64,5.36,2.327350961930729,1.898973406870142,0.26480953344371305,0.6163047223886531,seq_eth
10170,406.8,314,11.48,6.17,2.1303242124145907,1.8146625030566967,0.2899877493323332,0.6177679237062824,seq_eth
10170,406.8,315,9.68,5.95,2.953017524499262,3.626927073984256,0.07259283129486054,0.2143679029667416,seq_eth
10170,406.8,316,4.62,5.82,1.6058973348255772,7.035055081518553,0.019294626577050267,0.030985189396539773,seq_eth
10180,407.2,313,12.6,5.41,2.5760920014626154,7.3792818078726325,0.017536510923964396,0.04517566552478646,seq_eth
10180,407.2,314,12.31,6.22,1.757217260329541,7.093659140387279,0.018977139478365903,0.03334695704306571,seq_eth
10180,407.2,315,10.85,5.8,2.7259172768079307,5.620035587075939,0.030233835849882613,0.08241493548737,seq_eth
10180,407.2,316,5.23,5.78,1.6173377043771306,7.3792818078726325,0.017536510923964396,0.02836246032054905,seq_eth
10190,407.6,313,13.7,5.3,2.7637157958080083,7.8013139918862375,0.015690466863587587,0.04336399111449915,seq_eth
10190,407.6,314,12.87,6.38,1.4560219778559764,6.991223068962968,0.019537323303122363,0.02844677211782388,seq_eth
10190,407.6,315,11.84,5.65,2.37319009984446,5.930413139065439,0.027151978645069696,0.0644368069116676,seq_eth
10190,407.6,316,5.91,5.72,1.6772838906994563,7.8013139918862375,0.015690466863587587,0.026317367307849084,seq_eth
10200,408.0,315,12.74,5.62,2.251249652970674,6.170656367032603,0.008359636688389072,0.018819629193696813,seq_eth
10200,408.0,316,6.57,5.71,1.6511832878273425,6.170656367032603,0.008359636688389072,0.013803292392176345,seq_eth
10430,417.2,319,10.18,4.29,2.140385479300217,1.8209887424144064,0.09599212490464129,0.20546015027306694,seq_eth
10430,417.2,320,12.0,4.35,1.866815470259286,1.8209887424144064,0.09599212490464129,0.17919958379504605,seq_eth
10440,417.6,319,9.35,4.08,1.8402615303265297,1.9500256408570644,0.0837084852952691,0.15404550525078772,seq_eth
10440,417.6,320,11.3,4.09,1.7980023637358986,1.9500256408570644,0.0837084852952691,0.15050805442564555,seq_eth
10450,418.0,319,8.75,3.94,1.6326741867256618,1.8604300578092146,0.09196518149306336,0.1501491779012651,seq_eth
10450,418.0,320,10.61,3.98,1.689535809031679,1.8604300578092146,0.09196518149306336,0.155378467316628,seq_eth
10460,418.4,319,8.07,3.82,1.6766782637107043,3.3303453274397827,0.08609795680822387,0.144358572730252,seq_eth
10460,418.4,320,10.0,3.72,1.7707696066964325,1.9325889371514053,0.2556774367590491,0.4527458341309733,seq_eth
10460,418.4,321,11.16,4.54,2.2549944567557447,1.7244709333589823,0.32111428426638383,0.7241109310057839,seq_eth
10460,418.4,322,11.11,5.18,2.2810359488616347,1.8340392580312987,0.28389263565459844,0.6475693075452174,seq_eth
10460,418.4,323,11.59,6.21,2.500124996874943,1.8834542734029946,0.2691914242970546,0.6730122088294351,seq_eth
10460,418.4,324,13.14,5.14,2.7518175811631678,2.0689127579480004,0.22309355633851316,0.6139127705765361,seq_eth
10470,418.8,319,7.41,3.88,1.817708034861481,3.153173005085513,0.09604522590408564,0.17458217883594251,seq_eth
10470,418.8,320,9.23,3.66,1.826925354249553,1.9363109254456012,0.2546954520980908,0.4653095790500546,seq_eth
10470,418.8,321,10.26,4.48,1.9941320166929122,1.7710166571774524,0.3044570886502065,0.607127628186489,seq_eth
10470,418.8,322,10.21,5.33,2.1883926750014093,1.9363109254456012,0.2546954520980908,0.5573736617276343,seq_eth
10470,418.8,323,10.59,6.22,2.5386081324221443,2.184971395693775,0.2000229694709728,0.5077799369702379,seq_eth
10470,418.8,324,12.14,4.68,2.6965545145610834,2.184971395693775,0.2000229694709728,0.5393728413428655,seq_eth
10480,419.2,319,6.62,3.93,2.045001528116749,3.0327545235313718,0.10382378648249241,0.21231980201156406,seq_eth
10480,419.2,320,8.56,3.47,1.6367841946939645,1.9937903600930569,0.24022178973419495,0.39319122865802714,seq_eth
10480,419.2,321,9.57,4.41,1.9569188153829384,1.7083617883809037,0.32719878655178075,0.6403014617736457,seq_eth
10480,419.2,322,9.36,5.23,2.164486082191303,1.9332873557751313,0.2554927382682396,0.5530104760825498,seq_eth
10480,419.2,323,9.56,6.15,2.4400947727496005,2.65680258958019,0.13528598568432432,0.33011062649459705,seq_eth
10480,419.2,324,11.25,4.1,2.549050068162621,2.65680258958019,0.13528598568432432,0.3448507510300743,seq_eth
10490,419.6,319,5.78,4.02,2.0406034646642746,2.9398129192178204,0.11049229488589779,0.22547095976286974,seq_eth
10490,419.6,320,7.98,3.27,1.3716436308312325,2.324327859833892,0.17675699371612624,0.24244760463560075,seq_eth
10490,419.6,321,8.71,4.26,2.1009670392464104,1.5935494971917241,0.3760453881040298,0.7900589656671908,seq_eth
10490,419.6,322,8.49,5.13,2.1332560207344615,1.9286523792534516,0.2567222245211636,0.5476542311161164,seq_eth
10490,419.6,323,8.64,6.13,2.278431478012855,2.764416755845615,0.12495808146445597,0.28470842624071113,seq_eth
10490,419.6,324,10.26,3.89,2.511224800769498,2.3627949551325855,0.17104851661377313,0.4295412770553406,seq_eth
10500,420.0,319,4.99,4.02,1.9756328100131473,2.9168647551780666,0.1122377097767271,0.22174050195563547,seq_eth
10500,420.0,320,7.52,3.12,1.6179655435145397,1.9649936386665479,0.24731421800253084,0.4001458831493382,seq_eth
10500,420.0,321,7.9,4.22,2.0920235419326665,1.4451643505151923,0.45723230000065745,0.9565407357333949,seq_eth
10500,420.0,322,7.66,5.08,2.1875357139942984,1.9649936386665479,0.24731421800253084,0.5410086844591079,seq_eth
10500,420.0,323,7.74,6.05,2.2683281288210035,2.7540878707840823,0.12589712044184206,0.2855759796357961,seq_eth
10500,420.0,324,9.27,3.76,2.5491420125212216,2.081946204876581,0.22030906876257292,0.5615991029221014,seq_eth
10500,420.0,325,-1.54,0.75,2.485080481594249,1.6660432167263848,0.3440320130242361,0.8549472406101075,seq_eth
10500,420.0,326,-1.8,0.98,2.622260475239022,1.4675489770362007,0.4433902858111029,1.1626848215873886,seq_eth
10500,420.0,327,-2.8,1.84,2.8970890562771716,1.825075340910616,0.2866881799367653,0.8305611886588234,seq_eth
10500,420.0,328,-3.58,0.19,2.460309939824795,1.9474342094150447,0.25179424088368413,0.6194918736367668,seq_eth
10500,420.0,329,-2.76,-0.13,2.4418230894150943,1.5042606157179013,0.4220123999254783,1.0304796221575097,seq_eth
10510,420.4,319,4.2,4.06,1.97397125105709,2.8414256984830697,0.11827658428618502,0.23347457705416,seq_eth
10510,420.4,320,6.71,3.02,1.9619027753688312,2.1002142747824566,0.21649315526340931,0.42473852215963803,seq_eth
10510,420.4,321,7.04,4.15,2.142756694074219,1.3159027319676788,0.5514724292858464,1.1816712394496187,seq_eth
10510,420.4,322,6.74,5.12,2.176759345908486,2.1002142747824566,0.21649315526340931,0.47125349904484315,seq_eth
10510,420.4,323,6.83,6.0,2.229524893334875,2.7749234223668227,0.12401361763997976,0.2764914476408478,seq_eth
10510,420.4,324,8.24,3.61,2.432334269791047,2.1284031572989175,0.2107965957818529,0.5127277838754916,seq_eth
10510,420.4,325,-0.63,1.15,2.3162806932666773,1.6911830178901395,0.3338798148845747,0.7733593690885925,seq_eth
10510,420.4,326,-1.01,1.67,2.4407030237208174,1.5363918770938618,0.40454550245768783,0.987375431081136,seq_eth
10510,420.4,327,-1.78,2.39,2.4611036650251306,1.8752333188166213,0.27155684872781805,0.6683295556667079,seq_eth
10510,420.4,328,-2.85,0.85,2.7608875384556204,2.0144478151592806,0.23532027071251163,0.6496928029561765,seq_eth
10510,420.4,329,-2.04,0.53,2.442750754784413,1.5402921800749365,0.40249932921027265,0.9832055402286134,seq_eth
10510,420.4,330,-4.33,5.52,2.69675731203213,5.08378795781256,0.03694847565869368,0.09964107190102335,seq_eth
10520,420.8,319,3.42,4.19,2.0076416512913617,2.9362050337127346,0.11076399830087943,0.22237441645241118,seq_eth
10520,420.8,320,5.99,2.77,1.8466608378367362,2.241093483101497,0.19013034515706764,0.35110626248593835,seq_eth
10520,420.8,321,6.19,4.1,2.0554804791094057,1.4035668847618197,0.4847358672849606,0.9963651127284041,seq_eth
10520,420.8,322,5.92,5.01,2.1460719932005814,2.211650967037973,0.19522624576836323,0.4189695783811778,seq_eth
10520,420.8,323,5.97,5.83,2.1940615875585316,2.856588874864565,0.11702425932909791,0.2567584322064619,seq_eth
10520,420.8,324,7.37,3.34,2.7457353295611284,2.211650967037973,0.19522624576836323,0.5360396002637786,seq_eth
10520,420.8,325,0.15,1.51,2.0385350131895748,1.7610508226624237,0.3079127006582312,0.6276908212975648,seq_eth
10520,420.8,326,-0.18,2.07,2.1715849626482004,1.45,0.45418770918020074,0.9863071994753579,seq_eth
10520,420.8,327,-1.07,2.78,2.0248456731316335,1.7610508226624237,0.3079127006582312,0.6234756996300953,seq_eth
10520,420.8,328,-1.78,1.47,2.7148319469166964,1.7088007490635064,0.32703070498334647,0.8878334055114783,seq_eth
10520,420.8,329,-1.18,1.02,2.412499999999957,1.45,0.45418770918020074,1.0957278483972148,seq_eth
10520,420.8,330,-3.27,5.72,3.162376479801248,4.78232161193703,0.041753590135430306,0.1320405713915462,seq_eth
10530,421.2,319,2.6,4.2,1.9532424964657982,2.8051559671433606,0.12135491092165002,0.23703556916698823,seq_eth
10530,421.2,320,5.27,2.69,1.8085301352202876,2.202044504545719,0.1969333179111924,0.3561598400713087,seq_eth
10530,421.2,321,5.4,4.03,2.088098716536124,1.3462912017836264,0.5268577426490325,1.1001309762225644,seq_eth
10530,421.2,322,5.04,4.88,2.1907832503467533,2.015167486835771,0.2351522220570249,0.5151675493643505,seq_eth
10530,421.2,323,5.11,5.65,2.108390974179107,2.675911059807482,0.13336075114187165,0.28117660401726824,seq_eth
10530,421.2,324,6.09,3.16,2.2194101130707,2.015167486835771,0.2351522220570249,0.521899219744408,seq_eth
10530,421.2,325,0.87,1.79,1.9692955593307642,1.6194134740701647,0.3641295170834593,0.717078641013712,seq_eth
10530,421.2,326,0.58,2.37,2.082141325654878,1.294488315899375,0.5698691045839781,1.1865480128682426,seq_eth
10530,421.2,327,-0.26,2.95,2.059505401789441,1.4733974345029925,0.4398773128892957,0.9059297020201286,seq_eth
10530,421.2,328,-0.96,1.92,2.139655346077959,1.604400199451496,0.37097613090065346,0.7937610617488999,seq_eth
10530,421.2,329,-0.36,1.48,2.208081746675143,1.294488315899375,0.5698691045839781,1.2583175678259901,seq_eth
10530,421.2,330,-1.85,6.02,3.5767696668921367,4.1954856691448725,0.05425089384513052,0.19404295150704817,seq_eth
10530,421.2,331,-4.43,4.56,2.534758371127099,4.470011185668331,0.04779188521852621,0.12114088112960478,seq_eth
10540,421.6,319,1.86,4.28,2.1411518512240186,2.241829609939168,0.19000550331317828,0.4068306351617631,seq_eth
10540,421.6,320,4.56,2.55,1.7223258257367813,2.2818632737304836,0.18339696528671032,0.31586932967505316,seq_eth
10540,421.6,321,4.52,4.14,2.131204178393009,1.5556349186104046,0.39459903245924466,0.8409711067669808,seq_eth
10540,421.6,322,4.18,4.8,2.213382592323319,2.2740272645683035,0.18466306825328202,0.40873002071682735,seq_eth
10540,421.6,323,4.32,5.48,2.0489707782201037,2.7370787347096903,0.12746671719677669,0.2611755787318414,seq_eth
10540,421.6,324,5.62,3.04,2.0988091861816316,2.2740272645683035,0.18466306825328202,0.3875725439984739,seq_eth
10540,421.6,325,1.63,2.05,2.087836799177542,1.5344380078712856,0.40557641051236876,0.8467773547460609,seq_eth
10540,421.6,326,1.37,2.68,2.0635224738296034,1.2800390619039719,0.5828072374436204,1.2026358323754567,seq_eth
10540,421.6,327,0.54,3.13,2.028430735815219,1.2264175471673584,0.6348844216151668,1.2878190744944726,seq_eth
10540,421.6,328,-0.3,2.33,1.7794837734578608,1.7062825088478168,0.3279967227283685,0.5836648458424889,seq_eth
10540,421.6,329,0.34,1.92,1.8527428990552877,1.2800390619039719,0.5828072374436204,1.0797919706916967,seq_eth
10540,421.6,330,-0.46,6.26,3.442042453253531,3.3050416033690104,0.0874213523890557,0.3009080062439667,seq_eth
10540,421.6,331,-3.49,4.94,2.377301516425657,4.417804884781582,0.04892809645700527,0.11631683790305945,seq_eth
10550,422.0,319,0.89,4.3,2.2251404450057892,1.8693849255838133,0.2732586443516775,0.6080388614943704,seq_eth
10550,422.0,320,3.99,2.18,1.7269916039171518,1.988818744883505,0.24142429553303632,0.41693773136716683,seq_eth
10550,422.0,321,3.7,4.16,2.037845062805431,1.5530936868070775,0.3958914052283785,0.8067653455517554,seq_eth
10550,422.0,322,3.27,4.83,2.1883926750015728,2.2278464938141496,0.19239813401393674,0.4210426671600701,seq_eth
10550,422.0,323,3.49,5.4,2.0585568367185014,2.7715699522112014,0.12431390056125963,0.25590722989952497,seq_eth
10550,422.0,324,4.45,2.8,2.009042060286558,2.0575956842878536,0.22555439888309797,0.4531482742387953,seq_eth
10550,422.0,325,2.44,2.36,2.113683100656414,1.5604166110369373,0.39218434373131217,0.8289534196869007,seq_eth
10550,422.0,326,2.14,2.91,2.028122592448609,1.4154857823376399,0.47660693678946486,0.9666172962204398,seq_eth
10550,422.0,327,1.32,3.32,1.943780144460898,1.0822661410207748,0.8152733360807414,1.5847121229821417,seq_eth
10550,422.0,328,0.25,2.67,1.844967818147619,1.7511424842085237,0.3114070303444879,0.5745359493304992,seq_eth
10550,422.0,329,0.84,2.35,1.803165619126643,1.4154857823376399,0.47660693678946486,0.8594012422560282,seq_eth
10550,422.0,330,0.88,6.38,3.0168795965369637,2.8486136979239567,0.11768043508631013,0.3550277035234816,seq_eth
10550,422.0,331,-2.7,5.35,2.446553698572889,3.985586531490691,0.06011555996898766,0.14707594558390708,seq_eth
10560,422.4,319,0.08,4.26,2.015952008357308,2.2146105752479373,0.19470479326157042,0.39251551901245735,seq_eth
10560,422.4,320,3.28,2.03,1.9111923634212866,1.2491997438360292,0.6119382624488123,1.1695317340774611,seq_eth
10560,422.4,321,2.89,4.17,2.0554804791094123,1.0580170130957252,0.8530727698332786,1.7534744256521009,seq_eth
10560,422.4,322,2.43,4.85,2.166866977919923,1.3668211294825667,0.5111495870631476,1.1075931609845393,seq_eth
10560,422.4,323,2.68,5.33,2.017191736052846,1.2870508925446575,0.5764742882893886,1.1628591703843008,seq_eth
10560,422.4,324,4.08,2.58,1.466554209703742,1.3423859355639869,0.5299276684524816,0.7771676530074758,seq_eth
10560,422.4,325,3.16,2.77,2.199502784721987,0.9394147114027968,1.0820732674803084,2.3800231650961576,seq_eth
10560,422.4,326,2.9,3.22,2.0365795466909433,0.9500526301210894,1.0579765771674856,2.1546534579373935,seq_eth
10560,422.4,327,2.04,3.54,1.9180475098390748,1.0580170130957252,0.8530727698332786,1.6362341018902422,seq_eth
10560,422.4,328,1.01,3.01,2.093777984887573,1.5580115532305914,0.3933960857507506,0.8236840636858654,seq_eth
10560,422.4,329,1.59,2.64,2.060074331183186,1.4326548781894402,0.46525196518946266,0.9584536310193452,seq_eth
10560,422.4,330,1.95,6.39,2.937499999999921,2.4108089928486662,0.16430310711482657,0.4826403771497901,seq_eth
10560,422.4,331,-1.67,5.66,2.7377283009823588,3.7689388426983,0.06722537001678097,0.18404479803895218,seq_eth
10570,422.8,319,-0.7,4.57,1.9039432764659256,2.678581714265966,0.13309495157375426,0.2534052381804074,seq_eth
10570,422.8,320,2.48,1.94,1.8292758129926199,1.498165544924859,0.42545317823629863,0.7782712085084992,seq_eth
10570,422.8,321,2.06,4.04,2.1824584761227226,0.8560373823613077,1.3031245340493618,2.844015184779503,seq_eth
10570,422.8,322,1.54,4.72,2.383799488212029,1.4650938536489737,0.4448775488243055,1.0604988732044014,seq_eth
10570,422.8,323,1.88,5.29,2.009975124224151,1.7351080657987847,0.31718915118294433,0.6375423035514914,seq_eth
10570,422.8,324,3.34,2.42,1.8901471503562657,1.0689246933250256,0.8357514953188973,1.5796933072830015,seq_eth
10570,422.8,325,4.05,3.07,2.3254367869283903,1.4365583872575454,0.4627269751181723,1.0760423302438957,seq_eth
10570,422.8,326,3.67,3.47,2.0120341075637547,1.1006361796706488,0.7882859984739735,1.5860583154445846,seq_eth
10570,422.8,327,2.79,3.76,2.075338827758,0.9394147114027964,1.0820732674803093,2.245668666480854,seq_eth
10570,422.8,328,1.81,3.28,2.1982947936980426,1.0912378292562992,0.8019227901842223,1.7628626946097836,seq_eth
10570,422.8,329,2.39,2.91,2.095008949861519,0.9741663102366045,1.0062483230256816,2.108099242521948,seq_eth
10570,422.8,330,3.23,6.38,3.2750238548749184,2.6161995336747537,0.13951781116975268,0.45692415976087436,seq_eth
10570,422.8,331,-0.58,5.9,2.674094472901006,2.534501923455573,0.14865726272263213,0.39752356460318333,seq_eth
10580,423.2,319,-1.24,5.02,2.0506858608767224,2.324844080793377,0.17667850627234025,0.36231211473350744,seq_eth
10580,423.2,320,1.82,1.93,1.6504260813498806,1.8404347312523746,0.28192302153736776,0.46529310767823584,seq_eth
10580,423.2,321,1.17,3.87,2.1267639737403736,1.557562197795003,0.3936231073995763,0.8371434440491567,seq_eth
10580,423.2,322,0.55,4.53,2.355644816180901,1.6767229944149988,0.33966339138911994,0.8001263071722049,seq_eth
10580,423.2,323,1.08,5.17,1.9984759818421374,1.3031116606031885,0.5623518394390038,1.123846644463595,seq_eth
10580,423.2,324,2.57,2.5,1.8248287590894547,1.0369667304209906,0.8880588287467428,1.6205552904603533,seq_eth
10580,423.2,325,4.96,3.24,2.2338657636482786,1.7813758727455582,0.3009263727196837,0.6722291213973628,seq_eth
10580,423.2,326,4.43,3.72,2.228964165256972,1.365650028374766,0.5120266265691006,1.1412890022799387,seq_eth
10580,423.2,327,3.61,4.08,2.440318882851105,1.0718675291284834,0.8311686470113776,2.0283165441356696,seq_eth
10580,423.2,328,2.69,3.53,2.2768536404432886,1.0718675291284834,0.8311686470113776,1.892449359770178,seq_eth
10580,423.2,329,3.18,3.17,2.1662900313669473,1.0064790112068907,0.9426748850457767,2.042107206294649,seq_eth
10580,423.2,330,4.57,6.38,3.312523584821657,3.164127051810657,0.09538136965264361,0.31595303652697465,seq_eth
10580,423.2,331,0.4,6.2,2.6081902250410667,2.0203960007879647,0.23393671204100236,0.6101514456235891,seq_eth
10590,423.6,319,-1.85,5.74,2.3679170699160594,3.1894356867634124,0.09387364547076649,0.22228500752547634,seq_eth
10590,423.6,320,1.16,1.97,1.6649418158001672,2.7189152248645043,0.12917546953687822,0.2150696408075692,seq_eth
10590,423.6,321,0.44,3.52,2.053541148845062,1.6944615663980105,0.3325890424043509,0.6829852842323098,seq_eth
10590,423.6,322,-0.29,4.27,2.1156042281106893,2.1434784813475507,0.20784191066522395,0.439711224981952,seq_eth
10590,423.6,323,0.32,4.94,2.0381134045974765,1.8821530224718708,0.2695637709389901,0.5494015349445994,seq_eth
10590,423.6,324,1.9,2.66,2.356506948854656,2.026252698949467,0.23258632110270408,0.5480912818870626,seq_eth
10590,423.6,325,5.81,3.38,2.179915422671229,1.7710166571774526,0.30445708865020643,0.6636907030901665,seq_eth
10590,423.6,326,5.41,3.86,2.392076765072515,1.4329340529138108,0.4650706952473443,1.1124848042172928,seq_eth
10590,423.6,327,4.62,4.44,2.545829923620139,1.2306502346320827,0.6305247002650194,1.6052086495163054,seq_eth
10590,423.6,328,3.54,3.85,2.2770595073471087,1.8700267377767625,0.27307110624860503,0.6217991586651785,seq_eth
10590,423.6,329,4.04,3.44,2.2341455301747564,1.4329340529138108,0.4650706952473443,1.0390356150021205,seq_eth
10590,423.6,330,5.88,6.37,3.2877138713701504,2.9908192857476363,0.1067556912857878,0.350982167087994,seq_eth
10590,423.6,331,1.43,6.46,2.5862919885426243,3.102208890452092,0.09922687308949489,0.25662966691949635,seq_eth
10590,423.6,332,13.33,5.77,2.9551861193503512,8.147054682521777,0.014386995887748636,0.042516250546625355,seq_eth
10600,424.0,319,-2.3,6.59,2.21676848137115,3.920841746360084,0.06211732638726159,0.13769973128232596,seq_eth
10600,424.0,320,0.52,1.64,1.517913864486474,2.7874181602335883,0.12290431529549041,0.18655816419224192,seq_eth
10600,424.0,321,-0.33,3.2,2.040603464664429,1.384377116251204,0.49826749728743663,1.0167663812944172,seq_eth
10600,424.0,322,-1.04,3.95,2.0691181696559737,2.1700230413523265,0.20278820525618432,0.419592760087496,seq_eth
10600,424.0,323,-0.44,4.58,1.8317512112730763,2.245105788153422,0.18945137556817226,0.34702778667435,seq_eth
10600,424.0,324,0.69,2.64,2.5524804112863904,2.1700230413523265,0.20278820525618432,0.5176129215563343,seq_eth
10600,424.0,325,6.69,3.46,2.1910685178698883,1.8146349495146408,0.289996555787109,0.6354023236758333,seq_eth
10600,424.0,326,6.32,4.02,2.3141210534456933,1.4675830470538973,0.4433696993924094,1.0260111558238627,seq_eth
10600,424.0,327,5.55,4.7,2.401334264528921,1.2745587471748798,0.5878298913828086,1.411576059891852,seq_eth
10600,424.0,328,4.41,4.13,2.316854009211761,1.9131649170941851,0.26089548618965414,0.6044567531637518,seq_eth
10600,424.0,329,4.89,3.69,2.270049558930507,1.4675830470538973,0.4433696993924094,1.0064711905488903,seq_eth
10600,424.0,330,7.2,6.41,3.28866424251568,2.993760177435728,0.10654605343888739,0.3503941961256337,seq_eth
10600,424.0,331,2.43,6.6,2.5288955099016497,3.6529987681355705,0.07156032931801898,0.18096859549942157,seq_eth
10600,424.0,332,12.15,5.7,2.9017236257095456,6.067231658672677,0.025941209860868047,0.07527422153277025,seq_eth
10610,424.4,319,-2.32,7.45,2.1505813167607797,2.176235281397671,0.20163210695763764,0.43362624208220674,seq_eth
10610,424.4,320,0.11,1.36,1.9229697085496487,2.914463930125058,0.11242270029212892,0.21618544721511965,seq_eth
10610,424.4,321,-1.03,2.81,2.0644687573319787,1.56,0.39239384391492926,0.8100848313317724,seq_eth
10610,424.4,322,-1.79,3.57,2.3125337835369453,2.106015194627047,0.21530215736283279,0.49789351256993847,seq_eth
10610,424.4,323,-1.03,4.37,1.6403600976614467,2.1736835096213984,0.20210579240859533,0.33152627737330753,seq_eth
10610,424.4,324,-0.11,2.3,2.311722842383954,2.106015194627047,0.21530215736283279,0.4977189151902052,seq_eth
10610,424.4,325,7.56,3.48,2.2433930774609725,1.843583467055397,0.2809608269246124,0.6303055741603858,seq_eth
10610,424.4,326,7.24,4.14,2.3011206509003093,1.4710540438746633,0.44127987918270434,1.0154382428141144,seq_eth
10610,424.4,327,6.49,4.88,2.3447414569627663,1.2738916751435347,0.5884456855751611,1.379752994138957,seq_eth
10610,424.4,328,5.31,4.4,2.3741445827918346,1.9474342094150454,0.2517942408836839,0.5977959329721805,seq_eth
10610,424.4,329,5.78,3.96,2.387794484456272,1.4710540438746633,0.44127987918270434,1.0536856616139916,seq_eth
10610,424.4,330,8.51,6.44,3.302863341102635,2.62733705489037,0.1383374608572298,0.45690972816656505,seq_eth
10610,424.4,331,3.44,6.69,2.6108248217756294,3.5956223383442265,0.0738623706192808,0.19284171060800928,seq_eth
10610,424.4,332,11.01,5.69,2.775112610327704,4.0761992100484985,0.05747256512340189,0.15949284022183277,seq_eth
10610,424.4,333,11.96,5.27,2.987683048785212,4.75016841806688,0.04232075104043023,0.12644099049535254,seq_eth
10610,424.4,334,-2.96,5.37,1.534804547816952,1.3800362314084362,0.5014070142039236,0.7695617657075011,seq_eth
10610,424.4,335,-4.03,5.21,2.2090722034372647,1.5250573759698354,0.4105811585481865,0.9070034246038673,seq_eth
10610,424.4,336,-4.14,5.88,2.2251404450054726,1.2854960132182438,0.5778696874743555,1.2858412135418609,seq_eth
10610,424.4,337,-3.5,6.64,2.407929608605494,1.3800362314084362,0.5014070142039236,1.2073527954641032,seq_eth
10610,424.4,338,-3.49,7.54,2.795755711788616,1.7827226368675526,0.3004718726759297,0.8400459542655521,seq_eth
10620,424.8,320,-0.69,0.69,2.0940391591370924,2.9449108645254443,0.11011007881826142,0.23057481686111111,seq_eth
10620,424.8,321,-1.74,2.34,1.9251623308177899,1.5516765126791086,0.39661488497378083,0.7635480363931535,seq_eth
10620,424.8,322,-2.59,2.94,2.274484831780524,2.0622802913280243,0.2245308390668638,0.5106919877245356,seq_eth
10620,424.8,323,-1.55,3.88,2.2102389576695387,1.582940302096071,0.3811029486975184,0.8423285840939907,seq_eth
10620,424.8,324,-0.92,1.73,2.5837533260742775,2.0622802913280243,0.2245308390668638,0.5801323022452577,seq_eth
10620,424.8,325,8.48,3.59,2.258490923160821,1.7884350701101794,0.29855546617207174,0.6742848104096715,seq_eth
10620,424.8,326,8.15,4.22,2.239210240240926,1.397032569412754,0.4892809645700524,1.095602946220219,seq_eth
10620,424.8,327,7.4,5.01,2.2880463828340227,1.2256018929489303,0.6357297507165777,1.4545791565870405,seq_eth
10620,424.8,328,6.26,4.56,2.4047479077857274,1.9203385118254546,0.258949930458381,0.6227093034910514,seq_eth
10620,424.8,329,6.76,4.08,2.4863690896566095,1.397032569412754,0.4892809645700524,1.216533066464349,seq_eth
10620,424.8,330,9.84,6.52,3.337499999999954,2.8541373477812866,0.1172253788378945,0.3912397018714675,seq_eth
10620,424.8,331,4.51,6.79,2.6493218471902904,3.5223003846917997,0.07696948870370383,0.20391694798978882,seq_eth
10620,424.8,332,9.93,5.72,2.726834245054108,2.3277456905770437,0.17623830993492035,0.4805726588210004,seq_eth
10620,424.8,333,10.77,5.38,3.01832942204786,2.8653097563788803,0.11631299129736566,0.35107092379923543,seq_eth
10620,424.8,334,-2.36,5.24,1.7256339414835382,1.2066896867049122,0.6558132398539748,1.1316935859663035,seq_eth
10620,424.8,335,-3.15,5.13,2.4538553848994447,1.427620397724829,0.4685391583098831,1.14972733665496,seq_eth
10620,424.8,336,-3.25,5.87,2.2126412384297303,1.0904127658827183,0.8031368028186477,1.7770536100171468,seq_eth
10620,424.8,337,-2.56,6.43,2.37845143948743,1.2066896867049122,0.6558132398539748,1.5598199443656016,seq_eth
10620,424.8,338,-2.4,7.29,2.7455930597959624,2.0503902067655315,0.22714247010094246,0.6236407894940595,seq_eth
10630,425.2,320,-1.29,0.44,1.6250000000000926,2.9,0.11354692729505018,0.18451375685446705,seq_eth
10630,425.2,321,-2.25,1.87,1.7338540884400684,1.3771347065556079,0.5035220978388463,0.8730338479578037,seq_eth
10630,425.2,322,-3.29,2.54,2.0155644370747523,1.9597193676646665,0.24864722264063846,0.501164499331879,seq_eth
10630,425.2,323,-2.39,3.24,2.640075756488967,1.8873261509341723,0.26808805686450665,0.7077727795322196,seq_eth
10630,425.2,324,-1.86,1.2,2.6978000296539455,1.9597193676646665,0.24864722264063846,0.6708004846132857,seq_eth
10630,425.2,325,9.34,3.79,2.267604738485041,1.6204937519163722,0.36364419594492453,0.8246013018472936,seq_eth
10630,425.2,326,9.03,4.21,2.2534695471649515,1.2714165328483027,0.590739040242111,1.331212437507048,seq_eth
10630,425.2,327,8.32,4.92,2.3251344047172484,1.0040916292848967,0.947162922586167,2.2022810981776364,seq_eth
10630,425.2,328,7.22,4.63,2.1955210087812858,1.8580904176062043,0.2765907772777328,0.6072608623484078,seq_eth
10630,425.2,329,7.76,4.15,2.3146611523071727,1.2714165328483027,0.590739040242111,1.367360707599638,seq_eth
10630,425.2,330,11.18,6.44,3.390842446944361,3.097644266212633,0.09951952587191487,0.33745503262626647,seq_eth
10630,425.2,331,5.55,6.89,2.8533149580793884,3.4659486435895155,0.07949267935463604,0.2268176510603916,seq_eth
10630,425.2,332,8.83,5.77,2.7528394431931145,1.5727682601069994,0.38604853596028976,1.0627296367784411,seq_eth
10630,425.2,333,9.55,5.42,2.7314430709791537,1.3277424449041317,0.5416811268656029,1.4795711606572308,seq_eth
10630,425.2,334,-1.59,5.2,1.3546793901141954,1.2201639234135713,0.6414089592634151,0.868903497748744,seq_eth
10630,425.2,335,-2.07,5.1,3.8755039994816514,1.3978555004005244,0.48870504531799985,1.8939783576967701,seq_eth
10630,425.2,336,-2.37,5.86,2.462626900283444,1.0217631819555841,0.9146835809879041,2.252524391788403,seq_eth
10630,425.2,337,-1.61,6.42,2.240326427108322,1.2201639234135713,0.6414089592634151,1.436965442021874,seq_eth
10630,425.2,338,-1.32,7.2,2.393905021090029,2.018142710513803,0.23445939221472958,0.5612735162645576,seq_eth
10640,425.6,325,10.26,3.94,2.275171696817589,1.6646020545463716,0.34462797594693834,0.7840878168060069,seq_eth
10640,425.6,326,9.95,4.32,2.3283913438251442,1.3495184326269871,0.5243409062987987,1.2208708274395539,seq_eth
10640,425.6,327,9.26,4.99,2.268293686893254,1.0542295765154763,0.8592132972389522,1.9489480978218525,seq_eth
10640,425.6,328,8.01,4.71,2.002498439450058,1.004390362359178,0.9465995822277672,1.8955641861951804,seq_eth
10640,425.6,329,8.61,4.16,2.175323251840952,1.3495184326269871,0.5243409062987987,1.1406109653631349,seq_eth
10640,425.6,330,12.53,6.17,3.4418381716748354,3.476391807607422,0.07901580089458865,0.2719595996844538,seq_eth
10640,425.6,331,6.78,7.03,2.948119103767626,2.625890325204006,0.13848993641340798,0.40828482721993187,seq_eth
10640,425.6,332,7.73,5.62,2.7537758169465736,1.6546298679765206,0.3487945279243819,0.9605019360814593,seq_eth
10640,425.6,333,8.59,5.53,2.573482562598777,1.004390362359178,0.9465995822277672,2.436057518626446,seq_eth
10640,425.6,334,-1.28,5.15,1.6173377043772617,1.294681427996864,0.5696991161862384,0.9213958607584056,seq_eth
10640,425.6,335,-0.05,5.18,3.612694631434845,1.420211251891774,0.47344058430905905,1.7103962572367137,seq_eth
10640,425.6,336,-1.28,5.89,2.675116819879042,1.420211251891774,0.47344058430905905,1.2665088702985254,seq_eth
10640,425.6,337,-0.77,6.34,2.291628787565728,1.294681427996864,0.5696991161862384,1.3055388949031361,seq_eth
10640,425.6,338,-0.49,7.15,2.423614294808494,2.0185390756683415,0.23436732324245219,0.5680159948464102,seq_eth
10650,426.0,325,11.14,4.06,2.268293686893428,1.6443843832875578,0.3531544595234362,0.801058031035271,seq_eth
10650,426.0,326,10.87,4.5,2.3254703825249257,1.406875971789979,0.4824582723949745,1.1219424232586561,seq_eth
10650,426.0,327,10.12,5.15,2.2236301963232465,1.4317821063276346,0.4658193456348161,1.0358099629851123,seq_eth
10650,426.0,328,8.82,4.55,2.1253308565963356,1.4848568954616472,0.4331139597928935,0.9205104631704613,seq_eth
10650,426.0,329,9.5,4.18,2.2239112504775393,1.406875971789979,0.4824582723949745,1.072944379865141,seq_eth
10650,426.0,331,7.9,7.09,2.712528801690559,2.701481075262235,0.1308481307962965,0.3549293234323277,seq_eth
10650,426.0,332,6.66,5.39,2.695859093127982,2.3175849498993557,0.17778702311427097,0.4792887629027622,seq_eth
10650,426.0,333,7.5,5.23,2.828012774016573,1.9025246384738355,0.2638218749451245,0.7460916324098149,seq_eth
10650,426.0,334,-0.3,5.1,2.501999200639503,1.3170041761513134,0.5505503940913071,1.3774766459282137,seq_eth
10650,426.0,335,0.82,5.13,2.4125323832024845,1.3237824594698326,0.5449267624693978,1.3146534609311105,seq_eth
10650,426.0,336,-0.23,5.88,2.489038468967626,1.2903487900563941,0.5735313264572804,1.427541534710201,seq_eth
10650,426.0,337,0.22,6.31,2.4026352719463384,1.3170041761513134,0.5505503940913071,1.3227717958277314,seq_eth
10650,426.0,338,0.6,6.93,2.6499115551279817,1.8133946068079059,0.29039340060557484,0.7695168277976218,seq_eth
10660,426.4,325,12.03,4.34,2.5061175152014883,1.6499999999999986,0.35075469551932914,0.8790324859801557,seq_eth
10660,426.4,326,11.76,4.75,2.3480044718866746,1.4396180048887959,0.46076219954227904,1.0818717050016116,seq_eth
10660,426.4,327,11.0,5.36,2.1708653228608936,1.449586147836685,0.45444708444837595,0.9865434167042154,seq_eth
10660,426.4,328,9.71,4.68,2.149491218870159,2.051194773784293,0.22696431490977156,0.48785780189543554,seq_eth
10660,426.4,329,10.38,4.34,2.2492012471097027,1.4396180048887959,0.46076219954227904,1.0363469138315038,seq_eth
10660,426.4,331,8.95,7.02,2.7507101355831156,3.0376471157789218,0.10348960785401709,0.2846699132515668,seq_eth
10660,426.4,332,5.65,5.05,2.760717750875614,3.8432928589947437,0.06464938890327418,0.17847871552852998,seq_eth
10660,426.4,333,6.47,4.74,3.124949999599911,3.368798005223821,0.08414366792536414,0.2629447550497017,seq_eth
10660,426.4,334,0.72,5.23,2.4928021381569527,1.1606894502837526,0.7088254591384889,1.766961620120509,seq_eth
10660,426.4,335,1.88,5.19,2.5502757203878734,1.328834075421006,0.5407915157726652,1.3791674724667837,seq_eth
10660,426.4,336,0.71,5.82,2.391456146367692,1.328834075421006,0.5407915157726652,1.2932791942980408,seq_eth
10660,426.4,337,1.15,6.25,2.514489262255794,1.1069326989478623,0.7793435554977336,1.9596510019073037,seq_eth
10660,426.4,338,1.61,6.86,2.500124996875124,1.6916855499767087,0.33368147968110007,0.8342454083449969,seq_eth
10670,426.8,325,13.04,4.7,2.5496629679233567,1.8304371062672418,0.2850110904495967,0.7266822227667911,seq_eth
10670,426.8,326,12.65,5.1,2.3908680432008436,1.4843180252223571,0.4334284942589746,1.0362703359364427,seq_eth
10670,426.8,327,11.81,5.55,2.0736818102109793,1.4458561477546792,0.45679486178013473,0.9472471958713039,seq_eth
10670,426.8,328,10.49,4.96,2.0979528712532822,2.16453228204155,0.20381833402018526,0.4276012590717082,seq_eth
10670,426.8,329,11.21,4.74,2.249201247109701,1.4843180252223571,0.4334284942589746,0.9748679098201656,seq_eth
10670,426.8,331,10.1,7.14,2.5615242044531974,2.644257929930437,0.1365726546461538,0.3498341605425504,seq_eth
10670,426.8,332,4.59,4.62,2.852904222016534,2.8568689154387186,0.11700131817530318,0.3337935546038223,seq_eth
10670,426.8,333,5.27,4.1,3.1920066181008337,3.711940193483726,0.06930577773715367,0.22122450120961995,seq_eth
10670,426.8,334,1.69,5.23,2.4377884444717184,1.172092146548214,0.6951009306677627,1.694509016523409,seq_eth
10670,426.8,335,2.86,5.16,2.427060979868412,1.328344834747363,0.5411899453394007,1.3135009990303783,seq_eth
10670,426.8,336,1.68,5.77,2.4501275477002924,1.328344834747363,0.5411899453394007,1.325984393614481,seq_eth
10670,426.8,337,2.23,6.23,2.775703739594671,1.1364858116140297,0.7393385402224931,2.0521847509220392,seq_eth
10670,426.8,338,2.6,6.95,2.4390700071953253,1.8087841220001906,0.2918756788676749,0.7119052141559202,seq_eth
10680,427.2,325,13.96,5.0,2.41919408068073,2.6212210894924537,0.1389837658717138,0.33622870370756647,seq_eth
10680,427.2,327,12.64,5.61,1.9827380058898219,1.4541320435228713,0.4516101482862952,0.8954246048527756,seq_eth
10680,427.2,328,11.34,5.08,2.0406034646642968,2.248999777678957,0.18879589927864218,0.38525756618240886,seq_eth
10680,427.2,329,12.09,4.9,2.162319356616849,1.8726718879718367,0.27230022485710204,0.5888000470196322,seq_eth
10680,427.2,331,10.98,7.3,2.395079591579314,2.6442579299304363,0.13657265464615387,0.3271023779108129,seq_eth
10680,427.2,332,3.54,4.18,2.910245908853701,1.3406341782902602,0.5313134471436997,1.546252785868909,seq_eth
10680,427.2,333,4.19,3.59,3.01840707161902,2.2141589825484536,0.19478422407983098,0.5879380794023856,seq_eth
10680,427.2,334,2.67,5.2,2.254197473603407,1.2206555615733703,0.6408923882895114,1.4446980025338705,seq_eth
10680,427.2,335,3.82,5.11,2.5551724501488553,1.1792370414806344,0.6867033356474705,1.754645444671739,seq_eth
10680,427.2,336,2.67,5.84,2.506117515201513,1.3621306838919676,0.5146758965998558,1.2898382791209415,seq_eth
10680,427.2,337,3.37,6.2,2.6125299041350676,1.1792370414806344,0.6867033356474705,1.7940329996483173,seq_eth
10680,427.2,338,3.56,6.93,2.3750328945090122,1.838477631085023,0.2825235676187493,0.6710027665685708,seq_eth
10690,427.6,327,13.39,5.69,1.885636497313147,2.302281477143922,0.18015841119731574,0.33971327545160807,seq_eth
10690,427.6,328,12.08,5.33,1.8091779901380196,2.182292372712694,0.20051437480080886,0.36276619359590895,seq_eth
10690,427.6,329,12.91,5.06,2.335192711533679,2.6205724565445623,0.13905257572754925,0.32471456135895793,seq_eth
10690,427.6,331,11.98,7.51,2.194061587558478,2.6205724565445623,0.13905257572754925,0.3050899150548822,seq_eth
10690,427.6,332,2.46,3.68,3.0259554276293925,2.5419087316424247,0.14779218710652223,0.44721257073619963,seq_eth
10690,427.6,333,3.05,3.15,3.0732718721258214,2.637593600234881,0.13726367470444764,0.4218485905338076,seq_eth
10690,427.6,334,3.49,5.12,2.245342401505832,1.4128694207179942,0.4783737393805089,1.074112840797957,seq_eth
10690,427.6,335,4.9,5.03,2.6285987236548194,1.5042606157179015,0.4220123999254782,1.1093012558106192,seq_eth
10690,427.6,336,3.68,5.91,2.437628201756734,1.3165485179058158,0.5509315516940932,1.3429662876471198,seq_eth
10690,427.6,337,4.32,6.22,2.3251344047172444,1.3238202294873722,0.5448956682176164,1.2669556651541725,seq_eth
10690,427.6,338,4.5,6.94,2.31304047738033,1.9514353691577901,0.25076275795051917,0.580024409359077,seq_eth
10700,428.0,328,12.76,5.36,2.158486159325684,6.849467132558561,0.020354376802217022,0.04393464060928522,seq_eth
10700,428.0,329,13.89,5.4,2.593260495978137,7.980031328259308,0.01499554275381428,0.038887348639217785,seq_eth
10700,428.0,331,12.7,7.65,1.5618998847558319,7.279484871884822,0.01802063483638459,0.02814642747417602,seq_eth
10700,428.0,332,1.34,3.17,2.7672752844631976,4.241992456381789,0.05306786287762215,0.1468533853405258,seq_eth
10700,428.0,333,1.91,2.67,3.0802292934132476,4.1857137981472174,0.054504495299789485,0.16788634304511624,seq_eth
10700,428.0,334,4.46,5.05,2.4663358449328614,1.4608559134972894,0.4474624706205764,1.103592730553745,seq_eth
10700,428.0,335,5.92,5.0,2.4515620020714715,1.5587174214718973,0.3930398660484738,0.9635616009036994,seq_eth
10700,428.0,336,4.62,5.86,2.4265780947665108,1.2980754985747165,0.5667238329681737,1.3751996388626853,seq_eth
10700,428.0,337,5.23,6.18,2.351628425155774,1.3669308687713504,0.5110675186252998,1.2018409039730829,seq_eth
10700,428.0,338,5.41,6.89,2.341540625315013,1.9576005721290537,0.24918575715029812,0.5834785736173039,seq_eth
10710,428.4,328,13.71,5.9,2.731872068747155,7.398682315115308,0.017444664527203294,0.04765659177053098,seq_eth
10710,428.4,331,13.21,7.29,1.5878444508200014,6.855450386371417,0.020318862795046768,0.032263193536087996,seq_eth
10710,428.4,332,0.47,2.71,2.7973201461397856,6.0265578898737875,0.02629255049784336,0.07354868120101489,seq_eth
10710,428.4,333,0.84,2.06,3.042126106853522,6.093997046274309,0.02571383798688557,0.07822473784730641,seq_eth
10710,428.4,334,5.46,5.01,2.445691364420266,1.4008925726121904,0.4865883610452849,1.1900449526358639,seq_eth
10710,428.4,335,6.86,4.96,2.4252899311215934,1.520526224699857,0.41303185923502256,1.0017220094351316,seq_eth
10710,428.4,336,5.62,5.84,2.5507658163774622,1.2420144926690673,0.6190390629789781,1.5790236808491125,seq_eth
10710,428.4,337,6.2,6.15,2.5261136158137742,1.359117360642561,0.5169606206969313,1.305901262782058,seq_eth
10710,428.4,338,6.37,6.83,2.504495957273588,1.9331321734428821,0.2555337593126496,0.639983267145453,seq_eth
10720,428.8,331,13.4,6.59,1.8133187805787045,6.167933203269958,0.025101059804101947,0.04551622315520728,seq_eth
10720,428.8,332,-0.62,2.09,3.1349840509958455,8.175377667117282,0.014287483221090356,0.04479103202698902,seq_eth
10720,428.8,333,-0.19,1.44,3.005515762726667,8.125232304371366,0.014464379539216834,0.04347292070317728,seq_eth
10720,428.8,334,6.41,4.89,2.386845460016177,1.4894629904767693,0.4304393322296019,1.0273921659446201,seq_eth
10720,428.8,335,7.86,4.97,2.42551540914499,1.4647866738880444,0.44506415853438297,1.0795099745832948,seq_eth
10720,428.8,336,6.66,5.81,2.5261754689648486,1.2182364302548172,0.6434402388999204,1.6254429472538607,seq_eth
10720,428.8,337,7.25,6.12,2.591844179344079,1.3017680284904838,0.5635133120213451,1.4605386977454273,seq_eth
10720,428.8,338,7.41,6.77,2.582755311677782,1.8553975315279472,0.2773942363257435,0.7164414372991159,seq_eth
10730,429.2,334,7.36,4.82,2.4313062332827995,1.5140013210033862,0.4165996241826074,1.012881263058445,seq_eth
10730,429.2,335,8.8,5.0,2.3627976003034696,1.4512063946937392,0.453432886301696,1.0713701356523233,seq_eth
10730,429.2,336,7.63,5.63,2.459198294160074,1.3120975573485378,0.5546756845674792,1.364057497300416,seq_eth
10730,429.2,337,8.27,6.03,2.5140231701398172,1.1583609109427,0.7116780880543828,1.7891752030495236,seq_eth
10730,429.2,338,8.43,6.67,2.553061887224792,1.7104970037974345,0.3263824111529742,0.8332744945751902,seq_eth
10740,429.6,334,8.35,4.75,2.38340617604297,1.5868522300453813,0.379226265260066,0.9038502227385508,seq_eth
10740,429.6,335,9.75,4.94,2.401594522395455,1.4128340313002095,0.4783977048000458,1.148917307374348,seq_eth
10740,429.6,336,8.62,5.64,2.2534695471649306,1.3228000604777732,0.5457364604819818,1.2298004944737235,seq_eth
10740,429.6,337,9.26,6.05,2.488630396422867,1.2133424908079329,0.6486412569972646,1.6142283485373294,seq_eth
10740,429.6,338,9.45,6.67,2.575485391144712,1.755818897267027,0.3097504487824362,0.7977577557396828,seq_eth
10750,430.0,334,9.26,4.66,2.286099297930997,1.7449641830135079,0.3136160985751166,0.7169575427724323,seq_eth
10750,430.0,335,10.72,4.93,2.3891028650940607,1.4847558721890957,0.43317290022743077,1.0348946170144586,seq_eth
10750,430.0,336,9.43,5.53,2.227246057354366,1.422708684165526,0.47177988170118607,1.050769881458076,seq_eth
10750,430.0,337,10.26,6.09,2.475031565455417,1.2478781991845203,0.6132350748467578,1.5177761672901409,seq_eth
10750,430.0,338,10.49,6.63,2.5031230493127405,1.7154882686862072,0.32448593514946883,0.8122282234504345,seq_eth
10760,430.4,334,10.17,4.57,2.3262093628905824,1.8181859090863068,0.28886492181964185,0.671960285747507,seq_eth
10760,430.4,335,11.66,4.87,2.255860423430472,1.5199013125857879,0.41337156770329064,0.9325085597532633,seq_eth
10760,430.4,336,10.4,5.56,2.000624902374286,1.4365583872575451,0.46272697511817246,0.9257431094217425,seq_eth
10760,430.4,337,11.24,6.04,2.4164152168035713,1.2431009613060395,0.6179574571613099,1.4932418028218304,seq_eth
10760,430.4,338,11.45,6.57,2.402635271946167,1.7129214809792073,0.3254591385949258,0.7819596059653848,seq_eth
10770,430.8,334,11.12,4.6,2.376183915440686,1.7462244987400684,0.3131635649333851,0.7441342258967746,seq_eth
10770,430.8,335,12.52,4.8,2.1571103356108607,1.677200047698545,0.33947019500582,0.7322746662788887,seq_eth
10770,430.8,336,11.03,5.57,1.5751984002021997,1.677200047698545,0.33947019500582,0.5347329080894964,seq_eth
10770,430.8,337,12.19,5.98,2.379732127782248,1.230325160272682,0.6308579365471174,1.5012728996675901,seq_eth
10770,430.8,338,12.41,6.54,2.4011715890371157,1.7434735443934906,0.31415260010901463,0.7543342980039043,seq_eth
10830,433.2,340,9.53,6.24,2.6188022071166075,2.167233259250145,0.0677702071970428,0.17747676818436547,seq_eth
10830,433.2,341,11.65,6.69,2.5480384612479656,2.167233259250145,0.0677702071970428,0.17268109446480873,seq_eth
10840,433.6,340,8.55,5.87,2.776154039314083,2.1876928486421483,0.06650854287166544,0.1846379599420679,seq_eth
10840,433.6,341,10.67,6.41,2.6532114974121246,2.1876928486421483,0.06650854287166544,0.17646123062322994,seq_eth
10850,434.0,340,7.47,5.41,2.9421505739851237,2.2490220096744267,0.06293072224427965,0.18515166057230575,seq_eth
10850,434.0,341,9.62,6.07,2.6800769578504298,2.2490220096744267,0.06293072224427965,0.16865917862777938,seq_eth
10860,434.4,340,6.41,4.89,3.003253444183441,2.3794537188186706,0.05622061644420336,0.16884475997016996,seq_eth
10860,434.4,341,8.64,5.72,2.6185038667146894,2.3794537188186706,0.05622061644420336,0.14721390154822994,seq_eth
10870,434.8,340,5.29,4.4,3.063494736408035,2.55906232827573,0.04860583407399686,0.1489037168444117,seq_eth
10870,434.8,341,7.61,5.48,2.60423333247998,2.55906232827573,0.04860583407399686,0.1265809332484938,seq_eth
10880,435.2,340,4.21,3.81,3.169088985812742,2.7871311415145144,0.04097654332253585,0.12985831212012702,seq_eth
10880,435.2,341,6.62,5.21,2.57208572951988,2.7871311415145144,0.04097654332253585,0.10539518232494759,seq_eth
10890,435.6,340,3.09,3.14,3.264989471652198,3.1016124838541645,0.0330883457571508,0.10803310053148504,seq_eth
10890,435.6,341,5.63,4.92,2.628717605601607,3.1016124838541645,0.0330883457571508,0.08697991703205554,seq_eth
10900,436.0,340,1.98,2.45,3.1724645388090855,3.3796005681145216,0.027868871199890625,0.08841300561829081,seq_eth
10900,436.0,341,4.62,4.56,2.720437694563293,3.3796005681145216,0.027868871199890625,0.07581552771711181,seq_eth
10910,436.4,340,0.96,1.76,3.096217450373876,3.541892149684968,0.025373446487348798,0.07856170779025708,seq_eth
10910,436.4,341,3.61,4.11,2.8645734848315003,3.541892149684968,0.025373446487348798,0.07268410202645034,seq_eth
10920,436.8,340,-0.17,1.22,3.103677254483736,3.6124783736376886,0.024391562159677443,0.07570353667631707,seq_eth
10920,436.8,341,2.53,3.62,2.968427614074453,3.6124783736376886,0.024391562159677443,0.07240458666520003,seq_eth
10930,437.2,340,-1.23,0.59,3.1481145150708314,3.6667424234598207,0.0236749636432719,0.07453149668915848,seq_eth
10930,437.2,341,1.48,3.06,2.801478404342949,3.6667424234598207,0.0236749636432719,0.06632489937023069,seq_eth
10940,437.6,340,-2.25,-0.2,3.087322869412853,3.938641897913543,0.020519044548974772,0.06334891549455096,seq_eth
10940,437.6,341,0.55,2.57,2.706011825546934,3.938641897913543,0.020519044548974772,0.05552477719845009,seq_eth
10950,438.0,340,-3.12,-1.0,2.9802736870967093,4.067677470006687,0.019237875388842664,0.05733413381701317,seq_eth
10950,438.0,341,-0.44,2.06,2.7761540393142594,4.067677470006687,0.019237875388842664,0.05340730546855994,seq_eth
10960,438.4,340,-3.99,-1.83,2.9534936939156977,4.187135058724521,0.018155833367582364,0.05362313935893872,seq_eth
10960,438.4,341,-1.35,1.42,2.8176342026600514,4.187135058724521,0.018155833367582364,0.05115649707429669,seq_eth
10970,438.8,340,-4.84,-2.62,2.901077386075484,4.215234275814335,0.017914582579202774,0.051971590401506985,seq_eth
10970,438.8,341,-2.23,0.69,2.858430513410918,4.215234275814335,0.017914582579202774,0.051207589479412875,seq_eth
11080,443.2,342,8.75,4.6,2.375690689041802,9.884477730259702,0.00977381079324536,0.023219551297969272,seq_eth
11080,443.2,343,0.13,1.43,2.7841066789903506,11.587739210044381,0.007111708660251797,0.019799755580040546,seq_eth
11080,443.2,344,-0.75,1.87,3.1643522243894235,12.330567707936241,0.006280659330697928,0.019874218323726177,seq_eth
11080,443.2,345,11.27,4.62,2.3251344047170837,12.330567707936241,0.006280659330697928,0.014603377094113124,seq_eth
11090,443.6,342,7.84,4.56,2.340839859964772,7.751264412984503,0.015893746366245055,0.037204715018276685,seq_eth
11090,443.6,343,1.12,1.94,2.5212224217628303,4.03487298437014,0.05865589234477292,0.14788455094814823,seq_eth
11090,443.6,344,0.39,2.42,2.9381648183857156,3.7187766805765574,0.06905119265265575,0.20288378491960735,seq_eth
11090,443.6,345,10.38,4.35,2.394068190340428,10.174723583468989,0.009224145458115158,0.022083233224346636,seq_eth
11090,443.6,346,-2.7,0.74,2.676751762864987,4.0040479517608185,0.05956248961798431,0.159433999085567,seq_eth
11090,443.6,347,-2.39,-0.05,3.205561573266246,4.03487298437014,0.05865589234477292,0.18802507454604583,seq_eth
11100,444.0,342,6.88,4.5,2.31466115230731,5.731736211655243,0.029066918452959018,0.06728006696034873,seq_eth
11100,444.0,343,1.94,2.32,2.326209362890755,3.8713821821153234,0.06371464801244842,0.14821361075984635,seq_eth
11100,444.0,344,1.4,2.82,2.681708876817321,3.534119409414459,0.07645553711380078,0.20503149255991568,seq_eth
11100,444.0,345,9.38,4.31,2.5375000000001453,7.701538807277414,0.01609964744319393,0.04085285538710694,seq_eth
11100,444.0,346,-1.8,1.32,2.5101357035030434,3.8713821821153234,0.06371464801244842,0.159932412812176,seq_eth
11100,444.0,347,-1.43,0.8,2.7079166346106067,3.6969311597594023,0.0698696639827451,0.18920122535352904,seq_eth
11100,444.0,348,13.41,5.46,2.7642811000332195,11.89203514962851,0.0067524132537459015,0.018665568336943612,seq_eth
11110,444.4,342,5.99,4.48,2.2503124783015886,3.821544190507288,0.06538733094256255,0.1471419267428841,seq_eth
11110,444.4,343,2.86,2.6,2.5502757203878392,3.77809475794348,0.06689993404451254,0.17061327748926816,seq_eth
11110,444.4,344,2.4,3.17,2.5981062815057907,3.677444765050863,0.07061208986892338,0.18345771423870125,seq_eth
11110,444.4,345,8.35,4.35,2.621128096831548,5.762169730231833,0.028760689179503175,0.07538545049263484,seq_eth
11110,444.4,346,-1.04,1.87,2.5468117323429436,3.9677323498441774,0.06065779866170605,0.15448399328972906,seq_eth
11110,444.4,347,-0.68,1.28,2.496528840209865,3.77809475794348,0.06689993404451254,0.16701761475026336,seq_eth
11110,444.4,348,12.4,5.01,2.7672752844629995,9.839700198684918,0.009862968575107874,0.027293549169331268,seq_eth
11120,444.8,342,5.08,4.47,2.275858354555454,2.210022624318584,0.19551403680262314,0.4449622540901123,seq_eth
11120,444.8,343,3.89,2.92,2.870676096322941,3.731286641361127,0.06858895015632048,0.19689665968563486,seq_eth
11120,444.8,344,3.39,3.42,2.5597851472340065,3.5003571246374277,0.07793753589482734,0.19950334679559628,seq_eth
11120,444.8,345,7.29,4.48,2.6481715390056926,4.037746896475806,0.058572424068069964,0.1551098263876349,seq_eth
11120,444.8,346,-0.06,2.38,2.656654380983669,3.9867405232846544,0.06008076321096331,0.15961382279724814,seq_eth
11120,444.8,347,0.4,1.6,2.732929975319479,3.731286641361127,0.06858895015632048,0.1874487978579019,seq_eth
11120,444.8,348,11.32,4.73,2.7579714012294914,7.647287100665176,0.01632888730615708,0.045034604204280494,seq_eth
11120,444.8,349,-4.86,5.07,2.6764015020173675,8.413382197428096,0.013490565212281867,0.03610616899721444,seq_eth
11130,445.2,342,4.17,4.43,2.216768481371002,2.072920644887305,0.22223171015856918,0.49263625064069205,seq_eth
11130,445.2,343,5.11,3.06,2.9398394939179684,1.8620687420178665,0.2754101631100199,0.8096616745372262,seq_eth
11130,445.2,344,4.4,3.61,2.7722396180704907,2.0616740770548576,0.2246629004943824,0.6228193934611553,seq_eth
11130,445.2,345,6.24,4.54,2.6514441819506187,2.072920644887305,0.22223171015856918,0.5892349749448744,seq_eth
11130,445.2,346,0.89,2.76,2.7041634565979327,3.680665700657966,0.0704885592369972,0.1906125859969265,seq_eth
11130,445.2,347,1.37,2.04,2.7812148874187486,3.6813176988681646,0.07046359298937965,0.19597439384307805,seq_eth
11130,445.2,348,10.24,4.56,2.749005501995179,5.9167643184429775,0.027277391762231377,0.07498570003445203,seq_eth
11130,445.2,349,-3.8,5.22,2.6764015020171765,8.009057372749929,0.014887047447990834,0.03984371615040364,seq_eth
11140,445.6,342,3.31,4.36,2.1477459114150044,2.137709054104417,0.20896530669862395,0.448804383089552,seq_eth
11140,445.6,343,6.22,3.24,2.816025568065705,3.118092365533773,0.09821853006442499,0.2765858919192509,seq_eth
11140,445.6,344,5.58,3.77,2.9741070088347104,2.3454210709380097,0.1735920120980498,0.5162812198585298,seq_eth
11140,445.6,345,5.17,4.55,2.5537044171163847,1.8696791168540123,0.2731726574223681,0.6976022218949225,seq_eth
11140,445.6,346,1.98,3.1,2.7498295401714823,3.5040833323424256,0.07777186801030836,0.21385938004906344,seq_eth
11140,445.6,347,2.48,2.39,2.8894744331798043,3.393287491504367,0.08293351442987669,0.23963426959887707,seq_eth
11140,445.6,348,9.14,4.44,2.6752628375544214,3.9715236370944598,0.06054204390739692,0.16196588017504704,seq_eth
11140,445.6,349,-2.74,5.37,2.7524137134522206,6.133726436677789,0.02538180929950008,0.06986123998817312,seq_eth
11150,446.0,342,2.48,4.12,2.131204178393173,1.9240841977418766,0.25794269699667,0.5497285536253073,seq_eth
11150,446.0,343,7.35,3.3,2.8605615707411247,3.3465504627900047,0.0852661444855414,0.2439090562006,seq_eth
11150,446.0,344,6.77,3.82,2.8304151638939663,2.641401143332833,0.13686823255716965,0.3873939208851788,seq_eth
11150,446.0,345,4.2,4.43,2.4619606008221755,1.9483326204732085,0.2515620807564205,0.6193359314831537,seq_eth
11150,446.0,346,3.02,3.31,2.752981338476681,1.6268988905276196,0.3607864812420176,0.9932384500339416,seq_eth
11150,446.0,347,3.62,2.57,2.6549776364408038,1.9483326204732085,0.2515620807564205,0.6678916985848119,seq_eth
11150,446.0,348,8.1,4.53,2.7198632778139515,3.9012818406262313,0.06274176468800081,0.17064902176013752,seq_eth
11150,446.0,349,-1.62,5.53,2.853314958079624,5.143734052223151,0.03609228432048424,0.10298265472290036,seq_eth
11150,446.0,350,-4.99,5.19,2.700115738260275,8.227666740941808,0.01410645855352166,0.0380890707514801,seq_eth
11160,446.4,342,1.68,3.86,2.210663079259206,2.7721832551258228,0.12425890156816809,0.2746945659660531,seq_eth
11160,446.4,343,8.49,3.53,2.88384508945952,3.9936199118093354,0.05987395188108169,0.172667202118793,seq_eth
11160,446.4,344,7.84,3.91,2.7762947429982474,3.4563709291683384,0.07993384326383222,0.22191990884102328,seq_eth
11160,446.4,345,3.23,4.21,2.4988122178346672,1.9237983262286096,0.25801936194308894,0.6447419340612958,seq_eth
11160,446.4,346,4.14,3.53,2.951694428629032,2.4820354550247665,0.15500846661007583,0.45753762728329017,seq_eth
11160,446.4,347,4.56,2.82,2.5375307879905105,2.996080773276982,0.10638106818374334,0.26994523577556645,seq_eth
11160,446.4,348,6.97,4.6,2.997942002440941,2.996080773276982,0.10638106818374334,0.31892427257257777,seq_eth
11160,446.4,349,-0.47,5.61,2.865800498987985,3.956008088970497,0.061017869555998194,0.1748650410207634,seq_eth
11160,446.4,350,-3.91,5.18,2.4255154091450386,5.74373571815417,0.028945595203206137,0.0702079871922512,seq_eth
11160,446.4,351,-3.08,-1.19,2.919439158468377,6.42384619990236,0.023140946220632397,0.06755858456052502,seq_eth
11160,446.4,352,-4.08,-0.79,2.5638106404332754,5.972419945047401,0.02677137686646329,0.06863674086928782,seq_eth
11160,446.4,353,-4.79,-0.26,2.56478556608518,5.510716831774247,0.03144526009455256,0.08065034921230273,seq_eth
11170,446.8,342,0.82,3.51,2.1821004788963725,4.235008854772325,0.053243026799182185,0.11618163427638784,seq_eth
11170,446.8,343,9.6,3.81,2.7408940147330916,4.079534287146021,0.05737863426095515,0.15726875521941108,seq_eth
11170,446.8,344,8.96,4.19,2.774042627646464,3.5544057168533825,0.07558530755207234,0.20967686517321685,seq_eth
11170,446.8,345,2.29,3.84,2.4392942114471916,3.0513275799232042,0.10256370787611671,0.25018305892677223,seq_eth
11170,446.8,346,5.34,3.75,2.950979710197898,3.0513275799232042,0.10256370787611671,0.30266342094508475,seq_eth
11170,446.8,347,5.59,3.06,2.6805141764220966,3.3909290762267497,0.08304891624498818,0.22261379733118217,seq_eth
11170,446.8,348,5.71,4.73,2.9631592093574057,3.2945561157764494,0.08797870468775594,0.2606949090228596,seq_eth
11170,446.8,349,0.67,5.64,2.850109647013561,3.742525885014023,0.06817760743593133,0.1943136566634514,seq_eth
11170,446.8,350,-3.05,5.23,2.240326427108316,4.891237062339138,0.03991480001635884,0.08942218130939214,seq_eth
11170,446.8,351,-2.29,-0.33,2.785930051167775,4.941426919423174,0.03910809202141775,0.10895240880630239,seq_eth
11170,446.8,352,-3.34,-0.08,2.528741040517949,5.317913124525447,0.03376672224918396,0.08538729635528203,seq_eth
11170,446.8,353,-4.04,0.44,2.637766574206266,4.891237062339138,0.03991480001635884,0.10528592529927906,seq_eth
11180,447.2,342,0.03,3.29,2.2736603198366523,2.9400680264238783,0.11047312107257892,0.251178351791233,seq_eth
11180,447.2,343,10.61,4.09,2.803039644742762,4.1439111959596815,0.05560969360303821,0.15587617580131408,seq_eth
11180,447.2,344,9.99,4.46,2.73155747697165,3.562709642954363,0.07523337129823536,0.20550427788747913,seq_eth
11180,447.2,345,1.39,3.56,2.4125323832023056,3.3591963324581076,0.08462537517514507,0.20416145805068195,seq_eth
11180,447.2,346,6.47,3.91,2.7784044432011408,3.562709642954363,0.07523337129823536,0.2090287330920183,seq_eth
11180,447.2,347,6.65,3.3,2.653123159598861,3.535703607487483,0.07638703952831506,0.20266422366576636,seq_eth
11180,447.2,348,4.6,4.55,2.7799505391283144,2.991738624947039,0.10669009089451677,0.2965931757018607,seq_eth
11180,447.2,349,1.81,5.63,2.838188242523702,2.991738624947039,0.10669009089451677,0.3028065615706026,seq_eth
11180,447.2,350,-2.12,5.27,2.639395053795389,3.9464541046362114,0.06131366390904183,0.16183098125159787,seq_eth
11180,447.2,351,-1.45,0.33,2.5653947064730387,3.3093806066996887,0.08719226246816765,0.2236825685812451,seq_eth
11180,447.2,352,-2.53,0.51,2.485772012876449,3.7791533443352097,0.066862460338284,0.16620483262096797,seq_eth
11180,447.2,353,-3.12,1.03,2.8262718375980214,3.876867292028449,0.06353448470411854,0.1795657248355525,seq_eth
11190,447.6,342,-0.92,2.98,2.276853640443256,2.0651876428063383,0.22389909930864527,0.5097854793528551,seq_eth
11190,447.6,343,11.74,4.48,2.944937393222431,4.1935784242100445,0.0543002518211185,0.15991084204940628,seq_eth
11190,447.6,344,11.04,4.86,2.782815570604663,3.5851080876313888,0.07429624667792518,0.20675275209281516,seq_eth
11190,447.6,345,0.44,3.29,2.368312954404416,2.608006901831358,0.140395733206606,0.33250103369631123,seq_eth
11190,447.6,346,7.53,4.13,2.7686018583393017,4.003198721022978,0.059587763238279495,0.16497479203578294,seq_eth
11190,447.6,347,7.68,3.43,2.5815753426928687,4.1935784242100445,0.0543002518211185,0.14018019120341307,seq_eth
11190,447.6,348,3.53,4.29,2.7270061422739356,4.003198721022978,0.059587763238279495,0.1624961963551532,seq_eth
11190,447.6,349,2.94,5.59,2.867108735294111,3.8900899732525467,0.06310330266384094,0.1809240302934065,seq_eth
11190,447.6,350,-0.94,5.31,2.355047770216023,3.8485971470134412,0.06447130704452372,0.15183300789811816,seq_eth
11190,447.6,351,-0.67,0.93,2.5656383221334793,2.0651876428063383,0.22389909930864527,0.5744441094774299,seq_eth
11190,447.6,352,-1.69,1.03,2.5441415546309276,2.0965209276322523,0.21725659975232567,0.552731543447711,seq_eth
11190,447.6,353,-2.13,1.65,2.8621724703448135,1.7980545041794478,0.29536952012105544,0.8453985090694434,seq_eth
11190,447.6,354,12.78,6.08,3.4111031939830423,5.60044641077834,0.030445708865020637,0.10385345475254971,seq_eth
11190,447.6,355,-2.4,10.55,2.4623413654488875,7.713319648504138,0.016050505813927692,0.03952182440201202,seq_eth
11200,448.0,342,-1.7,2.72,1.9174364396246406,1.5901257811883942,0.37766646571143825,0.7241514433793615,seq_eth
11200,448.0,343,12.84,4.85,2.994369716651742,4.23398157766422,0.05326886629652987,0.15950668007869967,seq_eth
11200,448.0,344,12.1,5.17,2.8435508172003754,3.55440571685338,0.07558530755207246,0.21493066305803735,seq_eth
11200,448.0,345,-0.42,3.0,2.3226130220078876,1.570891466651977,0.3869715356612928,0.8987851278733082,seq_eth
11200,448.0,346,8.63,4.4,2.7815519499015076,3.55440571685338,0.07558530755207246,0.2102444596053723,seq_eth
11200,448.0,347,8.67,3.73,2.5137434733879926,3.720013440835933,0.06900528659546716,0.1734615888086235,seq_eth
11200,448.0,348,2.45,4.18,2.7349874314155174,3.1031113418631953,0.0991691668710469,0.27122642497626137,seq_eth
11200,448.0,349,4.1,5.5,2.9551861193503517,4.661641341845168,0.04394340126508204,0.12986092945561312,seq_eth
11200,448.0,350,-0.26,5.57,2.2682936868934287,3.193133257476111,0.09365636454638264,0.2124401404379493,seq_eth
11200,448.0,351,0.27,1.45,2.655919097036053,1.6966437457521835,0.33173405771950676,0.8810588190344982,seq_eth
11200,448.0,352,-0.73,1.46,2.73387316823602,1.570891466651977,0.3869715356612928,1.0579310982154964,seq_eth
11200,448.0,353,-1.07,2.05,2.7414070292462687,1.151086443322134,0.720701629095375,1.9757365119912984,seq_eth
11200,448.0,354,11.42,6.19,3.126924407465123,3.3148453960931565,0.08690501251809872,0.2717454047739049,seq_eth
11200,448.0,355,-1.66,9.9,2.3095251135245554,7.043472155123496,0.019248539292112992,0.04445498489379912,seq_eth
11210,448.4,342,-2.29,2.29,2.050190539925435,2.5886289807540983,0.14250554522479805,0.29216352070679724,seq_eth
11210,448.4,343,13.96,5.38,3.0976805839209933,4.337476224718703,0.05075714285607677,0.15722941592057316,seq_eth
11210,448.4,344,13.22,5.51,2.9261749776800747,3.6325473155899846,0.07236837523313971,0.21176252878257587,seq_eth
11210,448.4,345,-1.18,2.38,2.3070882622907893,1.5138031576133006,0.41670870071189225,0.9613837522068521,seq_eth
11210,448.4,346,9.67,4.74,2.7553640866498514,3.6325473155899846,0.07236837523313971,0.19940122212659375,seq_eth
11210,448.4,347,9.64,3.88,2.637618480751085,3.9336115720797853,0.06171467357004466,0.16277976354187035,seq_eth
11210,448.4,348,1.36,4.01,2.649321847190311,2.1727862297059968,0.20227275122884386,0.5358856189218668,seq_eth
11210,448.4,349,5.3,5.45,2.9912633200705963,4.477555136455607,0.04763097780638813,0.14247679681134542,seq_eth
11210,448.4,350,0.83,5.71,2.6326376982030566,3.770331550407736,0.06717571496766689,0.17684931962762318,seq_eth
11210,448.4,351,1.25,1.84,2.779866228795851,2.1727862297059968,0.20227275122884386,0.5622911901466875,seq_eth
11210,448.4,352,0.28,1.98,2.8623635338649334,1.5138031576133006,0.41670870071189225,1.1927717891619567,seq_eth
11210,448.4,353,-0.1,2.48,2.7238816512469364,1.4940214188558343,0.42781670111167597,1.165322062255089,seq_eth
11210,448.4,354,10.29,6.32,2.793798936931544,3.039901314187684,0.10333618207459921,0.2887005156265798,seq_eth
11210,448.4,355,-0.84,9.56,2.208400156221657,7.118567271579304,0.018844568389141805,0.04161634777451046,seq_eth
11220,448.8,342,-2.96,1.67,2.130617574789005,4.079338181617209,0.057384151105785236,0.12226368086033393,seq_eth
11220,448.8,345,-1.71,1.68,2.4610084315174587,3.080990100600779,0.10059833116158778,0.24757334118525304,seq_eth
11220,448.8,346,10.73,5.07,2.6840093610119418,4.2513174428640355,0.05283531642947332,0.14181048388873443,seq_eth
11220,448.8,347,10.72,4.23,2.7202941017470326,4.38353738435068,0.049696059335292114,0.1351878970898657,seq_eth
11220,448.8,348,0.34,3.98,2.4750315654552315,2.3754157530840785,0.1692357527649261,0.4188638300967696,seq_eth
11220,448.8,349,6.49,5.38,2.9926211337220354,4.38353738435068,0.049696059335292114,0.14872147742949943,seq_eth
11220,448.8,350,1.83,5.83,2.378451439487413,3.4068900774753508,0.08227258428618942,0.19568134652583674,seq_eth
11220,448.8,351,2.36,2.21,2.57745635268564,2.6857587382339463,0.13238457551347818,0.34121546515480616,seq_eth
11220,448.8,352,1.33,2.46,2.8329534058998798,1.8139735389470266,0.2902080712813773,0.822145943956213,seq_eth
11220,448.8,353,0.91,2.96,2.798576647154725,1.6324827717314505,0.3583225735652429,1.0027931865280697,seq_eth
11220,448.8,354,9.19,6.34,2.776801217228161,2.865588944702292,0.11629032813962838,0.32291512472998235,seq_eth
11220,448.8,355,-0.19,8.92,2.1150132978304854,6.060660030062732,0.02599749693864063,0.05498505173553227,seq_eth
11230,449.2,342,-3.47,1.06,2.0205584005417574,5.895659420285402,0.027473032974422933,0.05551086756483096,seq_eth
11230,449.2,345,-2.19,0.69,2.5229570943636714,4.937175305779611,0.039175476337146097,0.09883804594987888,seq_eth
11230,449.2,346,11.71,5.41,2.4510839438909318,4.02124358874217,0.05905417667784172,0.14474674427475617,seq_eth
11230,449.2,347,11.72,4.52,2.5539797375859985,4.106701839676214,0.056621977975177706,0.14461138445064456,seq_eth
11230,449.2,348,-0.62,4.02,2.375131575302694,3.6815485872116365,0.07045475501714443,0.16733931327143564,seq_eth
11230,449.2,349,7.69,5.31,2.9912633200705954,4.106701839676214,0.056621977975177706,0.1693712458269942,seq_eth
11230,449.2,350,2.72,5.93,2.262638117331145,3.4199707601089218,0.08164443653078542,0.1847318141625785,seq_eth
11230,449.2,351,3.24,2.38,2.649764140447125,3.587882383802457,0.07418139335746972,0.1965631960070258,seq_eth
11230,449.2,352,2.36,2.88,2.7509657395176346,3.0711724145674397,0.10124252908168617,0.2785147288858364,seq_eth
11230,449.2,353,1.95,3.38,2.820294754099252,2.6484901359076267,0.13613652556153286,0.38394512888248983,seq_eth
11230,449.2,354,8.07,6.4,2.731443070979119,4.105715528382356,0.05664918570741784,0.1547340257771358,seq_eth
11230,449.2,355,0.51,8.54,2.1146069374708376,5.357163428531931,0.03327373789343858,0.07036087698505152,seq_eth
11240,449.6,342,-3.96,0.4,1.993465888847826,4.326661530556787,0.05101119970894082,0.10168908656897768,seq_eth
11240,449.6,345,-2.68,-0.09,2.541683743112032,4.240577790820491,0.053103275882183915,0.1349717330157401,seq_eth
11240,449.6,346,12.6,5.66,2.8514524807543613,5.651283040159996,0.029900418278215615,0.08525962187501096,seq_eth
11240,449.6,347,12.67,4.84,2.9395205816595538,5.895600054277767,0.027473586259069732,0.08075917226053458,seq_eth
11240,449.6,348,-1.56,4.0,2.213770821471765,4.56395661679644,0.045844618912004094,0.10148947966888731,seq_eth
11240,449.6,349,8.88,5.26,3.000937353561344,3.8132007552710876,0.06567378415813573,0.19708291202987474,seq_eth
11240,449.6,350,3.64,5.81,2.3415406253148503,3.196623218335248,0.09345197472709742,0.21882159533939527,seq_eth
11240,449.6,351,4.42,2.71,2.862281651060846,3.196623218335248,0.09345197472709742,0.26748587251677286,seq_eth
11240,449.6,352,3.36,3.31,2.565546968971667,2.515631133532895,0.1508959071094388,0.38713053711485085,seq_eth
11240,449.6,353,3.0,3.81,2.816302984410547,2.0999047597450695,0.21655697989644696,0.6098900687772985,seq_eth
11240,449.6,354,7.01,6.49,2.5986775482925477,4.58219379773488,0.04548042095355758,0.11818894881890403,seq_eth
11240,449.6,355,1.38,8.29,2.1861066991342892,5.200740331914293,0.03530539227185204,0.0771813545610597,seq_eth
11240,449.6,356,-5.54,1.26,2.816025568065905,4.831976821136459,0.04089984831897259,0.11517501859624414,seq_eth
11240,449.6,357,-6.4,6.26,1.171804164525863,5.341647685873713,0.033467317319872014,0.03921714181093457,seq_eth
11240,449.6,358,-6.55,7.2,1.2589678312014885,5.9279085687955755,0.02717492717867541,0.03421235913319536,seq_eth
11240,449.6,359,-4.9,12.67,2.357567602424293,7.656552749116276,0.01628939011018532,0.038403338387023596,seq_eth
11250,450.0,342,-4.35,-0.27,2.014207350299482,4.662027455946609,0.04393612268749554,0.08849646126081336,seq_eth
11250,450.0,345,-3.35,-0.98,2.6140246747115405,5.0324149272491425,0.03770669761942146,0.09856623797905462,seq_eth
11250,450.0,346,13.85,6.2,3.4041335167706506,7.854680133525489,0.015477983314175508,0.05268912177180172,seq_eth
11250,450.0,347,13.98,5.17,3.377314021526767,8.1117815552442,0.014512388239561283,0.049012892287310476,seq_eth
11250,450.0,348,-2.39,3.96,2.1154934412567927,4.662027455946609,0.04393612268749554,0.09294657937965059,seq_eth
11250,450.0,349,10.09,5.25,2.987735346378759,4.323343613454753,0.051089526065676114,0.15264198285615946,seq_eth
11250,450.0,350,4.59,5.82,2.350132974961337,2.28844925659277,0.1823428792345564,0.4285300132385238,seq_eth
11250,450.0,351,5.47,2.9,2.908231851142711,3.0497212987419036,0.10267177646561283,0.29859333053069986,seq_eth
11250,450.0,352,4.3,3.55,2.550061273773778,2.28844925659277,0.1823428792345564,0.464985514884451,seq_eth
11250,450.0,353,4.06,4.17,2.759189192498561,1.8976301009416985,0.26518457610424095,0.7316944164041338,seq_eth
11250,450.0,354,6.01,6.68,2.556884090059764,3.566651090308666,0.07506718485585821,0.1919380906435191,seq_eth
11250,450.0,355,2.2,8.09,2.1381212547469137,4.338893868257208,0.05072398058808946,0.10845402102076393,seq_eth
11250,450.0,356,-4.46,1.58,2.8351036136270067,3.154251099706553,0.09597958233758878,0.2721120607197088,seq_eth
11250,450.0,357,-5.94,6.35,1.3419319095990696,4.994326781459138,0.0382840144869112,0.05137454066753919,seq_eth
11250,450.0,358,-6.05,7.26,1.3278860079088863,5.247790011042744,0.03467516089920122,0.046044660980038614,seq_eth
11250,450.0,359,-4.12,12.14,2.291628787565866,7.506324000467873,0.016947934215010972,0.03883837393689165,seq_eth
11260,450.4,342,-4.74,-1.01,2.0912018075739365,5.3132005420461965,0.03382664810083465,0.07073834765263289,seq_eth
11260,450.4,345,-3.84,-1.83,2.4528045172823463,5.949327693109534,0.026979605830040592,0.0661756990544207,seq_eth
11260,450.4,348,-3.25,4.09,2.3264780248263137,3.8897300677553446,0.06311498073703717,0.14683561572205306,seq_eth
11260,450.4,349,11.27,5.29,2.9021812917183163,6.114417388435303,0.025542371591350053,0.07412859297853353,seq_eth
11260,450.4,350,5.52,5.83,2.2022715545545104,1.9990497742677646,0.23895942609263093,0.526253546776472,seq_eth
11260,450.4,351,6.69,3.22,2.95349369391572,2.860244744772727,0.11672529746380296,0.34474742997977864,seq_eth
11260,450.4,352,5.33,3.84,2.6805141764220886,1.9990497742677646,0.23895942609263093,0.6405341292309835,seq_eth
11260,450.4,353,5.1,4.49,2.6619130808499065,2.0349447166937984,0.23060363645287882,0.6138468363654744,seq_eth
11260,450.4,354,4.97,6.64,2.67000117041168,2.3075528162969534,0.179336248976745,0.4788279946651496,seq_eth
11260,450.4,355,3.05,7.92,2.1869642201005144,3.9959229221795556,0.059804956257836106,0.13079129952056393,seq_eth
11260,450.4,356,-3.33,1.77,3.002524979080045,3.635945544146667,0.07223316454121921,0.21688188085300963,seq_eth
11260,450.4,357,-5.34,6.43,1.3932874793092755,5.075007389157182,0.0370764397221342,0.05165813924221466,seq_eth
11260,450.4,358,-5.49,7.27,1.3382007510085947,4.875089742763717,0.040179650287226636,0.05376843818962938,seq_eth
11260,450.4,359,-3.37,11.66,2.161054430133564,7.429939434477242,0.017298196843550686,0.03738234492207764,seq_eth
11270,450.8,348,-4.23,4.24,2.3389367242402583,3.259831283977746,0.08986304602186722,0.2101839784926377,seq_eth
11270,450.8,349,12.41,5.34,3.380666539308514,6.160884676732718,0.02515852775022386,0.08505259294344651,seq_eth
11270,450.8,350,6.35,5.9,2.0399525117021384,2.5466252178127817,0.14724525597140803,0.3003733297550981,seq_eth
11270,450.8,351,7.75,3.52,2.8319880384634124,2.761231609264243,0.12524653199614028,0.3546966804720943,seq_eth
11270,450.8,352,6.39,4.03,2.624226076388952,1.870427758562196,0.27295402559707643,0.7162930716271854,seq_eth
11270,450.8,353,6.13,4.67,2.5728449720105138,1.9866806487203725,0.24194422421428766,0.6224849807767144,seq_eth
11270,450.8,354,3.88,6.52,2.6439790089937816,2.912902332725902,0.11254327148513517,0.2975620474101858,seq_eth
11270,450.8,355,3.91,7.72,2.1744252114064206,3.7723865125408342,0.06710254857748787,0.1459094733765137,seq_eth
11270,450.8,356,-2.07,1.82,3.0900293283397287,6.306702783547042,0.02400858988928514,0.07418724688997176,seq_eth
11270,450.8,357,-4.84,6.53,1.2577882373436122,4.980542139165173,0.03849622501799466,0.04842009900976658,seq_eth
11270,450.8,358,-4.99,7.41,1.2600843225752572,4.272107208392599,0.052322332517923585,0.0659305509264051,seq_eth
11270,450.8,359,-2.77,11.06,2.3767756520126206,6.974525073436901,0.01963098549772576,0.046658448356007444,seq_eth
11280,451.2,348,-5.09,4.43,2.1209151916094897,4.944340198651383,0.03906201945273852,0.08284723047225853,seq_eth
11280,451.2,349,13.96,5.57,3.9174290038240334,6.818482235805855,0.020539787930993526,0.08046316097326887,seq_eth
11280,451.2,350,7.15,5.91,2.0381134045974645,2.845434940391363,0.11794351368509506,0.24038225622691675,seq_eth
11280,451.2,351,8.92,3.62,2.8756792675817993,2.894304752440558,0.11399422926481702,0.3278108417208007,seq_eth
11280,451.2,352,7.4,4.19,2.5071148757087016,1.7380736463107653,0.31610766942016366,0.792518240328901,seq_eth
11280,451.2,353,7.13,4.83,2.4434222926051676,2.1606017680266763,0.20456057121618015,0.4998278598976616,seq_eth
11280,451.2,354,2.91,6.16,2.5954286736490757,4.42462427783422,0.048777393131400774,0.12659824475909104,seq_eth
11280,451.2,355,4.69,7.34,2.1867855976295094,3.500528531522061,0.07792990350272752,0.170415990604422,seq_eth
11280,451.2,356,-0.86,1.87,3.0986388140600805,5.886229693105766,0.02756112695940487,0.08540197775564962,seq_eth
11280,451.2,357,-4.35,6.61,1.3029413839463106,4.527394394130027,0.04658807055326175,0.060701525122055226,seq_eth
11280,451.2,358,-4.5,7.46,1.1567735301259214,3.9341199778349414,0.06169872384404076,0.0713714505853354,seq_eth
11280,451.2,359,-1.92,10.43,2.6911022370024806,6.44684418921382,0.022976138149728164,0.0618311367724115,seq_eth
11290,451.6,348,-5.9,4.54,2.02954736333003,6.781600106169636,0.020763809136126507,0.04214113408491354,seq_eth
11290,451.6,350,7.98,5.94,2.31466115230718,2.702480342204176,0.13075138408842074,0.3026451493598626,seq_eth
11290,451.6,351,10.01,3.95,2.857501093613051,2.8427099746544666,0.11816973871443785,0.3376701576084747,seq_eth
11290,451.6,352,8.37,4.35,2.7189726920291046,1.688075827680736,0.33511007108063284,0.9111551320921729,seq_eth
11290,451.6,353,8.06,4.98,2.2204307014630693,2.205311769342375,0.19635021971282898,0.4359820560893846,seq_eth
11290,451.6,354,1.94,5.78,2.6732470892156335,5.040734073525402,0.03758233927157197,0.10046687906364417,seq_eth
11290,451.6,355,5.45,6.89,2.238861317723783,3.681331280936287,0.07046307304728176,0.15775704857350442,seq_eth
11290,451.6,356,0.4,2.03,3.1339372201752362,6.781600106169636,0.020763809136126507,0.06507247428432147,seq_eth
11290,451.6,357,-3.81,6.69,1.2357310589282409,4.306738905482895,0.05148423865383717,0.06362067274982047,seq_eth
11290,451.6,358,-4.07,7.51,0.9042434683203029,3.936292672045614,0.06163063161860879,0.05572909608958173,seq_eth
11290,451.6,359,-0.95,9.91,2.5553864678360636,5.040734073525402,0.03758233927157197,0.09603740120419889,seq_eth
11300,452.0,348,-6.7,4.64,2.0155644370747514,7.695017868725192,0.016126945442178905,0.03250489771190055,seq_eth
11300,452.0,350,9.0,5.99,2.0893330275474256,2.5640007800310833,0.14525633296593776,0.30348885392615965,seq_eth
11300,452.0,351,11.05,4.45,2.9086347742542307,2.5640007800310833,0.14525633296593776,0.42249762124537776,seq_eth
11300,452.0,352,9.55,4.52,2.901642853626367,1.5695222202950816,0.38764701573084803,1.1248131929250031,seq_eth
11300,452.0,353,8.9,4.98,1.9673109820260861,2.2143622106602168,0.19474847219304395,0.38313080807817723,seq_eth
11300,452.0,354,0.97,5.26,2.6202337681971777,4.585411650004828,0.045416610793844375,0.11900213723909946,seq_eth
11300,452.0,355,6.25,6.46,2.288353665848135,3.828002089863589,0.0651668981377526,0.14912491024547816,seq_eth
11300,452.0,356,1.61,2.3,3.1115962543365265,6.671881293908039,0.021452344398422335,0.0667510344768681,seq_eth
11300,452.0,357,-3.37,6.74,0.9395810236483606,4.162523273208212,0.05511350516266155,0.051783603597582745,seq_eth
11300,452.0,358,-3.78,7.53,1.051189802081492,4.10834516563543,0.056576689785903474,0.05947283933846984,seq_eth
11300,452.0,359,-0.16,9.39,2.454619369678461,4.281798687467687,0.05208574646561932,0.12785068215867063,seq_eth
11310,452.4,350,9.65,5.87,1.9049688317659559,2.5443663258265308,0.1475068211176391,0.2809958967019788,seq_eth
11310,452.4,351,12.25,4.58,3.00855550887792,2.9024300163828234,0.11335687593349705,0.3410404535589135,seq_eth
11310,452.4,352,10.66,4.73,2.7393258751013643,1.5970597985047394,0.3743941263041529,1.0255875176709344,seq_eth
11310,452.4,353,9.63,4.87,1.7587282336961427,2.6360007587252317,0.13742961193802583,0.2417013386613105,seq_eth
11310,452.4,354,0.12,4.74,2.6282717705746674,4.215839180993506,0.05372832611565506,0.14121264281000587,seq_eth
11310,452.4,355,7.12,6.14,2.2416860284169826,3.8104724116571163,0.06576786425004456,0.14743090240814966,seq_eth
11310,452.4,356,2.83,2.57,3.145259329530667,6.6756048415106175,0.021428419510753645,0.06739793638329487,seq_eth
11310,452.4,357,-3.06,6.74,1.1845357740481373,4.375945612093459,0.049868643031786265,0.05907119167438719,seq_eth
11310,452.4,358,-3.23,7.55,1.462980690234804,4.37248213261072,0.049947677055400104,0.07307248705413433,seq_eth
11310,452.4,359,0.74,8.91,2.4430066004822635,4.375945612093459,0.049868643031786265,0.12182942408374768,seq_eth
11320,452.8,350,10.52,5.88,2.1887853366650347,2.580077518215295,0.1434517573836337,0.31398510308012756,seq_eth
11320,452.8,351,13.32,5.25,3.1561448002267425,3.0477040538739977,0.10280773629233698,0.3244761023221415,seq_eth
11320,452.8,352,11.71,4.89,2.992829973453225,1.6497575579460149,0.35085779422837654,1.0500577229863692,seq_eth
11320,452.8,353,10.3,4.84,1.7500446422877174,2.5709920264364885,0.14446742186858877,0.2528244376262432,seq_eth
11320,452.8,354,-0.84,4.19,2.62014431854425,4.9429242357131065,0.03908440227366713,0.10240677456104688,seq_eth
11320,452.8,355,7.94,5.86,2.103642674029939,3.892788203845671,0.06301585467350578,0.13256284103165572,seq_eth
11320,452.8,356,4.08,2.78,3.214639365465394,6.2424674608683395,0.024505231381102936,0.0787754814575314,seq_eth
11320,452.8,357,-2.43,6.86,1.0612492638394648,4.33240118179284,0.05087612793765335,0.05399225332083705,seq_eth
11320,452.8,358,-2.61,7.56,1.2405895775798894,4.294147179592241,0.05178661575575373,0.06424593576472257,seq_eth
11320,452.8,359,1.58,8.5,2.3598530144904912,4.9429242357131065,0.03908440227366713,0.09223344452507239,seq_eth
11330,453.2,350,11.4,5.93,2.1755028154428766,2.684641503068892,0.13249478425365563,0.28824277617532434,seq_eth
11330,453.2,352,13.03,5.07,3.330540496676363,4.3389399627097855,0.0507229028678543,0.1689346821103704,seq_eth
11330,453.2,353,11.03,4.88,1.8537124911916294,2.4254690268069794,0.16232294591976282,0.30090007245848766,seq_eth
11330,453.2,354,-1.57,3.5,2.570627355335612,6.116575839470969,0.0255243477060173,0.06561358644018585,seq_eth
11330,453.2,355,8.73,5.65,2.1558423527706743,4.224038352098618,0.05351994723561001,0.11538056896857983,seq_eth
11330,453.2,356,5.34,3.13,3.1645003555063487,5.953032840493994,0.02694603225159494,0.08527072863965773,seq_eth
11330,453.2,357,-2.24,6.96,0.7379236071572297,4.82893362969507,0.04095141468833344,0.03021901564500657,seq_eth
11330,453.2,358,-2.24,7.62,0.9722718241314837,4.715527542067801,0.04294482234155891,0.041754040755029975,seq_eth
11330,453.2,359,2.45,8.11,2.427994285413333,5.757820768311566,0.02880415228267468,0.06993631713850954,seq_eth
11340,453.6,350,12.25,6.07,2.411722672696846,6.293170901858617,0.02411194976647238,0.058151335934728855,seq_eth
11340,453.6,353,11.76,5.1,2.105053443502089,5.491320424087452,0.03166779392037607,0.06666239864020217,seq_eth
11340,453.6,354,-2.18,2.63,2.6563602918276725,7.571868989886183,0.01665578859284624,0.044243775447113054,seq_eth
11340,453.6,355,9.62,5.47,2.3133106687169946,3.6868007811651546,0.07025415917243866,0.16251969593534427,seq_eth
11340,453.6,356,6.51,3.49,3.080609720493615,5.491320424087452,0.03166779392037607,0.09755611377769911,seq_eth
11340,453.6,357,-1.85,6.97,1.0012492197250293,5.290831692654757,0.03411328081589874,0.03415589579917942,seq_eth
11340,453.6,358,-1.84,7.67,1.1816302298096593,5.2209577665405416,0.035032491215602236,0.04139545064589694,seq_eth
11340,453.6,359,3.38,7.77,2.8163029844105982,5.302386255262812,0.033964768597574004,0.09565507916616303,seq_eth
11350,454.0,350,13.32,6.12,2.6779189681543425,6.06488252153329,0.025961309594467307,0.06952228340115132,seq_eth
11350,454.0,353,12.65,5.34,2.179807904380691,5.17228189487,0.035694969014162116,0.07780817560369442,seq_eth
11350,454.0,355,10.53,5.22,2.260669148725789,3.1485393438863034,0.09632813074872873,0.2177660333380751,seq_eth
11350,454.0,356,7.7,3.84,3.1048349392521812,5.17228189487,0.035694969014162116,0.11082698695069453,seq_eth
11350,454.0,357,-1.44,6.92,1.1917030880215764,9.64499870399162,0.01026519100629256,0.012233059821330158,seq_eth
11350,454.0,358,-1.3,7.52,1.1879604370517398,9.723291623724961,0.0101005438676337,0.011999046507454399,seq_eth
11350,454.0,359,4.56,7.32,3.1267495102743856,6.013318551349164,0.026408452946664048,0.08257261731808598,seq_eth
11360,454.4,353,13.45,5.53,2.055632506067286,7.853438737266624,0.015482876923161531,0.03182710509068989,seq_eth
11360,454.4,355,11.4,5.15,2.1523243250030624,5.941397142087037,0.027051678419707875,0.05822398549489766,seq_eth
11360,454.4,356,8.91,4.13,3.077184183632784,4.750957798170806,0.0423066888723605,0.13018547385990084,seq_eth
11360,454.4,357,-0.9,6.89,1.1554896148386733,10.19086355516548,0.009194950767775939,0.010624670121117983,seq_eth
11360,454.4,358,-0.9,7.53,1.014427178263657,10.382490067416391,0.008858666116412114,0.008986471671651808,seq_eth
11360,454.4,359,5.71,6.86,2.7681221071332893,6.610068078318105,0.021855438137719358,0.06049852147010496,seq_eth
11370,454.8,355,12.25,5.14,2.078047460959411,12.881343097674247,0.005755049801730694,0.01195926662818143,seq_eth
11370,454.8,356,10.09,4.43,2.981453085325962,10.87805589248373,0.008069912209378284,0.024060064654960536,seq_eth
11370,454.8,357,-0.52,6.83,1.035917467755029,10.87805589248373,0.008069912209378284,0.008359763020944542,seq_eth
11370,454.8,358,-0.49,7.47,1.099573781062456,11.008087935695281,0.007880388012274276,0.008665068042895676,seq_eth
11370,454.8,359,6.64,6.56,2.1781944931524593,7.165088973627613,0.018600653672222058,0.04051584139787016,seq_eth
11380,455.2,355,13.06,5.24,1.465914816761242,13.228775453533105,0.005456725315364082,0.007999094490788368,seq_eth
11380,455.2,356,11.24,4.64,2.8584305134111303,11.518650094520625,0.007197276881558555,0.02057291585171548,seq_eth
11380,455.2,357,-0.08,6.77,1.1473474844178424,11.518650094520625,0.007197276881558555,0.008257777524714901,seq_eth
11380,455.2,358,-0.03,7.4,1.1738025813568298,11.603038395179082,0.007092966738973505,0.008325742667685236,seq_eth
11380,455.2,359,7.37,6.33,2.2795284600108885,7.462981977735174,0.017145359523402393,0.03908333499071448,seq_eth
11390,455.6,355,13.32,5.62,1.1510864433220351,12.975862206420041,0.005671513001201927,0.006528401728808207,seq_eth
11390,455.6,356,12.33,4.89,3.02347585569985,12.077913727130195,0.006546173863770408,0.01979219862432323,seq_eth
11390,455.6,357,0.39,6.71,1.1543396380614988,12.077913727130195,0.006546173863770408,0.007556507968592376,seq_eth
11390,455.6,358,0.44,7.34,1.126110562955497,12.13979406744612,0.006479608145171366,0.007296755176089951,seq_eth
11390,455.6,359,8.34,5.9,2.596150997149393,7.991157613262299,0.014953814498773416,0.038822360422177654,seq_eth
11400,456.0,356,13.6,5.17,3.2512497597079797,12.917004296662599,0.0057233166429008974,0.018607931859964223,seq_eth
11400,456.0,357,0.84,6.69,1.1830178570081515,12.850214006000055,0.00578296629615433,0.006841352394826862,seq_eth
11400,456.0,358,0.87,7.36,1.1159357060333457,12.917004296662599,0.0057233166429008974,0.006386853398748011,seq_eth
11400,456.0,359,9.37,5.77,2.5785776117853745,8.64743314515932,0.01277017814776481,0.03292889547033716,seq_eth
11410,456.4,357,1.33,6.6,1.191703088021499,9.107606710876354,0.007674879863621179,0.00914617803367138,seq_eth
11410,456.4,358,1.33,7.27,1.1554896148386475,9.200195650093535,0.007521180247149003,0.008690645666910246,seq_eth
11410,456.4,359,10.39,5.67,2.769730356911953,9.200195650093535,0.007521180247149003,0.02083164125033514,seq_eth
11420,456.8,357,1.79,6.61,1.1543396380615047,5.051148384278569,0.0374275266833387,0.04320407760518251,seq_eth
11420,456.8,358,1.79,7.27,1.189866063891215,5.576531179864414,0.030707404681097707,0.0365376987402124,seq_eth
11420,456.8,359,11.58,5.61,2.6635561285618814,13.089553086335682,0.005573419650181585,0.014845116066288378,seq_eth
11420,456.8,360,-1.34,3.51,2.3565069488547308,4.892289852410627,0.039897623035842496,0.09401902592674942,seq_eth
11420,456.8,361,-1.42,2.71,2.577426041616084,5.576531179864414,0.030707404681097707,0.07914606449550486,seq_eth
11430,457.2,357,2.25,6.52,1.1692011161472442,4.518639175681103,0.046768781549280894,0.054682111588265865,seq_eth
11430,457.2,358,2.28,7.21,1.2772039774444552,5.109295450451069,0.03658047564064112,0.04672072898503684,seq_eth
11430,457.2,359,12.52,5.73,2.7598969636563244,13.097667731317664,0.005566515778016484,0.015363009993892717,seq_eth
11430,457.2,360,-0.4,3.58,2.4955272488994633,4.512128101018409,0.04690385516944945,0.11704984865379506,seq_eth
11430,457.2,361,-0.4,2.86,2.604833248021797,5.109295450451069,0.03658047564064112,0.09528603917719343,seq_eth
11440,457.6,357,2.72,6.51,1.181630229809632,3.9024351371931862,0.06270468570171199,0.07409375217585468,seq_eth
11440,457.6,358,2.81,7.21,1.206492851201333,4.262546187433046,0.05255731693303386,0.06341002715802813,seq_eth
11440,457.6,359,13.76,5.26,3.3152111546624194,13.20606678765483,0.005475507817946151,0.018152464595496364,seq_eth
11440,457.6,360,0.65,3.67,2.6698548649692224,2.2559476944291066,0.1876347746352881,0.5009576158974276,seq_eth
11440,457.6,361,0.65,2.95,2.595217958091339,2.8050846689538624,0.1213610800726151,0.3149584544178117,seq_eth
11440,457.6,362,-0.86,4.45,2.5011247469889843,2.1284031572989175,0.2107965957818529,0.527228582291026,seq_eth
11440,457.6,363,-0.97,5.24,2.651886121235375,2.8050846689538624,0.1213610800726151,0.321835763902703,seq_eth
11450,458.0,357,3.19,6.42,1.2005857945187273,3.3029683619435413,0.0875311339142931,0.1050886359556167,seq_eth
11450,458.0,358,3.24,7.11,1.1408604209105284,3.6429932747673313,0.07195395049138538,0.08208941424377725,seq_eth
11450,458.0,360,1.72,3.84,2.666927070619069,2.1749712641779895,0.2018665381146542,0.5383633351501274,seq_eth
11450,458.0,361,1.67,3.02,2.6161159186857104,2.757535131235865,0.1255825432077028,0.3285384903947073,seq_eth
11450,458.0,362,0.14,4.42,2.637529620686901,2.0738611332488004,0.22203019334357282,0.585611211630513,seq_eth
11450,458.0,363,0.09,5.28,2.725458676993809,2.757535131235865,0.1255825432077028,0.3422700320643835,seq_eth
11460,458.4,357,3.68,6.54,1.1985668525368023,2.782984010015149,0.12329627612025464,0.1477788295989621,seq_eth
11460,458.4,358,3.72,7.14,1.1256248264852664,3.366808577867176,0.08424313730008402,0.09482616680598155,seq_eth
11460,458.4,360,2.77,3.91,2.700260404109155,2.076174366473105,0.22153570549852042,0.5982040936540415,seq_eth
11460,458.4,361,2.74,3.06,2.6549776364406186,2.6961639416029586,0.13136473368156107,0.3487704301415223,seq_eth
11460,458.4,362,1.25,4.44,2.7518175811633663,2.03088650593774,0.23152616282006827,0.6371177653475559,seq_eth
11460,458.4,363,1.21,5.28,2.7376141528710423,2.6961639416029586,0.13136473368156107,0.3596259541147769,seq_eth
11460,458.4,364,-2.27,5.57,2.3190784807761644,3.4920624278497656,0.07830822572072427,0.18160292113669418,seq_eth
11460,458.4,365,-2.16,6.43,2.8465988477477153,3.560814513562873,0.075313473709432,0.214387247481147,seq_eth
11460,458.4,366,-2.4,7.17,3.50722468627231,4.0748251496229875,0.057511331985363456,0.20170516327946902,seq_eth
11470,458.8,357,4.14,6.55,1.112780863422783,2.692582403567252,0.13171443566225824,0.14656930344149233,seq_eth
11470,458.8,358,4.14,7.14,1.1125702225028251,3.195246469366643,0.09353252414897473,0.10406150120367567,seq_eth
11470,458.8,360,3.88,3.87,2.663233467047101,2.119457477752267,0.21257978641423209,0.5661496015961075,seq_eth
11470,458.8,361,3.79,3.15,2.5972641856383762,2.594648338407346,0.14184511133825078,0.36840922758672673,seq_eth
11470,458.8,362,2.34,4.5,2.6625293425612706,1.9811612756158952,0.24329418052264248,0.6477778945159344,seq_eth
11470,458.8,363,2.28,5.26,2.612619614486533,2.263559144356515,0.18637501386719993,0.48692701687964607,seq_eth
11470,458.8,364,-1.36,5.39,2.527504945593574,3.6423206887916937,0.07198052678184692,0.18193113742754882,seq_eth
11470,458.8,365,-1.03,6.29,2.8002232053891243,3.466554485364394,0.07946489627622304,0.22251944656651956,seq_eth
11470,458.8,366,-1.0,7.08,3.118142475898011,3.751106503420024,0.06786605299992696,0.21161602253061787,seq_eth
11480,459.2,357,4.57,6.56,1.1392157390064193,2.4398770460824455,0.1604114998406471,0.18274330533609087,seq_eth
11480,459.2,358,4.61,7.15,1.1627687861307456,2.985180061570827,0.10715941092224159,0.12460161816054062,seq_eth
11480,459.2,360,4.9,3.96,2.535867701596404,2.0615528128088307,0.22468933142385214,0.5697824184510366,seq_eth
11480,459.2,361,4.81,3.24,2.6311238093255422,2.522003172083651,0.15013436971171643,0.3950221147465806,seq_eth
11480,459.2,362,3.38,4.43,2.676051195324885,1.8603763060198326,0.2759114875906884,0.7383532661709288,seq_eth
11480,459.2,363,3.3,5.26,2.6375296206867014,2.0615528128088307,0.22468933142385214,0.5926247670827013,seq_eth
11480,459.2,364,-0.26,5.35,2.7706610222110837,3.5611374587342173,0.07529981457938385,0.20863026123482073,seq_eth
11480,459.2,365,0.06,6.13,2.7334159032243526,3.354772719574308,0.08484869683694277,0.23192677730196118,seq_eth
11480,459.2,366,0.09,7.02,2.680718187352007,3.660833238485468,0.07125436762137431,0.19101287921088408,seq_eth
11490,459.6,357,5.05,6.5,1.2639842760097828,2.1374049686477288,0.20902476930094613,0.26420402169296825,seq_eth
11490,459.6,358,5.07,7.12,1.1516971173012294,2.744175650354765,0.12680826751893928,0.14604471615152548,seq_eth
11490,459.6,360,5.88,4.21,2.5887376267207642,1.817058061813106,0.28922362981233046,0.7487240930319372,seq_eth
11490,459.6,361,5.88,3.4,2.7682632190598926,2.375415753084079,0.16923575276492606,0.46848910972905833,seq_eth
11490,459.6,362,4.48,4.44,2.7763791617860476,1.744018348527331,0.31395635801925703,0.8716618901149051,seq_eth
11490,459.6,363,4.39,5.25,2.7626131198558745,1.817058061813106,0.28922362981233046,0.7990129942918828,seq_eth
11490,459.6,364,0.85,5.22,2.7716477499855143,3.540127116361784,0.07619626240186492,0.21118919924343474,seq_eth
11490,459.6,365,1.14,6.02,2.6878488145726833,3.339970059746045,0.08560245787254352,0.23008646491722415,seq_eth
11490,459.6,366,1.14,6.94,2.729840883641364,3.6631407289373965,0.07116462660421892,0.1942681071732687,seq_eth
11490,459.6,367,12.63,7.26,1.5955014885609788,7.618004988184243,0.016454658623416822,0.026253432327424286,seq_eth
11500,460.0,357,5.57,6.41,1.3139872526018637,1.9102355875650523,0.261696261592593,0.3438655517862299,seq_eth
11500,460.0,358,5.53,7.1,1.2752450744857564,2.600942136995746,0.14115946407949448,0.1800129112844244,seq_eth
11500,460.0,360,6.93,4.37,2.7309567920420936,1.6865645555388622,0.3357109012309271,0.9168119658791729,seq_eth
11500,460.0,361,6.99,3.63,2.843688186141531,2.2165062598603242,0.1943718900346784,0.5527330474096157,seq_eth
11500,460.0,362,5.6,4.5,2.7528394431933108,1.6398170629676962,0.3551244546490783,0.9776006060004969,seq_eth
11500,460.0,363,5.51,5.28,2.717363152028238,1.6865645555388622,0.3357109012309271,0.9122484327391127,seq_eth
11500,460.0,364,1.95,5.17,2.8539446385662295,3.561699032765121,0.07527607136786872,0.21483374029265778,seq_eth
11500,460.0,365,2.2,5.92,2.7975994173578336,3.371305385158692,0.08401855218344426,0.23505025263565238,seq_eth
11500,460.0,366,2.27,6.89,2.7784044432013273,3.266756801477576,0.08948243096707852,0.248618383787387,seq_eth
11500,460.0,367,12.11,7.63,1.610560849518049,6.601310475958542,0.021913465463701796,0.035292969553103994,seq_eth
11510,460.4,357,6.1,6.45,1.3015015366875138,1.9961212388028942,0.23966110140579042,0.3119192917638583,seq_eth
11510,460.4,358,6.09,7.1,1.4035668847617997,2.6271086768537,0.13836151362003163,0.19419963864259512,seq_eth
11510,460.4,360,8.02,4.65,2.790189285693677,1.6323296235748461,0.35838981368038,0.9999754182327494,seq_eth
11510,460.4,361,8.11,3.85,2.829807855667906,2.1779348015953093,0.201317548288437,0.5696899796304221,seq_eth
11510,460.4,362,6.68,4.54,2.790301283015817,1.5877657257920637,0.37879002719213506,1.0569382988678107,seq_eth
11510,460.4,363,6.56,5.38,2.7208110004187582,1.6323296235748461,0.35838981368038,0.975110947499607,seq_eth
11510,460.4,364,3.13,5.1,2.8657459761813917,3.2624224128705346,0.08972035802012251,0.25711575497771993,seq_eth
11510,460.4,365,3.37,5.83,2.8160255680657214,2.799517815624683,0.12184421402158555,0.3431164220056568,seq_eth
11510,460.4,366,3.36,6.83,2.876331213542634,2.7433191575170395,0.12688746160559303,0.3649703664233598,seq_eth
11510,460.4,367,11.62,8.06,1.2691655723348634,5.612708793443678,0.03031282147611689,0.03847198941782043,seq_eth
11520,460.8,357,6.61,6.36,1.3433284222408044,2.126405417600322,0.21119286503701612,0.28370137817869,seq_eth
11520,460.8,358,6.65,7.02,1.3910989360933097,2.080865204668481,0.2205380273790698,0.3067902152551412,seq_eth
11520,460.8,360,9.08,4.97,2.819491310502629,1.4800000000000006,0.4359613123408378,1.2291891318603148,seq_eth
11520,460.8,361,9.22,4.02,2.8829238630251455,2.1015470491997092,0.2162186479228735,0.6233418997278843,seq_eth
11520,460.8,362,7.83,4.6,2.7784044432011163,1.5061540425866147,0.420952020520772,1.1695749641894004,seq_eth
11520,460.8,363,7.68,5.45,2.7831243684032083,1.4800000000000006,0.4359613123408378,1.213334552056828,seq_eth
11520,460.8,364,4.23,4.93,2.8093871662695054,2.776562623100729,0.12386723289421504,0.3479910144143237,seq_eth
11520,460.8,365,4.44,5.68,2.7313286601944875,2.27404925188528,0.18465949733169065,0.5043657774391541,seq_eth
11520,460.8,366,4.57,6.96,2.7236521896159123,2.080865204668481,0.2205380273790698,0.6006688811645775,seq_eth
11520,460.8,367,11.33,8.28,0.6550286253286485,4.75391417676003,0.04225408560960421,0.027677635611378072,seq_eth
11530,461.2,357,7.17,6.35,1.365306742091299,1.8471870506258965,0.2798656717421449,0.38210248850946077,seq_eth
11530,461.2,358,7.2,7.02,1.3931192518948023,2.158077848456815,0.20503932719630966,0.2856442341127365,seq_eth
11530,461.2,360,10.21,5.19,2.8289794979815275,1.474618594755947,0.4391490726840057,1.2423437231806518,seq_eth
11530,461.2,361,10.37,4.31,2.9560583975963244,2.0163581031156146,0.23487459934362398,0.6943030317717918,seq_eth
11530,461.2,362,8.9,4.65,2.6690939473911004,1.5088074761214558,0.41947272503903943,1.1196121114973514,seq_eth
11530,461.2,363,8.78,5.55,2.739325875101355,1.7978042162593784,0.29545176775204135,0.8093386722476029,seq_eth
11530,461.2,364,5.36,4.82,2.867081486459661,2.42404620418011,0.16251355659485572,0.4659396094118252,seq_eth
11530,461.2,365,5.53,5.5,2.817856011225507,1.8471870506258965,0.2798656717421449,0.7886211654542675,seq_eth
11530,461.2,366,5.5,7.24,2.5287410405179367,1.8923530326025324,0.26666564047790337,0.6743283491724754,seq_eth
11530,461.2,367,11.23,8.41,0.25769410160112216,4.189224271867049,0.054413186542791384,0.014021957221398896,seq_eth
11540,461.6,357,7.7,6.29,1.2772039774444532,1.6194134740701647,0.3641295170834593,0.4650676675239222,seq_eth
11540,461.6,358,7.76,6.92,1.2837932076467398,1.91128229207514,0.2614097066935045,0.33559600586604754,seq_eth
11540,461.6,360,11.3,5.41,2.6386549603916922,1.4937201879870272,0.4279892696985354,1.1293160094844583,seq_eth
11540,461.6,361,11.52,4.57,2.8662093869778076,1.9089525923919644,0.2620481486653417,0.7510848635447585,seq_eth
11540,461.6,362,9.96,4.75,2.6655498963628115,1.570350279396287,0.3872383043598433,1.0322030220540912,seq_eth
11540,461.6,363,9.87,5.53,2.7379565829281898,1.9089525923919644,0.2620481486653417,0.7174764536824173,seq_eth
11540,461.6,364,6.51,4.68,2.816053310929982,2.5651705596314645,0.14512388239561283,0.4086765895151788,seq_eth
11540,461.6,365,6.67,5.35,2.8002232053891207,1.91128229207514,0.2614097066935045,0.7320055267971151,seq_eth
11540,461.6,366,6.54,7.42,2.813472054241861,2.074078108461685,0.22198374135277602,0.6245450527920887,seq_eth
11540,461.6,367,11.2,8.44,0.053033008588984284,3.76085096753381,0.0675148231441864,0.003580514195689392,seq_eth
11550,462.0,357,8.19,6.29,1.2125000000000696,1.2535549449465704,0.6076935589610364,0.7368284402402989,seq_eth
11550,462.0,358,8.22,6.9,1.1333716292550058,1.7637743619862494,0.3069625055615326,0.347902595048473,seq_eth
11550,462.0,360,12.29,5.55,2.5004999500101364,1.4358969322343436,0.46315338953893326,1.1581150273891279,seq_eth
11550,462.0,361,12.61,4.8,2.3635579641719486,1.8203571078225274,0.288176255711553,0.681121284272293,seq_eth
11550,462.0,362,11.02,4.88,2.6158471381181227,1.5920113064925134,0.37677240424200914,0.985579015358344,seq_eth
11550,462.0,363,10.97,5.59,2.6557720158177744,1.8203571078225274,0.288176255711553,0.7653304355418895,seq_eth
11550,462.0,364,7.59,4.5,2.7436859331929466,2.4813101378102664,0.1550991015854361,0.4255432232708249,seq_eth
11550,462.0,365,7.75,5.2,2.750681733680008,1.7637743619862494,0.3069625055615326,0.8443561569727556,seq_eth
11550,462.0,366,7.74,7.46,3.1580254907142753,2.260022123785517,0.18695883833259044,0.5904207771686498,seq_eth
11550,462.0,367,11.2,8.44,0.0,3.3544000953970876,0.08486754875145511,0.0,seq_eth
11560,462.4,357,8.67,6.29,1.1627687861307485,1.3668211294825667,0.5111495870631476,0.5943487848806495,seq_eth
11560,462.4,358,8.66,6.81,1.1085604403910356,1.7702259742756006,0.3047291248528488,0.33781065284684897,seq_eth
11560,462.4,360,13.26,5.81,2.510602517325417,1.4755676873664592,0.4385843285497505,1.1011109193164814,seq_eth
11560,462.4,361,13.39,4.85,1.954002302967027,1.622467256988566,0.36276008910172136,0.7088340495292874,seq_eth
11560,462.4,362,12.04,4.98,2.3011206509003435,1.4755676873664592,0.4385843285497505,1.009235455587092,seq_eth
11560,462.4,363,11.99,5.67,2.2130648996358118,1.622467256988566,0.36276008910172136,0.8028116201797791,seq_eth
11560,462.4,364,8.68,4.35,2.6545067809293443,2.460081299469593,0.15778745184259288,0.41884786086172515,seq_eth
11560,462.4,365,8.85,5.05,2.779051097047295,1.7702259742756006,0.3047291248528488,0.8468578087245716,seq_eth
11560,462.4,366,9.06,7.6,2.7034988903271744,2.2989562849258345,0.18067994750461155,0.48846803758308943,seq_eth
11560,462.4,367,11.2,8.44,1.7763568394002505e-15,3.018029158242179,0.10483939820512403,1.862321820402784e-16,seq_eth
11570,462.8,357,9.12,6.27,1.0768153277140649,1.5160474926597793,0.41547583473345395,0.44739074713577887,seq_eth
11570,462.8,358,9.1,6.79,1.089294496451698,1.918593234638338,0.25942126013348865,0.28258615092597344,seq_eth
11570,462.8,362,12.85,5.08,2.0403737402738975,3.2549807987144876,0.09013106858501466,0.18390106552368954,seq_eth
11570,462.8,363,12.74,5.63,1.716509903845545,3.2043252019731083,0.09300326836111028,0.1596410312318508,seq_eth
11570,462.8,364,9.7,4.26,2.4653853654144564,2.600173071162764,0.14124297927071428,0.3482183740615564,seq_eth
11570,462.8,365,9.97,5.08,2.6824662160034216,1.918593234638338,0.25942126013348865,0.6958887660211186,seq_eth
11570,462.8,366,9.9,7.57,2.1529413020330805,1.564257012130678,0.3902610072137699,0.8402090410035552,seq_eth
11570,462.8,367,11.2,8.44,1.7763568394002505e-15,3.005877575684013,0.10568876058917494,1.8774095272031655e-16,seq_eth
11580,463.2,357,9.53,6.24,1.0808705981753575,1.7867568385205645,0.2991165727647208,0.32330630892836665,seq_eth
11580,463.2,358,9.53,6.76,1.0768153277140737,2.129342621561876,0.21061063023563031,0.22678875481724786,seq_eth
11580,463.2,363,13.35,5.48,1.5704298774540284,3.2750267174482715,0.08903108938739973,0.1398170827962528,seq_eth
11580,463.2,364,10.64,4.13,2.2600124446559877,2.854645336990219,0.11718366162122616,0.2648365335743274,seq_eth
11580,463.2,365,10.99,5.21,2.5156075309952173,2.129342621561876,0.21061063023563031,0.5298136875284006,seq_eth
11580,463.2,366,10.78,7.51,2.0242668425877013,1.7819652072922183,0.3007273598763534,0.6087524232566413,seq_eth
11580,463.2,367,11.2,8.44,1.7763568394002505e-15,2.7620463428407565,0.1251726537969265,2.223512996780501e-16,seq_eth
11590,463.6,357,9.98,6.18,1.1002840542332508,2.1355093069335944,0.20939603073225418,0.23039511363443502,seq_eth
11590,463.6,358,9.96,6.74,1.0250762166785243,2.1041863035387323,0.21567658744045837,0.2210849402796,seq_eth
11590,463.6,364,11.5,4.09,2.06253787844001,3.0649796084150376,0.10165206443952826,0.20966123332815179,seq_eth
11590,463.6,365,11.96,5.38,2.0823664422957977,2.1355093069335944,0.20939603073225418,0.4360392675467857,seq_eth
11590,463.6,366,11.5,7.32,1.7366004865828693,1.9,0.2645234511222637,0.45937155393150303,seq_eth
11590,463.6,367,11.2,8.44,1.7763568394002505e-15,2.568267898798721,0.14477405375248217,2.571703805509212e-16,seq_eth
11600,464.0,357,10.41,6.22,1.07964114408452,2.356374333589635,0.17198192859997702,0.1856787661555414,seq_eth
11600,464.0,358,10.35,6.75,0.9753204601566104,1.8917187951701484,0.2668444806771845,0.2602588816843234,seq_eth
11600,464.0,364,12.29,4.14,1.9789517427164405,2.8876461001999534,0.11452055628127027,0.226630654429676,seq_eth
11600,464.0,365,12.65,5.35,1.7266296649832977,2.403018934590404,0.16537010278835776,0.28553292517571566,seq_eth
11600,464.0,366,12.08,7.02,1.6324827717315444,1.7645962711056602,0.3066766197415928,0.5006442982210163,seq_eth
11600,464.0,367,11.2,8.44,0.0,2.356374333589635,0.17198192859997702,0.0,seq_eth
