frame,t,ped_id,x,y,speed,r_k,k_density,q,scene
0,0.0,3,2.3,-4.59,1.4800760115615677,6.752962312940891,0.02094029183819686,0.030993223624813656,seq_hotel
0,0.0,4,2.74,-2.5,1.825684803025977,5.523929760596165,0.03129500942365002,0.05713482311531259,seq_hotel
0,0.0,5,-1.59,0.93,0.0,5.523929760596165,0.03129500942365002,0.0,seq_hotel
0,0.0,6,-1.72,1.32,0.0,5.872307893835268,0.027691963187315045,0.0,seq_hotel
0,0.0,8,-1.45,-0.76,0.0,4.536926272268484,0.04639251730987975,0.0,seq_hotel
10,0.4,3,1.94,-4.12,1.678401397163383,6.16144463579768,0.025153955087040995,0.04221843336227459,seq_hotel
10,0.4,4,2.76,-1.77,1.7875437057593861,5.119814449762804,0.036430316015312235,0.06512078209199675,seq_hotel
10,0.4,5,-1.59,0.93,0.0,5.119814449762804,0.036430316015312235,0.0,seq_hotel
10,0.4,6,-1.72,1.32,0.0,5.4422881217370325,0.03224098649666162,0.0,seq_hotel
10,0.4,8,-1.45,-0.76,0.0,4.329457240809753,0.05094534088151919,0.0,seq_hotel
20,0.8,3,1.53,-3.49,1.73065197252365,5.410249532138051,0.032623968547199664,0.05646073551776062,seq_hotel
20,0.8,4,2.73,-1.07,1.687916615239035,4.760504174979789,0.042137181346696376,0.07112404851442915,seq_hotel
20,0.8,5,-1.59,0.93,2.220446049250313e-16,4.760504174979789,0.042137181346696376,9.356333784781595e-18,seq_hotel
20,0.8,6,-1.72,1.32,0.0,5.051197877731578,0.037426793230204355,0.0,seq_hotel
20,0.8,8,-1.45,-0.76,0.0,4.0414477603947825,0.05846520045253389,0.0,seq_hotel
30,1.2,3,1.14,-2.99,1.549697551136995,4.776955097130389,0.041847456256387,0.06485090048183545,seq_hotel
30,1.2,4,2.73,-0.42,1.7626772960471238,4.5260247458448575,0.046616271426825215,0.08216944327043507,seq_hotel
30,1.2,5,-1.59,0.93,0.0,4.5260247458448575,0.046616271426825215,0.0,seq_hotel
30,1.2,6,-1.72,1.32,0.0,4.778085390614111,0.041827659911755626,0.0,seq_hotel
30,1.2,8,-1.45,-0.76,0.0,3.41774779642969,0.08175067704403492,0.0,seq_hotel
40,1.6,3,0.84,-2.46,1.508413902083908,4.1709711099455005,0.054890478734918216,0.08279756121579177,seq_hotel
40,1.6,4,2.71,0.34,1.7045893933730782,4.34028800887683,0.050691399798884824,0.08640802243241326,seq_hotel
40,1.6,5,-1.59,0.93,0.0,4.1709711099455005,0.054890478734918216,0.0,seq_hotel
40,1.6,6,-1.72,1.32,0.0,4.537102599677463,0.04638891143443974,0.0,seq_hotel
40,1.6,8,-1.45,-0.76,0.0,2.8520343616443333,0.11739831801322483,0.0,seq_hotel
50,2.0,3,0.45,-2.0,1.4429245475768997,3.6600546444008177,0.07128468636543538,0.10285842382300703,seq_hotel
50,2.0,4,2.63,0.94,1.681703005884214,4.366566156604065,0.050083110445398676,0.08422491738005802,seq_hotel
50,2.0,5,-1.59,0.93,0.0,3.5702240826032194,0.0749170092614735,0.0,seq_hotel
50,2.0,6,-1.72,1.32,0.0,3.9662702883187375,0.06070252671752315,0.0,seq_hotel
50,2.0,8,-1.45,-0.76,0.0,2.2688322987827902,0.18550968578587534,0.0,seq_hotel
60,2.4,3,0.17,-1.52,1.4595590087420247,3.411407334224396,0.08205484404576267,0.11976388683791479,seq_hotel
60,2.4,4,2.59,1.68,1.6298006013006632,4.32500867051154,0.05105019638673624,0.08320164076761967,seq_hotel
60,2.4,5,-1.59,0.93,0.0,3.0166372005927395,0.10493617197078844,0.0,seq_hotel
60,2.4,6,-1.72,1.32,0.0,3.411407334224396,0.08205484404576267,0.0,seq_hotel
60,2.4,8,-1.45,-0.76,0.0,2.097450833750341,0.2170640007617966,0.0,seq_hotel
70,2.8,3,-0.1,-0.97,1.5496975511369946,2.8050846689538624,0.1213610800726151,0.18807296859187234,seq_hotel
70,2.8,4,2.53,2.24,1.4080127840328733,4.3484365006287025,0.0505015975837501,0.0711068950120038,seq_hotel
70,2.8,5,-1.59,0.93,2.220446049250313e-16,2.414560001325293,0.16379301530872065,3.636935537370448e-17,seq_hotel
70,2.8,6,-1.72,1.32,0.0,2.8050846689538624,0.1213610800726151,0.0,seq_hotel
70,2.8,8,-1.45,-0.76,0.0,2.097450833750341,0.2170640007617966,0.0,seq_hotel
80,3.2,3,-0.34,-0.39,1.5552833343156476,2.1973848092675983,0.19776942291630367,0.3075874874989502,seq_hotel
80,3.2,5,-1.59,0.93,2.220446049250313e-16,1.8179383927955315,0.28894358635703715,6.415836447826998e-17,seq_hotel
80,3.2,6,-1.72,1.32,0.0,2.1973848092675983,0.19776942291630367,0.0,seq_hotel
80,3.2,8,-1.45,-0.76,0.0,2.097450833750341,0.2170640007617966,0.0,seq_hotel
90,3.6,3,-0.55,0.19,1.4952006554305686,1.6265915283192645,0.36092284320484236,0.5396520717197446,seq_hotel
90,3.6,5,-1.59,0.93,0.0,1.6957889019568444,0.3320685949686588,0.0,seq_hotel
90,3.6,6,-1.72,1.32,0.0,2.097450833750341,0.2170640007617966,0.0,seq_hotel
90,3.6,8,-1.45,-0.76,0.0,2.097450833750341,0.2170640007617966,0.0,seq_hotel
100,4.0,3,-0.76,0.73,1.3650206042400965,1.6420109622045767,0.3541761214121253,0.48345770325739307,seq_hotel
100,4.0,5,-1.59,0.93,2.220446049250313e-16,1.6957889019568444,0.3320685949686588,7.373403997782609e-17,seq_hotel
100,4.0,6,-1.72,1.32,0.02499999999999991,2.097450833750341,0.2170640007617966,0.005426600019044896,seq_hotel
100,4.0,8,-1.45,-0.76,0.0,2.097450833750341,0.2170640007617966,0.0,seq_hotel
110,4.4,3,-0.94,1.21,1.4298710606205032,2.0349447166937975,0.230603636452879,0.32973346623782307,seq_hotel
110,4.4,5,-1.59,0.93,4.965068306494546e-16,1.6957889019568444,0.3320685949686588,1.648743256461062e-16,seq_hotel
110,4.4,6,-1.7,1.32,0.024999999999999467,2.0949701668520246,0.21757835871206274,0.005439458967801453,seq_hotel
110,4.4,8,-1.45,-0.76,4.965068306494546e-16,2.0949701668520246,0.21757835871206274,1.0802914130203643e-16,seq_hotel
120,4.8,3,-1.19,1.79,1.3647344063956184,2.5632206303788987,0.14534476774347,0.19835700532909353,seq_hotel
120,4.8,5,-1.59,0.93,4.965068306494546e-16,1.6957889019568444,0.3320685949686588,1.648743256461062e-16,seq_hotel
120,4.8,6,-1.7,1.32,4.965068306494546e-16,2.0949701668520246,0.21757835871206274,1.0802914130203643e-16,seq_hotel
120,4.8,8,-1.45,-0.76,4.965068306494546e-16,2.5632206303788987,0.14534476774347,7.216466998379137e-17,seq_hotel
130,5.2,3,-1.46,2.17,1.1653862020806653,2.9300170647967216,0.11123234228903582,0.12962863692875604,seq_hotel
130,5.2,5,-1.59,0.93,4.965068306494546e-16,1.6957889019568444,0.3320685949686588,1.648743256461062e-16,seq_hotel
130,5.2,6,-1.7,1.32,4.965068306494546e-16,2.0949701668520246,0.21757835871206274,1.0802914130203643e-16,seq_hotel
130,5.2,8,-1.45,-0.76,4.965068306494546e-16,2.9300170647967216,0.11123234228903582,5.522761773564448e-17,seq_hotel
140,5.6,5,-1.59,0.93,4.965068306494546e-16,2.8570264261991,0.11698841772858794,5.808554850911566e-17,seq_hotel
140,5.6,6,-1.7,1.32,4.965068306494546e-16,2.67686383665662,0.13326583378242884,6.616739676517077e-17,seq_hotel
140,5.6,8,-1.45,-0.76,4.965068306494546e-16,4.172541192127407,0.05484917711853303,2.723299109485342e-17,seq_hotel
140,5.6,11,0.4,2.98,1.9557607215607924,2.67686383665662,0.13326583378242884,0.26063608323772364,seq_hotel
140,5.6,12,1.25,2.85,0.5618051263561054,3.3231611456563463,0.0864706212354322,0.048579638289262914,seq_hotel
140,5.6,13,1.01,3.82,0.8459462157844304,3.6870177650778957,0.0702458903900495,0.05942424514987026,seq_hotel
150,6.0,5,-1.59,0.93,0.0,2.3103679360655955,0.17889948266165312,0.0,seq_hotel
150,6.0,6,-1.7,1.32,0.0,2.2217110523198107,0.19346224849095867,0.0,seq_hotel
150,6.0,8,-1.45,-0.76,0.0,3.4591472937705325,0.07980558250260096,0.0,seq_hotel
150,6.0,11,0.34,2.2,2.026388412915942,2.2217110523198107,0.19346224849095867,0.39202965867874334,seq_hotel
150,6.0,12,1.33,2.64,0.6277439764744859,3.305041603369011,0.08742135238905568,0.05487822737748311,seq_hotel
150,6.0,13,0.9,3.5,0.9291292967074056,3.3929927792437167,0.08294792211453493,0.0770693445376185,seq_hotel
160,6.4,5,-1.59,0.93,4.965068306494546e-16,1.9773214205080571,0.2442400272523842,1.212668418488177e-16,seq_hotel
160,6.4,6,-1.7,1.32,4.965068306494546e-16,2.0949701668520246,0.21757835871206274,1.0802914130203643e-16,seq_hotel
160,6.4,8,-1.45,-0.76,4.965068306494546e-16,2.7746170906991834,0.12404100260458169,6.15872050737816e-17,seq_hotel
160,6.4,11,0.34,1.36,2.063863185872552,1.9773214205080571,0.2442400272523842,0.5040780007627046,seq_hotel
160,6.4,12,1.36,2.36,0.8250946915354627,3.231903463904824,0.09142282182738216,0.07543248497496545,seq_hotel
160,6.4,13,0.76,3.12,1.1549485919295293,3.0482125910113287,0.1027734360660567,0.11869803527225169,seq_hotel
170,6.8,5,-1.59,0.93,4.965068306494546e-16,2.0259565641938133,0.23265432051440418,1.1551445931550923e-16,seq_hotel
170,6.8,6,-1.7,1.32,4.965068306494546e-16,2.236716343213864,0.19087522408030785,9.477085255761811e-17,seq_hotel
170,6.8,8,-1.45,-0.76,0.15662455107677048,2.266848031959796,0.1858345966900268,0.029106260281108146,seq_hotel
170,6.8,11,0.4,0.55,2.0774082410542234,2.0681392603013946,0.22326046445136355,0.4638031287528561,seq_hotel
170,6.8,12,1.34,1.98,1.0752906583803286,3.1108198276338666,0.09867830142514075,0.10610785570729211,seq_hotel
170,6.8,13,0.74,2.59,1.4002231964940455,2.7507271765844026,0.12620493736223778,0.17671508080668338,seq_hotel
170,6.8,14,4.0,-2.41,1.525204904266963,4.660643732361443,0.04396221542388092,0.06705138656694391,seq_hotel
170,6.8,15,3.13,-2.31,1.2752450744856838,3.953795644693843,0.061086176782432236,0.07789984606095844,seq_hotel
170,6.8,16,3.58,-5.93,1.9319679086361636,7.2131685132124845,0.018353513919933808,0.035458399904019236,seq_hotel
180,7.2,5,-1.59,0.93,4.965068306494546e-16,2.356480426398658,0.17196644310307435,8.538251364316722e-17,seq_hotel
180,7.2,6,-1.7,1.32,4.965068306494546e-16,2.5329824318380103,0.14883566997371758,7.389792678623871e-17,seq_hotel
180,7.2,8,-1.51,-0.65,0.024999999999999356,1.97914122790669,0.2437910795382619,0.00609477698845639,seq_hotel
180,7.2,11,0.42,-0.3,2.1154934412566733,2.322154172315008,0.17708806070606264,0.3746286309485391,seq_hotel
180,7.2,12,1.38,1.5,1.2647257607876896,3.0242023741806694,0.10441182384825519,0.13205232335171477,seq_hotel
180,7.2,13,0.74,2.0,1.5002083188677493,2.5329824318380103,0.14883566997371758,0.223284510238826,seq_hotel
180,7.2,14,3.99,-1.8,1.3287682265918312,3.8723248830644366,0.0636836296708462,0.08462078366066124,seq_hotel
180,7.2,15,3.14,-1.8,1.2625000000000002,3.383326765182459,0.08342255619874131,0.10532097720091092,seq_hotel
180,7.2,16,3.44,-5.17,1.8969136116333798,5.730383931291166,0.029080638741655743,0.05516345946403978,seq_hotel
190,7.6,5,-1.59,0.93,4.965068306494546e-16,2.3945980873624704,0.16653522933875792,8.268587891046677e-17,seq_hotel
190,7.6,6,-1.7,1.32,4.965068306494546e-16,2.4609957334379917,0.15767021523179595,7.828433885255637e-17,seq_hotel
190,7.6,8,-1.45,-0.74,0.1566245510767712,2.0751144546747295,0.22176207207249532,0.03473338498420916,seq_hotel
190,7.6,11,0.49,-1.14,2.092023541932547,2.5443663258265308,0.1475068211176391,0.308587742373734,seq_hotel
190,7.6,12,1.4,0.97,1.4379890472461883,2.8540847920130195,0.11722969610736478,0.16857501901438965,seq_hotel
190,7.6,13,0.76,1.39,1.5383127932901037,2.4609957334379917,0.15767021523179595,0.2425461092118759,seq_hotel
190,7.6,14,3.92,-1.35,1.1554896148386629,3.4253175035316072,0.08138974997880914,0.09404501085482925,seq_hotel
190,7.6,15,3.13,-1.3,1.2390772776546273,2.8540847920130195,0.11722969610736478,0.14525665271299282,seq_hotel
190,7.6,16,3.35,-4.43,1.9271903123459306,4.359323341987837,0.05024967025112855,0.09684067770655246,seq_hotel
200,8.0,5,-1.59,0.93,0.0,2.3753947040439405,0.1692387520693615,0.0,seq_hotel
200,8.0,6,-1.7,1.32,0.0,2.5402558926218437,0.14798457415291916,0.0,seq_hotel
200,8.0,8,-1.45,-0.76,0.16817030058842108,2.3204525420701887,0.17734787975696384,0.029824646247447767,seq_hotel
200,8.0,11,0.53,-1.97,2.078047460959444,2.75138147118861,0.1261449199550035,0.2621351306254273,seq_hotel
200,8.0,12,1.35,0.35,1.5751984002023347,2.4606503205453634,0.15771448413677944,0.24843160310099147,seq_hotel
200,8.0,13,0.78,0.77,1.6125484488845583,2.5402558926218437,0.14798457415291916,0.23863229550913168,seq_hotel
200,8.0,14,3.9,-0.88,1.1880919577204443,2.835507009337131,0.11877086834136043,0.14111071348784404,seq_hotel
200,8.0,15,3.09,-0.81,1.2260199835239218,2.7986603938313057,0.12191888395165938,0.14947498809366838,seq_hotel
200,8.0,16,3.25,-3.64,1.990759905161843,3.191755003129156,0.09373726684709119,0.18660839245864563,seq_hotel
210,8.4,5,-1.59,0.93,0.0,2.5016994223927065,0.15258123488877076,0.0,seq_hotel
210,8.4,6,-1.7,1.32,0.0,2.754868417910372,0.12582578874881378,0.0,seq_hotel
210,8.4,8,-1.55,-0.65,0.20691181696558547,2.4382165613415068,0.16063006249917944,0.03323625809100077,seq_hotel
210,8.4,11,0.58,-2.8,2.16426950724719,2.906217472936256,0.1130616093287283,0.2446957935104611,seq_hotel
210,8.4,12,1.38,-0.29,1.5879428516165168,2.51240920233946,0.15128317520854404,0.24022903664225656,seq_hotel
210,8.4,13,0.77,0.1,1.7129105347332052,2.4382165613415068,0.16063006249917944,0.2751449262496976,seq_hotel
210,8.4,14,3.89,-0.4,1.2041594578792285,2.5593163149560083,0.14578856178552566,0.17555267552465098,seq_hotel
210,8.4,15,3.09,-0.32,1.175265927354315,2.3577107541002564,0.17178701492253223,0.20189542540035937,seq_hotel
210,8.4,16,3.15,-2.85,2.0056171120131565,2.5704863353069975,0.1445242695389067,0.2898603480884331,seq_hotel
220,8.8,5,-1.59,0.93,4.965068306494546e-16,2.795800422061632,0.12216844605019792,6.065746795375265e-17,seq_hotel
220,8.8,6,-1.7,1.32,4.965068306494546e-16,3.1126997927843925,0.0985591407230307,4.893528659192557e-17,seq_hotel
220,8.8,8,-1.52,-0.61,0.16817030058842267,2.2700220263248547,0.1853152840192843,0.031164527017151958,seq_hotel
220,8.8,11,0.6,-3.7,2.2962265241042767,3.1036269105676992,0.09913622201415748,0.2276392224883987,seq_hotel
220,8.8,12,1.32,-0.92,1.678773734009443,2.128497122384712,0.2107779844501428,0.3538485440023506,seq_hotel
220,8.8,13,0.75,-0.6,1.7761000112606296,2.470323865407125,0.1564817138142355,0.27792717366754627,seq_hotel
220,8.8,14,3.82,0.08,1.2177078877957572,2.692582403567252,0.13171443566225824,0.16038970724249865,seq_hotel
220,8.8,15,3.11,0.13,1.1752659273543173,2.1700921639414306,0.20277528689006263,0.23831488559138722,seq_hotel
220,8.8,16,3.13,-2.04,2.0212155995835808,2.2294618184665107,0.19211943638494558,0.3883148018044574,seq_hotel
230,9.2,5,-1.59,0.93,0.0125000000000004,3.2246860312284666,0.09183252154630162,0.001147906519328807,seq_hotel
230,9.2,6,-1.7,1.32,0.0250000000000008,3.5813405311419353,0.07445264763381974,0.0018613161908455531,seq_hotel
230,9.2,8,-1.45,-0.74,0.20691181696558666,2.2461745257214543,0.1892711352251347,0.03916243448857187,seq_hotel
230,9.2,11,0.74,-4.63,2.3664979399948813,3.328978822401848,0.08616865562947208,0.20391794603927402,seq_hotel
230,9.2,12,1.29,-1.63,1.8126724055934678,2.880919991947017,0.11505592473840887,0.20855869987335257,seq_hotel
230,9.2,13,0.72,-1.32,1.913520969312855,2.281403077055872,0.18347096114190206,0.3510755314050136,seq_hotel
230,9.2,14,3.8,0.57,1.2130797583011612,3.3376788341600507,0.08572002572251348,0.10398522808503598,seq_hotel
230,9.2,15,3.11,0.62,1.2377524994925297,2.89394194827747,0.11402281323375467,0.14113202207924974,seq_hotel
230,9.2,16,3.0,-1.24,2.125000000000002,1.9789138435010252,0.24384710772231863,0.5181751039099276,seq_hotel
230,9.2,17,1.42,-8.27,1.902958223398505,6.641272468435548,0.02165054263093585,0.04120007814057928,seq_hotel
230,9.2,18,3.29,-6.77,1.8249999999999973,5.515396631249651,0.03139192029321136,0.05729025453511065,seq_hotel
240,9.6,5,-1.6,0.93,0.025000000000000133,3.8280020898635883,0.06516689813775264,0.0016291724534438247,seq_hotel
240,9.6,6,-1.72,1.32,0.02499999999999991,4.214130989895781,0.053771892321673766,0.0013442973080418394,seq_hotel
240,9.6,8,-1.45,-0.76,0.025000000000000022,2.54939208439973,0.14692581754490755,0.003673145438622692,seq_hotel
240,9.6,11,0.71,-5.59,2.200568108466537,3.2736065737959406,0.08910835240529766,0.19608899850109549,seq_hotel
240,9.6,12,1.3,-2.37,1.875374962507497,3.1866283121820156,0.09403912104380004,0.17635861310175446,seq_hotel
240,9.6,13,0.7,-2.13,1.9749999999999983,2.800321410124202,0.12177429398242395,0.2405042306152871,seq_hotel
240,9.6,14,3.79,1.05,1.125277743492689,4.230425510513097,0.05335845883560318,0.060043086154775084,seq_hotel
240,9.6,15,3.13,1.12,1.2000651024006979,3.9406852196033118,0.06149331306274531,0.07379597903760163,seq_hotel
240,9.6,16,2.87,-0.36,2.001561890124808,2.55049014897137,0.14679933259821246,0.29382794962433845,seq_hotel
240,9.6,17,1.55,-7.52,1.9729419656948834,5.156064390598705,0.035919866787713826,0.07086781258765047,seq_hotel
240,9.6,18,3.29,-6.04,1.7885923235885792,4.174805384685614,0.05478969869478296,0.09799643449722,seq_hotel
250,10.0,5,-1.61,0.93,0.025,4.389829153850979,0.049553706607545794,0.001238842665188645,seq_hotel
250,10.0,6,-1.72,1.32,0.0,4.566399018920707,0.04579559076114389,0.0,seq_hotel
250,10.0,8,-1.45,-0.76,0.0,3.0477040538739977,0.10280773629233698,0.0,seq_hotel
250,10.0,11,0.7,-6.39,2.0878367991775586,3.3077484789505984,0.08727832948409427,0.18222290806763572,seq_hotel
250,10.0,12,1.26,-3.13,1.9139700232762247,3.3077484789505984,0.08727832948409427,0.1670481063141819,seq_hotel
250,10.0,13,0.72,-2.9,1.7875437057593848,3.490057306119772,0.07839823148075793,0.1401402652260961,seq_hotel
250,10.0,14,3.78,1.47,1.178253474427297,5.2450357482099195,0.034711587565116185,0.040899048651485505,seq_hotel
250,10.0,15,3.12,1.58,1.1392157390064435,4.774452848232979,0.041891331520893325,0.04772326419653841,seq_hotel
250,10.0,16,2.74,0.34,1.8269253542495911,3.7724395290050707,0.06710066252214289,0.12258790164864816,seq_hotel
250,10.0,17,1.66,-6.71,2.074020853318499,3.60227705764007,0.07358972122864368,0.15262661641810202,seq_hotel
250,10.0,18,3.24,-5.34,1.7257244855422302,2.9672377727442067,0.10845927179866795,0.18717082102704116,seq_hotel
260,10.4,11,0.74,-7.26,2.203548274942029,3.6138760355053683,0.0731180969940025,0.16111925649817818,seq_hotel
260,10.4,12,1.24,-3.9,1.9253652250936688,2.148883430993873,0.20679768251540204,0.3981610665451161,seq_hotel
260,10.4,13,0.69,-3.56,1.7628988910314718,2.7863237428554495,0.12300088342410374,0.21683812098424382,seq_hotel
260,10.4,14,3.72,1.99,1.2281210241665914,6.323242838923712,0.023883152972267785,0.029331402288628884,seq_hotel
260,10.4,15,3.08,2.03,1.1002840542332681,6.079490110198387,0.02583670160203062,0.028427710786697424,seq_hotel
260,10.4,16,2.62,1.08,1.8906430784259607,5.025385557347815,0.03781225756009312,0.07148948303564977,seq_hotel
260,10.4,17,1.86,-5.89,2.052932353975647,2.0843464203437967,0.2198019699738456,0.4512385756268914,seq_hotel
260,10.4,18,3.25,-4.66,1.7624999999999975,2.7863237428554495,0.12300088342410374,0.21678905703498255,seq_hotel
270,10.8,11,0.8,-8.15,2.20287454250123,3.841575197754172,0.06470721444069007,0.14254187540756413,seq_hotel
270,10.8,12,1.23,-4.67,1.9375000000000027,2.1418916872708573,0.2081499789766925,0.40329058426734227,seq_hotel
270,10.8,13,0.69,-4.31,1.9250405839877773,2.5781582573612507,0.14366541674334982,0.2765617577464655,seq_hotel
270,10.8,14,3.71,2.45,1.162768786130761,6.3972884881018155,0.023333479743615118,0.02713144191769005,seq_hotel
270,10.8,15,3.1,2.46,1.1011357772772634,6.3915334623234195,0.02337551824162451,0.025739619448250053,seq_hotel
270,10.8,16,2.48,1.83,1.9010276825969705,5.809922546815922,0.02828985337226181,0.05377979439727896,seq_hotel
270,10.8,17,1.93,-5.09,2.0823664422958834,1.749771413642365,0.31189524073272096,0.6494801828136142,seq_hotel
270,10.8,18,3.24,-3.93,1.7751760476076763,2.5781582573612507,0.14366541674334982,0.2550314066723694,seq_hotel
280,11.2,11,0.83,-9.02,2.176292719282042,4.930821432580984,0.03927650469096255,0.08547717119778876,seq_hotel
280,11.2,12,1.24,-5.45,1.8277376726434278,3.0008332176247317,0.10604438184912515,0.19382131167783095,seq_hotel
280,11.2,13,0.68,-5.1,1.9501602498256438,3.188683113763423,0.09391796163846024,0.18315507553197485,seq_hotel
280,11.2,14,3.7,2.92,1.1752659273543193,6.174989878534215,0.0250437224413887,0.02943303367948287,seq_hotel
280,11.2,15,3.12,2.91,1.1261105629555253,6.151828996322964,0.025232650510011147,0.028414754270688673,seq_hotel
280,11.2,16,2.27,2.56,1.899012901483301,5.8855755878248655,0.027567253422383715,0.05235056990756636,seq_hotel
280,11.2,17,2.0,-4.23,2.1411518512240106,1.6102794788483148,0.36827213981927187,0.7885265739282616,seq_hotel
280,11.2,18,3.27,-3.24,1.7001838135919318,3.188683113763423,0.09391796163846024,0.15967779818325809,seq_hotel
290,11.6,12,1.31,-6.13,1.8751666592599168,4.059076249591771,0.0579584767360827,0.10868180319699379,seq_hotel
290,11.6,13,0.71,-5.87,1.8756665481902686,4.170431632337354,0.054904680669907814,0.10298287287161495,seq_hotel
290,11.6,17,2.03,-3.38,2.1251470537353403,2.842692385749819,0.11817120104832039,0.2511311797442046,seq_hotel
290,11.6,18,3.26,-2.57,1.701653607524162,4.170431632337354,0.054904680669907814,0.09342874793191075,seq_hotel
300,12.0,12,1.26,-6.95,2.0000390621185367,5.432071428101807,0.032362378879581793,0.06472602190224351,seq_hotel
300,12.0,13,0.72,-6.6,1.8515196461285504,5.336525086608326,0.033531599576921964,0.062084415382786806,seq_hotel
300,12.0,17,1.98,-2.53,2.1523243250030863,4.478258590121834,0.04761601504634163,0.10248510744395405,seq_hotel
300,12.0,18,3.21,-1.88,1.6882405782352212,5.432071428101807,0.032362378879581793,0.05463548123273248,seq_hotel
310,12.4,12,1.3,-7.73,1.9131534831267438,6.787230657639388,0.020729372940235788,0.039658472043645365,seq_hotel
310,12.4,13,0.77,-7.35,1.9894251682332735,6.601469533369067,0.021912409499703345,0.04359309895534371,seq_hotel
310,12.4,17,1.95,-1.66,2.101338858918283,6.104703104983894,0.02562372632787294,0.053844131843046886,seq_hotel
310,12.4,18,3.22,-1.22,1.6875462956612464,6.787230657639388,0.020729372940235788,0.03498177651667538,seq_hotel
320,12.8,12,1.3,-8.48,1.8749999999999984,8.178563443539458,0.014276354650044659,0.02676816496883371,seq_hotel
320,12.8,13,0.79,-8.19,2.1005951537599983,8.036199350439235,0.014786656321201791,0.03106077860863113,seq_hotel
320,12.8,17,1.92,-0.85,2.0506096654409904,7.6551485942468815,0.01629536646032378,0.033415435965442886,seq_hotel
320,12.8,18,3.22,-0.53,1.6772838906994867,8.178563443539458,0.014276354650044659,0.023945499672432615,seq_hotel
330,13.2,17,1.91,-0.02,2.116970122604476,1.3870832707519762,0.16544172878575397,0.3502351968714741,seq_hotel
330,13.2,18,3.29,0.12,1.744858518619778,1.3870832707519762,0.16544172878575397,0.28867240980700576,seq_hotel
340,13.6,17,2.03,0.84,1.9769373409392603,1.4000357138301869,0.16239471771021405,0.3210441814126124,seq_hotel
340,13.6,18,3.43,0.85,1.660619236911338,1.4000357138301869,0.16239471771021405,0.2696757922023678,seq_hotel
350,14.0,17,1.98,1.56,1.804335057576612,1.464923206178399,0.1483270671872277,0.2676317273134365,seq_hotel
350,14.0,18,3.44,1.44,1.4752118491931916,1.464923206178399,0.1483270671872277,0.21881384707067297,seq_hotel
430,17.2,20,1.45,1.21,1.5957952562907298,7.59603185880628,0.005516664491908809,0.008803467026735587,seq_hotel
430,17.2,21,2.59,-6.3,1.926460484930837,7.59603185880628,0.005516664491908809,0.010627636152283374,seq_hotel
440,17.6,20,1.36,0.57,1.600048827379963,6.216912416947822,0.008235702100486174,0.0131775254885336,seq_hotel
440,17.6,21,2.56,-5.53,1.9139700232762247,6.216912416947822,0.008235702100486174,0.015762886940963575,seq_hotel
450,18.0,20,1.29,-0.06,1.6095418602819926,4.870492788209423,0.01341851073842898,0.021597654736144875,seq_hotel
450,18.0,21,2.53,-4.77,1.8675686065041963,4.870492788209423,0.01341851073842898,0.025059989401129402,seq_hotel
460,18.4,20,1.22,-0.71,1.612451549659709,3.549901407081611,0.025259080939531706,0.040729044203927915,seq_hotel
460,18.4,21,2.45,-4.04,1.8284641779373185,3.549901407081611,0.025259080939531706,0.04618532466555303,seq_hotel
470,18.8,20,1.13,-1.34,1.6194617161266875,6.2395272256798435,0.016352221258449574,0.026481796301692048,seq_hotel
470,18.8,21,2.44,-3.31,1.839582153642505,4.174793408062248,0.03652667537065341,0.06719382014374725,seq_hotel
470,18.8,23,2.24,-7.48,1.854218164078873,6.2395272256798435,0.016352221258449574,0.03032058568045389,seq_hotel
480,19.2,20,1.1,-2.0,1.6405505935508342,4.863712573744464,0.02691189744406555,0.04415032932544091,seq_hotel
480,19.2,21,2.38,-2.57,1.7724453447144701,4.17432629294836,0.03653485063802476,0.06475602593320547,seq_hotel
480,19.2,23,2.19,-6.74,1.8791620472966126,4.863712573744464,0.02691189744406555,0.05057181629762669,seq_hotel
490,19.6,20,1.05,-2.65,1.650189383070924,3.503855019831729,0.05185466908589893,0.08557002438820648,seq_hotel
490,19.6,21,2.29,-1.9,1.7575284492718732,4.082756421830722,0.03819206860486183,0.0671236471095878,seq_hotel
490,19.6,23,2.14,-5.98,1.8876655556533288,4.082756421830722,0.03819206860486183,0.07209385240454656,seq_hotel
500,20.0,20,1.08,-3.32,1.8625419458363943,2.571167050193355,0.1444477542469819,0.26904000126687094,seq_hotel
500,20.0,21,2.25,-1.17,1.8052440970683226,4.060788100849391,0.05790962150099284,0.10454100237812813,seq_hotel
500,20.0,23,2.17,-5.23,1.9628582475563612,4.060788100849391,0.05790962150099284,0.11366837817609098,seq_hotel
500,20.0,24,0.27,2.65,0.8838834764831877,6.024699162613848,0.026308776442994522,0.02325389278445299,seq_hotel
500,20.0,25,-0.67,2.78,0.7778174593052047,6.346061770893819,0.023711705470268102,0.018443378504677258,seq_hotel
500,20.0,26,3.53,-4.1,1.315294643796594,3.1973895602506737,0.09340718344872717,0.12285796808223672,seq_hotel
510,20.4,20,1.06,-4.14,1.7632090772225522,3.8466608896548182,0.06453622800547228,0.113790863028953,seq_hotel
510,20.4,21,2.18,-0.46,1.9376612836096994,3.8466608896548182,0.06453622800547228,0.12504935039641163,seq_hotel
510,20.4,23,2.11,-4.41,1.9764235376052368,3.9506202044742293,0.06118441627377859,0.1209263204581329,seq_hotel
510,20.4,24,0.44,2.34,0.7891847058832299,6.509592921220189,0.0225353195425435,0.017784529525166796,seq_hotel
510,20.4,25,-0.45,2.56,0.7362277161313606,6.86804921356858,0.020244384865653716,0.014904477234124518,seq_hotel
510,20.4,26,3.45,-3.58,1.3184389443580609,3.36857536653108,0.08415479087988967,0.1109529536503551,seq_hotel
520,20.8,20,1.04,-4.73,1.5750496023935248,5.25594901040716,0.03456758944982342,0.054445668018646975,seq_hotel
520,20.8,21,2.27,0.38,1.9394748000425237,3.6208424434100968,0.07283701297062446,0.1412655511668966,seq_hotel
520,20.8,23,2.11,-3.65,1.9477952279436341,4.033174928018869,0.058705293612723794,0.11434589075389331,seq_hotel
520,20.8,24,0.58,2.1,0.6604922406811444,5.886000339789321,0.02756327488963406,0.018205329192364724,seq_hotel
520,20.8,25,-0.29,2.33,0.7301540933255108,6.443632515902812,0.022999047662146124,0.01679284879310451,seq_hotel
520,20.8,26,3.43,-3.05,1.2647257607876874,3.6208424434100968,0.07283701297062446,0.09211884664277568,seq_hotel
530,21.2,20,1.07,-5.4,1.7272177772359782,3.6594125211569146,0.07130970544692238,0.1231673909373856,seq_hotel
530,21.2,21,2.25,1.09,1.7403753187172002,3.833431882791189,0.06498242001138957,0.11309379993833708,seq_hotel
530,21.2,23,1.95,-2.86,1.974881325548448,3.9613760235554514,0.06085261485113092,0.12017669268029062,seq_hotel
530,21.2,24,0.7,1.88,0.6370096153120446,4.902050591334202,0.03973889657352121,0.025314059219223875,seq_hotel
530,21.2,25,-0.09,2.1,0.7558108228915478,5.363133412474465,0.03319970165181107,0.025092693825209202,seq_hotel
530,21.2,26,3.39,-2.57,1.2426031144335654,3.833431882791189,0.06498242001138957,0.08074735748958273,seq_hotel
530,21.2,27,2.38,-7.98,1.628074015516486,5.503471631615811,0.03152810858853851,0.051330094351381694,seq_hotel
540,21.6,20,1.11,-6.11,1.8403888855347923,4.623353761069988,0.04467423573600362,0.08221796691830228,seq_hotel
540,21.6,21,2.19,1.77,1.6886570107632852,3.8740805360756245,0.06362592254731467,0.10744236017580469,seq_hotel
540,21.6,23,1.86,-2.09,1.8776647730625375,3.8740805360756245,0.06362592254731467,0.11946815342069818,seq_hotel
540,21.6,24,0.72,1.61,0.6791538853603052,3.8716404791767536,0.0637061468318949,0.04326627714221552,seq_hotel
540,21.6,25,0.05,1.83,0.7846177413237599,4.317696144936556,0.05122326182386334,0.04019067999547523,seq_hotel
540,21.6,26,3.34,-2.06,1.275980015517483,4.509246056715025,0.04696383068913418,0.059924909411481875,seq_hotel
540,21.6,27,2.42,-7.33,1.6058973348256105,5.349700926220081,0.03336663225695151,0.05358338581354467,seq_hotel
550,22.0,20,1.26,-6.86,1.8638837141839137,5.706505060017033,0.029324523819144094,0.05465750237270094,seq_hotel
550,22.0,21,2.2,2.44,1.6751865567751012,3.8143020331379107,0.06563586652952265,0.10995232125254116,seq_hotel
550,22.0,23,1.87,-1.36,1.8625000000000065,3.354519339637201,0.0848615152274431,0.15805457211111335,seq_hotel
550,22.0,24,0.76,1.34,0.7747983608655896,2.9192636057745798,0.11205332706156602,0.08681873413683718,seq_hotel
550,22.0,25,0.15,1.52,0.8105746418436767,3.354519339637201,0.0848615152274431,0.0687865923117964,seq_hotel
550,22.0,26,3.35,-1.55,1.2562344526401155,4.1524209805847,0.05538199915043973,0.069572775388868,seq_hotel
550,22.0,27,2.49,-6.7,1.6376908285754133,5.375872022286245,0.0330425487388018,0.0541134790222918,seq_hotel
560,22.4,20,1.36,-7.58,1.7714753738056856,6.997885394888945,0.01950014005504084,0.03454401789326669,seq_hotel
560,22.4,23,1.86,-0.6,1.8270963986610003,2.4167126432408135,0.16350135408806987,0.29873273523050947,seq_hotel
560,22.4,24,0.83,1.0,0.8284020762890443,3.170441609618446,0.0950018065154523,0.07869969376861075,seq_hotel
560,22.4,25,0.27,1.22,0.7871030745715576,3.7442355695121536,0.06811535943673165,0.05361380883819824,seq_hotel
560,22.4,26,3.24,-1.06,1.2042243354126334,3.7442355695121536,0.06811535943673165,0.08202617344909081,seq_hotel
560,22.4,27,2.44,-6.02,1.688657010763287,5.4509448722216955,0.0321386627497702,0.05427117816895635,seq_hotel
570,22.8,20,1.48,-8.26,1.7262676501632062,8.3726459378144,0.013622158515850972,0.023515491571308764,seq_hotel
570,22.8,23,1.94,0.1,1.808486936640681,1.860752535938081,0.2757999244891903,0.4987805605651869,seq_hotel
570,22.8,24,0.82,0.68,0.8128845243944549,2.6935664090569587,0.13161821820619024,0.10699041270818455,seq_hotel
570,22.8,25,0.26,0.9,0.7883923515610731,3.2916409281694134,0.08813460747689154,0.06948465044261866,seq_hotel
570,22.8,26,3.19,-0.6,1.201626501871525,3.2916409281694134,0.08813460747689154,0.10590488007627714,seq_hotel
570,22.8,27,2.44,-5.35,1.6124999999999972,5.472887720390397,0.03188146760875961,0.051408866519124775,seq_hotel
580,23.2,20,1.6,-8.94,1.752007776809223,9.320225319164768,0.010993058995648178,0.019259924851298196,seq_hotel
580,23.2,23,2.0,0.84,1.8908496767326572,1.7182840277439582,0.32343087503856804,0.6115591655120368,seq_hotel
580,23.2,24,0.85,0.35,0.8640384829392718,2.3828764130772706,0.16817767537580744,0.14531198349596597,seq_hotel
580,23.2,25,0.3,0.59,0.7751007998963743,2.97122870206923,0.10816810431926915,0.08384118418113998,seq_hotel
580,23.2,26,3.19,-0.1,1.2509996003196793,2.97122870206923,0.10816810431926915,0.1353182552707431,seq_hotel
580,23.2,27,2.44,-4.73,1.5914812282901722,5.323016062346609,0.03370201198367263,0.053636119427625424,seq_hotel
590,23.6,20,1.66,-9.65,1.7813267527323484,10.026814050335231,0.009498290764110446,0.016919559443340518,seq_hotel
590,23.6,23,2.03,1.61,1.8845589669734384,2.206014505845326,0.19622514302915287,0.3697978528412355,seq_hotel
590,23.6,24,0.99,0.01,0.8814937606131981,2.1949259668608416,0.19821276927815598,0.1747233193925579,seq_hotel
590,23.6,25,0.27,0.28,0.8015609770940693,2.882498915871435,0.11492991268912142,0.09212333311242824,seq_hotel
590,23.6,26,3.15,0.4,1.2249999999999988,2.882498915871435,0.11492991268912142,0.1407891430441736,seq_hotel
590,23.6,27,2.35,-4.08,1.6126937868051692,4.830734933734203,0.04092088012304474,0.0659928491250334,seq_hotel
590,23.6,28,0.74,3.69,0.8310385069297361,3.6884820726146956,0.070190126980086,0.05833069832673926,seq_hotel
600,24.0,23,2.23,2.33,1.868154169226947,2.8927668416241223,0.11411546928829387,0.21318528972421583,seq_hotel
600,24.0,24,1.07,-0.32,0.9168560410446155,2.8927668416241223,0.11411546928829387,0.10462745739361352,seq_hotel
600,24.0,25,0.26,-0.05,0.8383391318553638,3.089546892345219,0.10004186966898601,0.08386901416748518,seq_hotel
600,24.0,26,3.19,0.88,1.2031858750833184,3.0740526996133295,0.10105289620429767,0.12158541734927163,seq_hotel
600,24.0,27,2.42,-3.44,1.4813950350936163,4.388086143183609,0.0495930813101521,0.07346694442785334,seq_hotel
600,24.0,28,0.78,3.36,0.8408515029421103,3.4581064182584087,0.07985363202336179,0.06714504650223,seq_hotel
610,24.4,24,1.13,-0.71,0.9683265203432151,2.9415982050579244,0.11035821779167593,0.10686278902549225,seq_hotel
610,24.4,25,0.3,-0.39,0.9124999999999988,3.4042473470651338,0.08240037091970523,0.07519033846423091,seq_hotel
610,24.4,26,3.22,1.36,1.200065102400698,3.4042473470651338,0.08240037091970523,0.09888580956561156,seq_hotel
610,24.4,27,2.46,-2.9,1.3502314616390774,4.327262414044242,0.05099703386620021,0.06885779957641704,seq_hotel
610,24.4,28,0.87,3.03,0.8923284148787353,3.749026540316833,0.06794137817685782,0.06062602229323223,seq_hotel
620,24.8,24,1.22,-1.08,0.9708243919473792,3.5168167424533223,0.07720970719205791,0.07495706703716482,seq_hotel
620,24.8,25,0.26,-0.78,0.988765012528254,3.5027417832321017,0.07783145262538485,0.07695701723023086,seq_hotel
620,24.8,26,3.18,1.84,1.2041594578792232,3.9231110104099782,0.06204548552065988,0.074712658208411,seq_hotel
620,24.8,27,2.44,-2.36,1.2165525060596418,4.264692251499515,0.052504434810055865,0.06387440174741855,seq_hotel
620,24.8,28,0.92,2.66,0.9070039966835853,3.752012793155162,0.06783327119334062,0.06152504808048146,seq_hotel
630,25.2,24,1.29,-1.47,0.9351637557134039,3.7943774192876494,0.06632699593336056,0.06202660262222913,seq_hotel
630,25.2,25,0.34,-1.18,0.9970268301304627,3.5446438467073107,0.07600220132527136,0.07577623387027255,seq_hotel
630,25.2,27,2.62,-1.94,1.0624999999999991,4.562685612662788,0.04587016387429074,0.048737049116433874,seq_hotel
630,25.2,28,0.96,2.31,0.8948638164547714,4.562685612662788,0.04587016387429074,0.0410475499059536,seq_hotel
640,25.6,24,1.33,-1.82,0.902254121630929,3.7889312477267256,0.06651780848087015,0.060015966863721855,seq_hotel
640,25.6,25,0.37,-1.57,0.9801147891956323,3.5987358891699737,0.07373461755950335,0.07226838914575319,seq_hotel
640,25.6,27,2.84,-1.61,1.0311552986820165,3.9846957223858386,0.0601424415568512,0.062016197287020625,seq_hotel
640,25.6,28,1.07,1.96,0.8704345179276832,3.9846957223858386,0.0601424415568512,0.052350057123531635,seq_hotel
650,26.0,24,1.42,-2.18,0.9219544457292917,3.822590744508232,0.0653515321821062,0.06025113563051369,seq_hotel
650,26.0,25,0.42,-1.96,0.9637978263100652,3.655707865790154,0.07145430766909892,0.06886750641196816,seq_hotel
650,26.0,27,3.04,-1.23,1.0735455276791988,3.45028984289726,0.08021585606714873,0.08611537352984584,seq_hotel
650,26.0,28,1.11,1.63,0.8758032027801711,3.822590744508232,0.0653515321821062,0.057235081191680026,seq_hotel
660,26.4,24,1.49,-2.54,0.9179630983868571,3.819960732782472,0.043627700767372844,0.04004861937191224,seq_hotel
660,26.4,25,0.5,-2.33,0.9864709828474418,3.639793950212017,0.04805366598739302,0.04740354711600628,seq_hotel
660,26.4,28,1.1,1.26,0.9013878188659965,3.819960732782472,0.043627700767372844,0.03932547803684057,seq_hotel
670,26.8,24,1.5,-2.91,0.9645270861930209,3.836000521376399,0.043263615272110666,0.041728928776584774,seq_hotel
670,26.8,25,0.54,-2.74,1.0320640726233996,3.7006215694123608,0.04648691983464878,0.04797747980826512,seq_hotel
670,26.8,28,1.15,0.91,0.8838834764831837,3.836000521376399,0.043263615272110666,0.03823999467194413,seq_hotel
680,27.2,24,1.54,-3.31,1.1261799367774208,3.884906691286163,0.04218120075319406,0.047503621997427775,seq_hotel
680,27.2,25,0.66,-3.14,0.9978883955633505,3.739197774924456,0.04553268383930174,0.04543653682209411,seq_hotel
680,27.2,28,1.2,0.56,0.8896979824637113,3.884906691286163,0.04218120075319406,0.037528529208013535,seq_hotel
690,27.6,24,1.64,-3.8,1.196936192952655,4.024127234569007,0.039313047893462925,0.04705520987896691,seq_hotel
690,27.6,25,0.71,-3.52,0.9659839543180823,3.7521327268634836,0.04521928986522579,0.04368110843546639,seq_hotel
690,27.6,28,1.2,0.2,0.8753570700005788,4.024127234569007,0.039313047893462925,0.034412954416814134,seq_hotel
700,28.0,24,1.66,-4.26,1.1506112505968333,4.143428532025139,0.03708176679680694,0.042666698068414166,seq_hotel
700,28.0,25,0.8,-3.9,0.9641220099136859,3.78338472799159,0.04447532292633656,0.04287963773129984,seq_hotel
700,28.0,28,1.22,-0.14,0.9247465869090874,4.143428532025139,0.03708176679680694,0.034291237281905945,seq_hotel
710,28.4,24,1.67,-4.72,1.1510864433221333,4.204592727006981,0.0360107572074475,0.04145149443525762,seq_hotel
710,28.4,25,0.89,-4.27,0.942818248656654,3.7646380968162125,0.044919370073563704,0.04235080182351744,seq_hotel
710,28.4,28,1.32,-0.53,1.0482872936366239,4.204592727006981,0.0360107572074475,0.03774961921480069,seq_hotel
720,28.8,24,1.7,-5.18,1.0877873183669677,3.8029725215941284,0.0660275233050331,0.07182390251439442,seq_hotel
720,28.8,25,0.88,-4.65,0.989475871358165,3.606008874087805,0.0734374857575671,0.07266462021032154,seq_hotel
720,28.8,28,1.34,-0.97,1.0750726719622248,5.299669801034778,0.03399959619573005,0.0365520367277802,seq_hotel
720,28.8,29,-1.07,-5.69,0.7905694150420973,2.816558183315232,0.12037434243682996,0.09516427348636176,seq_hotel
720,28.8,30,-1.29,-7.53,0.0,3.8029725215941284,0.0660275233050331,0.0,seq_hotel
730,29.2,24,1.65,-5.59,1.0094088616611219,3.5223855552735848,0.0769657665348646,0.07768992678483334,seq_hotel
730,29.2,25,0.94,-5.06,1.0144271782636725,3.3277319603597886,0.08623324049119288,0.08747734282401345,seq_hotel
730,29.2,28,1.31,-1.39,1.1392157390064428,5.06296355902351,0.03725304516538339,0.04243925537832263,seq_hotel
730,29.2,29,-0.89,-5.95,0.8321658488546604,2.5653849613654476,0.14509962598787032,0.12074695342868985,seq_hotel
730,29.2,30,-1.29,-7.53,0.0,3.5223855552735848,0.0769657665348646,0.0,seq_hotel
740,29.6,24,1.59,-5.98,1.0125000000000002,3.2706115636070265,0.08927162622361359,0.09038752155140878,seq_hotel
740,29.6,25,0.93,-5.46,1.0131942064579724,3.035341825890455,0.10364686470117894,0.10501440283276783,seq_hotel
740,29.6,28,1.29,-1.88,1.2202714861865767,4.805923428437037,0.04134449465302149,0.0504515079358755,seq_hotel
740,29.6,29,-0.71,-6.25,0.8258518329579461,2.3157936004747914,0.17806217877479955,0.14705297672165368,seq_hotel
740,29.6,30,-1.29,-7.53,0.0,3.2706115636070265,0.08927162622361359,0.0,seq_hotel
750,30.0,24,1.65,-6.4,0.9953799525809244,3.1496825236839343,0.09625821869375256,0.09581350115891167,seq_hotel
750,30.0,25,0.97,-5.87,0.9778803607804014,2.8041397968004373,0.12144288057678455,0.11875660787263728,seq_hotel
750,30.0,28,1.2,-2.36,1.2412191587306456,4.427064490155977,0.048723635436242446,0.06047670978647152,seq_hotel
750,30.0,29,-0.47,-6.46,0.8253787009609626,2.1208488866489286,0.21230094676553402,0.17522867965411892,seq_hotel
750,30.0,30,-1.29,-7.53,0.0,3.1496825236839343,0.09625821869375256,0.0,seq_hotel
760,30.4,24,1.69,-6.77,0.9280355596635274,3.0753861546153844,0.10096528426214547,0.0936993740868073,seq_hotel
760,30.4,25,0.99,-6.24,0.9374999999999982,2.6196373794859475,0.13915186281258604,0.13045487138679918,seq_hotel
760,30.4,28,1.13,-2.86,1.3154134331076281,4.192433660775087,0.05432990974035628,0.07146629309198962,seq_hotel
760,30.4,29,-0.33,-6.79,0.8889952193347266,2.0200990074746334,0.23400550346779364,0.20802977388088434,seq_hotel
760,30.4,30,-1.29,-7.53,0.0,3.0753861546153844,0.10096528426214547,0.0,seq_hotel
770,30.8,24,1.71,-7.14,0.8363798479160047,3.025243791829016,0.104339950235615,0.08726783170962718,seq_hotel
770,30.8,25,0.97,-6.62,0.9428182486566531,2.436329205998237,0.16087903003038767,0.1516796853388312,seq_hotel
770,30.8,28,1.13,-3.41,1.363417122527071,3.8929808630405565,0.06300961766189864,0.08590839160411676,seq_hotel
770,30.8,29,-0.14,-7.09,0.8575036443071232,1.8506755523321747,0.2788115791390868,0.2390819451867908,seq_hotel
770,30.8,30,-1.29,-7.53,0.0,3.025243791829016,0.104339950235615,0.0,seq_hotel
780,31.2,24,1.8,-7.43,0.7315437444199759,3.0916176995223714,0.09990789576917715,0.07308699616810452,seq_hotel
780,31.2,25,1.07,-6.99,0.9219544457292873,2.4209915324098104,0.1629239163569528,0.15020842900091919,seq_hotel
780,31.2,28,1.09,-3.95,1.2640460830207103,3.5516897387018473,0.07570095196411845,0.09568949181118287,seq_hotel
780,31.2,29,0.08,-7.34,0.9308094595565729,1.7223530416264836,0.32190448628059065,0.29963174090367284,seq_hotel
780,31.2,30,-1.29,-7.53,0.0,3.0916176995223714,0.09990789576917715,0.0,seq_hotel
790,31.6,24,1.88,-7.7,0.6654415827103077,3.1745550869373806,0.09475576599569074,0.0630544268951,seq_hotel
790,31.6,25,1.13,-7.34,0.8704345179276821,2.427447218787671,0.16205849105666054,0.1410613045389919,seq_hotel
790,31.6,28,1.08,-4.42,1.237563129702885,3.4890113212771325,0.07844524517393718,0.09708094312776784,seq_hotel
790,31.6,29,0.14,-7.78,1.0186541365939659,1.7418381095842401,0.31474280110460523,0.32061405630837797,seq_hotel
790,31.6,30,-1.29,-7.53,0.0,3.1745550869373806,0.09475576599569074,0.0,seq_hotel
800,32.0,24,1.85,-7.96,0.6543126164151218,3.116616755393579,0.09831155822957927,0.06432649288904362,seq_hotel
800,32.0,25,1.22,-7.67,0.8551315688243567,2.5139013504909054,0.1511036376016856,0.12921349067739646,seq_hotel
800,32.0,28,1.08,-4.94,1.2260199835239278,3.2887839697979557,0.08828779861053171,0.10824260539784794,seq_hotel
800,32.0,29,0.28,-8.13,0.9424038412485428,1.6807438829280328,0.338040163740795,0.3185703488056116,seq_hotel
800,32.0,30,-1.29,-7.53,0.0,3.1693059177050107,0.09506990477887123,0.0,seq_hotel
810,32.4,28,1.04,-5.4,1.1543396380615234,3.156865534038471,0.03194022418509208,0.036869866825423106,seq_hotel
810,32.4,30,-1.29,-7.53,0.0,3.156865534038471,0.03194022418509208,0.0,seq_hotel
870,34.8,31,3.3,-2.46,1.700183813591906,6.25395874626624,0.008138420080379186,0.013836810088872031,seq_hotel
870,34.8,32,2.22,3.7,1.7564168070250052,6.25395874626624,0.008138420080379186,0.014294457811807796,seq_hotel
880,35.2,31,3.29,-1.78,1.6624999999999908,4.911751215198099,0.01319402810260559,0.02193507172058167,seq_hotel
880,35.2,32,2.16,3.0,1.6766782637107116,4.911751215198099,0.01319402810260559,0.022122140130427077,seq_hotel
890,35.6,31,3.3,-1.13,1.6001953005805318,3.6714710948065488,0.023614018574878576,0.037787041551342083,seq_hotel
890,35.6,32,2.16,2.36,1.6023907919106435,3.6714710948065488,0.023614018574878576,0.03783888592439233,seq_hotel
900,36.0,31,3.31,-0.5,1.612935987570498,2.533140343526193,0.049605704741271454,0.08001082636599322,seq_hotel
900,36.0,32,2.09,1.72,1.5696834872037155,2.533140343526193,0.049605704741271454,0.07786525560347686,seq_hotel
910,36.4,31,3.33,0.16,1.6392166574312315,1.6020611723651503,0.12402006007316711,0.20329574832755753,seq_hotel
910,36.4,32,2.04,1.11,1.5757934509319478,1.6020611723651503,0.12402006007316711,0.1954299984474835,seq_hotel
920,36.8,31,3.37,0.81,1.6257690487889023,1.365613415282671,0.1706846941840262,0.277493892906389,seq_hotel
920,36.8,32,2.05,0.46,1.6624999999999905,1.365613415282671,0.1706846941840262,0.28376330408094197,seq_hotel
930,37.2,31,3.37,1.46,1.5642989643926672,2.142731901101955,0.06932892343863192,0.10845116313751044,seq_hotel
930,37.2,32,2.04,-0.22,1.6511832878272379,2.142731901101955,0.06932892343863192,0.11447475974492312,seq_hotel
940,37.6,31,3.43,2.06,1.4783859441972573,3.208628990706155,0.030917980649790747,0.04570870801561343,seq_hotel
940,37.6,32,2.1,-0.86,1.6692532012849397,3.208628990706155,0.030917980649790747,0.05160993817692902,seq_hotel
950,38.0,31,3.45,2.64,1.450861812854696,4.384084853193424,0.01656121612593993,0.02402803605155963,seq_hotel
950,38.0,32,2.16,-1.55,1.7261318750315753,4.384084853193424,0.01656121612593993,0.02858684304427185,seq_hotel
1000,40.0,36,0.19,-0.63,1.4735162028291426,6.876350776392956,0.013463689189360955,0.01983896417037893,seq_hotel
1000,40.0,37,0.05,-4.68,1.145098249059883,4.052419030653173,0.038766039201294684,0.04439092361238933,seq_hotel
1000,40.0,38,-1.4,-7.32,0.050000000000001335,6.876350776392956,0.013463689189360955,0.0006731844594680658,seq_hotel
1010,40.4,36,0.04,-1.2,1.5083621083811463,6.2676630413576,0.024308608644609254,0.03666618418699497,seq_hotel
1010,40.4,37,-0.22,-4.31,1.1775238851080723,3.2144206320890865,0.09242000082761886,0.10882675843622902,seq_hotel
1010,40.4,38,-1.4,-7.3,0.049999999999998934,6.2676630413576,0.024308608644609254,0.0012154304322304368,seq_hotel
1010,40.4,39,-2.74,-3.22,0.4069705149024946,4.294414977619187,0.0517801571712055,0.0210729972256976,seq_hotel
1020,40.8,36,-0.01,-1.82,1.6502367254427366,5.634154772457,0.030082493803538096,0.04964323606750212,seq_hotel
1020,40.8,37,-0.52,-3.93,1.230916833096365,3.4636541397778156,0.07959803437149363,0.09797856038925454,seq_hotel
1020,40.8,38,-1.4,-7.28,0.025000000000000355,5.634154772457,0.030082493803538096,0.0007520623450884631,seq_hotel
1020,40.8,39,-2.71,-3.06,0.574999999999994,4.418653641099289,0.04890930157245367,0.028122848404160565,seq_hotel
1030,41.2,36,-0.19,-2.5,1.6211492836873367,4.930770730829005,0.03927731243398959,0.06367438691752594,seq_hotel
1030,41.2,37,-0.78,-3.5,1.1684658745551715,3.830509104544721,0.06508162440375198,0.07604565717640124,seq_hotel
1030,41.2,38,-1.4,-7.28,2.220446049250313e-16,4.930770730829005,0.03927731243398959,8.721315321922238e-18,seq_hotel
1030,41.2,39,-2.74,-2.76,0.687613626973749,4.714445884724949,0.042964530664598745,0.0295429967615096,seq_hotel
1040,41.6,36,-0.39,-3.06,1.5552833343156536,4.339181950552431,0.05071724558787859,0.07887968682522167,seq_hotel
1040,41.6,37,-1.05,-3.16,0.9953799525809265,4.134839779241754,0.05585396525401518,0.055595917285998345,seq_hotel
1040,41.6,38,-1.4,-7.28,0.0,4.943976132628475,0.03906777258636952,0.0,seq_hotel
1040,41.6,39,-2.7,-2.51,0.5912116795192759,4.943976132628475,0.03906777258636952,0.02309732344586465,seq_hotel
1050,42.0,36,-0.64,-3.66,1.632482771731456,3.698918760935417,0.06979459571344629,0.1139384750621632,seq_hotel
1050,42.0,37,-1.24,-2.85,0.7846177413237637,4.432888448855892,0.04859569265674523,0.038129042610399254,seq_hotel
1050,42.0,38,-1.4,-7.28,0.0,5.129649110806703,0.036290760130860515,0.0,seq_hotel
1050,42.0,39,-2.63,-2.3,0.5674779731408102,5.129649110806703,0.036290760130860515,0.020594207002800048,seq_hotel
1060,42.4,36,-0.99,-4.22,1.4450346016618476,3.087345137816633,0.1001846111975169,0.14477022973445092,seq_hotel
1060,42.4,37,-1.37,-2.62,0.583363094478904,4.66009656552308,0.0439725397071983,0.02565195683568768,seq_hotel
1060,42.4,38,-1.4,-7.28,0.0,5.365258614456531,0.03317340577195066,0.0,seq_hotel
1060,42.4,39,-2.64,-2.06,0.4142010381445233,5.365258614456531,0.03317340577195066,0.013740459109531485,seq_hotel
1070,42.8,36,-1.22,-4.66,1.42313474414757,3.0511800995680347,0.10257362305459593,0.14597608680209165,seq_hotel
1070,42.8,37,-1.57,-2.52,0.37604022391228376,4.763034746881446,0.0420924187755437,0.01582844258136507,seq_hotel
1070,42.8,38,-1.4,-7.28,2.220446049250313e-16,5.4574444568863925,0.032062156768681245,7.119228932746245e-18,seq_hotel
1070,42.8,39,-2.66,-1.97,0.08838834764831907,5.4574444568863925,0.032062156768681245,0.002833921058825104,seq_hotel
1080,43.2,36,-1.7,-5.11,1.609056400503093,3.225228674063283,0.0918016226099895,0.14771398843717307,seq_hotel
1080,43.2,37,-1.66,-2.54,0.23048861143231858,4.747125445993607,0.04237502478572952,0.00976696062227288,seq_hotel
1080,43.2,38,-1.4,-7.28,0.07071067811865561,4.747125445993607,0.04237502478572952,0.0029963667378937737,seq_hotel
1080,43.2,39,-2.59,-2.01,0.20155644370746126,5.4026845179040395,0.03271539479089287,0.006593998628537969,seq_hotel
1080,43.2,42,-2.17,-8.63,1.350231461639085,6.1113173702565975,0.02556829133803963,0.03452311138497521,seq_hotel
1090,43.6,36,-2.15,-5.55,1.452261167972212,2.5401771591761073,0.0986624986234144,0.14328371548589655,seq_hotel
1090,43.6,38,-1.36,-7.32,0.15258194519667123,1.938298222668535,0.16944896789129119,0.025854853132421494,seq_hotel
1090,43.6,42,-2.18,-8.09,1.304858708826368,2.5401771591761073,0.0986624986234144,0.12874062056333183,seq_hotel
1100,44.0,36,-2.57,-5.88,1.3172532975855529,1.9461757371830528,0.16807999059234913,0.2214039218659206,seq_hotel
1100,44.0,38,-1.33,-7.38,0.13975424859373695,1.9461757371830528,0.16807999059234913,0.023489892788876126,seq_hotel
1100,44.0,42,-2.08,-7.59,1.3276506505854673,1.7788198334851115,0.20119454281258498,0.26711606565937407,seq_hotel
1110,44.4,36,-2.88,-6.31,1.1932754292283108,1.9227584351654787,0.17219901876320834,0.20548085802736138,seq_hotel
1110,44.4,38,-1.31,-7.42,0.06731456008918135,1.9227584351654787,0.17219901876320834,0.011591501195834054,seq_hotel
1110,44.4,42,-2.02,-7.04,1.3316460678423565,1.128051417267848,0.5002905873222642,0.6662099933862362,seq_hotel
1120,44.8,36,-3.25,-6.55,1.1025538535600017,2.1302582003128165,0.1402864196490924,0.15467333258624236,seq_hotel
1120,44.8,38,-1.31,-7.43,0.01249999999999929,2.1302582003128165,0.1402864196490924,0.0017535802456135551,seq_hotel
1120,44.8,42,-1.9,-6.54,1.33627280148927,1.3500370365289984,0.34929209501129227,0.4667495263387958,seq_hotel
1130,45.2,38,-1.31,-7.43,0.0,1.4629422408283932,0.14872903755900876,0.0,seq_hotel
1130,45.2,42,-1.7,-6.02,1.1898660638912157,1.4629422408283932,0.14872903755900876,0.17696763450666655,seq_hotel
1140,45.6,38,-1.31,-7.43,0.0,9.660874701599228,0.00682098703417975,0.0,seq_hotel
1140,45.6,42,-1.59,-5.64,0.9135268195296751,8.045495634204272,0.009835003435309459,0.008984539408321678,seq_hotel
1140,45.6,45,1.27,1.88,1.7278961195627534,9.660874701599228,0.00682098703417975,0.011785957027947044,seq_hotel
1150,46.0,38,-1.31,-7.43,0.0,8.719644488165786,0.012559542648395974,0.0,seq_hotel
1150,46.0,42,-1.49,-5.32,1.0045210301432252,6.6040063597788885,0.02189557810994848,0.0219945686785869,seq_hotel
1150,46.0,45,1.31,1.19,1.6904603662907982,7.086614142169728,0.019014889626889873,0.03214391728365135,seq_hotel
1150,46.0,46,-1.65,0.9,0.0,6.2220575375031695,0.024666261780011675,0.0,seq_hotel
1150,46.0,47,-1.72,1.28,0.0,6.6040063597788885,0.02189557810994848,0.0,seq_hotel
1160,46.4,38,-1.31,-7.43,0.0,8.336935887962676,0.013739105504699289,0.0,seq_hotel
1160,46.4,42,-1.36,-4.87,0.6973162840490702,5.7772830984815,0.028610410119284897,0.01995050486949966,seq_hotel
1160,46.4,45,1.35,0.53,1.7016536075241695,6.041862295683344,0.026159517932269855,0.0445144380605402,seq_hotel
1160,46.4,46,-1.65,0.9,0.0,5.7772830984815,0.028610410119284897,0.0,seq_hotel
1160,46.4,47,-1.72,1.28,0.0,6.160527574810456,0.025161444519575256,0.0,seq_hotel
1160,46.4,48,2.94,-5.77,1.734394707095251,6.497545690489602,0.02261896339606406,0.03923021039411473,seq_hotel
1170,46.8,38,-1.31,-7.43,0.0,7.738862965578341,0.015944726307419804,0.0,seq_hotel
1170,46.8,42,-1.63,-4.78,0.7115124735378874,5.500190905777726,0.031565731256718445,0.022459411525499948,seq_hotel
1170,46.8,45,1.37,-0.17,1.802125481202672,5.122206555772619,0.03639629753978626,0.06559069521788294,seq_hotel
1170,46.8,46,-1.65,0.9,4.440892098500626e-16,5.680035211158467,0.029598474359056614,1.314436309088079e-17,seq_hotel
1170,46.8,47,-1.72,1.28,0.0,6.060668279983652,0.025997426161908435,0.0,seq_hotel
1170,46.8,48,2.76,-5.1,1.7234141260880875,5.122206555772619,0.03639629753978626,0.06272589331737274,seq_hotel
1180,47.2,38,-1.31,-7.43,0.0,8.336935887962676,0.013739105504699289,0.0,seq_hotel
1180,47.2,45,1.42,-0.91,1.8764994004795108,3.8282763745581376,0.0651575604407413,0.12226812310375852,seq_hotel
1180,47.2,46,-1.65,0.9,4.440892098500626e-16,6.846787567903652,0.020370311732486573,9.046235641679422e-18,seq_hotel
1180,47.2,47,-1.72,1.28,0.0,7.188490801273937,0.018479743520028718,0.0,seq_hotel
1180,47.2,48,2.66,-4.42,1.685090872920498,6.846787567903652,0.020370311732486573,0.034325826378958466,seq_hotel
1190,47.6,38,-1.31,-7.43,0.0,8.336935887962676,0.013739105504699289,0.0,seq_hotel
1190,47.6,45,1.43,-1.67,2.0884354191595276,4.315669125408017,0.051271391063160913,0.10707698908588452,seq_hotel
1190,47.6,46,-1.65,0.9,0.0,6.274153329334564,0.024258342653407143,0.0,seq_hotel
1190,47.6,47,-1.72,1.28,0.0,6.606822231602724,0.02187691800365571,0.0,seq_hotel
1190,47.6,48,2.54,-3.77,1.629896469104716,6.274153329334564,0.024258342653407143,0.039538587037120626,seq_hotel
1200,48.0,38,-1.31,-7.43,0.1457737973711326,8.336935887962676,0.013739105504699289,0.002002801581902647,seq_hotel
1200,48.0,45,1.47,-2.58,1.9465514377996869,5.0075642781695775,0.03808187442629207,0.07412832741860596,seq_hotel
1200,48.0,46,-1.65,0.9,0.0,5.763271640309868,0.028749692417391153,0.0,seq_hotel
1200,48.0,47,-1.72,1.28,0.0,6.083107758374826,0.025805980363076946,0.0,seq_hotel
1200,48.0,48,2.47,-3.13,1.659254350604517,5.763271640309868,0.028749692417391153,0.04770305222209796,seq_hotel
1210,48.4,38,-1.37,-7.53,0.22114757516192662,6.326080935302678,0.023861728179937477,0.005276963326166186,seq_hotel
1210,48.4,45,1.58,-3.22,1.783824893312127,5.222891919234018,0.03500654940324546,0.06244555425447004,seq_hotel
1210,48.4,46,-1.65,0.9,0.0,5.235198181540026,0.034842164625897926,0.0,seq_hotel
1210,48.4,47,-1.72,1.28,0.0,5.5576343888384745,0.030916579259157386,0.0,seq_hotel
1210,48.4,48,2.4,-2.45,1.7380394845917688,5.25594901040716,0.03456758944982342,0.06007983535095096,seq_hotel
1210,48.4,49,-1.09,-3.64,1.2005207203543007,3.9000641020372986,0.06278095122128609,0.07536983278470659,seq_hotel
1220,48.8,38,-1.43,-7.56,0.12869537676233153,6.904274038593775,0.020032508727923223,0.002578091258234774,seq_hotel
1220,48.8,45,1.69,-3.99,2.139837902739348,4.741234016582602,0.04248040012595465,0.09090117031305114,seq_hotel
1220,48.8,46,-1.65,0.9,4.440892098500626e-16,5.015834925513398,0.03795639099756633,1.685602368686926e-17,seq_hotel
1220,48.8,47,-1.72,1.28,0.0,5.402156976615915,0.03272178466970398,0.0,seq_hotel
1220,48.8,48,2.3,-1.75,1.6953060195728598,4.756574397610112,0.042206835737077224,0.07155350269218992,seq_hotel
1220,48.8,49,-0.84,-4.05,1.2903487900563853,3.892248707366989,0.06303332487665497,0.08133497448782279,seq_hotel
1230,49.2,38,-1.32,-7.44,0.22114757516192163,7.28585616108361,0.01798913147635474,0.003978252805264849,seq_hotel
1230,49.2,45,1.66,-4.93,2.1935274103598386,3.8962161131025574,0.0629050201608229,0.13798388597200328,seq_hotel
1230,49.2,46,-1.65,0.9,4.440892098500626e-16,5.503635162326806,0.03152623501325097,1.4000460796582e-17,seq_hotel
1230,49.2,47,-1.72,1.28,0.0,5.889864175004378,0.027527122945802795,0.0,seq_hotel
1230,49.2,48,2.27,-1.1,1.5924136554300115,4.400727212632021,0.04930857870081028,0.0785196540530157,seq_hotel
1230,49.2,49,-0.49,-4.48,1.2053267191927577,4.3637140144606175,0.05014860091121585,0.060445448608422735,seq_hotel
1240,49.6,38,-1.31,-7.43,0.017677669529663154,7.786051630961613,0.015752040634208563,0.00027845936874936454,seq_hotel
1240,49.6,45,1.82,-5.74,2.037193228439569,5.273708372672877,0.03433516678237351,0.06994736926639453,seq_hotel
1240,49.6,46,-1.65,0.9,0.0,4.089853298102513,0.05708945821110736,0.0,seq_hotel
1240,49.6,47,-1.72,1.28,0.0,4.296975680638651,0.05171846071010464,0.0,seq_hotel
1240,49.6,48,2.2,-0.48,1.53932818138304,4.296975680638651,0.05171846071010464,0.07961168406881558,seq_hotel
1240,49.6,49,-0.21,-4.78,1.1891435994025314,4.9293102965830835,0.03930058969842794,0.04673404469263064,seq_hotel
1240,49.6,51,0.92,3.06,1.4426538046253556,3.7643060449437424,0.0673909427347475,0.09722179993357294,seq_hotel
1250,50.0,38,-1.31,-7.43,0.0,8.336935887962676,0.013739105504699289,0.0,seq_hotel
1250,50.0,45,1.97,-6.53,2.0015618901248162,6.664322921347675,0.021501032543283796,0.0430356473369703,seq_hotel
1250,50.0,46,-1.65,0.9,0.0,3.93605132080363,0.061638189998474875,0.0,seq_hotel
1250,50.0,47,-1.72,1.28,0.0,4.094801582494565,0.05695156425870274,0.0,seq_hotel
1250,50.0,48,2.21,0.13,1.5268431484602523,4.094801582494565,0.05695156425870274,0.08695610568249407,seq_hotel
1250,50.0,49,0.04,-5.27,1.3659360343735039,5.8196993049469485,0.0281948825781579,0.0385124060984356,seq_hotel
1250,50.0,51,1.01,2.49,1.444061113665213,3.0989837043779374,0.09943351609810508,0.14358807399227752,seq_hotel
1260,50.4,38,-1.31,-7.43,0.027950849718747672,8.336935887962676,0.013739105504699289,0.00038401967323186873,seq_hotel
1260,50.4,45,2.08,-7.32,1.9465514377996864,8.060223321968197,0.014698642677402928,0.028611664037402503,seq_hotel
1260,50.4,46,-1.65,0.9,0.0,3.7933758052689694,0.0663620269047563,0.0,seq_hotel
1260,50.4,47,-1.72,1.28,0.0,3.8975889983424374,0.06286071268572409,0.0,seq_hotel
1260,50.4,48,2.14,0.74,1.4577379737113305,3.8975889983424374,0.06286071268572409,0.09163444793653756,seq_hotel
1260,50.4,49,0.33,-5.73,1.4204422726742596,6.718407549412286,0.021156250050986376,0.030051231903688008,seq_hotel
1260,50.4,51,1.03,1.91,1.4500538783093595,2.864000698323937,0.1164193427066592,0.1688143194020176,seq_hotel
1270,50.8,38,-1.32,-7.41,0.08385254915624132,8.316549765377468,0.013806544618685345,0.001157713961316152,seq_hotel
1270,50.8,45,2.26,-8.06,1.9039432764659843,9.351545326843047,0.010919546840317844,0.020790197788678542,seq_hotel
1270,50.8,46,-1.65,0.9,4.440892098500626e-16,3.760279244949768,0.06753535496165916,2.999172242186672e-17,seq_hotel
1270,50.8,47,-1.72,1.28,0.0,3.810013123336978,0.06578372153534481,0.0,seq_hotel
1270,50.8,48,2.09,1.29,1.3942964175525874,3.810013123336978,0.06578372153534481,0.09172200727000826,seq_hotel
1270,50.8,49,0.52,-6.3,1.478227401315499,7.5199002652960765,0.016886794589308935,0.024962522482302775,seq_hotel
1270,50.8,51,1.02,1.33,1.514358362475663,2.7404561664073377,0.127152722141033,0.1925547880858177,seq_hotel
1280,51.2,38,-1.34,-7.37,0.10077822185373055,8.427917892338535,0.013444070778058955,0.0013548695474884813,seq_hotel
1280,51.2,46,-1.65,0.9,4.440892098500626e-16,3.8006446821559097,0.06610842986461467,2.935804038300501e-17,seq_hotel
1280,51.2,47,-1.72,1.28,0.0,3.793072633103669,0.06637263567784117,0.0,seq_hotel
1280,51.2,48,2.03,1.85,1.3789715370521534,3.8006446821559097,0.06610842986461467,0.09116164314251217,seq_hotel
1280,51.2,49,0.56,-6.89,1.4868696143239932,8.097419341987916,0.014563914497444982,0.021654641931863634,seq_hotel
1280,51.2,51,1.09,0.7,1.5767847031221396,2.8692333470807143,0.11599509973293316,0.182899298896016,seq_hotel
1290,51.6,38,-1.36,-7.34,0.09100137361600687,8.245101576087466,0.014046863472837129,0.0012782838710246912,seq_hotel
1290,51.6,46,-1.65,0.9,0.0,3.8646215856148194,0.06393776211735767,0.0,seq_hotel
1290,51.6,47,-1.72,1.28,0.0,3.8025780728342706,0.0660412223402703,0.0,seq_hotel
1290,51.6,48,1.92,2.38,1.35323686027244,3.8646215856148194,0.06393776211735767,0.08652293646053925,seq_hotel
1290,51.6,49,0.67,-7.48,1.4565048060339585,8.69521707607119,0.01263020863932043,0.01839595958438183,seq_hotel
1290,51.6,51,1.08,0.07,1.525460995896,3.0502622838044595,0.10263536059923822,0.15656623939385902,seq_hotel
1300,52.0,38,-1.36,-7.3,0.025000000000000355,8.205126446313914,0.014184068684934102,0.00035460171712335757,seq_hotel
1300,52.0,46,-1.65,0.9,0.0,8.205126446313914,0.014184068684934102,0.0,seq_hotel
1300,52.0,47,-1.72,1.28,0.0,8.587549126497036,0.012948901073297154,0.0,seq_hotel
1300,52.0,49,0.67,-8.05,1.4553779577827948,9.245804453913138,0.011170740780551556,0.016257649904120108,seq_hotel
1300,52.0,51,1.12,-0.52,1.5282751715577978,7.219335149444165,0.018322172777411837,0.028001321744710688,seq_hotel
1310,52.4,38,-1.36,-7.32,0.1068000468164705,8.225113980973152,0.01411521611989759,0.0015075057424296617,seq_hotel
1310,52.4,46,-1.65,0.9,0.0,8.225113980973152,0.01411521611989759,0.0,seq_hotel
1310,52.4,47,-1.72,1.28,0.0,8.60753158576836,0.012888848887716662,0.0,seq_hotel
1310,52.4,49,0.77,-8.64,1.4960364300377231,9.842154235735183,0.00985805073451885,0.014748003028000336,seq_hotel
1310,52.4,51,1.16,-1.15,1.5892706660603844,6.664780566530304,0.021498079856084453,0.03416626769189867,seq_hotel
1320,52.8,38,-1.33,-7.38,0.17365554986812107,8.668777307094699,0.012707370399245377,0.0022067053940588413,seq_hotel
1320,52.8,46,-1.65,0.9,4.440892098500626e-16,8.286181267628653,0.01390793085066548,6.176362022121342e-18,seq_hotel
1320,52.8,47,-1.72,1.28,0.0,8.668777307094699,0.012707370399245377,0.0,seq_hotel
1320,52.8,51,1.18,-1.79,1.5971165423975713,6.12765860667841,0.025432102166052493,0.040618031077347544,seq_hotel
1330,53.2,38,-1.29,-7.44,0.1352081728298983,8.730595626874493,0.012528054525996273,0.0016938953615732938,seq_hotel
1330,53.2,46,-1.65,0.9,4.440892098500626e-16,8.34776616826322,0.013703478766673152,6.0855670576889906e-18,seq_hotel
1330,53.2,47,-1.72,1.28,0.0,8.730595626874493,0.012528054525996273,0.0,seq_hotel
1330,53.2,51,1.3,-2.42,1.7644492766866318,5.648760926079277,0.029927124701924938,0.05280489353362209,seq_hotel
1340,53.6,38,-1.27,-7.47,0.04506939094329965,8.761563787361249,0.012439649039944926,0.00056064740577872,seq_hotel
1340,53.6,46,-1.65,0.9,0.0,8.378621605013558,0.013602734686556693,0.0,seq_hotel
1340,53.6,47,-1.72,1.28,0.0,8.761563787361249,0.012439649039944926,0.0,seq_hotel
1340,53.6,51,1.52,-3.16,1.783824893312128,5.496471595487418,0.03160846502460584,0.05638396675027764,seq_hotel
1350,54.0,38,-1.27,-7.47,0.0,8.761563787361249,0.012439649039944926,0.0,seq_hotel
1350,54.0,46,-1.65,0.9,0.0,8.378621605013558,0.013602734686556693,0.0,seq_hotel
1350,54.0,47,-1.72,1.28,0.0,8.761563787361249,0.012439649039944926,0.0,seq_hotel
1350,54.0,51,1.52,-3.83,1.54161035933209,6.050595012062863,0.026084061288439188,0.04021145909571099,seq_hotel
1360,54.4,38,-1.27,-7.47,0.0,8.761563787361249,0.012439649039944926,0.0,seq_hotel
1360,54.4,46,-1.65,0.9,0.0,8.378621605013558,0.013602734686556693,0.0,seq_hotel
1360,54.4,47,-1.72,1.28,0.0,8.761563787361249,0.012439649039944926,0.0,seq_hotel
1360,54.4,51,1.61,-4.39,1.5781714102086677,6.575545604738819,0.022085528369884037,0.03485474945270343,seq_hotel
1370,54.8,38,-1.27,-7.47,0.14630874888399262,8.761563787361249,0.012439649039944926,0.001820029487590302,seq_hotel
1370,54.8,46,-1.65,0.9,4.440892098500626e-16,8.378621605013558,0.013602734686556693,6.040827698753001e-18,seq_hotel
1370,54.8,47,-1.72,1.28,0.0,8.761563787361249,0.012439649039944926,0.0,seq_hotel
1370,54.8,51,1.6,-5.09,1.7376798468072214,7.183265274232882,0.018506639790682664,0.03215861499638988,seq_hotel
1380,55.2,38,-1.31,-7.58,0.06731456008917748,8.869481382809255,0.01213877688748206,0.0008171164262015299,seq_hotel
1380,55.2,46,-1.65,0.9,0.0,8.486813300644712,0.013258124268338823,0.0,seq_hotel
1380,55.2,47,-1.72,1.28,0.0,8.869481382809255,0.01213877688748206,0.0,seq_hotel
1380,55.2,51,1.63,-5.78,1.7266296649831772,7.814480149056622,0.015637639517692665,0.027000412281561376,seq_hotel
1480,59.2,38,-1.27,-7.47,0.0,7.929344235181116,0.015187868826811697,0.0,seq_hotel
1480,59.2,52,2.19,-1.87,1.863129088388678,6.582674228609524,0.022037719783053758,0.041059116769566084,seq_hotel
1480,59.2,53,3.02,-1.86,1.8208857734630213,7.06230840448079,0.019145998663718806,0.03486267658550759,seq_hotel
1480,59.2,54,3.82,-1.39,2.020210385083699,7.929344235181116,0.015187868826811697,0.03068269033121397,seq_hotel
1490,59.6,38,-1.27,-7.47,0.025000000000000133,8.450047337145515,0.013373746851355218,0.00033434367128388223,seq_hotel
1490,59.6,52,2.04,-1.14,1.8248287590894725,4.684709169201435,0.04351170612860238,0.07940141270052328,seq_hotel
1490,59.6,53,2.91,-1.14,1.821443452320171,5.224653098531998,0.034982952652356375,0.06371947005146109,seq_hotel
1490,59.6,54,3.65,-0.6,1.9552013962761037,5.399203644983212,0.03275759169547164,0.06404768902162865,seq_hotel
1490,59.6,55,-0.6,2.73,0.6562202374203367,5.399203644983212,0.03275759169547164,0.021496194599720853,seq_hotel
1500,60.0,38,-1.29,-7.47,0.14630874888399534,9.067904939951676,0.011613348655383724,0.0016991345121228222,seq_hotel
1500,60.0,52,1.95,-0.43,1.8021254812026888,3.8440083246527963,0.06462532542103437,0.11646294567226192,seq_hotel
1500,60.0,53,2.74,-0.43,1.814610839822143,4.362854570118055,0.05016836053226363,0.09103605083795097,seq_hotel
1500,60.0,54,3.61,0.16,1.7761000112606335,4.677787938759088,0.04364056076773616,0.07751000047099656,seq_hotel
1500,60.0,55,-0.35,2.65,0.5706356105256685,4.677787938759088,0.04364056076773616,0.02490285803737966,seq_hotel
1510,60.4,38,-1.38,-7.43,0.27754504138968183,9.636539835438859,0.010283220301663766,0.0028540568042444863,seq_hotel
1510,60.4,52,1.97,0.3,1.76267729604713,3.0972568508278417,0.099544423908201,0.175464695971077,seq_hotel
1510,60.4,53,2.66,0.29,1.7848756959519683,3.620497203423861,0.07285090468045256,0.13002980919225327,seq_hotel
1510,60.4,54,3.6,0.82,1.6070158679988253,4.1588580163309254,0.0552106925001227,0.08872445893090092,seq_hotel
1510,60.4,55,-0.2,2.51,0.5975209201358579,4.1588580163309254,0.0552106925001227,0.03298954378401122,seq_hotel
1520,60.8,38,-1.47,-7.34,0.2576941016011048,9.712888344874557,0.010122192432826855,0.0026084292852108174,seq_hotel
1520,60.8,52,1.93,0.98,1.7007351351694853,2.3715395843207,0.16978942046004272,0.28876683295645933,seq_hotel
1520,60.8,53,2.59,0.99,1.739117951721495,2.942940706164499,0.1102575550521738,0.19175089330415646,seq_hotel
1520,60.8,54,3.49,1.44,1.6337265683093873,3.6457372368287877,0.07184567905197133,0.11737619468543475,seq_hotel
1520,60.8,55,-0.06,2.27,0.6206095793653186,3.6457372368287877,0.07184567905197133,0.04458811665565961,seq_hotel
1530,61.2,38,-1.51,-7.27,0.10752906583803115,9.848583654516013,0.009845183737562425,0.0010586434103038635,seq_hotel
1530,61.2,52,2.01,1.66,1.7132297715134333,2.0220039564748626,0.2335647935798881,0.4001501579384539,seq_hotel
1530,61.2,53,2.6,1.68,1.6882405782352132,2.5994230129011324,0.14132450178353884,0.23858975860984502,seq_hotel
1530,61.2,54,3.39,2.11,1.6916153522594815,3.360238086802779,0.084572911519712,0.14306483551202756,seq_hotel
1530,61.2,55,0.03,2.07,0.5581778390441503,3.360238086802779,0.084572911519712,0.04720672499374497,seq_hotel
1540,61.6,38,-1.52,-7.27,0.012500000000000178,10.436330772833909,0.008767498724270517,0.00010959373405338303,seq_hotel
1540,61.6,52,1.89,2.35,1.7412728821181422,1.7585505395068974,0.3087888952470079,0.5376857295928346,seq_hotel
1540,61.6,53,2.55,2.34,1.6386923140113951,2.4006665740997852,0.16569434663925806,0.271522052312892,seq_hotel
1540,61.6,54,3.24,2.77,1.6900443781155639,3.1716557190212185,0.09492908707789449,0.1604343699356384,seq_hotel
1540,61.6,55,0.19,1.9,0.5656854249492396,3.1716557190212185,0.09492908707789449,0.05370000096370211,seq_hotel
1550,62.0,38,-1.52,-7.27,0.0,11.037776044113235,0.007838053545247548,0.0,seq_hotel
1550,62.0,52,1.82,3.04,1.7338540884399762,1.9557607215607948,0.24965481269316908,0.43286501768676766,seq_hotel
1550,62.0,53,2.55,2.99,1.6250000000000067,2.5253910588263353,0.14973182052047354,0.2433142083457705,seq_hotel
1550,62.0,54,3.21,3.45,1.70165360752417,3.3271008400708264,0.08626595889204416,0.1467947801551787,seq_hotel
1550,62.0,55,0.35,1.75,0.5100551440775809,3.3271008400708264,0.08626595889204416,0.04400039609167226,seq_hotel
1560,62.4,38,-1.52,-7.27,0.0,9.052518986447916,0.0038842863493331837,0.0,seq_hotel
1560,62.4,55,0.43,1.57,0.5942432162002379,9.052518986447916,0.0038842863493331837,0.0023082108128704318,seq_hotel
1570,62.8,38,-1.52,-7.27,0.0,8.788270592101723,0.004121385951777408,0.0,seq_hotel
1570,62.8,55,0.47,1.29,0.6104557723537374,8.788270592101723,0.004121385951777408,0.0025159238443601207,seq_hotel
1580,63.2,38,-1.52,-7.27,0.0,8.605300692015359,0.004298510843629687,0.0,seq_hotel
1580,63.2,55,0.52,1.09,0.48250647664046636,8.605300692015359,0.004298510843629687,0.002074059321960599,seq_hotel
1590,63.6,38,-1.52,-7.27,0.0,8.454945298462906,0.004452752159983419,0.0,seq_hotel
1590,63.6,55,0.58,0.92,0.39725621455176907,8.454945298462906,0.004452752159983419,0.0017688834674122263,seq_hotel
1600,64.0,38,-1.52,-7.27,0.0,8.356662013028886,0.004558106335095479,0.0,seq_hotel
1600,64.0,55,0.65,0.8,0.2885849095153793,8.356662013028886,0.004558106335095479,0.001315400704275006,seq_hotel
1610,64.4,38,-1.52,-7.27,1.7763568394002505e-15,8.260133170839318,0.004665261897056575,8.287169878429835e-18,seq_hotel
1610,64.4,55,0.65,0.7,0.3147419578003577,8.260133170839318,0.004665261897056575,0.0014683536631309973,seq_hotel
1620,64.8,38,-1.52,-7.27,1.7763568394002505e-15,8.107527366589643,0.004842540713560985,8.602080316608225e-18,seq_hotel
1620,64.8,55,0.62,0.55,0.3824264635194668,8.107527366589643,0.004842540713560985,0.0018519157195361626,seq_hotel
1670,66.8,38,-1.52,-7.27,1.7763568394002505e-15,8.375702955573342,0.009074811016694813,1.612010261577057e-17,seq_hotel
1670,66.8,56,1.48,0.55,0.7288689868556523,8.375702955573342,0.009074811016694813,0.00661434831164486,seq_hotel
1670,66.8,57,3.14,-3.22,1.5101738310538744,6.173985746663171,0.01670124618927967,0.0252217849410384,seq_hotel
1680,67.2,38,-1.52,-7.27,1.7763568394002505e-15,8.57775028780857,0.008652334975598365,1.5369634410686156e-17,seq_hotel
1680,67.2,56,1.75,0.66,0.7353783040041397,8.57775028780857,0.008652334975598365,0.006362739420031226,seq_hotel
1680,67.2,57,3.07,-2.62,1.4920623311376822,6.533804404785927,0.014912410984328672,0.022250246696160617,seq_hotel
1690,67.6,38,-1.52,-7.27,1.7763568394002505e-15,8.851378423725876,0.008125653629787287,1.4434060399870117e-17,seq_hotel
1690,67.6,56,1.98,0.86,0.7721722605740269,8.851378423725876,0.008125653629787287,0.006274404331954396,seq_hotel
1690,67.6,57,2.96,-2.04,1.4055692796870674,6.886457725129807,0.013424198070728553,0.01886864041265045,seq_hotel
1700,68.0,38,-1.52,-7.27,0.0,9.069123441656311,0.007740152127899199,0.0,seq_hotel
1700,68.0,56,2.29,0.96,0.869626356546292,9.069123441656311,0.007740152127899199,0.00673104029409901,seq_hotel
1700,68.0,57,2.97,-1.5,1.3877252069483879,7.311155859369981,0.011909897898482428,0.016527665525905698,seq_hotel
1710,68.4,38,-1.52,-7.27,1.7763568394002505e-15,9.328885249589042,0.007315105952762168,1.2994238490126563e-17,seq_hotel
1710,68.4,56,2.64,1.08,0.8634958019585287,9.328885249589042,0.007315105952762168,0.006316563281091976,seq_hotel
1710,68.4,57,2.94,-0.93,1.4200022007025253,7.7515933845887455,0.010594931572241364,0.015044826148875402,seq_hotel
1720,68.8,38,-1.52,-7.27,1.7763568394002505e-15,9.585541194945646,0.006928621658154877,1.230770447008012e-17,seq_hotel
1720,68.8,56,2.93,1.22,0.8285906709588291,9.585541194945646,0.006928621658154877,0.005740991268550425,seq_hotel
1720,68.8,57,2.78,-0.38,1.3613527279878714,8.121705485918582,0.009651296310572,0.013138818561016471,seq_hotel
1730,69.2,38,-1.52,-7.27,1.7763568394002505e-15,9.91072651221897,0.006481404692077492,1.1513287553692728e-17,seq_hotel
1730,69.2,56,3.19,1.45,0.8149003006503324,9.91072651221897,0.006481404692077492,0.005281698632210423,seq_hotel
1730,69.2,57,2.69,0.13,1.3845689762521847,8.513759451617128,0.008782888555801638,0.012160515016243302,seq_hotel
1740,69.6,38,-1.52,-7.27,1.7763568394002505e-15,10.156062229033456,0.006172049727449172,1.0963762746472788e-17,seq_hotel
1740,69.6,56,3.48,1.57,0.9076928169816031,10.156062229033456,0.006172049727449172,0.0056023252036588745,seq_hotel
1740,69.6,57,2.65,0.72,1.5199198169640438,9.012713242969621,0.00783734592777926,0.011912137388034148,seq_hotel
1750,70.0,38,-1.52,-7.27,0.0,10.485437520675998,0.005790379249580527,0.0,seq_hotel
1750,70.0,56,3.86,1.73,1.0307764064044003,10.485437520675998,0.005790379249580527,0.005968586314601224,seq_hotel
1750,70.0,57,2.57,1.34,1.5628499608087565,9.53206168674962,0.007006585637799403,0.010950242089437992,seq_hotel
1790,71.6,38,-1.52,-7.27,1.7763568394002505e-15,5.02738500614385,0.012594062267406437,2.237154864454005e-17,seq_hotel
1790,71.6,58,2.43,-4.16,2.2251404450056316,5.02738500614385,0.012594062267406437,0.02802355731812539,seq_hotel
1800,72.0,38,-1.52,-7.27,0.0,5.628641043804445,0.010047153116755175,0.0,seq_hotel
1800,72.0,58,2.44,-3.27,2.2250351120824727,5.628641043804445,0.010047153116755175,0.022355268461249116,seq_hotel
1810,72.4,38,-1.52,-7.27,1.7763568394002505e-15,6.292352501251022,0.0080394074356221,1.4280856382992545e-17,seq_hotel
1810,72.4,58,2.44,-2.38,2.225315988798003,6.292352501251022,0.0080394074356221,0.01789022190695141,seq_hotel
1820,72.8,38,-1.52,-7.27,1.7763568394002505e-15,7.023425090367234,0.006452859628486387,1.1462581334751553e-17,seq_hotel
1820,72.8,58,2.47,-1.49,2.216028260198871,7.023425090367234,0.006452859628486387,0.014299719295822222,seq_hotel
1830,73.2,38,-1.52,-7.27,1.7763568394002505e-15,7.799948717780136,0.005231986715535227,9.293875385792253e-18,seq_hotel
1830,73.2,58,2.54,-0.61,2.2028745425012373,7.799948717780136,0.005231986715535227,0.011525410342357214,seq_hotel
1840,73.6,38,-1.52,-7.27,1.7763568394002505e-15,11.615614490848083,0.0070776161022169945,1.25723717698225e-17,seq_hotel
1840,73.6,58,2.56,0.27,2.1910685178697706,8.573097456578923,0.01299259379236676,0.028467663223925018,seq_hotel
1840,73.6,59,1.76,3.8,1.3271209439986804,11.545704829069553,0.0071635860368901,0.009506945063693355,seq_hotel
1840,73.6,60,1.04,4.06,1.417965091248702,11.615614490848083,0.0070776161022169945,0.010035812562203403,seq_hotel
1850,74.0,38,-1.52,-7.27,0.0,9.382627563747802,0.010847319362373408,0.0,seq_hotel
1850,74.0,58,2.64,1.14,2.1543923157122213,4.857200839990045,0.04047615581930503,0.08720151906668128,seq_hotel
1850,74.0,59,1.73,3.27,1.203185875083297,7.112144542963114,0.018878619496652444,0.022714488319444365,seq_hotel
1850,74.0,60,0.95,3.5,1.2759800155174656,7.5363452680991205,0.016813177899190478,0.021453278996706977,seq_hotel
1850,74.0,61,2.86,-5.31,1.7516064055603093,6.453750847375501,0.02292698737725649,0.040159057950202824,seq_hotel
1850,74.0,62,3.24,-3.68,1.5002083188677287,5.962021469266946,0.026864843245494454,0.04030286132196829,seq_hotel
1860,74.4,38,-1.52,-7.27,1.7763568394002505e-15,10.16384277721768,0.009243905673769402,1.6420475066371057e-17,seq_hotel
1860,74.4,58,2.67,1.99,2.252221125911054,5.1008332652616675,0.03670194894215162,0.08266090476962273,seq_hotel
1860,74.4,59,1.69,2.84,1.1142542349033326,6.117025420905164,0.025520595931139346,0.028436432093528776,seq_hotel
1860,74.4,60,1.0,3.04,1.093303480283495,6.513624183202467,0.022507434094353684,0.02460745602760828,seq_hotel
1860,74.4,61,2.83,-4.61,1.7326370797140453,6.601939109079999,0.02190929248539361,0.037960852550493265,seq_hotel
1860,74.4,62,3.23,-3.08,1.450484832736975,6.117025420905164,0.025520595931139346,0.03701723732052658,seq_hotel
1870,74.8,38,-1.52,-7.27,1.7763568394002505e-15,10.166734972448134,0.00923864707753172,1.6411133922978606e-17,seq_hotel
1870,74.8,58,2.72,2.94,2.378287198805107,5.481943086169355,0.03177622758617223,0.07557299529451113,seq_hotel
1870,74.8,59,1.68,2.38,0.9138688363217236,5.133312770521586,0.03623897698186293,0.0331176717239048,seq_hotel
1870,74.8,60,1.04,2.63,1.0378011611093942,5.588506061551692,0.030575947877820777,0.03173175420962272,seq_hotel
1870,74.8,61,2.73,-3.93,1.6935539554440027,6.396764807306894,0.023337300360994063,0.039522977335746244,seq_hotel
1870,74.8,62,3.21,-2.52,1.4129976999273615,5.481943086169355,0.03177622758617223,0.04489973649162974,seq_hotel
1880,75.2,38,-1.52,-7.27,1.7763568394002505e-15,9.814377208972559,0.009913930966460125,1.7610679077613378e-17,seq_hotel
1880,75.2,59,1.65,2.11,0.7336765295414652,5.468528138356792,0.03193232051548153,0.023427994096004223,seq_hotel
1880,75.2,60,1.02,2.21,0.93824970023976,5.7116109811505895,0.029272117665763566,0.027464555625285648,seq_hotel
1880,75.2,61,2.63,-3.27,1.6641908694618,5.7116109811505895,0.029272117665763566,0.048714390949175186,seq_hotel
1880,75.2,62,3.2,-1.95,1.4526376871057758,4.696594510919588,0.04329176074673008,0.06288724320186659,seq_hotel
1890,75.6,38,-1.52,-7.27,1.7763568394002505e-15,9.509500512645234,0.010559806730812053,1.875798490902279e-17,seq_hotel
1890,75.6,59,1.82,1.81,0.9540210951546092,4.491169112825746,0.04734265012202771,0.04516588691693837,seq_hotel
1890,75.6,60,1.07,1.88,0.7537406715840723,4.757141999141922,0.04219676446511648,0.03180541758661181,seq_hotel
1890,75.6,61,2.67,-2.6,1.6625000000000059,4.757141999141922,0.04219676446511648,0.07015212092325639,seq_hotel
1890,75.6,62,3.28,-1.36,1.431618402368459,3.921951045079477,0.06208219238129543,0.08887800907244148,seq_hotel
1900,76.0,38,-1.52,-7.27,0.0,9.252804980112787,0.011153843962597089,0.0,seq_hotel
1900,76.0,59,2.05,1.46,0.8826451721954738,2.5962472917655592,0.1416704485648501,0.12504473746853212,seq_hotel
1900,76.0,60,1.08,1.61,0.6876136269737431,3.2907901786653,0.08818018325758564,0.0606338956369578,seq_hotel
1900,76.0,61,2.63,-1.94,1.5874999999999773,3.8736287896493127,0.06364076364887518,0.1010297122925879,seq_hotel
1900,76.0,62,3.31,-0.81,1.3895255485236482,3.2907901786653,0.08818018325758564,0.12252861750991251,seq_hotel
1900,76.0,63,1.18,3.75,1.2509996003196626,5.032941485850993,0.03769880809898628,0.04716119386435949,seq_hotel
1910,76.4,38,-1.52,-7.27,1.7763568394002505e-15,8.978663597663074,0.011845352292478602,2.10415725598498e-17,seq_hotel
1910,76.4,59,1.97,1.12,0.8544003745317554,2.2649061790723253,0.18615338971331669,0.1590495258914136,seq_hotel
1910,76.4,60,1.06,1.33,0.6251249875024992,2.773950251897103,0.12410064700204969,0.07757841540620838,seq_hotel
1910,76.4,61,2.67,-1.33,1.5101738310539004,3.1092925240317935,0.09877526801114762,0.14916782490577057,seq_hotel
1910,76.4,62,3.34,-0.25,1.4248903466583025,2.773950251897103,0.12410064700204969,0.1768298139272702,seq_hotel
1910,76.4,63,1.2,3.25,1.3134520356678496,4.102389547568587,0.05674107872744285,0.07452668536054953,seq_hotel
1920,76.8,38,-1.52,-7.27,1.7763568394002505e-15,8.754547389785495,0.01245959673014403,2.2132689867760345e-17,seq_hotel
1920,76.8,59,1.81,0.82,0.8367533985589806,1.8317205026968497,0.2846118438696269,0.23814992762804826,seq_hotel
1920,76.8,60,0.98,1.12,0.5467231932157283,2.5814143410154053,0.14330321871503401,0.0783471933339753,seq_hotel
1920,76.8,61,2.77,-0.74,1.6004393927918685,2.5814143410154053,0.14330321871503401,0.22934811634540936,seq_hotel
1920,76.8,62,3.46,0.32,1.400111602694592,2.605839595984373,0.14062936771786227,0.19689680942138324,seq_hotel
1920,76.8,63,1.33,2.71,1.4344532930702243,3.2014059411452336,0.09317295917176038,0.13365225810902923,seq_hotel
1930,77.2,38,-1.52,-7.27,1.7763568394002505e-15,8.543939372444072,0.013081425316701648,2.323727933042656e-17,seq_hotel
1930,77.2,59,1.81,0.47,0.8558621384311871,1.6985876486069242,0.3309752039898004,0.28326914585440893,seq_hotel
1930,77.2,60,0.98,0.9,0.6625000000000064,1.9649173010587495,0.24733343483420236,0.16385840057766066,seq_hotel
1930,77.2,61,2.7,-0.05,1.6671926253435778,1.9649173010587495,0.24733343483420236,0.41235247855647855,seq_hotel
1930,77.2,62,3.49,0.86,1.3520817282990005,2.403018934590404,0.16537010278835776,0.22359389438706612,seq_hotel
1930,77.2,63,1.45,2.13,1.4467636296230328,2.403018934590404,0.16537010278835776,0.23925145014121849,seq_hotel
1940,77.6,38,-1.52,-7.27,1.7763568394002505e-15,8.907058998345075,0.012036569395005936,2.138124236773453e-17,seq_hotel
1940,77.6,59,1.73,0.14,0.7714637062104783,1.4705441169852744,0.44158596927231064,0.3406675484653632,seq_hotel
1940,77.6,60,0.98,0.59,0.7775160770042019,1.69,0.3343474173002949,0.2599604922558121,seq_hotel
1940,77.6,61,2.67,0.59,1.6655048033554307,1.4144963768069538,0.4772739197078029,0.7949020057896199,seq_hotel
1940,77.6,62,3.52,1.4,1.3489000148269008,2.1889952032839175,0.19928828151832798,0.2688199658949002,seq_hotel
1940,77.6,63,1.69,1.61,1.4758472143145478,1.4705441169852744,0.44158596927231064,0.6517134226309291,seq_hotel
1950,78.0,38,-1.52,-7.27,0.0,9.04077983362055,0.011683140397052597,0.0,seq_hotel
1950,78.0,59,1.53,-0.08,0.7004462863060852,1.7428998823799378,0.314359435938826,0.22019189946862636,seq_hotel
1950,78.0,60,1.03,0.28,0.7890857051043203,1.8783237207680683,0.2706640000429047,0.21357709332021124,seq_hotel
1950,78.0,61,2.62,1.28,1.7209190858375405,1.7428998823799378,0.314359435938826,0.5409871531202493,seq_hotel
1950,78.0,62,3.63,1.93,1.282392783042681,2.906905571221741,0.11300808967365739,0.14492075862293835,seq_hotel
1950,78.0,63,1.97,1.07,1.481658698891191,1.2313001258832066,0.6298592827329145,0.9332364853385889,seq_hotel
1960,78.4,38,-1.52,-7.27,1.7763568394002505e-15,8.650693613809242,0.012760553735928909,2.2667296903351735e-17,seq_hotel
1960,78.4,59,1.41,-0.32,0.7040063920164402,2.4673264883269908,0.15686214145759023,0.11043195025153056,seq_hotel
1960,78.4,60,0.94,-0.04,0.7973589216908548,2.460081299469593,0.15778745184259288,0.12581323245755754,seq_hotel
1960,78.4,61,2.4,1.94,1.6719188078372744,2.460081299469593,0.15778745184259288,0.26380780837634926,seq_hotel
1960,78.4,62,3.63,2.42,1.2500000000000058,3.526471324142591,0.07678752481114283,0.09598440601392898,seq_hotel
1960,78.4,63,2.2,0.54,1.5529206354479386,1.414213562373095,0.4774648292756862,0.7414649860828401,seq_hotel
1970,78.8,38,-1.52,-7.27,1.7763568394002505e-15,8.208392047167337,0.014172785039432518,2.5175923638145502e-17,seq_hotel
1970,78.8,59,1.37,-0.62,0.6800735254367767,3.356262802582658,0.08477337285732807,0.05765212654224945,seq_hotel
1970,78.8,60,0.88,-0.34,0.6626179140349341,3.278078705583501,0.08886538541117199,0.05888379631106125,seq_hotel
1970,78.8,61,2.35,2.59,1.6298006013006967,3.278078705583501,0.08886538541117199,0.14483285857794628,seq_hotel
1970,78.8,62,3.63,2.93,1.2750000000000277,4.208336963694804,0.053920060222775255,0.06874807678403995,seq_hotel
1970,78.8,63,2.44,-0.08,1.6861568728917296,2.671516423307182,0.13379986808902508,0.22560756717031644,seq_hotel
1980,79.2,38,-1.52,-7.27,1.7763568394002505e-15,7.682870557285213,0.01617798206824684,2.873786909462488e-17,seq_hotel
1980,79.2,59,1.25,-0.84,0.5963430220938293,7.001271313125923,0.019481283504183624,0.011617527479151527,seq_hotel
1980,79.2,60,0.93,-0.57,0.5038911092686592,7.133897952732433,0.018763661807758947,0.009454842362253631,seq_hotel
1980,79.2,63,2.56,-0.76,1.6760258052906027,7.682870557285213,0.01617798206824684,0.02711471542391034,seq_hotel
1990,79.6,38,-1.52,-7.27,0.0,7.16913523376425,0.018579663178453245,0.0,seq_hotel
1990,79.6,59,1.11,-1.02,0.5700877125495811,6.780811160915779,0.020768641142584986,0.011839947121739395,seq_hotel
1990,79.6,60,0.83,-0.74,0.4930770730829112,6.939985590763139,0.019826873903241303,0.009776176952594176,seq_hotel
1990,79.6,63,2.61,-1.41,1.6298006013006967,7.16913523376425,0.018579663178453245,0.030281146220207514,seq_hotel
2130,85.2,67,3.17,-4.74,2.0171917360528786,4.471118428312988,0.03184547831101057,0.0642384356796217,seq_hotel
2130,85.2,68,3.05,-7.32,2.155226206225277,2.582789190003706,0.09543379690105855,0.20568142004074202,seq_hotel
2130,85.2,69,3.07,-9.21,1.9014796869806863,4.471118428312988,0.03184547831101057,0.06055353013057061,seq_hotel
2140,85.6,67,3.1,-3.94,1.9877751381884292,4.510399095423819,0.03129321472335816,0.06220387422108345,seq_hotel
2140,85.6,68,2.99,-6.46,1.9900141331156542,2.522399651125888,0.10005811746445287,0.19911706788720748,seq_hotel
2140,85.6,69,3.04,-8.45,1.9443025741895268,4.510399095423819,0.03129321472335816,0.060843477941290865,seq_hotel
2150,86.0,67,2.99,-3.16,1.8899818120817715,4.500277769204919,0.03143413269312832,0.05940993906857752,seq_hotel
2150,86.0,68,2.97,-5.73,1.8631710200622764,2.5700778198334775,0.09638014509069708,0.17957269324238428,seq_hotel
2150,86.0,69,2.94,-7.66,2.012655273513048,4.500277769204919,0.03143413269312832,0.06326607293313362,seq_hotel
2160,86.4,67,2.91,-2.44,1.856155300614696,4.433655376774338,0.03238592138124674,0.06011329963709196,seq_hotel
2160,86.4,68,2.95,-4.97,1.8885344847261931,2.530316185775999,0.09943299841742778,0.18778264643103734,seq_hotel
2160,86.4,69,2.73,-6.87,2.058556836718393,4.433655376774338,0.03238592138124674,0.06666825987278986,seq_hotel
2170,86.8,67,2.78,-1.69,1.9465514377996849,4.3760484458013025,0.03324419954086108,0.06471154441476276,seq_hotel
2170,86.8,68,2.92,-4.22,1.8409406562950446,2.5338705570727167,0.09915423602018245,0.18253706433342842,seq_hotel
2170,86.8,69,2.55,-6.06,2.1104279779229675,4.3760484458013025,0.03324419954086108,0.0701594888146871,seq_hotel
2180,87.2,67,2.76,-0.89,1.9491183904524683,4.375317131363166,0.03325531370433577,0.06481854352138686,seq_hotel
2180,87.2,68,3.04,-3.5,1.82350109679156,2.62497619036821,0.0923909400431872,0.1684749805023551,seq_hotel
2180,87.2,69,2.29,-5.24,2.0588983704884556,4.375317131363166,0.03325531370433577,0.06846931119593933,seq_hotel
2190,87.6,67,2.61,-0.14,1.884558966973448,4.357636974324501,0.0335257134323862,0.06318118387318558,seq_hotel
2190,87.6,68,3.08,-2.77,1.8152565245716716,2.6716661468080174,0.08918991459099182,0.16190257438728803,seq_hotel
2190,87.6,69,2.12,-4.47,2.025617189895471,4.357636974324501,0.0335257134323862,0.06791026143215098,seq_hotel
2200,88.0,67,2.53,0.6,1.8527850657860732,4.302046024858404,0.03439774862043601,0.06373163494060734,seq_hotel
2200,88.0,68,3.12,-2.05,1.7008270047244423,2.714884896270927,0.08637285599104295,0.1469052859447412,seq_hotel
2200,88.0,69,1.93,-3.66,2.0571901346253534,4.302046024858404,0.03439774862043601,0.07076270911528382,seq_hotel
2210,88.4,67,2.42,1.33,1.9118462935079368,4.221433405846881,0.035724012927111,0.06829882170392679,seq_hotel
2210,88.4,68,3.25,-1.42,1.633726568309404,2.872525021649072,0.0771529403940642,0.1260468085449745,seq_hotel
2210,88.4,69,1.83,-2.85,2.0259642765853565,4.221433405846881,0.035724012927111,0.07237557400660036,seq_hotel
2220,88.8,67,2.36,2.12,1.980688011777768,4.187600745056768,0.036303591033735254,0.07190608754500229,seq_hotel
2220,88.8,68,3.33,-0.76,1.7306519725236533,3.0389636391375268,0.06893330724151693,0.11929956415011031,seq_hotel
2220,88.8,69,1.88,-2.04,2.026388412915952,4.187600745056768,0.036303591033735254,0.07356517621800056,seq_hotel
2230,89.2,68,3.45,-0.05,1.8001736027394433,1.9560163598497842,0.08319652017349467,0.14976817945610468,seq_hotel
2230,89.2,69,1.89,-1.23,1.9914269381526464,1.9560163598497842,0.08319652017349467,0.16567979143405737,seq_hotel
2770,110.8,71,2.66,3.27,1.4752118491931718,0.7349829930005185,0.5892445134835071,0.8692604883629355,seq_hotel
2770,110.8,72,1.95,3.46,1.51678113121173,0.7349829930005185,0.5892445134835071,0.8937549597218195,seq_hotel
2780,111.2,71,2.67,2.68,1.500468676780698,0.8297590011563596,0.4623237272095728,0.6937022712104681,seq_hotel
2780,111.2,72,1.86,2.86,1.4950438956766499,0.8297590011563596,0.4623237272095728,0.6911942661911485,seq_hotel
2790,111.6,71,2.69,2.07,1.5379572490807458,0.8829496021857646,0.40829898176473917,0.6279463787973678,seq_hotel
2790,111.6,72,1.83,2.27,1.4276838760734183,0.8829496021857646,0.40829898176473917,0.5829218728827128,seq_hotel
2800,112.0,71,2.64,1.45,1.5143583624756507,0.891852005660132,0.4001884412670237,0.6060287125988131,seq_hotel
2800,112.0,72,1.79,1.72,1.3910989360933121,0.891852005660132,0.4001884412670237,0.5567017148833976,seq_hotel
2810,112.4,71,2.63,0.86,1.5000520824291463,0.9297311439335566,0.36824373690859646,0.5523847843912308,seq_hotel
2810,112.4,72,1.75,1.16,1.462500000000007,0.9297311439335566,0.36824373690859646,0.5385564652288249,seq_hotel
2820,112.8,71,2.63,0.25,1.500468676780698,0.8919641248391103,0.4000878408544378,0.6003192731629048,seq_hotel
2820,112.8,72,1.79,0.55,1.5262802003564144,0.8919641248391103,0.4000878408544378,0.6106461498994766,seq_hotel
2830,113.2,71,2.6,-0.34,1.4750529651507485,0.8475848040166837,0.443081690122203,0.6535689608187606,seq_hotel
2830,113.2,72,1.8,-0.06,1.512500000000005,0.8475848040166837,0.443081690122203,0.6701610563098342,seq_hotel
2840,113.6,71,2.62,-0.93,1.4633544512523324,6.039023099806789,0.026184121068702656,0.038316650118016014,seq_hotel
2840,113.6,72,1.79,-0.66,1.5125516520106066,6.319810123729984,0.023909105121466503,0.036163756449569415,seq_hotel
2840,113.6,75,2.29,-6.96,1.1025538535599826,1.601124604770035,0.37249557596792476,0.4106964327174807,seq_hotel
2840,113.6,76,2.88,-7.74,1.1036870027321914,1.7026156348395254,0.3294110381701238,0.36356668138488346,seq_hotel
2840,113.6,78,3.59,-6.43,1.0796411440844431,2.9261749776799064,0.11152463165563468,0.12040658091428554,seq_hotel
2840,113.6,79,1.23,-8.16,0.0,1.7026156348395254,0.3294110381701238,0.0,seq_hotel
2840,113.6,80,1.48,-9.33,0.0,2.5045957757690163,0.15222854432510313,0.0,seq_hotel
2850,114.0,71,2.56,-1.51,1.5149773100610895,5.015745208839859,0.037957748862231924,0.0575051282672785,seq_hotel
2850,114.0,72,1.79,-1.27,1.5674920254980342,5.2766845651412595,0.03429644578432849,0.05375940526986059,seq_hotel
2850,114.0,75,2.32,-6.52,1.09101443620145,1.9691876497683003,0.24626187135450694,0.2686752567337514,seq_hotel
2850,114.0,76,2.78,-7.31,1.1025538535599808,1.7677669529663689,0.305577490736439,0.3369156399726501,seq_hotel
2850,114.0,78,3.63,-6.0,1.1209649860722526,3.22886977129769,0.09159469560997663,0.10267444668872967,seq_hotel
2850,114.0,79,1.23,-8.16,0.0,1.9691876497683003,0.24626187135450694,0.0,seq_hotel
2850,114.0,80,1.48,-9.33,0.0,2.932865492994863,0.11101638728988127,0.0,seq_hotel
2860,114.4,71,2.45,-2.13,1.5227955378185252,3.9610225952397697,0.0608634746713686,0.09268262764569093,seq_hotel
2860,114.4,72,1.69,-1.91,1.6051674367492061,4.233355642985833,0.05328461989651266,0.08553073673744098,seq_hotel
2860,114.4,75,2.36,-6.09,1.167596355766846,2.3583468786419015,0.17169435408525516,0.20046970213568643,seq_hotel
2860,114.4,76,2.82,-6.86,1.113833470497277,2.0538013535880237,0.22638857745225865,0.25215917490459083,seq_hotel
2860,114.4,78,3.7,-5.54,1.2109526208733417,3.6007360358682226,0.073652723697205,0.08918995879559048,seq_hotel
2860,114.4,79,1.23,-8.16,0.0,2.3583468786419015,0.17169435408525516,0.0,seq_hotel
2860,114.4,80,1.48,-9.33,0.0,3.3573799308389276,0.08471696757907841,0.0,seq_hotel
2870,114.8,71,2.35,-2.71,1.4859761101713629,2.9183043021590467,0.11212700740343709,0.16661805430651505,seq_hotel
2870,114.8,72,1.6,-2.54,1.5700318468107646,3.3038765110094532,0.0874830204983118,0.13735112823754844,seq_hotel
2870,114.8,75,2.57,-5.62,1.2217431194813482,2.8717938644686876,0.11578834738473326,0.141463616733414,seq_hotel
2870,114.8,76,2.92,-6.43,1.1014904675030128,2.4184705910967783,0.16326374740149976,0.17983346145157178,seq_hotel
2870,114.8,78,3.76,-5.04,1.2177078877957612,2.7234169713798875,0.12874877424179212,0.156778397938266,seq_hotel
2870,114.8,79,1.23,-8.16,0.0,2.8717938644686876,0.11578834738473326,0.0,seq_hotel
2870,114.8,80,1.48,-9.33,0.0,3.8668074687007628,0.06386549528172257,0.0,seq_hotel
2880,115.2,71,2.19,-3.29,1.5250000000000064,2.048999755978512,0.22745085236074972,0.34686254985014475,seq_hotel
2880,115.2,72,1.49,-3.15,1.5689367418733042,2.7030353308826727,0.13069769771041445,0.20505642001611965,seq_hotel
2880,115.2,75,2.69,-5.17,1.1672617529928795,1.9453534383242548,0.25233317264331784,0.2945388614378941,seq_hotel
2880,115.2,76,2.96,-5.99,1.1187325417632277,2.775211703636319,0.12398785459910307,0.13870924772342408,seq_hotel
2880,115.2,78,3.79,-4.57,1.319682727021925,2.048999755978512,0.22745085236074972,0.3001629611068954,seq_hotel
2880,115.2,79,1.23,-8.16,0.0,3.327416415178599,0.0862495965887237,0.0,seq_hotel
2880,115.2,80,1.48,-9.33,0.0,4.33240118179284,0.05087612793765335,0.0,seq_hotel
2890,115.6,71,2.13,-3.91,1.5709272739372808,1.7418381095842406,0.31474280110460506,0.494438050530641,seq_hotel
2890,115.6,72,1.35,-3.77,1.6070644822159494,2.524381112272867,0.14985165297000744,0.24082126908944915,seq_hotel
2890,115.6,75,2.73,-4.7,1.1954340216005275,1.3430189872075526,0.5294282078790108,0.632896491693566,seq_hotel
2890,115.6,76,3.13,-5.56,1.0754359581118793,1.9293781381574733,0.25652912251212157,0.2758806426524231,seq_hotel
2890,115.6,78,3.87,-3.99,1.4035668847618268,1.7418381095842406,0.31474280110460506,0.4417625728476018,seq_hotel
2890,115.6,79,1.23,-8.16,0.0,3.771153669634798,0.06714642927317403,0.0,seq_hotel
2890,115.6,80,1.48,-9.33,0.0,4.795768968580534,0.04151976393085786,0.0,seq_hotel
2900,116.0,71,2.06,-4.54,1.5934435979977215,1.3511846653955186,0.5230485066283466,0.8334482943292076,seq_hotel
2900,116.0,72,1.29,-4.42,1.6233645616434789,2.1021893349553458,0.2160865447482287,0.3507872389922623,seq_hotel
2900,116.0,75,2.8,-4.22,1.136675525380908,1.318256424221024,0.5495049249346139,0.6246087992494487,seq_hotel
2900,116.0,76,3.25,-5.18,1.2905909499140122,1.837743181187186,0.28274943255007623,0.3649138587424508,seq_hotel
2900,116.0,78,3.87,-3.45,1.2625618796716285,2.112865353021815,0.21390835055583804,0.2700725291552365,seq_hotel
2900,116.0,79,1.23,-8.16,0.0,3.713933225032459,0.06923141369732928,0.0,seq_hotel
2900,116.0,80,1.48,-9.33,0.0,4.824987046614737,0.041018434249752884,0.0,seq_hotel
2910,116.4,71,2.02,-5.18,1.575446365320005,1.6155494421403511,0.36587343239516174,0.5764139692341121,seq_hotel
2910,116.4,72,1.2,-5.06,1.6564740414507029,2.153717715950723,0.20587035863994224,0.34101890499121074,seq_hotel
2910,116.4,75,2.86,-3.8,1.0750726719622306,1.6155494421403511,0.36587343239516174,0.393340528565059,seq_hotel
2910,116.4,76,3.29,-4.54,1.4357054015361224,1.660873264279969,0.3461771464750307,0.49700839908256295,seq_hotel
2910,116.4,78,3.86,-2.98,1.2377524994925349,2.868030683238936,0.11609240159397154,0.14369366024502941,seq_hotel
2910,116.4,79,1.23,-8.16,0.0,3.100145157891805,0.09935902553885397,0.0,seq_hotel
2910,116.4,80,1.48,-9.33,0.0,4.279170480361819,0.05214974679849994,0.0,seq_hotel
2920,116.8,71,2.09,-5.8,1.6082307825682274,2.5118120948828957,0.15135510976849234,0.2434139466286824,seq_hotel
2920,116.8,72,1.09,-5.73,1.7201471594023625,2.854137347781287,0.11722537883789448,0.20164490241787,seq_hotel
2920,116.8,75,2.79,-3.36,1.113833470497297,2.5384247083575278,0.14819815918917562,0.16506806997099036,seq_hotel
2920,116.8,76,3.39,-4.04,1.2747548783982234,2.1880585001320236,0.19945894781338705,0.2542612667652918,seq_hotel
2920,116.8,78,3.85,-2.46,1.3002403623946122,3.7753410441971993,0.06699756255096204,0.08711293501081857,seq_hotel
2920,116.8,79,1.23,-8.16,0.0,2.5118120948828957,0.15135510976849234,0.0,seq_hotel
2920,116.8,80,1.48,-9.33,0.0,3.62106337972701,0.0728281250563504,0.0,seq_hotel
2930,117.2,71,2.15,-6.46,1.6793786053180568,2.9471681322924215,0.1099414744239301,0.18463335998467054,seq_hotel
2930,117.2,72,0.99,-6.42,1.743066622364165,2.9509659435513655,0.10965867326788221,0.19114237322598301,seq_hotel
2930,117.2,79,1.23,-8.16,0.0,1.9329769786523585,0.2555747935315737,0.0,seq_hotel
2930,117.2,80,1.48,-9.33,0.0,2.9509659435513655,0.10965867326788221,0.0,seq_hotel
2940,117.6,71,2.28,-7.13,1.6625469918170819,2.340939982143925,0.1742572369619292,0.28971084511341183,seq_hotel
2940,117.6,72,0.83,-7.1,1.6994944101114393,2.322800034441192,0.1769895945715557,0.3007928266222488,seq_hotel
2940,117.6,79,1.23,-8.16,0.0,1.4708500943332057,0.4414022642837071,0.0,seq_hotel
2940,117.6,80,1.48,-9.33,0.0,2.340939982143925,0.1742572369619292,0.0,seq_hotel
2950,118.0,71,2.38,-7.77,1.635781541037777,1.8009997223764365,0.2944042602513786,0.4815810545220868,seq_hotel
2950,118.0,72,0.76,-7.76,1.8527007313648634,1.7272232050317067,0.3200917301482827,0.5930341825495679,seq_hotel
2950,118.0,79,1.23,-8.16,0.017677669529663154,1.2143310915891103,0.6475855544224683,0.011447803423264088,seq_hotel
2950,118.0,80,1.48,-9.33,0.0,1.8009997223764365,0.2944042602513786,0.0,seq_hotel
2960,118.4,71,2.43,-8.43,1.6547280743372952,1.6866831356244718,0.33566369944510244,0.555432147007727,seq_hotel
2960,118.4,72,0.75,-8.58,1.9014796869806423,1.6866831356244718,0.33566369944510244,0.6382577061516378,seq_hotel
2960,118.4,79,1.24,-8.15,0.025000000000000355,1.2224974437601086,0.6389626353639157,0.01597406588409812,seq_hotel
2960,118.4,80,1.48,-9.33,0.0,1.3086252328302403,0.5576231582781732,0.0,seq_hotel
2970,118.8,71,2.48,-9.09,1.6251922963145098,1.7901117283566408,0.29799646077433983,0.4843015523794461,seq_hotel
2970,118.8,72,0.7,-9.28,1.6547280743372996,1.7901117283566408,0.29799646077433983,0.493103109696454,seq_hotel
2970,118.8,79,1.23,-8.14,0.017677669529663625,1.5700318468107577,0.38739539900664205,0.006848247840951598,seq_hotel
2970,118.8,80,1.48,-9.33,0.024999999999999245,1.2159769734661914,0.6458336660025517,0.016145841650063303,seq_hotel
2980,119.2,71,2.45,-9.73,1.6017568479641133,2.004120754844877,0.23775168892104367,0.3808203958443153,seq_hotel
2980,119.2,72,0.85,-9.9,1.594717843381686,1.8005554698481243,0.29454955538290317,0.46972343172925785,seq_hotel
2980,119.2,79,1.23,-8.14,0.0,2.004120754844877,0.23775168892104367,0.0,seq_hotel
2980,119.2,80,1.5,-9.33,0.04999999999999934,1.2202458768625275,0.6413228062803042,0.032066140314014786,seq_hotel
3170,126.8,83,1.74,-1.47,1.4758472143145478,7.8169687219535415,0.010418456302554316,0.01537604971158263,seq_hotel
3170,126.8,85,1.22,-8.24,0.0,6.789941089582443,0.013808551066140196,0.0,seq_hotel
3170,126.8,86,1.41,-9.28,0.0,7.8169687219535415,0.010418456302554316,0.0,seq_hotel
3180,127.2,83,1.68,-2.07,1.503329637837296,7.215053707353811,0.012229282754818405,0.018384643214811043,seq_hotel
3180,127.2,85,1.22,-8.24,0.0,6.187123725932754,0.016630393343022725,0.0,seq_hotel
3180,127.2,86,1.41,-9.28,0.0,7.215053707353811,0.012229282754818405,0.0,seq_hotel
3190,127.6,83,1.66,-2.67,1.5250000000000048,6.614725995836864,0.014549779277323562,0.0221884133979185,seq_hotel
3190,127.6,85,1.22,-8.24,0.0,5.587351787743457,0.020392388243111657,0.0,seq_hotel
3190,127.6,86,1.41,-9.28,0.0,6.614725995836864,0.014549779277323562,0.0,seq_hotel
3200,128.0,83,1.68,-3.29,1.5532224567008852,5.996082054141687,0.017707000038038035,0.027502910099884106,seq_hotel
3200,128.0,85,1.22,-8.24,0.0,4.9713277904398945,0.02575937510844341,0.0,seq_hotel
3200,128.0,86,1.41,-9.28,0.0,5.996082054141687,0.017707000038038035,0.0,seq_hotel
3210,128.4,83,1.58,-3.91,1.5928060930320203,5.372690201379565,0.022054464881194412,0.03512848604132717,seq_hotel
3210,128.4,85,1.22,-8.24,0.0,4.344939585310709,0.03372194678430921,0.0,seq_hotel
3210,128.4,86,1.41,-9.28,0.0,5.372690201379565,0.022054464881194412,0.0,seq_hotel
3220,128.8,83,1.49,-4.55,1.6010250622648314,4.730676484394171,0.02844681345563005,0.045544061284036146,seq_hotel
3220,128.8,85,1.22,-8.24,0.0,3.6998648623970043,0.04650593705658421,0.0,seq_hotel
3220,128.8,86,1.41,-9.28,0.0,4.730676484394171,0.02844681345563005,0.0,seq_hotel
3230,129.2,83,1.35,-5.17,1.5692852672475168,4.110437932872846,0.037679396081108305,0.05912972114886708,seq_hotel
3230,129.2,85,1.22,-8.24,0.0,3.0727512102348933,0.06742567861716847,0.0,seq_hotel
3230,129.2,86,1.41,-9.28,0.0,4.110437932872846,0.037679396081108305,0.0,seq_hotel
3240,129.6,83,1.09,-5.74,1.542117051329092,3.554433850840383,0.05038940734269287,0.07770636426953403,seq_hotel
3240,129.6,85,1.22,-8.24,0.0,2.503377718203947,0.101584479147199,0.0,seq_hotel
3240,129.6,86,1.41,-9.28,0.0,3.554433850840383,0.05038940734269287,0.0,seq_hotel
3250,130.0,83,0.93,-6.33,1.4870272357962828,2.988795744108318,0.07126686432934229,0.10597576826753058,seq_hotel
3250,130.0,85,1.22,-8.24,0.0,1.9318902660347974,0.17057493498943824,0.0,seq_hotel
3250,130.0,86,1.41,-9.28,0.0,2.988795744108318,0.07126686432934229,0.0,seq_hotel
3260,130.4,83,0.75,-6.88,1.4718186029534817,2.4890962215229844,0.10275353030660171,0.15123455742440076,seq_hotel
3260,130.4,85,1.22,-8.24,0.0,1.4389232085139223,0.3074715152705052,0.0,seq_hotel
3260,130.4,86,1.41,-9.28,0.01249999999999929,2.4890962215229844,0.10275353030660171,0.0012844191288324484,seq_hotel
3270,130.8,83,0.51,-7.43,1.470384728565994,2.0483163818121453,0.15173509685565395,0.22310896920403553,seq_hotel
3270,130.8,85,1.22,-8.24,0.0,1.07712580509428,0.548715542464731,0.0,seq_hotel
3270,130.8,86,1.41,-9.27,0.025000000000000355,2.0483163818121453,0.15173509685565395,0.003793377421391403,seq_hotel
3280,131.2,83,0.46,-8.02,1.4304719500920313,1.5620819440733578,0.2608990501895747,0.3732087731018397,seq_hotel
3280,131.2,85,1.22,-8.24,0.0,1.0375451797391761,0.5913792590502385,0.0,seq_hotel
3280,131.2,86,1.41,-9.26,0.012500000000001066,1.5620819440733578,0.2608990501895747,0.003261238127369962,seq_hotel
3290,131.6,83,0.41,-8.57,1.3969833570948325,1.2149485585818023,0.4312849890709178,0.6024979518968988,seq_hotel
3290,131.6,85,1.22,-8.24,0.0,1.0375451797391761,0.5913792590502385,0.0,seq_hotel
3290,131.6,86,1.41,-9.26,0.0,1.2149485585818023,0.4312849890709178,0.0,seq_hotel
3300,132.0,83,0.33,-9.13,1.414213562373076,1.258650070512055,0.4018556825953674,0.5683097564430587,seq_hotel
3300,132.0,85,1.22,-8.24,0.0,1.258650070512055,0.4018556825953674,0.0,seq_hotel
3300,132.0,86,1.41,-9.26,0.0,1.0877959367454906,0.538003695062606,0.0,seq_hotel
3410,136.4,89,1.83,-0.49,1.2313610356024576,7.819366982051679,0.015618099661469067,0.019231519373288944,seq_hotel
3410,136.4,90,1.28,-0.65,1.2811127975318772,7.639999999999999,0.016360051440328052,0.02095907126848409,seq_hotel
3410,136.4,91,1.97,-3.91,1.3098186897429542,4.43401623812994,0.04857097523213411,0.06361917113809139,seq_hotel
3410,136.4,92,1.28,-8.29,0.11180339887498601,7.639999999999999,0.016360051440328052,0.0018291093567982866,seq_hotel
3410,136.4,93,1.41,-9.2,0.0,8.550988246980578,0.013059867265751254,0.0,seq_hotel
3420,136.8,89,1.88,-0.98,1.227293770863384,7.296389518110995,0.017937229321385046,0.022014249812683913,seq_hotel
3420,136.8,90,1.33,-1.16,1.2896826159951416,7.090345548702122,0.01899488112011163,0.02449736797350229,seq_hotel
3420,136.8,91,2.09,-4.42,1.331411375195541,3.9189029077026136,0.062178805463762525,0.08278556889052407,seq_hotel
3420,136.8,92,1.26,-8.25,0.11180339887498958,7.090345548702122,0.01899488112011163,0.0021236922704548494,seq_hotel
3420,136.8,93,1.41,-9.2,1.7763568394002505e-15,8.040398000099248,0.014771217339304728,2.6238952946941524e-17,seq_hotel
3430,137.2,89,1.89,-1.47,1.2589678312014414,6.771270191035063,0.020827209941774866,0.0262207873303734,seq_hotel
3430,137.2,90,1.34,-1.68,1.3117259622345172,6.530765651897181,0.02238943746911253,0.02936880640806119,seq_hotel
3430,137.2,91,2.2,-4.95,1.356293202076925,3.4937801877050028,0.07823124225219119,0.10610450205668001,seq_hotel
3430,137.2,92,1.24,-8.21,0.05590169943749792,6.530765651897181,0.02238943746911253,0.0012516076039729828,seq_hotel
3430,137.2,93,1.41,-9.2,1.7763568394002505e-15,7.520325790815182,0.016884883619242976,2.9993578499519515e-17,seq_hotel
3440,137.6,89,2.0,-1.98,1.3017416218282152,6.276185147045934,0.02424263867052645,0.03155765178036651,seq_hotel
3440,137.6,90,1.47,-2.2,1.3192090433285966,6.014399388135112,0.026398962169335464,0.03482574962827685,seq_hotel
3440,137.6,91,2.27,-5.49,1.3117259622344724,3.5203692988094306,0.07705395453492873,0.10107367265630068,seq_hotel
3440,137.6,92,1.24,-8.21,0.0,6.014399388135112,0.026398962169335464,0.0,seq_hotel
3440,137.6,93,1.41,-9.2,0.0,7.000257138134283,0.01948692868587966,0.0,seq_hotel
3450,138.0,89,2.1,-2.49,1.3562932020768765,5.7842890660823665,0.02854114587098367,0.03871016212429967,seq_hotel
3450,138.0,90,1.57,-2.71,1.3789715370521411,5.509891106002006,0.03145468572811834,0.043375116325995396,seq_hotel
3450,138.0,91,2.34,-5.99,1.2481235916366444,3.369169037017882,0.08412513620037985,0.10499856714134,seq_hotel
3450,138.0,92,1.24,-8.21,0.0,5.509891106002006,0.03145468572811834,0.0,seq_hotel
3450,138.0,93,1.41,-9.2,0.0,6.4919719654354635,0.022657819387301006,0.0,seq_hotel
3460,138.4,89,2.18,-3.05,1.3975424859373482,5.244921353080522,0.03471310174601121,0.04851303450871661,seq_hotel
3460,138.4,90,1.64,-3.29,1.4056248610493283,4.9362333818408555,0.03919042856356998,0.05508704070413168,seq_hotel
3460,138.4,91,2.4,-6.48,1.1985668525367943,3.2792834583182957,0.08880010215566472,0.10643285894566087,seq_hotel
3460,138.4,92,1.24,-8.21,0.0,4.9362333818408555,0.03919042856356998,0.0,seq_hotel
3460,138.4,93,1.41,-9.2,0.0,5.914473772027398,0.02729852372863475,0.0,seq_hotel
3470,138.8,89,2.3,-3.59,1.3532368602724631,4.74004219390503,0.042501765112665645,0.05751495517710137,seq_hotel
3470,138.8,90,1.75,-3.82,1.3507521053102511,4.4195248613397355,0.048890020507232755,0.066038298128806,seq_hotel
3470,138.8,91,2.47,-6.94,1.1225668131563686,3.2019993753903204,0.09313842643486384,0.10455410654538398,seq_hotel
3470,138.8,92,1.24,-8.21,0.0,4.4195248613397355,0.048890020507232755,0.0,seq_hotel
3470,138.8,93,1.41,-9.2,1.7763568394002505e-15,5.390732788777421,0.03286062142296533,5.837218961162685e-17,seq_hotel
3480,139.2,89,2.4,-4.11,1.3400093283257675,4.260938863677817,0.05259697605980369,0.07048043856186402,seq_hotel
3480,139.2,90,1.85,-4.35,1.3629586384039967,3.907902250568713,0.06252936205866873,0.08522493417175366,seq_hotel
3480,139.2,91,2.52,-7.37,1.2630568079069264,3.0934285186504638,0.09979096261496366,0.12604165469841544,seq_hotel
3480,139.2,92,1.24,-8.21,0.01249999999999929,3.907902250568713,0.06252936205866873,0.0007816170257333146,seq_hotel
3480,139.2,93,1.41,-9.2,1.7763568394002505e-15,4.8699178637837415,0.04026503761374644,7.152507495388683e-17,seq_hotel
3490,139.6,89,2.46,-4.65,1.2905909499140122,3.7727046001509317,0.06709123383553864,0.08658733920671093,seq_hotel
3490,139.6,90,1.9,-4.9,1.319682727021897,3.384966764977169,0.08334174014237843,0.10998465490584426,seq_hotel
3490,139.6,91,2.5,-7.95,1.2003254766937013,3.1084562084739105,0.09882842520583411,0.11862627659608063,seq_hotel
3490,139.6,92,1.24,-8.22,0.02499999999999858,3.384966764977169,0.08334174014237843,0.0020835435035593424,seq_hotel
3490,139.6,93,1.41,-9.2,0.0,4.327828554829777,0.05098369248169376,0.0,seq_hotel
3500,140.0,89,2.56,-5.13,1.0872126057032108,3.3693322780634154,0.08411698482711776,0.09145304625778813,seq_hotel
3500,140.0,90,1.96,-5.4,1.3029413839463193,2.95005084701942,0.10972671537337089,0.14296747838446375,seq_hotel
3500,140.0,91,2.38,-8.32,1.1738025813568316,2.95005084701942,0.10972671537337089,0.1287975017490691,seq_hotel
3500,140.0,92,1.24,-8.23,0.01249999999999929,2.9201541055225153,0.11198499625337116,0.00139981245316706,seq_hotel
3500,140.0,93,1.41,-9.2,0.0,3.839596332949597,0.06477392969654892,0.0,seq_hotel
3510,140.4,89,2.59,-5.51,1.2326926827072338,3.377173374288031,0.08372683388875099,0.10320945548090739,seq_hotel
3510,140.4,90,2.06,-5.93,1.2962084130262204,2.9662434155004886,0.10853200038089827,0.1406800919762853,seq_hotel
3510,140.4,91,2.37,-8.88,1.3789715370521403,2.9662434155004886,0.10853200038089827,0.14966253938459076,seq_hotel
3510,140.4,92,1.24,-8.23,0.02499999999999858,2.441802612825206,0.1601586036749248,0.004003965091872892,seq_hotel
3510,140.4,93,1.41,-9.2,0.0,3.3339766045969785,0.08591050781360744,0.0,seq_hotel
3520,140.8,89,2.67,-6.11,1.426753307338052,3.3319063612292585,0.08601730007849069,0.12272546737527627,seq_hotel
3520,140.8,90,2.08,-6.43,1.3000600947648853,2.8498771903364535,0.11757611102851243,0.15285601004581453,seq_hotel
3520,140.8,91,2.21,-9.41,1.395584554944661,2.982834222681509,0.1073280274410632,0.14978533740942457,seq_hotel
3520,140.8,92,1.24,-8.21,0.024999999999996803,1.9682479518597253,0.24649707241904262,0.0061624268104752775,seq_hotel
3520,140.8,93,1.41,-9.2,1.7763568394002505e-15,2.8498771903364535,0.11757611102851243,2.0885712897558126e-16,seq_hotel
3530,141.2,89,2.81,-6.63,1.3210436215356687,2.9265850406232854,0.11149338095615506,0.14728761975557503,seq_hotel
3530,141.2,90,2.07,-6.97,1.3520817282990236,2.3256181973832244,0.1765609057134829,0.23872477454712693,seq_hotel
3530,141.2,91,2.25,-9.99,1.453444185374946,3.0253594827722545,0.10433197038626123,0.15164069570662245,seq_hotel
3530,141.2,92,1.24,-8.21,0.0,2.04658251727117,0.22798845852963415,0.0,seq_hotel
3530,141.2,93,1.41,-9.2,0.027950849718745185,2.3256181973832244,0.1765609057134829,0.004935027341803099,seq_hotel
3540,141.6,89,2.79,-7.16,1.2799536124406834,2.443460660620506,0.15994132125473115,0.204717471918529,seq_hotel
3540,141.6,90,2.14,-7.51,1.3889069443270645,1.8238695128764006,0.28706738570610923,0.398709885497031,seq_hotel
3540,141.6,92,1.24,-8.21,0.0,1.872164522684906,0.27244783410880785,0.0,seq_hotel
3540,141.6,93,1.43,-9.19,0.09762812094883132,2.443460660620506,0.15994132125473115,0.015614770656172778,seq_hotel
3550,142.0,89,2.9,-7.65,1.2823927830426802,2.0724140512938045,0.22234037080057092,0.2851276868936856,seq_hotel
3550,142.0,90,2.12,-8.08,1.438858054152648,1.2519584657647396,0.6092443910625059,0.8766161990276121,seq_hotel
3550,142.0,92,1.24,-8.21,0.0,1.7519132398609243,0.31113308306769577,0.0,seq_hotel
3550,142.0,93,1.47,-9.15,0.0673145600891779,2.0724140512938045,0.22234037080057092,0.014966744250505126,seq_hotel
3560,142.4,89,2.9,-8.18,1.3500578691300409,1.738993962036672,0.3157731750112005,0.42631205978404885,seq_hotel
3560,142.4,90,2.09,-8.66,1.3029413839463202,0.9617692030835668,1.0323563876231057,1.3450998604154731,seq_hotel
3560,142.4,92,1.24,-8.21,0.0,1.6602710622064096,0.34642831799433055,0.0,seq_hotel
3560,142.4,93,1.45,-9.14,0.08838834764831716,1.738993962036672,0.3157731750112005,0.027910669170902885,seq_hotel
3570,142.8,89,2.89,-8.73,1.4633544512523633,1.73,0.3190650066996465,0.4669051977927928,seq_hotel
3570,142.8,90,2.28,-9.11,1.240589577579985,1.3753544997563345,0.5048264213107283,0.6262823967650919,seq_hotel
3570,142.8,92,1.24,-8.21,0.0,1.73,0.3190650066996465,0.0,seq_hotel
3570,142.8,93,1.4,-9.14,0.08749999999999925,1.5453802121160995,0.3998533031368276,0.03498716402447211,seq_hotel
3580,143.2,89,2.86,-9.35,1.5518134552839358,1.9809088823063006,0.2433561820976995,0.37764339780573775,seq_hotel
3580,143.2,90,2.16,-9.65,1.3829316685940138,1.708800749063506,0.3270307049833467,0.4522611185240963,seq_hotel
3580,143.2,92,1.24,-8.21,0.0,1.9809088823063006,0.2433561820976995,0.0,seq_hotel
3580,143.2,93,1.38,-9.14,0.05000000000000289,1.4948244044034067,0.4273571978301061,0.02136785989150654,seq_hotel
4000,160.0,96,1.98,3.74,0.7516648189186355,8.659844109451393,0.012733600894903012,0.009571399810849448,seq_hotel
4000,160.0,97,1.22,3.29,0.9303897032964069,8.394105074395961,0.013552598722007517,0.012609198303863837,seq_hotel
4000,160.0,98,3.51,1.98,0.9263503656824318,6.760029585734074,0.020896530669862405,0.01935750882752119,seq_hotel
4000,160.0,99,3.53,-4.78,1.6031219541881185,4.919552825206778,0.039456642366390064,0.06325380961610895,seq_hotel
4000,160.0,100,3.22,-8.86,1.6677080080157667,4.091760012512952,0.057036264509563825,0.09511983506990505,seq_hotel
4000,160.0,101,1.26,-8.15,0.0,4.06322531986598,0.0578401712044587,0.0,seq_hotel
4000,160.0,102,1.37,-9.2,0.0,4.919552825206778,0.039456642366390064,0.0,seq_hotel
4010,160.4,96,1.96,3.44,0.7874999999999894,7.749096721554068,0.015902639675451875,0.012523328744418184,seq_hotel
4010,160.4,97,1.26,2.92,0.9104428867314941,7.428303978702003,0.017305814612101407,0.015755955812681677,seq_hotel
4010,160.4,98,3.53,1.61,0.9970268301304496,5.750139128751582,0.028881162909360065,0.028795294306000377,seq_hotel
4010,160.4,99,3.57,-4.14,1.442924547576879,5.517571929753159,0.03136717269151388,0.0452604634646685,seq_hotel
4010,160.4,100,2.95,-8.25,1.6832353519338632,4.156500932274646,0.055273328425975855,0.09303802042565347,seq_hotel
4010,160.4,101,1.26,-8.15,0.027950849718747568,4.627764038928519,0.0445891268549683,0.0012463039838133902,seq_hotel
4010,160.4,102,1.37,-9.2,0.0,5.517571929753159,0.03136717269151388,0.0,seq_hotel
4020,160.8,96,1.98,3.11,0.8344159634139514,6.894207713726067,0.020091050903561572,0.016764293595694067,seq_hotel
4020,160.8,97,1.33,2.57,0.9055385138137615,6.545991139621257,0.022285406267243218,0.02018029367097531,seq_hotel
4020,160.8,98,3.62,1.19,1.0494045930907883,4.823743359674103,0.04103958822233371,0.043067132379071615,seq_hotel
4020,160.8,99,3.43,-3.63,1.3225212663696857,5.000239994240277,0.03819351976415751,0.05051174212560921,seq_hotel
4020,160.8,100,2.65,-7.64,1.728664585742455,4.085156055770697,0.0572208202385698,0.09891560551355075,seq_hotel
4020,160.8,101,1.25,-8.13,0.027950849718745785,5.000239994240277,0.03819351976415751,0.0010675413311579136,seq_hotel
4020,160.8,102,1.37,-9.2,0.027950849718749754,5.9387288202106,0.027075992983863005,0.0007567970108778776,seq_hotel
4030,161.2,96,1.86,2.78,0.8704345179277025,6.078922601908992,0.025841525886764437,0.02249335612776205,seq_hotel
4030,161.2,97,1.34,2.2,0.912585612422219,5.691581502535126,0.029478505609088445,0.026901660094561797,seq_hotel
4030,161.2,98,3.71,0.79,0.8671973535476519,3.889382984484814,0.06312624583047684,0.05474291332358801,seq_hotel
4030,161.2,99,3.44,-3.09,1.312738073646102,5.495243397703145,0.03162259571263281,0.041512185379491084,seq_hotel
4030,161.2,100,2.38,-6.99,1.774339665903947,4.041484875636677,0.0584641266194453,0.10373521889331262,seq_hotel
4030,161.2,101,1.25,-8.13,0.11524430571615497,5.495243397703145,0.03162259571263281,0.0036443240878450273,seq_hotel
4030,161.2,102,1.38,-9.18,0.02795084971874817,6.428973479491107,0.023104049883052768,0.0006457778261756692,seq_hotel
4040,161.6,96,1.83,2.43,0.8874999999999873,5.253237097257271,0.034603288770364796,0.030710418783698318,seq_hotel
4040,161.6,97,1.32,1.84,0.938249700239747,4.889222842129412,0.039947694306568714,0.037480912208407144,seq_hotel
4040,161.6,98,3.8,0.52,0.4705382556179611,3.1244359490954525,0.09782010618118764,0.04602810212685977,seq_hotel
4040,161.6,99,3.41,-2.58,1.2977143368245383,4.889222842129412,0.039947694306568714,0.0518406956247182,seq_hotel
4040,161.6,100,2.08,-6.34,1.7278056893065015,3.9882953752198445,0.06003392691989891,0.10372696048361207,seq_hotel
4040,161.6,101,1.31,-8.2,0.24270609798684045,5.999533315183773,0.026529950729873877,0.006438980821430819,seq_hotel
4040,161.6,102,1.38,-9.18,0.0,6.905135769845514,0.020027509098011403,0.0,seq_hotel
4050,162.0,96,1.86,2.07,0.9132702228803787,4.37714518836193,0.04984131332668936,0.045518587330516384,seq_hotel
4050,162.0,97,1.31,1.45,1.0049875621120747,4.039814352170159,0.0585124881925584,0.05880432286175082,seq_hotel
4050,162.0,98,3.82,0.43,0.18915932438026678,2.709335711941213,0.1300905467681183,0.024607839934916755,seq_hotel
4050,162.0,99,3.31,-2.06,1.3101168840984958,4.039814352170159,0.0585124881925584,0.07665819871168464,seq_hotel
4050,162.0,100,1.79,-5.74,1.712134997598004,3.9815574842013772,0.06023728669707384,0.10313436671440479,seq_hotel
4050,162.0,101,1.36,-8.29,0.15662455107676967,6.528047181202047,0.0224080885912457,0.003509656816092342,seq_hotel
4050,162.0,102,1.38,-9.18,0.0,7.376943811633649,0.017547628480178396,0.0,seq_hotel
4060,162.4,96,1.8,1.7,0.9395810236482932,3.56202189774291,0.07526242580007661,0.07071514707548969,seq_hotel
4060,162.4,97,1.24,1.04,0.9928651721155154,3.289072817679779,0.08827229234159474,0.08764248472876855,seq_hotel
4060,162.4,98,3.82,0.37,0.11249999999999832,2.665576860643865,0.1343968106274713,0.015119641195590297,seq_hotel
4060,162.4,99,3.28,-1.54,1.2550522897473058,3.56202189774291,0.07526242580007661,0.09445827983232286,seq_hotel
4060,162.4,100,1.52,-5.09,1.6956285707665815,4.0923953865676275,0.0570185552972272,0.09668229142581265,seq_hotel
4060,162.4,101,1.37,-8.31,0.027950849718749157,7.034273238935207,0.019298915918258962,0.0005394210985660322,seq_hotel
4060,162.4,102,1.38,-9.18,0.0,7.872712366141672,0.015407160719839627,0.0,seq_hotel
4070,162.8,96,1.81,1.32,0.9520537012165013,2.766315238724611,0.12478662640331552,0.11880356952959734,seq_hotel
4070,162.8,97,1.16,0.67,1.0616172803793587,2.6900743484149285,0.13196015457076926,0.14009118041385984,seq_hotel
4070,162.8,98,3.82,0.34,0.15000000000000852,2.680391762410861,0.1329152562532357,0.019937288437986485,seq_hotel
4070,162.8,99,3.22,-1.06,1.2374368670764866,2.766315238724611,0.12478662640331552,0.15441557202956274,seq_hotel
4070,162.8,100,1.24,-4.5,1.6273540641176132,4.68209354883048,0.043560334757384,0.07088808780175258,seq_hotel
4070,162.8,101,1.37,-8.31,0.0,7.482312476768128,0.01705688413952616,0.0,seq_hotel
4070,162.8,102,1.38,-9.18,0.0,8.325863318599458,0.013775673089315816,0.0,seq_hotel
4080,163.2,96,1.85,0.94,1.050669429459158,2.0873428084528904,0.2191713698763764,0.2302766581417945,seq_hotel
4080,163.2,97,1.06,0.21,1.136675525380951,2.7602898398537787,0.1253320110446467,0.14246182950122493,seq_hotel
4080,163.2,98,3.82,0.25,0.11250000000001042,2.7602898398537787,0.1253320110446467,0.01409985124252406,seq_hotel
4080,163.2,99,3.14,-0.56,1.3546793901141558,2.2179495034828904,0.19411901257320596,0.2629690255622328,seq_hotel
4080,163.2,100,0.97,-3.91,1.6552945357247177,4.418144406874904,0.048920576770049795,0.08097796341196499,seq_hotel
4080,163.2,101,1.37,-8.31,0.0,7.94955344657799,0.015110746328868432,0.0,seq_hotel
4080,163.2,102,1.38,-9.18,0.0,8.797840644158088,0.012337273695141883,0.0,seq_hotel
4090,163.6,96,1.84,0.48,1.1625672023586255,1.9933138237618278,0.24033666185573008,0.2794075205978271,seq_hotel
4090,163.6,97,1.03,-0.23,1.0007028779812575,2.8309892264012593,0.1191502474953362,0.11923399558076204,seq_hotel
4090,163.6,98,3.82,0.25,0.0,2.8309892264012593,0.1191502474953362,0.0,seq_hotel
4090,163.6,99,3.13,0.02,1.3759087905816818,2.11482859825566,0.21351138257157568,0.2937721881694795,seq_hotel
4090,163.6,100,0.68,-3.3,1.643547991389337,4.126124089263434,0.056090177243412406,0.09218689814508235,seq_hotel
4090,163.6,101,1.37,-8.31,0.0,8.08715030155864,0.014600924414411971,0.0,seq_hotel
4090,163.6,102,1.38,-9.18,0.0,8.95684096096386,0.011903143141805824,0.0,seq_hotel
4100,164.0,96,1.86,0.01,1.2272937708633402,1.9746392075515968,0.24490399531990473,0.3005691479156637,seq_hotel
4100,164.0,97,1.03,-0.59,1.0000781219484665,2.3583468786419015,0.17169435408525516,0.17170776718273698,seq_hotel
4100,164.0,98,3.82,0.25,0.0,2.913708976545187,0.11248096617682271,0.0,seq_hotel
4100,164.0,99,3.1,0.54,1.2509996003196626,2.3583468786419015,0.17169435408525516,0.21478956833779683,seq_hotel
4100,164.0,100,0.39,-2.73,1.609978648926726,4.246998940428406,0.052942820787901086,0.08523681108247477,seq_hotel
4100,164.0,101,1.37,-8.31,0.0,7.727483419587519,0.01599172151507807,0.0,seq_hotel
4100,164.0,102,1.38,-9.18,0.0,8.597127427228237,0.012920063678976657,0.0,seq_hotel
4110,164.4,96,1.9,-0.5,1.1624999999999834,2.061286006356226,0.2247475013653821,0.261268970337253,seq_hotel
4110,164.4,97,1.04,-1.03,1.2752450744856665,2.9562476215635254,0.10926718751302972,0.13934244267889287,seq_hotel
4110,164.4,98,3.82,0.25,0.0,3.0605228311515664,0.10194833438862494,0.0,seq_hotel
4110,164.4,99,3.17,1.02,1.1845357740481963,2.9562476215635254,0.10926718751302972,0.12943089253881607,seq_hotel
4110,164.4,100,0.1,-2.15,1.5772305633609593,4.412912870202628,0.04903663684290546,0.07734208235306256,seq_hotel
4110,164.4,101,1.37,-8.31,0.017677669529662998,7.287475557420416,0.017981137405806206,0.0003178646048273039,seq_hotel
4110,164.4,102,1.38,-9.18,0.0,8.157088941528098,0.014351621981261446,0.0,seq_hotel
4120,164.8,96,1.86,-0.92,1.2125000000000374,2.282651966463569,0.1832702540161927,0.22221518299464052,seq_hotel
4120,164.8,97,1.01,-1.61,1.3000600947648704,3.36982195375364,0.08409254018258427,0.10932535575878918,seq_hotel
4120,164.8,98,3.82,0.25,0.037500000000003475,3.36982195375364,0.08409254018258427,0.0031534702568472026,seq_hotel
4120,164.8,99,3.22,1.48,1.2265933515228575,3.7989735455778053,0.06616660374380703,0.08115951624500112,seq_hotel
4120,164.8,100,-0.21,-1.62,1.5359239890046972,4.4427243893809125,0.04838075462064525,0.07430916162799889,seq_hotel
4120,164.8,101,1.38,-8.32,0.02795084971874737,6.886080162182256,0.020138505308128586,0.0005628883354276983,seq_hotel
4120,164.8,102,1.38,-9.18,0.0,7.72539319387693,0.01600037630549016,0.0,seq_hotel
4130,165.2,96,1.9,-1.47,1.2772039774445145,2.597864507629295,0.1414941188269751,0.18071685135081936,seq_hotel
4130,165.2,97,1.05,-2.07,1.1430496489654582,3.6325473155899837,0.07236837523313976,0.08272064590644096,seq_hotel
4130,165.2,98,3.82,0.28,0.07500000000000433,3.6325473155899837,0.07236837523313976,0.005427628142485795,seq_hotel
4130,165.2,99,3.22,2.0,1.300000000000074,4.612352978686692,0.04488759218152714,0.0583538698359886,seq_hotel
4130,165.2,100,-0.57,-1.12,1.4531216397810984,4.607830292013802,0.04497575174153154,0.06535523812104191,seq_hotel
4130,165.2,101,1.39,-8.32,0.012500000000001066,6.868959164240242,0.02023902155776434,0.00025298776947207583,seq_hotel
4130,165.2,102,1.38,-9.18,0.0,7.727515771578859,0.01599158761358417,0.0,seq_hotel
4140,165.6,96,1.92,-1.94,1.1755982519551318,6.401976257375531,0.023299320940712204,0.027390640969642863,seq_hotel
4140,165.6,97,1.1,-2.52,1.159741350474304,5.807245474405229,0.028315941968840436,0.03283916877889503,seq_hotel
4140,165.6,100,-0.88,-0.67,1.2747548783981784,7.979686710642217,0.014996838002609671,0.019117292404373872,seq_hotel
4140,165.6,101,1.39,-8.32,0.0,6.401976257375531,0.023299320940712204,0.0,seq_hotel
4140,165.6,102,1.38,-9.18,0.0,7.260110192001221,0.018116944642517282,0.0,seq_hotel
4150,166.0,96,1.87,-2.41,1.2130797583011428,5.929460346439632,0.027160705335875307,0.032948101864132176,seq_hotel
4150,166.0,97,1.17,-2.99,1.138529753673554,5.334538405523012,0.033556579807338435,0.038205164542175984,seq_hotel
4150,166.0,100,-1.25,-0.36,1.2202714861865607,8.386369894060243,0.013577610769493082,0.016568371272551976,seq_hotel
4150,166.0,101,1.39,-8.32,0.0,5.929460346439632,0.027160705335875307,0.0,seq_hotel
4150,166.0,102,1.38,-9.18,0.0,6.787709481113639,0.020726448430780985,0.0,seq_hotel
4160,166.4,96,1.95,-2.91,1.2465577603945814,5.438906140024849,0.0322810946818936,0.04024024908974672,seq_hotel
4160,166.4,97,1.24,-3.42,1.2887130208079498,4.902295380737477,0.039734928057895434,0.051206919169076985,seq_hotel
4160,166.4,100,-1.55,0.04,1.2933725294747653,8.861895959669127,0.012159566381496898,0.01572684912815296,seq_hotel
4160,166.4,101,1.39,-8.32,0.0,5.438906140024849,0.0322810946818936,0.0,seq_hotel
4160,166.4,102,1.38,-9.18,0.0,6.295855779796738,0.024091388991098705,0.0,seq_hotel
4170,166.8,96,1.99,-3.4,1.2250637738501875,5.459029217727269,0.03204354412775987,0.03925538509668852,seq_hotel
4170,166.8,97,1.32,-4.01,1.3173126052687878,5.170348150753487,0.03572167431221816,0.04705661185279124,seq_hotel
4170,166.8,100,-1.84,0.49,1.3383758814323983,9.383442864961667,0.010845434457533554,0.014515267901618775,seq_hotel
4170,166.8,101,1.39,-8.32,0.0,4.956450342735212,0.03887137140775091,0.0,seq_hotel
4170,166.8,102,1.38,-9.18,0.0,5.812099448564176,0.028268665607417656,0.0,seq_hotel
4180,167.2,96,1.96,-3.89,1.2290748553282107,5.321700855929427,0.033718672288673306,0.04144277226506049,seq_hotel
4180,167.2,97,1.33,-4.47,1.1954340216005455,4.710265385304739,0.043040829083833124,0.05145247140470835,seq_hotel
4180,167.2,101,1.39,-8.32,0.0,4.466519898086204,0.047866628164260905,0.0,seq_hotel
4180,167.2,102,1.38,-9.18,0.0,5.321700855929427,0.033718672288673306,0.0,seq_hotel
4190,167.6,96,2.07,-4.38,1.2535574378543468,4.849340161300298,0.040607484172603965,0.050903813817120364,seq_hotel
4190,167.6,97,1.43,-4.96,1.1721374706065673,4.220296198135861,0.053614902029171574,0.06284403565129208,seq_hotel
4190,167.6,101,1.39,-8.32,0.0,3.9982496170199284,0.059735372110057035,0.0,seq_hotel
4190,167.6,102,1.38,-9.18,0.0,4.849340161300298,0.040607484172603965,0.0,seq_hotel
4200,168.0,96,2.12,-4.88,1.217707887795738,4.3632098276383635,0.05016019133458904,0.06108046064147249,seq_hotel
4200,168.0,97,1.45,-5.4,1.1524430571615945,3.780648092589417,0.0668096002008894,0.07699425990325685,seq_hotel
4200,168.0,101,1.39,-8.32,0.0,3.5166034749456756,0.07721907237709716,0.0,seq_hotel
4200,168.0,102,1.38,-9.18,0.0,4.3632098276383635,0.05016019133458904,0.0,seq_hotel
4210,168.4,96,2.16,-5.35,1.2096616262409747,3.9086186818363338,0.06250644148844181,0.07561164366144485,seq_hotel
4210,168.4,97,1.49,-5.88,1.228375451561923,3.3018328243567994,0.08759135015743501,0.10759506430255773,seq_hotel
4210,168.4,101,1.39,-8.32,0.0,3.068191649815898,0.10143933996381609,0.0,seq_hotel
4210,168.4,102,1.38,-9.18,0.0,3.9086186818363338,0.06250644148844181,0.0,seq_hotel
4220,168.8,96,2.35,-5.82,1.2415967541839272,3.497213176230468,0.07807772851080268,0.09694105429306647,seq_hotel
4220,168.8,97,1.66,-6.36,1.2395185557304333,2.833866616480034,0.11890840994065005,0.14738918055383685,seq_hotel
4220,168.8,101,1.39,-8.32,0.0,2.6779843166082955,0.1331543391365068,0.0,seq_hotel
4220,168.8,102,1.38,-9.18,0.0,3.497213176230468,0.07807772851080268,0.0,seq_hotel
4230,169.2,96,2.45,-6.3,1.1795788443338862,3.0723443817384792,0.10116530447717227,0.11933245294186859,seq_hotel
4230,169.2,97,1.86,-6.8,1.1819607650002857,2.4279209212822397,0.16199525998360798,0.19147204141664545,seq_hotel
4230,169.2,101,1.39,-8.32,0.0,2.2812277396174196,0.1834991657477655,0.0,seq_hotel
4230,169.2,102,1.38,-9.18,0.0,3.0723443817384792,0.10116530447717227,0.0,seq_hotel
4240,169.6,96,2.51,-6.75,1.161155136060622,2.6798880573635904,0.13296522578620573,0.15439325483911304,seq_hotel
4240,169.6,97,1.95,-7.26,1.3206295847056997,2.0028230076569424,0.23805989543324405,0.31438894084108737,seq_hotel
4240,169.6,101,1.39,-8.32,0.0,1.9285486771144773,0.25674983425681497,0.0,seq_hotel
4240,169.6,102,1.38,-9.18,0.0,2.6798880573635904,0.13296522578620573,0.0,seq_hotel
4250,170.0,96,2.68,-7.2,1.1105319671220493,2.368628295026469,0.17020705449725015,0.18902037504888106,seq_hotel
4250,170.0,97,2.17,-7.81,1.3211027590615165,1.581455026233753,0.38181913576624227,0.5044223137232664,seq_hotel
4250,170.0,101,1.39,-8.32,0.0,1.7083617883809041,0.3271987865517806,0.0,seq_hotel
4250,170.0,102,1.38,-9.18,0.03749999999999942,2.368628295026469,0.17020705449725015,0.006382764543646783,seq_hotel
4260,170.4,96,2.69,-7.62,1.0502975768799852,2.01791972090071,0.2345112128073115,0.2463065585627058,seq_hotel
4260,170.4,97,2.32,-8.25,1.1621639299169304,1.3011533345459325,0.5640458703788378,0.6555137653728856,seq_hotel
4260,170.4,101,1.39,-8.32,0.0,1.4764823060233403,0.43804112777585863,0.0,seq_hotel
4260,170.4,102,1.41,-9.18,0.074999999999999,2.01791972090071,0.2345112128073115,0.017588340960548128,seq_hotel
4430,177.2,104,1.34,-9.22,0.0,1.95869854750546,0.2489064664541568,0.0,seq_hotel
4430,177.2,105,1.37,-8.27,0.0,2.2663847863944024,0.18591057306558395,0.0,seq_hotel
4430,177.2,106,2.59,-9.52,0.40697051490248737,1.7466825699021558,0.3129993308700293,0.12738149884830982,seq_hotel
4430,177.2,107,3.28,-9.49,0.3535533905932701,2.2663847863944024,0.18591057306558395,0.06572931345447508,seq_hotel
4440,177.6,104,1.34,-9.22,0.0,1.9643064933965877,0.24748727706398146,0.0,seq_hotel
4440,177.6,105,1.37,-8.27,0.0,2.211628359376864,0.19523023706404682,0.0,seq_hotel
4440,177.6,106,2.62,-9.36,0.4382137035739455,1.6584932921178788,0.34717140207640956,0.15213526587886278,seq_hotel
4440,177.6,107,3.3,-9.35,0.4132568813704078,2.211628359376864,0.19523023706404682,0.08068023891829339,seq_hotel
4450,178.0,104,1.34,-9.22,0.0,1.9609181522949903,0.24834330036184657,0.0,seq_hotel
4450,178.0,105,1.37,-8.27,0.0,2.1253235047869774,0.21140793857679252,0.0,seq_hotel
4450,178.0,106,2.61,-9.17,0.5491470659122106,1.5321879780235843,0.40676846930966615,0.22337571142700427,seq_hotel
4450,178.0,107,3.3,-9.16,0.5505678886386228,2.1253235047869774,0.21140793857679252,0.11639442238366832,seq_hotel
4460,178.4,104,1.34,-9.22,0.0,1.964611920965563,0.24741033203393323,0.0,seq_hotel
4460,178.4,105,1.37,-8.27,0.0,2.014373351690297,0.23533766876589496,0.0,seq_hotel
4460,178.4,106,2.53,-8.93,0.5615269361303972,1.3346160496562296,0.536115909808765,0.30104352424567615,seq_hotel
4460,178.4,107,3.28,-8.91,0.5659615711335796,2.014373351690297,0.23533766876589496,0.13319207676165984,seq_hotel
4470,178.8,104,1.34,-9.22,0.025000000000005684,1.976916791369834,0.24434001805213962,0.006108500451304879,seq_hotel
4470,178.8,105,1.37,-8.27,0.0,1.9308029417835475,0.2561506594826641,0.0,seq_hotel
4470,178.8,106,2.48,-8.74,0.5771698190307764,1.2369316876852983,0.6241370317329229,0.360233057655697,seq_hotel
4470,178.8,107,3.25,-8.71,0.5783867650629826,1.976916791369834,0.24434001805213962,0.1413230326166078,seq_hotel
4480,179.2,104,1.34,-9.2,0.025000000000003908,2.033371584339665,0.23096059075880915,0.005774014768971132,seq_hotel
4480,179.2,105,1.37,-8.27,0.0,1.8686893802876923,0.27346210153246625,0.0,seq_hotel
4480,179.2,106,2.49,-8.47,0.6011707328205715,1.3621306838919671,0.5146758965998561,0.3094080859240202,seq_hotel
4480,179.2,107,3.23,-8.45,0.5263375817857042,2.033371584339665,0.23096059075880915,0.12156323882778927,seq_hotel
4490,179.6,104,1.34,-9.2,0.0,2.0886598574205424,0.21889505067080156,0.0,seq_hotel
4490,179.6,105,1.37,-8.27,0.0,1.850108104949546,0.2789826341848643,0.0,seq_hotel
4490,179.6,106,2.51,-8.26,0.5512769267799941,1.500833101980363,0.4239421347619856,0.23370951718413752,seq_hotel
4490,179.6,107,3.22,-8.29,0.6130099917619509,2.0886598574205424,0.21889505067080156,0.1341848532084399,seq_hotel
4500,180.0,104,1.34,-9.2,0.025000000000000355,2.1332838535928587,0.20983314477386292,0.005245828619346648,seq_hotel
4500,180.0,105,1.37,-8.27,0.0,1.7442763542512403,0.31386348678763276,0.0,seq_hotel
4500,180.0,106,2.46,-8.03,0.6324555320336662,1.619660458244258,0.36401847236357726,0.2302254966087887,seq_hotel
4500,180.0,107,3.09,-7.98,0.6350442897940162,2.1332838535928587,0.20983314477386292,0.13325334039816275,seq_hotel
4510,180.4,104,1.34,-9.22,0.025000000000000355,2.2910696191953663,0.18192601610809142,0.004548150402702351,seq_hotel
4510,180.4,105,1.37,-8.27,0.0,1.8242806801586204,0.28693799836279216,0.0,seq_hotel
4510,180.4,106,2.35,-7.78,0.608789783094286,1.7588916964952677,0.308669120648858,0.18791460700772225,seq_hotel
4510,180.4,107,3.13,-7.79,0.48894018039019227,2.2910696191953663,0.18192601610809142,0.08895093913355924,seq_hotel
4520,180.8,104,1.34,-9.22,0.0,2.4135658267385214,0.16392797942618778,0.0,seq_hotel
4520,180.8,105,1.37,-8.27,0.0,1.8774717041809177,0.2709097161767347,0.0,seq_hotel
4520,180.8,106,2.3,-7.57,0.579870675237175,1.9089525923919644,0.2620481486653417,0.1519540369112233,seq_hotel
4520,180.8,107,3.12,-7.59,0.5942432162002551,2.4135658267385214,0.16392797942618778,0.09741308971942708,seq_hotel
4530,181.2,104,1.34,-9.22,0.0,2.522102297687388,0.15012256855075803,0.0,seq_hotel
4530,181.2,105,1.37,-8.27,0.0,1.890290982891258,0.2672477495106271,0.0,seq_hotel
4530,181.2,106,2.29,-7.32,0.5751358535163823,2.1242645786248007,0.2116187608978109,0.1217095366690417,seq_hotel
4530,181.2,107,3.01,-7.33,0.6324555320336939,2.522102297687388,0.15012256855075803,0.09494584896303435,seq_hotel
4540,181.6,104,1.34,-9.22,0.0,2.6601691675530716,0.13494377991257991,0.0,seq_hotel
4540,181.6,105,1.37,-8.27,0.0,1.9681717404738839,0.2465161624677628,0.0,seq_hotel
4540,181.6,106,2.29,-7.11,0.6373774391990891,2.314000864304074,0.17833818745590177,0.11366873723204977,seq_hotel
4540,181.6,107,2.96,-7.11,0.6765029563867315,2.6601691675530716,0.13494377991257991,0.09128986605686075,seq_hotel
4550,182.0,104,1.34,-9.22,0.0,2.849298159196402,0.11762390325200117,0.0,seq_hotel
4550,182.0,105,1.37,-8.27,0.0,2.0860728654579637,0.21943830193978728,0.0,seq_hotel
4550,182.0,106,2.19,-6.82,0.7730823048033019,2.546075411294803,0.14730885592770873,0.1138818698585306,seq_hotel
4550,182.0,107,2.86,-6.81,0.716000174580975,2.849298159196402,0.11762390325200117,0.08421873526332856,seq_hotel
4560,182.4,104,1.34,-9.22,0.0,3.034336830346955,0.10371553333818874,0.0,seq_hotel
4560,182.4,105,1.37,-8.27,0.0,2.229125389025929,0.19217743178735602,0.0,seq_hotel
4560,182.4,106,2.05,-6.54,0.6966437396546297,2.7724537868105217,0.1242346527745231,0.08654729310353819,seq_hotel
4560,182.4,107,2.8,-6.56,0.5959498720530022,3.034336830346955,0.10371553333818874,0.061809258822802464,seq_hotel
4570,182.8,104,1.34,-9.22,0.0,3.2199378875996976,0.09210355503003201,0.0,seq_hotel
4570,182.8,105,1.37,-8.27,0.0,2.3901882771028724,0.16715029906377954,0.0,seq_hotel
4570,182.8,106,2.1,-6.27,0.6006506888367051,3.046325655605455,0.10290079401637606,0.061807432807780185,seq_hotel
4570,182.8,107,2.78,-6.34,0.47516444521871126,3.2199378875996976,0.09210355503003201,0.0437643346285162,seq_hotel
4570,182.8,110,2.56,2.43,1.525000000000087,10.765969533674149,0.008238821412776138,0.012564202654484328,seq_hotel
4580,183.2,104,1.34,-9.22,0.025000000000000355,3.3767588009806095,0.08374739386550072,0.0020936848466375476,seq_hotel
4580,183.2,105,1.37,-8.27,0.0,2.538050432911056,0.14824187070980832,0.0,seq_hotel
4580,183.2,106,2.15,-6.07,0.6376225372428463,3.252475979926678,0.09026994673693793,0.057558152475182964,seq_hotel
4580,183.2,107,2.81,-6.18,0.564717849903826,3.3767588009806095,0.08374739386550072,0.047293648198774435,seq_hotel
4580,183.2,110,2.45,1.83,1.5013015186830723,10.157578451579884,0.009255310890391331,0.013895012295628483,seq_hotel
4590,183.6,104,1.34,-9.2,0.03535533905932741,3.593897605664357,0.07393328160600894,0.0026139362389491806,seq_hotel
4590,183.6,105,1.37,-8.27,0.0,2.746142749385035,0.12662666364570724,0.0,seq_hotel
4590,183.6,106,2.11,-5.76,0.740354644748032,3.525124111290267,0.07684622850773527,0.05689346220707044,seq_hotel
4590,183.6,107,2.74,-5.89,0.6942847038499306,3.593897605664357,0.07393328160600894,0.051330746524481434,seq_hotel
4590,183.6,110,2.51,1.23,1.5166781135098955,9.568155517130771,0.010430735454347938,0.015820068171421214,seq_hotel
4600,184.0,104,1.32,-9.2,0.055901699437494345,3.8109316446244477,0.0657520146077567,0.0036756493580125528,seq_hotel
4600,184.0,105,1.37,-8.27,0.0,2.9381967258847728,0.1106138837659414,0.0,seq_hotel
4600,184.0,106,2.03,-5.49,0.6063466417817358,3.7773270973004167,0.06692712875845394,0.04058103976678238,seq_hotel
4600,184.0,107,2.68,-5.64,0.6885219676960108,3.8109316446244477,0.0657520146077567,0.04527170647770949,seq_hotel
4600,184.0,110,2.54,0.62,1.5512595688665167,8.96666047087766,0.011877086834136049,0.018424444601712067,seq_hotel
4610,184.4,104,1.3,-9.18,0.0624999999999988,4.090684539291682,0.057066259019306675,0.0035666411887065987,seq_hotel
4610,184.4,105,1.37,-8.27,0.0,3.2218783341398844,0.09199264568675616,0.0,seq_hotel
4610,184.4,106,2.04,-5.28,0.5816195062065842,3.9695843611138932,0.060601212021587816,0.03524684701151642,seq_hotel
4610,184.4,107,2.71,-5.34,0.6379900077587326,4.090684539291682,0.057066259019306675,0.03640770303448931,seq_hotel
4610,184.4,110,2.56,-0.01,1.5572411502397216,8.345280103148125,0.013711644535706351,0.02135233710846155,seq_hotel
4620,184.8,104,1.29,-9.16,0.045069390943300446,4.269543301103761,0.0523851916479989,0.00236096868202338,seq_hotel
4620,184.8,105,1.37,-8.27,0.0,3.410058650522011,0.08211976252752909,0.0,seq_hotel
4620,184.8,106,2.1,-5.03,0.5713197441013296,4.208681503749125,0.053911232346376785,0.030800551468319306,seq_hotel
4620,184.8,107,2.7,-5.13,0.5375000000000121,4.269543301103761,0.0523851916479989,0.028157040510800042,seq_hotel
4620,184.8,110,2.66,-0.62,1.5150288776125997,7.758002320185267,0.01586615058088299,0.024037676306587655,seq_hotel
4630,185.2,104,1.27,-9.16,0.14142135623730462,4.487326598321098,0.047423764212105236,0.006706733052754072,seq_hotel
4630,185.2,105,1.37,-8.27,0.0,3.6173470942114467,0.07297784203156026,0.0,seq_hotel
4630,185.2,106,2.12,-4.83,0.6063466417817507,3.6458469523555155,0.0718413549714398,0.043560764327983205,seq_hotel
4630,185.2,107,2.71,-4.91,0.48766023007829296,3.6908671067921155,0.07009944272720661,0.034184710368709695,seq_hotel
4630,185.2,110,2.63,-1.22,1.5598477489806772,7.161710689493119,0.01861820621428642,0.02904156705341273,seq_hotel
4640,185.6,104,1.21,-9.24,0.18456028825291496,4.761144820313703,0.04212584240471897,0.007774757617111801,seq_hotel
4640,185.6,105,1.37,-8.27,0.0,3.7780947579434794,0.06689993404451255,0.0,seq_hotel
4640,185.6,106,2.03,-4.55,0.6370096153120368,3.7780947579434794,0.06689993404451255,0.04261590125009558,seq_hotel
4640,185.6,107,2.69,-4.74,0.5138701197773546,3.768726575383255,0.06723294294645417,0.03454900044487846,seq_hotel
4640,185.6,110,2.8,-1.86,1.6401695796471545,6.567571849626009,0.022139189450104842,0.036312025054107175,seq_hotel
4650,186.0,104,1.14,-9.23,0.12562344526400906,4.974384384021806,0.038591592416552044,0.004848008797591673,seq_hotel
4650,186.0,105,1.37,-8.27,0.0,3.991115132390946,0.059949127914581714,0.0,seq_hotel
4650,186.0,106,1.98,-4.34,0.51265241636024,3.9770592150482242,0.06037362701848468,0.03095068577545804,seq_hotel
4650,186.0,107,2.68,-4.5,0.6269968101992137,3.991115132390946,0.059949127914581714,0.037587911976667374,seq_hotel
4650,186.0,110,2.87,-2.51,1.6524602869660512,5.9521088699720535,0.026954398789400695,0.04454107355853046,seq_hotel
4660,186.4,104,1.11,-9.23,0.06249999999999889,5.222231323869138,0.035015406393857806,0.002188462899616074,seq_hotel
4660,186.4,105,1.37,-8.27,0.0,4.228392129403327,0.05340979001143065,0.0,seq_hotel
4660,186.4,106,2.02,-4.14,0.45842802052229914,4.180837236726634,0.05463171839716307,0.02504471052254314,seq_hotel
4660,186.4,107,2.65,-4.24,0.5388065515562993,4.228392129403327,0.05340979001143065,0.028777544775405027,seq_hotel
4660,186.4,110,3.04,-3.16,1.6977926846349405,5.375965029648165,0.0330414054375756,0.05609745644197299,seq_hotel
4670,186.8,104,1.09,-9.23,0.0559016994375011,5.390658586851889,0.03286152607612639,0.0018370151537652223,seq_hotel
4670,186.8,105,1.37,-8.27,0.0,4.390717481232423,0.04953365728231452,0.0,seq_hotel
4670,186.8,106,2.05,-3.98,0.5038911092686775,4.343558449013895,0.05061509334277011,0.025504495530226087,seq_hotel
4670,186.8,107,2.65,-4.07,0.5199158585771545,4.390717481232423,0.04953365728231452,0.025753333954401075,seq_hotel
4670,186.8,110,3.19,-3.83,1.6953060195729026,4.7985414450643225,0.04147179964176896,0.07030739157521226,seq_hotel
4680,187.2,104,1.13,-9.19,0.19445436482630146,5.5143539966164665,0.03140379236293527,0.0061066044970716354,seq_hotel
4680,187.2,105,1.37,-8.27,0.0,4.569562342281807,0.04573220783354034,0.0,seq_hotel
4680,187.2,106,1.97,-3.74,0.6384796394561199,4.569562342281807,0.04573220783354034,0.029199083569091174,seq_hotel
4680,187.2,107,2.58,-3.83,0.6206095793653342,4.6019235108810745,0.045091282743233325,0.02798408201632139,seq_hotel
4680,187.2,110,3.17,-4.51,1.7022503488030551,4.168644863741693,0.05495175735149688,0.09354164811892642,seq_hotel
4690,187.6,104,1.2,-9.12,0.2918154382482151,4.437172523127762,0.048501900020386145,0.014153603210320095,seq_hotel
4690,187.6,105,1.37,-8.27,0.0,3.613654659759285,0.07312705582964142,0.0,seq_hotel
4690,187.6,106,1.85,-3.51,0.5580378571387351,4.784140466165265,0.04172184806673244,0.023282370691027246,seq_hotel
4690,187.6,107,2.49,-3.6,0.5491470659122123,4.802426470025335,0.041404727794867695,0.02273728478344542,seq_hotel
4690,187.6,110,3.26,-5.19,1.6538307803399732,3.6094320882931146,0.07329825441751402,0.12122290930087509,seq_hotel
4690,187.6,112,3.72,-8.77,1.4752118491931718,3.6094320882931146,0.07329825441751402,0.10813045344189243,seq_hotel
4700,188.0,104,1.36,-9.23,0.3201562118716381,3.810301825315155,0.06577375320637069,0.021057875667131652,seq_hotel
4700,188.0,105,1.37,-8.27,0.0,2.9795469454264345,0.10756498401065283,0.0,seq_hotel
4700,188.0,106,1.85,-3.31,0.5427073336523018,4.983171680767179,0.038455608028003074,0.0208701404968556,seq_hotel
4700,188.0,107,2.49,-3.4,0.5398205720422221,4.933234233238879,0.03923809451330382,0.021181530626018442,seq_hotel
4700,188.0,110,3.08,-5.83,1.6748600687818422,2.804157627523817,0.12144133615039131,0.2033972446178032,seq_hotel
4700,188.0,112,3.71,-8.18,1.4249999999999794,2.57390753524675,0.144140325819075,0.20539996429217888,seq_hotel
4710,188.4,104,1.4,-9.28,0.17001838135918906,3.214000622277475,0.09244415753948504,0.01571720603097712,seq_hotel
4710,188.4,105,1.37,-8.27,0.0,2.4355902775302747,0.16097666232048885,0.0,seq_hotel
4710,188.4,106,1.91,-3.08,0.500312402404731,4.896794870116574,0.039824245725412336,0.019924564052837383,seq_hotel
4710,188.4,107,2.53,-3.17,0.49529031890396674,4.616026429733695,0.0448161771824914,0.022197018688772843,seq_hotel
4710,188.4,110,3.03,-6.51,1.7161912772182224,3.214000622277475,0.09244415753948504,0.1586518567990514,seq_hotel
4710,188.4,112,3.72,-7.63,1.4002231964940237,2.8469106062537337,0.11782127583947634,0.16497608347095566,seq_hotel
4720,188.8,104,1.4,-9.36,0.05303300858898695,3.273973121453504,0.08908840072688168,0.004724625920927828,seq_hotel
4720,188.8,105,1.37,-8.27,0.0,2.652112365643658,0.13576491157589493,0.0,seq_hotel
4720,188.8,106,1.94,-2.92,0.5255949010407361,4.510399095423819,0.04693982208503723,0.024671331143654905,seq_hotel
4720,188.8,107,2.56,-3.01,0.5006246098625378,4.215613834306933,0.053734070391267534,0.02690059802595445,seq_hotel
4720,188.8,110,2.83,-7.18,1.7464249196573356,2.6071632093139088,0.14048661358942108,0.24534932285083585,seq_hotel
4720,188.8,112,3.73,-7.06,1.5364834037503066,3.273973121453504,0.08908840072688168,0.13688284918351046,seq_hotel
4730,189.2,104,1.37,-9.31,0.06250000000000533,3.640054944640259,0.07207016290953751,0.0045043851818464785,seq_hotel
4730,189.2,105,1.37,-8.27,0.0,2.880902636327718,0.11505731102117846,0.0,seq_hotel
4730,189.2,106,1.89,-2.66,0.6277439764745014,5.274135000168274,0.03432961222840301,0.021550207291085373,seq_hotel
4730,189.2,107,2.51,-2.77,0.6155536126122696,5.103920062069938,0.03665756846646342,0.02256469869911317,seq_hotel
4730,189.2,110,2.71,-7.87,1.718284027743996,1.96702821535432,0.24680286843569005,0.424077426834449,seq_hotel
4730,189.2,112,3.57,-6.41,1.7015617825985963,3.640054944640259,0.07207016290953751,0.12263183487252388,seq_hotel
4740,189.6,104,1.37,-9.32,0.0728868986855644,4.144031853159432,0.055606455398088415,0.004052982080863826,seq_hotel
4740,189.6,105,1.37,-8.27,0.0,3.276659884699661,0.08894236096971755,0.0,seq_hotel
4740,189.6,106,1.83,-2.43,0.5755432216610591,5.858088425416605,0.027826560982579355,0.016015388555661647,seq_hotel
4740,189.6,107,2.45,-2.53,0.5896238207535291,5.840719133805357,0.02799230985962866,0.016504932691150935,seq_hotel
4740,189.6,110,2.63,-8.54,1.6677080080157678,2.9244144713087423,0.11165894840524931,0.18621452242205372,seq_hotel
4740,189.6,112,3.44,-5.73,1.5380588415271794,3.3496417718914366,0.08510883669052609,0.13090239876395646,seq_hotel
4750,190.0,104,1.32,-9.34,0.035355339059325995,4.646568626416702,0.04422895420003947,0.001563729671981796,seq_hotel
4750,190.0,105,1.37,-8.27,0.10077822185373021,3.694319964486021,0.06996846853395167,0.007051297844680323,seq_hotel
4750,190.0,106,1.87,-2.2,0.5942432162002275,6.090558266694441,0.025742882675283452,0.015297533395225554,seq_hotel
4750,190.0,107,2.47,-2.3,0.5884301147969826,6.070494213818179,0.025913333420659258,0.015248185759491013,seq_hotel
4750,190.0,110,2.41,-9.17,1.6524602869660505,4.103705642465112,0.056704689826332644,0.09370224802274253,seq_hotel
4750,190.0,112,3.41,-5.19,1.5488907321047318,3.694319964486021,0.06996846853395167,0.10837351245179928,seq_hotel
4760,190.4,104,1.39,-9.34,0.09999999999999853,5.199576905864553,0.0353211934838277,0.0035321193483827183,seq_hotel
4760,190.4,105,1.33,-8.34,0.12562344526400934,4.3112875107095325,0.051375659515762034,0.006453987351080713,seq_hotel
4760,190.4,106,1.95,-1.97,0.5275236961502221,6.400101561694158,0.02331297245330036,0.012298145396813316,seq_hotel
4760,190.4,107,2.55,-2.07,0.5275236961502221,6.387589529705239,0.023404392961777497,0.01234637188134911,seq_hotel
4760,190.4,110,2.39,-9.84,1.6757461024868652,5.415311625382237,0.03256300497010708,0.05456732866391736,seq_hotel
4760,190.4,112,3.29,-4.5,1.7251811499085874,4.3112875107095325,0.051375659515762034,0.0886323193607144,seq_hotel
4770,190.8,104,1.4,-9.34,0.0728868986855732,7.541312883046293,0.0167910348356357,0.0012238464548909095,seq_hotel
4770,190.8,105,1.36,-8.37,0.05590169943749732,6.592002730581958,0.02197539169824465,0.0012284617417365462,seq_hotel
4770,190.8,106,1.97,-1.79,0.5322417214011123,6.608214584893562,0.021867700025221204,0.01163890230450688,seq_hotel
4770,190.8,107,2.57,-1.89,0.5287071495639324,6.592002730581958,0.02197539169824465,0.011618546705329833,seq_hotel
4770,190.8,112,3.43,-3.81,1.6671926253436045,5.007843847405786,0.03807762260706871,0.06348273160112188,seq_hotel
4780,191.2,104,1.42,-9.29,0.07603453162873455,7.715957490810845,0.016039533367229446,0.0012195584071207507,seq_hotel
4780,191.2,105,1.37,-8.32,0.1131923142267203,6.765042498018767,0.020865573387799888,0.0023618225394325377,seq_hotel
4780,191.2,106,1.88,-1.55,0.5652709527297678,6.789182572298377,0.020717455113604493,0.01171097559020341,seq_hotel
4780,191.2,107,2.5,-1.65,0.5580378571387596,6.765042498018767,0.020865573387799888,0.011643779861299379,seq_hotel
4780,191.2,112,3.39,-3.17,1.6007810593582465,5.531988792468764,0.031203894354828197,0.04995060306142469,seq_hotel
4790,191.6,104,1.41,-9.28,0.01249999999999929,7.888852895066557,0.015344179364195971,0.00019180224205243875,seq_hotel
4790,191.6,105,1.37,-8.28,0.0625,6.904983707439142,0.020028391204295663,0.001251774450268479,seq_hotel
4790,191.6,106,1.83,-1.36,0.48766023007827214,6.935272164810836,0.01985383297749121,0.009681924757738951,seq_hotel
4790,191.6,107,2.45,-1.46,0.5014042780032824,6.904983707439142,0.020028391204295663,0.010042321031357158,seq_hotel
4790,191.6,112,3.39,-2.53,1.6655048033554032,6.094497518253658,0.0257096149883658,0.04281948725554131,seq_hotel
4800,192.0,104,1.42,-9.28,0.01249999999999929,8.098357858232742,0.014560539077744858,0.00018200673847180038,seq_hotel
4800,192.0,105,1.37,-8.27,0.01249999999999929,7.105659716029187,0.018913093549494008,0.00023641366936866167,seq_hotel
4800,192.0,106,1.87,-1.16,0.5247022965453765,7.127559189512213,0.01879705088079769,0.00986285576543484,seq_hotel
4800,192.0,107,2.47,-1.25,0.5322417214010864,7.105659716029187,0.018913093549494008,0.010066337467802474,seq_hotel
4800,192.0,112,3.47,-1.84,1.6137107857357602,6.764236837958883,0.020870544106781398,0.03367902212928705,seq_hotel
4810,192.4,104,1.41,-9.27,0.02795084971874608,8.30451684326066,0.01384658389837413,0.00038702378566146455,seq_hotel
4810,192.4,105,1.37,-8.27,0.0,7.3284241143645605,0.017780754751840065,0.0,seq_hotel
4810,192.4,106,1.92,-0.95,0.602079728939606,7.340633487649414,0.017721655947238877,0.01066984980907454,seq_hotel
4810,192.4,107,2.52,-1.04,0.7133766536690036,7.320887924288965,0.017817380942233327,0.01271050359371629,seq_hotel
4810,192.4,112,3.44,-1.24,1.4504848327369508,7.3284241143645605,0.017780754751840065,0.02579071508215948,seq_hotel
4820,192.8,104,1.43,-9.26,0.05000000000000249,8.646814442324988,0.012772005694345024,0.000638600284717283,seq_hotel
4820,192.8,105,1.37,-8.27,0.0,7.675968994205227,0.01620708681276249,0.0,seq_hotel
4820,192.8,106,1.91,-0.68,0.6843107846585652,7.6091852389069885,0.016492825671832013,0.011286218476728293,seq_hotel
4820,192.8,107,2.58,-0.69,0.5659615711335779,7.675968994205227,0.01620708681276249,0.00917258831604935,seq_hotel
4820,192.8,112,3.5,-0.68,1.4045128158902942,7.883210006082547,0.015366154293207375,0.021581960635757423,seq_hotel
4830,193.2,104,1.41,-9.23,0.012499999999995737,8.829994337484028,0.01224758696493177,0.0001530948370615949,seq_hotel
4830,193.2,105,1.37,-8.27,0.0,7.873449053623195,0.015404277680563893,0.0,seq_hotel
4830,193.2,106,1.83,-0.41,0.5890935833974297,7.873449053623195,0.015404277680563893,0.00907456113849243,seq_hotel
4830,193.2,107,2.57,-0.59,0.353553390593274,7.773184675536791,0.01580423251230292,0.005587639990449154,seq_hotel
4830,193.2,112,3.53,-0.12,1.3750568170079684,8.431375925671919,0.013433045172840065,0.018471200338089716,seq_hotel
4840,193.6,104,1.44,-9.26,0.03535533905932741,9.036027888403177,0.011695431691827442,0.00041349595290976243,seq_hotel
4840,193.6,105,1.37,-8.27,0.02499999999999969,8.049944099184787,0.01473620494789284,0.0003684051236973164,seq_hotel
4840,193.6,106,1.77,-0.23,0.4438820226141113,8.049944099184787,0.01473620494789284,0.006541136457926748,seq_hotel
4840,193.6,107,2.54,-0.41,0.5075985126061666,7.946603047843776,0.01512196898661682,0.007675888965283279,seq_hotel
4840,193.6,112,3.49,0.42,1.274999999999982,8.944858858584633,0.01193505425602105,0.015217194176426623,seq_hotel
4850,194.0,104,1.43,-9.25,0.027950849718745983,9.196287294337862,0.011291361750459928,0.00031560315540710203,seq_hotel
4850,194.0,105,1.35,-8.27,0.049999999999999156,8.22073597678456,0.01413025441586511,0.0007065127207932435,seq_hotel
4850,194.0,106,1.77,-0.06,0.4527692569068644,8.22073597678456,0.01413025441586511,0.006397744791776186,seq_hotel
4850,194.0,107,2.5,-0.19,0.4403478738452072,8.16142757120346,0.014336367340571185,0.006312988877084389,seq_hotel
4850,194.0,112,3.53,0.9,1.1025538535599817,9.425566295984554,0.010748713251059722,0.011851035215767134,seq_hotel
4860,194.4,104,1.43,-9.28,0.035355339059326155,9.417669563113797,0.010766746439116858,0.00038066197092076904,seq_hotel
4860,194.4,105,1.33,-8.27,0.024999999999999467,8.41370310861989,0.013489536131330972,0.0003372384032832671,seq_hotel
4860,194.4,106,1.81,0.13,0.5138701197773544,8.41370310861989,0.013489536131330972,0.006931869547547997,seq_hotel
4860,194.4,107,2.5,-0.06,0.42499999999999394,8.292948812093318,0.013885240698404498,0.005901227296821827,seq_hotel
4860,194.4,112,3.55,1.3,1.071360116860791,9.824118281046905,0.009894280462396085,0.01060033747244611,seq_hotel
4870,194.8,104,1.41,-9.27,0.0800390529679139,9.627902159868471,0.010301679767319936,0.0008245366925550073,seq_hotel
4870,194.8,105,1.33,-8.27,0.08750000000000924,8.632803716058879,0.01281349633683289,0.0011211809294729962,seq_hotel
4870,194.8,106,1.8,0.35,0.5149332481011581,8.632803716058879,0.01281349633683289,0.006598095288257652,seq_hotel
4870,194.8,107,2.5,0.15,0.4626688880830492,8.500899952357985,0.013214221189856986,0.006113809024794599,seq_hotel
4870,194.8,112,3.42,1.75,1.1879604370516996,10.235648489470513,0.009114663840289515,0.010827860039289655,seq_hotel
4880,195.2,104,1.38,-9.24,0.07288689868556962,9.787772984698819,0.009967898482276938,0.0007265292067857624,seq_hotel
4880,195.2,105,1.33,-8.34,0.027950849718751343,8.89089421824374,0.012080377220819912,0.00033765680824496437,seq_hotel
4880,195.2,106,1.77,0.54,0.42793106921560514,8.89089421824374,0.012080377220819912,0.005169568740633306,seq_hotel
4880,195.2,107,2.51,0.31,0.4764779638136525,8.73011454678574,0.012529435301382957,0.005969999820137848,seq_hotel
4880,195.2,112,3.41,2.24,1.2005857945186864,10.78252289587182,0.008213544302660627,0.009861064612424239,seq_hotel
4890,195.6,104,1.36,-9.24,0.11249999999999827,9.938053129260277,0.009668714883034077,0.001087730424341317,seq_hotel
4890,195.6,105,1.35,-8.28,0.09100137361600497,8.979365233689961,0.011843501203678233,0.0010777748779575275,seq_hotel
4890,195.6,106,1.76,0.69,0.41720798170696,8.979365233689961,0.011843501203678233,0.004941203233530547,seq_hotel
4890,195.6,107,2.47,0.53,0.5590169943749395,8.880906485263763,0.012107564406861532,0.00676833426392473,seq_hotel
4890,195.6,112,3.45,2.71,1.2875606781817905,11.188838188123016,0.007627836854123229,0.009821302792954961,seq_hotel
4900,196.0,104,1.29,-9.24,0.05590169943749355,10.123882654396978,0.009317023197207341,0.00052083743042244,seq_hotel
4900,196.0,105,1.35,-8.27,0.09519716382329732,9.152076267164734,0.011400715833255205,0.0010853158128812553,seq_hotel
4900,196.0,106,1.82,0.87,0.4828301978956923,9.152076267164734,0.011400715833255205,0.0055046098819231636,seq_hotel
4900,196.0,107,2.43,0.75,0.5322417214010866,9.084426233945653,0.011571146082864865,0.006158646709727436,seq_hotel
4900,196.0,112,3.42,3.27,1.4020074892809755,11.724184406601594,0.006947140794006629,0.009739943422286677,seq_hotel
4910,196.4,104,1.38,-9.28,0.0874999999999988,10.343079812125593,0.00892630311239064,0.0007810515223341703,seq_hotel
4910,196.4,105,1.38,-8.35,0.01249999999999929,9.414371991800621,0.010774290294880449,0.00013467862868599796,seq_hotel
4910,196.4,106,1.9,1.05,0.4466892096301343,10.343079812125593,0.00892630311239064,0.003987283282192783,seq_hotel
4910,196.4,107,2.4,0.95,0.6032464256006741,10.280724682628165,0.009034911943816422,0.0054502783357240955,seq_hotel
4920,196.8,104,1.36,-9.24,0.04506939094329681,10.519567481603035,0.00862930092590067,0.0003889173369967704,seq_hotel
4920,196.8,105,1.35,-8.28,0.10680004681646639,9.56561550554903,0.010436275653286541,0.001114594728360551,seq_hotel
4920,196.8,106,1.93,1.21,0.5255949010407364,10.465533908979513,0.008718637149712055,0.004582471229912995,seq_hotel
4920,196.8,107,2.38,1.23,0.6418966038233979,10.519567481603035,0.00862930092590067,0.005539118957705743,seq_hotel
4930,197.2,104,1.35,-9.26,0.08838834764831248,10.76561656385736,0.0082393616703527,0.000728263563719315,seq_hotel
4930,197.2,105,1.35,-8.27,0.012500000000001066,9.780235170996656,0.009983269302074918,0.0001247908662759471,seq_hotel
4930,197.2,106,1.88,1.47,0.595949872053028,10.743081494617828,0.008273964279413484,0.00493086795368779,seq_hotel
4930,197.2,107,2.34,1.46,0.5199158585771513,10.76561656385736,0.0082393616703527,0.004283774796969095,seq_hotel
4940,197.6,104,1.31,-9.19,0.11792476415070678,10.883404798131878,0.008061981861748963,0.0009507073096340225,seq_hotel
4940,197.6,105,1.35,-8.27,0.0,9.962554893198831,0.00962121516890126,0.0,seq_hotel
4940,197.6,106,1.85,1.68,0.5249999999999926,10.883404798131878,0.008061981861748963,0.004232540477418146,seq_hotel
4940,197.6,107,2.31,1.64,0.48766023007827214,10.876070062297318,0.008072859402288569,0.003936812473509586,seq_hotel
4950,198.0,104,1.3,-9.18,0.017677669529663154,11.085183805422444,0.007771155241288722,0.00013737591421921175,seq_hotel
4950,198.0,105,1.35,-8.27,0.0,10.173814427244091,0.009225794114875606,0.0,seq_hotel
4950,198.0,106,1.88,1.89,0.5055937104039103,11.085183805422444,0.007771155241288722,0.0039290472125679595,seq_hotel
4950,198.0,107,2.33,1.85,0.5038911092686522,11.077987181794352,0.007781255315285241,0.003920905372321677,seq_hotel
4960,198.4,104,1.3,-9.18,0.0,11.276510985229429,0.007509687885008947,0.0,seq_hotel
4960,198.4,105,1.35,-8.27,0.035355339059325995,10.365138686964105,0.008888349991775318,0.0003142506276371738,seq_hotel
4960,198.4,106,1.91,2.08,0.46317518284121584,11.276510985229429,0.007509687885008947,0.0034783010592194827,seq_hotel
4960,198.4,107,2.36,2.04,0.4640177798317583,11.26996007091418,0.00751842076773354,0.003488680912484701,seq_hotel
4970,198.8,104,1.3,-9.18,0.0,11.455723460349416,0.007276563765311415,0.0,seq_hotel
4970,198.8,105,1.33,-8.29,0.05590169943749494,10.565386883593046,0.008554617043408447,0.00047821763076349067,seq_hotel
4970,198.8,106,1.9,2.26,0.5467231932157444,11.455723460349416,0.007276563765311415,0.0039782661774090365,seq_hotel
4970,198.8,107,2.36,2.22,0.48814060474417975,11.44917464274172,0.00728489039476618,0.0035560508027962295,seq_hotel
4980,199.2,104,1.3,-9.18,0.0,11.702008374633817,0.006973496268732134,0.0,seq_hotel
4980,199.2,105,1.31,-8.29,0.14577379737112822,10.812511271670424,0.00816804714166894,0.001190687248947471,seq_hotel
4980,199.2,106,1.83,2.51,0.539675828623092,11.702008374633817,0.006973496268732134,0.003763427377228055,seq_hotel
4980,199.2,107,2.45,2.42,0.4945010111213259,11.656864930160253,0.007027613258155921,0.0034751618619277384,seq_hotel
4990,199.6,104,1.3,-9.18,0.0,11.870534950034896,0.006776895673193112,0.0,seq_hotel
4990,199.6,105,1.23,-8.23,0.17897276329095185,10.924879862039674,0.008000885260960109,0.0014319405439278791,seq_hotel
4990,199.6,106,1.8,2.68,0.5024937810560378,11.870534950034896,0.006776895673193112,0.0034053479306451096,seq_hotel
4990,199.6,107,2.47,2.6,0.51265241636024,11.83796012833292,0.006814243306752538,0.00349333829687328,seq_hotel
5000,200.0,104,1.3,-9.18,0.09519716382329904,12.099925619606099,0.0065223782448754365,0.0006209119102949286,seq_hotel
5000,200.0,105,1.17,-8.26,0.1256234452640093,11.187193571222409,0.007630079738619533,0.0009585169044044972,seq_hotel
5000,200.0,106,1.79,2.91,0.527375577743217,12.099925619606099,0.0065223782448754365,0.003439742995150973,seq_hotel
5000,200.0,107,2.46,2.83,0.5126524163602396,12.06588993816867,0.0065592270295185065,0.003362603586138059,seq_hotel
5010,200.4,104,1.33,-9.25,0.19039432764659567,12.357483562602864,0.006253329298720116,0.001190598427382574,seq_hotel
5010,200.4,105,1.13,-8.22,0.14142135623730606,11.337517364926063,0.007429087123948643,0.0010506315766739245,seq_hotel
5010,200.4,106,1.76,3.1,0.48088460154177665,12.357483562602864,0.006253329298720116,0.0030071297681245404,seq_hotel
5010,200.4,107,2.46,3.01,0.4499999999999929,12.311965724448717,0.006299652395537617,0.0028348435779918827,seq_hotel
5240,209.6,113,2.6,-4.18,0.855862138431172,5.699622794536495,0.02939538500175068,0.025158397067605937,seq_hotel
5240,209.6,114,1.59,-4.09,0.8433563896716382,5.153882032022076,0.035950293027816355,0.030318909335576665,seq_hotel
5240,209.6,115,-0.41,0.66,1.388569407699862,5.153882032022076,0.035950293027816355,0.04991947709627143,seq_hotel
5240,209.6,116,-1.97,0.45,0.0,5.769332717047961,0.02868931713047756,0.0,seq_hotel
5240,209.6,117,-1.47,-3.14,0.0,3.9450728763864427,0.06135660506254157,0.0,seq_hotel
5250,210.0,113,2.56,-3.84,0.9463746615373712,5.108443990101095,0.03659267090807751,0.03463037654538026,seq_hotel
5250,210.0,114,1.52,-3.76,0.8806957476904135,4.462129536443333,0.04796086800756242,0.042238932509801416,seq_hotel
5250,210.0,115,-0.63,0.15,1.3528326762759495,4.462129536443333,0.04796086800756242,0.06488302942318823,seq_hotel
5250,210.0,116,-1.97,0.45,0.0,5.468473278713173,0.03193296120783609,0.0,seq_hotel
5250,210.0,117,-1.47,-3.14,0.0,3.6246517074058304,0.07268399985929258,0.0,seq_hotel
5260,210.4,113,2.44,-3.44,0.9536934780106101,4.570098467210526,0.04572147863866225,0.04360427598269362,seq_hotel
5260,210.4,114,1.51,-3.39,0.9013878188659838,3.9046638779797678,0.06263312378996826,0.05645673484180265,seq_hotel
5260,210.4,115,-0.89,-0.31,1.391997216232829,3.9046638779797678,0.06263312378996826,0.08718513395960198,seq_hotel
5260,210.4,116,-1.97,0.45,0.0,5.182277491605404,0.035557404622854186,0.0,seq_hotel
5260,210.4,117,-1.47,-3.14,0.0,3.6246517074058304,0.07268399985929258,0.0,seq_hotel
5270,210.8,113,2.42,-3.09,0.9503288904374356,4.189176530059338,0.05441442678591458,0.051711601831247275,seq_hotel
5270,210.8,114,1.48,-3.04,0.9761211502677597,3.3994264222071346,0.08263425018400429,0.0806610393411241,seq_hotel
5270,210.8,115,-1.12,-0.85,1.3721561500062818,3.3994264222071346,0.08263425018400429,0.11338709459113921,seq_hotel
5270,210.8,116,-1.97,0.45,0.0,4.90740257162585,0.03965226589119828,0.0,seq_hotel
5270,210.8,117,-1.47,-3.14,0.14630874888400877,3.6246517074058304,0.07268399985929258,0.010634305083298568,seq_hotel
5280,211.2,113,2.42,-2.68,0.9003471552684826,3.979597969644673,0.06029662178613465,0.05428789189744595,seq_hotel
5280,211.2,114,1.38,-2.62,1.0007809450624316,2.9966648127543394,0.10633960562932873,0.10642265101928589,seq_hotel
5280,211.2,115,-1.32,-1.32,1.39199721623287,2.9966648127543394,0.10633960562932873,0.14802443501132684,seq_hotel
5280,211.2,116,-1.97,0.45,0.0,4.543941020743997,0.04624939016783576,0.0,seq_hotel
5280,211.2,117,-1.36,-3.1,0.2875000000000052,3.6020272070044115,0.07359993052204862,0.02115998002508936,seq_hotel
5290,211.6,113,2.4,-2.37,0.8715109006776557,4.043575150779319,0.05840369765764791,0.05089945914852222,seq_hotel
5290,211.6,114,1.35,-2.25,0.9757208873443128,2.986904752415115,0.10703569522858815,0.10443696352595346,seq_hotel
5290,211.6,115,-1.61,-1.85,1.4837663225723714,2.986904752415115,0.10703569522858815,0.15881595989329936,seq_hotel
5290,211.6,116,-1.97,0.45,0.024999999999999467,4.279299008015215,0.05214661423687621,0.0013036653559218773,seq_hotel
5290,211.6,117,-1.24,-3.14,0.12311072252244969,3.663468302032925,0.07115190064461456,0.008759561897204051,seq_hotel
5300,212.0,113,2.32,-1.99,0.9415744792633107,4.131404119666823,0.05594689975987182,0.05267817300779795,seq_hotel
5300,212.0,114,1.41,-1.84,1.0144271782636598,3.250369209797558,0.09038700399922119,0.09169103341863608,seq_hotel
5300,212.0,115,-1.79,-2.41,1.443086968966161,3.250369209797558,0.09038700399922119,0.13043630763516836,seq_hotel
5300,212.0,116,-1.95,0.45,0.024999999999999467,4.066165269636737,0.0577565613596093,0.0014439140339902016,seq_hotel
5300,212.0,117,-1.27,-3.14,0.03952847075210432,3.6538336032173113,0.0715276325644262,0.002827377931790185,seq_hotel
5310,212.4,113,2.33,-1.62,0.9770011514834428,4.430677149150004,0.04864421185739685,0.04752545099768126,seq_hotel
5310,212.4,114,1.4,-1.44,1.0174262872562172,3.628360511305347,0.07253548488806472,0.07379950908399313,seq_hotel
5310,212.4,115,-1.89,-2.97,1.4169730060943084,3.628360511305347,0.07253548488806472,0.10278082407034934,seq_hotel
5310,212.4,116,-1.95,0.45,0.0,3.8463749167235375,0.06454582473006179,0.0,seq_hotel
5310,212.4,117,-1.25,-3.11,0.06249999999999911,3.6281675815761325,0.07254319931867968,0.004533949957417416,seq_hotel
5320,212.8,113,2.37,-1.21,0.9875791107552027,4.627958513210766,0.04458537951962704,0.044031589458676496,seq_hotel
5320,212.8,114,1.33,-1.03,0.9128424015129997,3.5984441082223304,0.073746575632597,0.06731900120381991,seq_hotel
5320,212.8,115,-1.88,-3.54,1.4047352953493006,4.0748251496229875,0.057511331985363456,0.08078819792239121,seq_hotel
5320,212.8,116,-1.95,0.45,0.0,3.990613987846983,0.059964185780305934,0.0,seq_hotel
5320,212.8,117,-1.22,-3.14,0.05303300858899606,3.663468302032925,0.07115190064461456,0.0037733993580092383,seq_hotel
5330,213.2,113,2.34,-0.83,1.061617280379342,4.476885077819175,0.04764523679936993,0.050581006713976855,seq_hotel
5330,213.2,114,1.38,-0.71,0.871510900677682,3.6028460971848353,0.07356647729682,0.06411398688863584,seq_hotel
5330,213.2,115,-2.12,-4.07,1.5026019100214425,4.8517625663257675,0.04056694500124778,0.06095596904260972,seq_hotel
5330,213.2,116,-1.95,0.45,0.0,4.476885077819175,0.04764523679936993,0.0,seq_hotel
5330,213.2,117,-1.28,-3.14,0.062499999999997335,3.6519857611989672,0.0716000343818979,0.004475002148868428,seq_hotel
5340,213.6,113,2.19,-0.38,1.1181737342649236,4.355708897527474,0.05033310098730627,0.05628115148810976,seq_hotel
5340,213.6,114,1.43,-0.34,0.9382497002397469,3.819031290785662,0.06547340819687159,0.06143040561438935,seq_hotel
5340,213.6,115,-2.29,-4.67,1.4383693023698534,5.708528707118849,0.02930373668734053,0.042149595295799876,seq_hotel
5340,213.6,116,-1.95,0.45,0.0,4.222380844973603,0.05356197428563098,0.0,seq_hotel
5340,213.6,117,-1.22,-3.09,0.1075290658380316,3.819031290785662,0.06547340819687159,0.007040294420641722,seq_hotel
5350,214.0,113,2.25,0.06,1.0137338161470055,4.67911316383778,0.043615844385079636,0.04421485637296072,seq_hotel
5350,214.0,114,1.41,0.04,0.9228014412645745,4.081825571971443,0.057314234696654656,0.052889658383049,seq_hotel
5350,214.0,115,-2.08,-5.22,1.4344532930702003,6.312503465345583,0.023964486245162762,0.034375936211109244,seq_hotel
5350,214.0,116,-1.95,0.45,0.0,4.218068278252499,0.05367155414770443,0.0,seq_hotel
5350,214.0,117,-1.21,-3.09,0.07905694150420857,4.081825571971443,0.057314234696654656,0.004531088099771909,seq_hotel
5360,214.4,113,2.23,0.43,1.0420082773183565,4.901397759823212,0.03974948315835496,0.04141929047013248,seq_hotel
5360,214.4,114,1.32,0.39,0.8931160338947999,4.2895687428924605,0.05189722280773091,0.04635024180419538,seq_hotel
5360,214.4,115,-2.09,-5.8,1.5004686767806714,7.067121054573779,0.019119931014039113,0.02868885758877299,seq_hotel
5360,214.4,116,-1.95,0.45,0.0,4.180047846616112,0.05465235443382698,0.0,seq_hotel
5360,214.4,117,-1.16,-3.11,0.1767766952966345,4.2895687428924605,0.05189722280773091,0.009174219543023797,seq_hotel
5370,214.8,113,2.1,0.88,1.17100384286302,5.27471326234896,0.034322085590540494,0.0401912941215964,seq_hotel
5370,214.8,114,1.33,0.75,0.9003471552684424,4.699148859102039,0.043244708747005346,0.0389352505007786,seq_hotel
5370,214.8,115,-2.05,-6.42,1.553222456700885,7.926745864476796,0.015197827561999324,0.023605607062365013,seq_hotel
5370,214.8,116,-1.95,0.45,0.0,4.07276318977669,0.05756958043764377,0.0,seq_hotel
5370,214.8,117,-1.35,-3.11,0.47499999999999365,4.699148859102039,0.043244708747005346,0.020541236654827266,seq_hotel
5680,227.2,119,1.3,3.75,1.361295339006179,11.972138489008554,0.004441571513761266,0.006046290599545831,seq_hotel
5680,227.2,120,0.59,3.3,1.250249975004981,11.632957491541006,0.0047043523319486346,0.005881616385433404,seq_hotel
5680,227.2,122,2.7,-8.14,1.935361723296164,11.972138489008554,0.004441571513761266,0.008596047499016156,seq_hotel
5690,227.6,119,1.23,3.21,1.3389594840770758,10.692936921164364,0.005567831878455899,0.007455101299405206,seq_hotel
5690,227.6,120,0.58,2.8,1.3154134331076108,10.40523425973678,0.005879987442077838,0.007734614467813247,seq_hotel
5690,227.6,122,2.78,-7.37,1.9282845355392704,10.692936921164364,0.005567831878455899,0.010736364107709076,seq_hotel
5700,228.0,119,1.25,2.68,1.3250589609522858,9.406912352095134,0.007194256665923623,0.009532814262572811,seq_hotel
5700,228.0,120,0.52,2.25,1.3750568170079178,9.136487289981856,0.007626435720794166,0.01048678242735071,seq_hotel
5700,228.0,122,2.79,-6.6,1.9750395565658652,9.406912352095134,0.007194256665923623,0.014208941495286813,seq_hotel
5710,228.4,119,1.24,2.15,1.2877426955723543,8.08606826585084,0.009736554877189262,0.012538177423139854,seq_hotel
5710,228.4,120,0.57,1.7,1.327120943998681,7.806414029501639,0.01044664797674407,0.013863965324518501,seq_hotel
5710,228.4,122,2.77,-5.79,2.000351531606354,8.08606826585084,0.009736554877189262,0.019476532461154855,seq_hotel
5720,228.8,119,1.23,1.65,1.4005021420905124,6.8374410417933404,0.013617360469546516,0.01907114250721856,seq_hotel
5720,228.8,120,0.58,1.19,1.3250000000000317,6.582833736317514,0.014691101206857054,0.019465709099086063,seq_hotel
5720,228.8,122,2.82,-5.0,2.0014057559625877,6.8374410417933404,0.013617360469546516,0.027253863624767803,seq_hotel
5730,229.2,119,1.21,1.03,1.5375000000000338,5.465601522248033,0.02131101779436749,0.032765689858840735,seq_hotel
5730,229.2,120,0.57,0.64,1.414489748990807,5.332588489654907,0.02238741660779566,0.03166677129811351,seq_hotel
5730,229.2,122,2.83,-4.19,2.039377968891537,5.465601522248033,0.02131101779436749,0.04346122018448858,seq_hotel
5740,229.6,119,1.23,0.42,1.3661647960623005,4.137595920338283,0.03718638599786101,0.05080273144306177,seq_hotel
5740,229.6,120,0.64,0.06,1.3403590936760001,4.10212140239657,0.03783233133862518,0.05070890934468979,seq_hotel
5740,229.6,122,2.89,-3.37,2.013470263003625,4.137595920338283,0.03718638599786101,0.07487368239526752,seq_hotel
5750,230.0,119,1.29,-0.06,1.2924057025562647,2.9796811910001377,0.07170352788957385,0.09267004833788742,seq_hotel
5750,230.0,120,0.64,-0.43,1.225255075484267,3.1048510431259015,0.06603871042495217,0.08091426512660843,seq_hotel
5750,230.0,122,2.88,-2.58,2.078761650598711,3.1048510431259015,0.06603871042495217,0.13727873868638388,seq_hotel
5760,230.4,119,1.32,-0.61,1.4045128158902447,1.8360010893242955,0.18885750759962663,0.2652527898007649,seq_hotel
5760,230.4,120,0.62,-0.92,1.264046083020692,2.309328906847182,0.1193736681731823,0.15089381767012294,seq_hotel
5760,230.4,122,2.79,-1.71,2.151779786595243,2.309328906847182,0.1193736681731823,0.2568658462267816,seq_hotel
5770,230.8,119,1.38,-1.18,1.573709789001815,1.4653668482670135,0.296474536565725,0.46656488038325794,seq_hotel
5770,230.8,120,0.69,-1.44,1.3913235604991736,2.1979080963497997,0.13178350839769426,0.1833535001189527,seq_hotel
5770,230.8,122,2.81,-0.86,2.01312102219418,2.1979080963497997,0.13178350839769426,0.2652961511339016,seq_hotel
5780,231.2,119,1.47,-1.86,1.6109488663517955,2.176235281397671,0.1344214046384251,0.2165460094156869,seq_hotel
5780,231.2,120,0.79,-2.02,1.46894945454229,2.743720102342803,0.08456691981503472,0.12422453073461684,seq_hotel
5780,231.2,122,2.75,-0.1,1.9151125946012035,2.743720102342803,0.08456691981503472,0.1619551732244031,seq_hotel
5790,231.6,119,1.53,-2.46,1.5103807466993004,3.352148564726808,0.05665439510608632,0.08556970758412784,seq_hotel
5790,231.6,120,0.8,-2.61,1.5518637987916124,3.805693103759156,0.043955436424542846,0.06821285054733427,seq_hotel
5790,231.6,122,2.73,0.67,1.8889894785307562,3.805693103759156,0.043955436424542846,0.083031356930189,seq_hotel
5800,232.0,119,1.73,-3.04,1.570429877453919,4.552373007564297,0.030718813958993698,0.048241743241152206,seq_hotel
5800,232.0,120,1.02,-3.24,1.574106889636129,4.940789410610414,0.02607878992469016,0.041050802893828044,seq_hotel
5800,232.0,122,2.69,1.41,1.8510554421734382,4.940789410610414,0.02607878992469016,0.04827328601539555,seq_hotel
5810,232.4,119,1.83,-3.68,1.488130118638803,5.891638142316617,0.01834036576938935,0.027292850688280416,seq_hotel
5810,232.4,120,1.07,-3.84,1.5227955378184999,6.202596230611824,0.016547527107043044,0.02519850044053582,seq_hotel
5810,232.4,122,2.68,2.15,1.8501689112078126,6.202596230611824,0.016547527107043044,0.030615720210819593,seq_hotel
5820,232.8,119,1.95,-4.21,1.4195619923061118,5.044838946884232,0.037521204324936816,0.053263675565232003,seq_hotel
5820,232.8,120,1.23,-4.44,1.5556851384518988,4.795049530505394,0.041532223923078045,0.06461106352398893,seq_hotel
5820,232.8,123,1.34,-8.38,0.270416345659815,4.214380144220501,0.05376553451671481,0.014539079366456665,seq_hotel
5820,232.8,124,1.45,-9.23,0.0,5.044838946884232,0.037521204324936816,0.0,seq_hotel
5830,233.2,119,2.07,-4.79,1.5918248176228704,4.483079298874826,0.04751366596434332,0.07563343265828479,seq_hotel
5830,233.2,120,1.4,-5.04,1.6613717976419646,4.190298318735792,0.05438529601171915,0.09035419700028022,seq_hotel
5830,233.2,123,1.43,-8.32,0.145773797371144,3.5875479090877658,0.07419522618013069,0.010815719867088569,seq_hotel
5830,233.2,124,1.45,-9.23,0.0,4.483079298874826,0.04751366596434332,0.0,seq_hotel
5840,233.6,119,2.24,-5.45,1.4493533040635547,3.861670622929926,0.06403551775700733,0.092810089238539,seq_hotel
5840,233.6,120,1.55,-5.73,1.5492437671328338,3.5014282800023193,0.0778898579568819,0.12067037696256105,seq_hotel
5840,233.6,123,1.44,-8.32,0.012499999999999734,2.9794126938039316,0.10757467793389268,0.0013446834741736298,seq_hotel
5840,233.6,124,1.45,-9.23,0.0,3.861670622929926,0.06403551775700733,0.0,seq_hotel
5850,234.0,119,2.37,-5.91,1.5110013236261373,3.4451124800215163,0.08045713623545529,0.12157083934694139,seq_hotel
5850,234.0,120,1.71,-6.24,1.4405944953386223,3.001283058959951,0.10601259572936175,0.15272116184427728,seq_hotel
5850,234.0,123,1.44,-8.32,0.0,2.5832150510555643,0.14310350045727135,0.0,seq_hotel
5850,234.0,124,1.45,-9.23,0.0,3.4451124800215163,0.08045713623545529,0.0,seq_hotel
5860,234.4,119,2.58,-6.61,1.7314192155569705,2.853296339324046,0.11729449333047204,0.2030859396313982,seq_hotel
5860,234.4,120,1.86,-6.84,1.4512925273699775,2.4249123695507024,0.162397479431205,0.23568624836222743,seq_hotel
5860,234.4,123,1.44,-8.32,0.0,2.055164227014474,0.22608841976261856,0.0,seq_hotel
5860,234.4,124,1.45,-9.23,0.0,2.853296339324046,0.11729449333047204,0.0,seq_hotel
5870,234.8,119,2.68,-7.26,1.6134202800262871,2.3224555969921155,0.1770420962125721,0.28564330844772895,seq_hotel
5870,234.8,120,1.93,-7.38,1.5402921800749825,1.911256131448635,0.2614168629175098,0.40265834969157405,seq_hotel
5870,234.8,123,1.44,-8.32,0.0,1.6313184851524247,0.3588342321326362,0.0,seq_hotel
5870,234.8,124,1.45,-9.23,0.0,2.3224555969921155,0.1770420962125721,0.0,seq_hotel
5880,235.2,119,2.86,-7.87,1.5524677935468145,1.9590048494069638,0.2488286365665299,0.38629844438170285,seq_hotel
5880,235.2,120,2.14,-8.04,1.616032951396766,1.375572608043648,0.5046663452866348,0.8155574434441798,seq_hotel
5880,235.2,123,1.44,-8.32,0.07603453162872387,1.4895972610071488,0.4303617371451494,0.03272235311475541,seq_hotel
5880,235.2,124,1.45,-9.23,0.0,1.9590048494069638,0.2488286365665299,0.0,seq_hotel
5890,235.6,119,2.96,-8.47,1.6964116540509615,1.6904733065032407,0.3341602192502265,0.5668732902563086,seq_hotel
5890,235.6,120,2.26,-8.63,1.5051993223490154,1.0080178569846863,0.9397988963206109,1.4145846618861362,seq_hotel
5890,235.6,123,1.38,-8.31,0.03535533905932741,1.5880806024884253,0.3786398328911071,0.013386939673232161,seq_hotel
5890,235.6,124,1.45,-9.23,0.0,1.6904733065032407,0.3341602192502265,0.0,seq_hotel
5900,236.0,119,3.13,-9.2,1.873832970144321,1.9323819498225492,0.25573221353241016,0.47919945324501784,seq_hotel
5900,236.0,120,2.24,-9.24,1.5258194519666897,1.247397290361014,0.6137080067810875,0.9364076145742884,seq_hotel
5900,236.0,123,1.42,-8.3,0.10307764064044,1.9323819498225492,0.25573221353241016,0.026360273206678043,seq_hotel
5900,236.0,124,1.45,-9.23,0.0,1.6802678357928535,0.3382317353987788,0.0,seq_hotel
6320,252.8,125,2.72,-5.63,1.20933866224485,4.270187349519924,0.017456463636721094,0.02111077638195816,seq_hotel
6320,252.8,127,2.68,-1.36,0.660492240681183,4.270187349519924,0.017456463636721094,0.011529858781787507,seq_hotel
6330,253.2,125,2.66,-5.15,1.1766610599488976,3.9256209699867872,0.020655389908425463,0.024304392983305667,seq_hotel
6330,253.2,127,2.45,-1.23,0.6403124237432997,3.9256209699867872,0.020655389908425463,0.0132259027756268,seq_hotel
6340,253.6,125,2.67,-4.69,1.1533240004439176,3.6707764846146658,0.023622956242396107,0.027244922395791894,seq_hotel
6340,253.6,127,2.28,-1.04,0.6309714732061891,3.6707764846146658,0.023622956242396107,0.014905411501750012,seq_hotel
6350,254.0,125,2.73,-4.23,1.190719320410969,3.4655446902326914,0.02650373740081521,0.03155851218624947,seq_hotel
6350,254.0,127,2.17,-0.81,0.5038911092686521,3.4655446902326914,0.02650373740081521,0.013354997638661839,seq_hotel
6360,254.4,125,2.74,-3.74,1.2022115038544419,3.1205928923843946,0.03268706279292579,0.039296762916867886,seq_hotel
6360,254.4,127,2.08,-0.69,0.45086721992177947,3.1205928923843946,0.03268706279292579,0.014737525128855088,seq_hotel
6370,254.8,125,2.88,-3.28,1.2952437029378259,2.8877846180073745,0.03816985672464005,0.049439266564629054,seq_hotel
6370,254.8,127,1.91,-0.56,0.5778462165663266,2.8877846180073745,0.03816985672464005,0.022056307295212015,seq_hotel
6380,255.2,125,3.13,-2.78,1.3721561500062907,2.766315238724611,0.04159554213443851,0.05707557895261559,seq_hotel
6380,255.2,127,1.72,-0.4,0.5482928049865493,2.766315238724611,0.04159554213443851,0.02280653647182749,seq_hotel
6390,255.6,125,3.31,-2.27,1.3520817282989763,2.6454678225221335,0.04548258715207413,0.0614961750440852,seq_hotel
6390,255.6,127,1.59,-0.26,0.5408326913195907,2.6454678225221335,0.04548258715207413,0.024598470017634086,seq_hotel
6710,268.4,128,2.0,-1.76,1.7382192755806,3.8281718874679593,0.06516111734309836,0.1132643101841429,seq_hotel
6710,268.4,129,3.7,-2.88,0.7603453162872128,5.680008802810081,0.029598749587024315,0.022505270616452012,seq_hotel
6710,268.4,130,3.59,-4.85,1.9137659209002997,7.303047309171699,0.017904539436038064,0.03426509740210512,seq_hotel
6710,268.4,131,0.3,1.67,1.0065411069597836,7.303047309171699,0.017904539436038064,0.018021654943554854,seq_hotel
6720,268.8,128,2.0,-2.43,1.768871462260602,4.1236027936744835,0.05615878867751729,0.09933767864678417,seq_hotel
6720,268.8,129,3.56,-2.61,0.7946107537656354,5.140204276096427,0.036141870453126494,0.02871871892325879,seq_hotel
6720,268.8,130,3.33,-4.13,1.9092292292964441,6.250199996800102,0.024444634802287778,0.04667041126400493,seq_hotel
6720,268.8,131,0.2,1.28,0.988211768802602,6.250199996800102,0.024444634802287778,0.02415647579570245,seq_hotel
6730,269.2,128,2.12,-3.17,1.8870032458901311,4.583993891793487,0.04544470844483759,0.08575431234393918,seq_hotel
6730,269.2,129,3.49,-2.28,0.740038005780788,4.698254995208328,0.04326116530839428,0.032014906502577115,seq_hotel
6730,269.2,130,3.11,-3.4,1.8695336985462214,5.293958821146988,0.03407299145619681,0.06370060573763743,seq_hotel
6730,269.2,131,0.05,0.92,0.9702609185162383,5.293958821146988,0.03407299145619681,0.03305969198688546,seq_hotel
6740,269.6,128,2.17,-3.93,1.986399066149583,5.026698717846536,0.03779250420700625,0.0750709950642514,seq_hotel
6740,269.6,129,3.4,-2.04,0.6428695435311812,4.352022518324095,0.050418406373322865,0.032412457890787665,seq_hotel
6740,269.6,130,2.73,-2.76,1.8346065654520838,4.356007346182969,0.050326204152421755,0.09232878455231487,seq_hotel
6740,269.6,131,-0.09,0.56,0.9013878188659755,5.026698717846536,0.03779250420700625,0.03406570293663657,seq_hotel
6750,270.0,128,2.29,-4.75,2.071834935510184,5.572297551279903,0.03075408314041229,0.06371738385989094,seq_hotel
6750,270.0,129,3.26,-1.82,0.575814640314084,4.018220999397618,0.0591430536508118,0.03405543616501877,seq_hotel
6750,270.0,130,2.41,-2.11,1.8236296224837922,3.5046397817750115,0.07774717350306307,0.1417820486645728,seq_hotel
6750,270.0,131,-0.19,0.24,0.8610495049647752,5.572297551279903,0.03075408314041229,0.026480788063697542,seq_hotel
6760,270.4,129,3.19,-1.63,0.47120192062426725,3.9514174671881985,0.061159728863201694,0.02881858170520007,seq_hotel
6760,270.4,130,2.03,-1.48,1.8378401045792598,3.565613551690648,0.07511087800083156,0.1380417838800883,seq_hotel
6760,270.4,131,-0.25,-0.11,0.8715109006776578,3.7608509675338104,0.06751482314418639,0.05883990432748265,seq_hotel
6760,270.4,132,1.83,2.08,1.5799525309323617,3.9514174671881985,0.061159728863201694,0.09662946840855252,seq_hotel
6770,270.8,129,3.12,-1.47,0.27414640249323924,3.559283635789652,0.07537827355656722,0.02066468252168417,seq_hotel
6770,270.8,130,1.62,-0.87,1.7908185977367688,2.3255106965997814,0.1765772297617182,0.3162177869941234,seq_hotel
6770,270.8,131,-0.29,-0.45,0.8398288516120271,3.559283635789652,0.07537827355656722,0.06330484891750908,seq_hotel
6770,270.8,132,1.78,1.45,1.613710785735767,3.21278695216474,0.09251401458548461,0.14929086316831258,seq_hotel
6780,271.2,129,3.1,-1.43,0.11180339887499595,3.4615747861341952,0.07969369151273707,0.008910025580019422,seq_hotel
6780,271.2,130,1.33,-0.23,1.7235501153142987,2.1384340064636085,0.2088236476965103,0.3599180220676728,seq_hotel
6780,271.2,131,-0.3,-0.78,0.876427407147885,2.68650330355278,0.1323112048205523,0.1159611661774894,seq_hotel
6780,271.2,132,1.88,0.79,1.6219683258312865,2.68650330355278,0.1323112048205523,0.21460458337151167,seq_hotel
6780,271.2,133,-1.35,-1.09,0.40697051490245806,3.7372851108792866,0.06836895166219469,0.027824147461304637,seq_hotel
6790,271.6,130,1.06,0.39,1.5745038901190063,2.7215436796053813,0.12892607584265434,0.2029946079520373,seq_hotel
6790,271.6,131,-0.25,-1.15,0.9055385138137247,2.534758371127315,0.14862718421033028,0.13458763950214117,seq_hotel
6790,271.6,132,1.92,0.16,1.6017568479641155,2.534758371127315,0.14862718421033028,0.23806461010252059,seq_hotel
6790,271.6,133,-1.32,-0.93,0.47516444521870915,3.41843531458473,0.08171779684155608,0.03882939160071318,seq_hotel
6790,271.6,136,3.14,-1.41,0.055901699437497725,3.399955882066707,0.08260851566661523,0.004617956413772947,seq_hotel
6800,272.0,130,0.98,0.98,1.4659148167612757,2.8702787321094796,0.11591062190342559,0.16991509806824562,seq_hotel
6800,272.0,131,-0.22,-1.5,0.8625905749543552,2.7550680572356105,0.12580755408823935,0.10852041041457552,seq_hotel
6800,272.0,132,1.94,-0.49,1.6331047884322372,2.38447059113758,0.16795287450118226,0.27428464357883936,seq_hotel
6800,272.0,133,-1.34,-0.71,0.5692648768368174,3.2873697692836443,0.0883637763770378,0.05030239427611049,seq_hotel
6800,272.0,136,3.15,-1.43,0.07288689868557026,3.242992445257929,0.09079867438921478,0.0066180337809907805,seq_hotel
6800,272.0,137,3.29,-3.01,1.2869537676234488,3.821020806015063,0.06540524503440857,0.08417352651936698,seq_hotel
6810,272.4,130,0.98,1.56,1.4500000000000826,3.619060651605607,0.0729087511109953,0.10571768911094921,seq_hotel
6810,272.4,131,-0.26,-1.84,0.8826451721954697,3.4509853665293915,0.08018352535844862,0.0707736015472477,seq_hotel
6810,272.4,132,2.05,-1.14,1.644355876931731,2.556657974778793,0.146091892993402,0.24022706281578216,seq_hotel
6810,272.4,133,-1.39,-0.48,0.4142010381445404,3.5027417832321004,0.0778314526253849,0.032237868477732044,seq_hotel
6810,272.4,136,3.17,-1.46,0.07905694150420955,3.4509853665293915,0.08018352535844862,0.006339064273864176,seq_hotel
6810,272.4,137,3.08,-3.48,1.2694117732241028,3.7209138662430763,0.06897189340358913,0.08755373350807387,seq_hotel
6820,272.8,131,-0.37,-2.19,0.968407197412322,3.6085454133209964,0.07333427985434755,0.07101744442799962,seq_hotel
6820,272.8,132,2.06,-1.8,1.6744868616982151,2.461097316239242,0.1576571996947948,0.26399490954106575,seq_hotel
6820,272.8,133,-1.37,-0.38,0.3125000000000071,4.673724424909967,0.043716479284707815,0.013661399776471503,seq_hotel
6820,272.8,136,3.17,-1.49,0.07603453162872714,3.6085454133209964,0.07333427985434755,0.005575937621055317,seq_hotel
6820,272.8,137,2.86,-3.93,1.2250637738501402,3.668855407344367,0.0709431045318801,0.08690982736647002,seq_hotel
6830,273.2,131,-0.57,-2.55,0.8610495049647355,3.649177989629993,0.07171025859282636,0.06174608266224631,seq_hotel
6830,273.2,132,2.21,-2.47,1.623460809505412,2.781150840928985,0.12345886882031495,0.20043063511565098,seq_hotel
6830,273.2,133,-1.24,-0.28,0.4301162633521223,4.590642656535139,0.04531316591778363,0.019489929605211835,seq_hotel
6830,273.2,136,3.18,-1.52,0.053033008588992916,3.888881587294733,0.06314252473328563,0.0033486380565110347,seq_hotel
6830,273.2,137,2.61,-4.34,1.2018865379061185,3.649177989629993,0.07171025859282636,0.08618759443248455,seq_hotel
6840,273.6,131,-0.81,-2.72,0.7027846398435155,3.8448016853928895,0.0645986577744882,0.0453989444384182,seq_hotel
6840,273.6,132,2.28,-3.08,1.6095418602819747,3.1109001912629726,0.09867320319408249,0.15881865102898482,seq_hotel
6840,273.6,133,-1.09,-0.18,0.3729108472543939,4.494407636162968,0.04727444756859617,0.017629154296288616,seq_hotel
6840,273.6,136,3.2,-1.52,0.03535533905932678,4.185701852736289,0.0545048063967313,0.0019270359105193983,seq_hotel
6840,273.6,137,2.43,-4.79,1.1838100565546616,3.677200021755684,0.07062148963535712,0.08360242963920657,seq_hotel
6840,273.6,138,1.4,-8.32,0.05000000000000289,5.313379338989454,0.03382437158371252,0.0016912185791857239,seq_hotel
6840,273.6,139,1.23,-9.32,0.11180339887499545,6.327724709561882,0.023849332507945086,0.00266643643528818,seq_hotel
6850,274.0,131,-1.01,-2.9,0.725000000000041,4.009401451588503,0.05940353576924675,0.043067563432706325,seq_hotel
6850,274.0,132,2.35,-3.75,1.713776896215004,3.4658476596642274,0.0794973117565931,0.13624065619965064,seq_hotel
6850,274.0,133,-1.05,-0.05,0.43910420175628234,5.024937810560446,0.03781899637827214,0.016606480215904922,seq_hotel
6850,274.0,136,3.2,-1.54,0.05153882032022375,4.424217444927407,0.04878636428224465,0.0025143916628195886,seq_hotel
6850,274.0,137,2.26,-5.22,1.1164956336681942,3.7981574480266085,0.06619504079796008,0.0739064740214104,seq_hotel
6850,274.0,138,1.42,-8.32,0.05000000000000293,4.663668084244418,0.04390521561353999,0.002195260780677128,seq_hotel
6850,274.0,139,1.27,-9.3,0.09013878188660576,5.6541047036644105,0.02987058230190503,0.0026924979029373237,seq_hotel
6860,274.4,131,-1.21,-3.14,0.7079901129253149,4.136000483558966,0.055822620556593795,0.039521863431649845,seq_hotel
6860,274.4,132,2.57,-4.42,1.7256339414835156,3.9908395106794257,0.05995740880474246,0.10346453967686617,seq_hotel
6860,274.4,133,-1.06,0.17,0.5505678886386624,5.851922760939348,0.027885228750222573,0.015352711517216167,seq_hotel
6860,274.4,136,3.19,-1.56,0.03535533905932929,4.588616349184141,0.04535319483606924,0.0016034775808530504,seq_hotel
6860,274.4,137,2.1,-5.62,1.0982941318244193,3.74855972341378,0.06795830102773133,0.07463820322751472,seq_hotel
6860,274.4,138,1.44,-8.32,0.025000000000003242,4.060406383602508,0.057920510135402774,0.0014480127533852572,seq_hotel
6860,274.4,139,1.29,-9.28,0.02795084971875472,5.025733777270737,0.03780701791714991,0.0010567382761165242,seq_hotel
6870,274.8,131,-1.39,-3.32,0.6363961030678379,4.897193073588175,0.0398177695632804,0.02533987338292481,seq_hotel
6870,274.8,132,2.72,-5.08,1.937338702963431,3.549929576766277,0.07577604019610952,0.14680385542923563,seq_hotel
6870,274.8,136,3.18,-1.56,0.012499999999997957,4.651924333004568,0.044127172258894114,0.0005515896532360863,seq_hotel
6870,274.8,137,2.08,-6.08,1.1006390189339788,3.2984845004941277,0.08776927008744233,0.09660228332159393,seq_hotel
6870,274.8,138,1.44,-8.32,0.0,3.483676219168481,0.07868570027615127,0.0,seq_hotel
6870,274.8,139,1.28,-9.28,0.017677669529663154,4.4399999999999995,0.048440145815648705,0.0008563088896977332,seq_hotel
6870,274.8,140,2.0,2.07,1.6547280743373851,6.367432763681136,0.02355280554435338,0.03897348856365076,seq_hotel
6870,274.8,141,2.61,3.32,1.5532224567009942,7.751748189924644,0.015891762610358066,0.024683442562969362,seq_hotel
6880,275.2,132,2.96,-5.92,1.9540023029669171,3.76554112977139,0.06734674197960212,0.1315956889254613,seq_hotel
6880,275.2,136,3.18,-1.56,0.027950849718743002,4.365546930225352,0.05010649903197463,0.0014005192243750646,seq_hotel
6880,275.2,137,2.13,-6.5,1.1131318430446346,2.9166076184498997,0.11225750106404116,0.12495739905500117,seq_hotel
6880,275.2,138,1.44,-8.32,0.10077822185371756,2.8408449447303528,0.11832494777847095,0.011924577838048291,seq_hotel
6880,275.2,139,1.28,-9.29,0.024999999999996136,3.76554112977139,0.06734674197960212,0.0016836685494897928,seq_hotel
6880,275.2,140,1.95,1.41,1.8003905826236237,7.399256719427973,0.017441956173653805,0.031402333637580285,seq_hotel
6880,275.2,141,2.65,2.7,1.5127065974603104,8.625572444771421,0.01283498979914613,0.019415573747504133,seq_hotel
6890,275.6,132,3.16,-6.58,1.801952066510081,3.1693847983480965,0.09506517257853377,0.1713028841810264,seq_hotel
6890,275.6,136,3.19,-1.54,0.051538820320221494,5.040089284923433,0.0375919558528244,0.0019374450581844155,seq_hotel
6890,275.6,137,2.11,-6.97,1.1760633486338912,2.100380917833715,0.2164588037336504,0.2545692655602831,seq_hotel
6890,275.6,138,1.48,-8.25,0.09013878188658303,1.4266394078392763,0.4691837363294706,0.04229165047373423,seq_hotel
6890,275.6,139,1.26,-9.28,0.11524430571616798,1.1727318534089537,0.6943428041528191,0.08001905439360883,seq_hotel
6890,275.6,140,1.97,0.63,1.7918652990668213,7.307544047079018,0.017882510899797605,0.03204305074153153,seq_hotel
6890,275.6,141,2.59,2.11,1.451346357696855,8.708673837043158,0.0125912060567684,0.018274201049501396,seq_hotel
6890,275.6,142,0.6,-9.34,0.9500000000000515,1.40089257261219,0.4865883610452852,0.462258942993046,seq_hotel
6890,275.6,143,0.09,-9.2,1.0250000000000585,1.6836270370839257,0.3368833904435802,0.3453054752046894,seq_hotel
6890,275.6,144,0.01,-6.93,0.0,2.271409254185603,0.18508899628852218,0.0,seq_hotel
6900,276.0,132,3.26,-7.33,1.8906430784260713,2.8369878392407673,0.11864691042447317,0.22431895997066828,seq_hotel
6900,276.0,136,3.17,-1.52,0.0707106781186589,5.810697032198461,0.02828231258407935,0.001999861501584131,seq_hotel
6900,276.0,137,2.17,-7.44,1.1457803018031643,2.075885353289048,0.2215973959927071,0.25390193125931926,seq_hotel
6900,276.0,138,1.48,-8.26,0.012500000000001066,1.1244554237496485,0.7552433237514797,0.009440541546894301,seq_hotel
6900,276.0,139,1.19,-9.27,0.051538820320223645,1.2001666550941998,0.6629614402606026,0.034168250548827876,seq_hotel
6900,276.0,140,2.05,-0.02,1.6129359875705842,7.204838651906092,0.018395977217193934,0.029671533680140666,seq_hotel
6900,276.0,141,2.49,1.55,1.4637281168305278,8.835202318000421,0.012233152344728365,0.017906009044450204,seq_hotel
6900,276.0,142,0.6,-8.96,1.0500744021259278,1.1244554237496485,0.7552433237514797,0.7930616816479337,seq_hotel
6900,276.0,143,0.09,-8.79,1.10007102043465,1.4876155417311285,0.43150910915109464,0.47469066603069143,seq_hotel
6900,276.0,144,0.01,-6.93,0.0,2.114000946073583,0.21367859891505286,0.0,seq_hotel
6910,276.4,132,3.42,-8.07,1.8980664503646565,2.5059928172283334,0.15205886282665163,0.28861782601186886,seq_hotel
6910,276.4,136,3.15,-1.5,0.04506939094330254,6.2725194300217195,0.02427098218433001,0.0010938783846435002,seq_hotel
6910,276.4,137,2.22,-7.88,1.2397706441112042,1.7123375835389467,0.3256811358928319,0.4037699116207248,seq_hotel
6910,276.4,138,1.48,-8.26,0.08838834764830458,1.042928568982555,0.877934778478783,0.07759920441271995,seq_hotel
6910,276.4,139,1.22,-9.27,0.07905694150420703,1.4686388255796585,0.4427324672221117,0.03500107476319174,seq_hotel
6910,276.4,140,2.0,-0.66,1.6507574019218865,6.5782216441831745,0.02206756311213395,0.0364281931497335,seq_hotel
6910,276.4,141,2.43,0.95,1.4778574017813593,8.243227523245977,0.014053251154531984,0.020768701237817523,seq_hotel
6910,276.4,142,0.59,-8.5,1.24329451458611,0.9948869282486323,0.9647703157722497,1.1994936414351474,seq_hotel
6910,276.4,143,0.1,-8.32,1.2528093430366485,1.392910621683962,0.4921810424447847,0.6166090084403435,seq_hotel
6910,276.4,144,0.01,-6.93,0.21866069605666485,1.9823723161908815,0.24299701220198788,0.053133895827776556,seq_hotel
6920,276.8,132,3.42,-8.84,1.9514417746886297,2.2161678636782005,0.1944312535226966,0.37942127042926593,seq_hotel
6920,276.8,136,3.15,-1.49,0.02500000000000302,6.280652832309711,0.024208161376427176,0.0006052040344107525,seq_hotel
6920,276.8,137,2.23,-8.43,1.2437971096605396,1.3038404810405293,0.561723328559631,0.6986698524913667,seq_hotel
6920,276.8,138,1.41,-8.27,0.128695376762331,1.0324727599312242,0.8958064339131074,0.11528614651856753,seq_hotel
6920,276.8,139,1.25,-9.29,0.09519716382329924,1.3692698784388697,0.5093229817864278,0.048486103336093815,seq_hotel
6920,276.8,140,2.09,-1.34,1.6511832878272168,5.934888373002479,0.02711104589773618,0.04476530590185861,seq_hotel
6920,276.8,141,2.32,0.38,1.5971165423975784,7.6275815302099526,0.01641336642405246,0.026214059032287167,seq_hotel
6920,276.8,142,0.82,-7.99,1.3346933168334691,1.3692698784388697,0.5093229817864278,0.6797899799000399,seq_hotel
6920,276.8,143,0.3,-7.81,1.3125595224598126,1.2015406776301831,0.6614460473445813,0.8681873080355342,seq_hotel
6920,276.8,144,-0.14,-6.84,0.3023346655611775,2.1088859618291353,0.21471638677685223,0.06491620698668406,seq_hotel
6930,277.2,132,3.48,-9.63,1.9806880117778407,2.4719425559668653,0.15627684453831472,0.3095356724955093,seq_hotel
6930,277.2,136,3.17,-1.5,0.053033008588990405,6.381222453417527,0.02345112128073114,0.0012436835163024704,seq_hotel
6930,277.2,137,2.32,-8.87,1.1227755786443436,1.3867948658687783,0.49653164442146974,0.5574936043805432,seq_hotel
6930,277.2,138,1.39,-8.31,0.09013878188660163,1.0855873986004068,0.8102924552833036,0.0730387748911406,seq_hotel
6930,277.2,139,1.29,-9.3,0.07603453162873079,1.8149655644116236,0.28989091361870345,0.022041719840422972,seq_hotel
6930,277.2,140,2.05,-1.98,1.6876851750252106,5.422619293293602,0.03247529854144126,0.05480807990290826,seq_hotel
6930,277.2,141,2.29,-0.32,1.6648010391635277,7.046048538010507,0.019234465434859287,0.032021558043708695,seq_hotel
6930,277.2,142,0.99,-7.51,1.2952437029377692,1.3640014662748714,0.5132650677513424,0.6648033469428537,seq_hotel
6930,277.2,143,0.45,-7.33,1.333815017159394,1.3579396157414367,0.51785773240313,0.6907264202314058,seq_hotel
6930,277.2,144,-0.23,-6.9,0.19764235376051612,2.147673159491453,0.20703082028214026,0.0409180586215326,seq_hotel
6940,277.6,136,3.18,-1.52,0.06373774391991037,5.8515809829481125,0.027888486275265675,0.0017775491965268185,seq_hotel
6940,277.6,138,1.37,-8.33,0.017677669529655462,1.7998055450520205,0.2947950663882234,0.0052112897625838555,seq_hotel
6940,277.6,139,1.31,-9.3,0.024999999999996136,2.669082239272519,0.13404402843225316,0.003351100710805811,seq_hotel
6940,277.6,140,2.11,-2.69,1.7520077768091948,4.380559325017754,0.04976365258510587,0.08718630633153648,seq_hotel
6940,277.6,141,2.25,-0.95,1.513790771540079,6.070724833164488,0.025911364626926798,0.039224384650251826,seq_hotel
6940,277.6,142,1.21,-7.03,1.2886523968859651,1.5190786681406596,0.4138194048151205,0.5332693678929284,seq_hotel
6940,277.6,143,0.49,-6.76,1.3210436215356065,1.7998055450520205,0.2947950663882234,0.38943714211232816,seq_hotel
6940,277.6,144,-0.29,-6.79,0.10680004681643807,2.2643321311150446,0.1862477879839624,0.019891272476145215,seq_hotel
6950,278.0,136,3.18,-1.55,0.09100137361601164,5.31952065509666,0.033746317088604635,0.0030709612095445086,seq_hotel
6950,278.0,138,1.38,-8.32,0.06373774391991328,2.1949259668608416,0.19821276927815598,0.012633634729907962,seq_hotel
6950,278.0,139,1.31,-9.3,0.0,2.935183128869475,0.11084113827160655,0.0,seq_hotel
6950,278.0,140,2.23,-3.37,1.8048978502952373,3.291200388915874,0.0881582033374605,0.15911655168967287,seq_hotel
6950,278.0,141,2.24,-1.53,1.4394551920779735,5.035017378321549,0.037667728746789995,0.054221007718351595,seq_hotel
6950,278.0,142,1.31,-6.53,1.26552854570736,1.791368192192772,0.2975785785451455,0.3765941857399014,seq_hotel
6950,278.0,143,0.57,-6.28,1.1861834807483027,2.1949259668608416,0.19821276927815598,0.2351167125911233,seq_hotel
6950,278.0,144,-0.26,-6.82,0.045069390943302784,2.2225210910135362,0.19332125243974657,0.008712871103855865,seq_hotel
6960,278.4,136,3.2,-1.59,0.0800390529679134,4.828177710068261,0.040964238740498045,0.003278738874340973,seq_hotel
6960,278.4,138,1.42,-8.34,0.037500000000008304,2.3242202993692316,0.1767733540450522,0.0066290007766909255,seq_hotel
6960,278.4,139,1.31,-9.3,1.7763568394002505e-15,3.2801371922527887,0.08875388348232426,1.576585679471596e-16,seq_hotel
6960,278.4,140,2.31,-4.12,1.8085301352202972,2.3971024175032656,0.16618744166502009,0.300554996346354,seq_hotel
6960,278.4,141,2.31,-2.1,1.4744702438502861,4.053060571962871,0.0581306519361899,0.08571191653553004,seq_hotel
6960,278.4,142,1.28,-6.02,1.4752118491931436,2.1612265036316756,0.20444232557994663,0.3015957411721398,seq_hotel
6960,278.4,143,0.62,-5.82,1.266454203672567,2.3971024175032656,0.16618744166502009,0.2104687840942542,seq_hotel
6960,278.4,144,-0.26,-6.81,0.10307764064042127,2.2722895942198917,0.18494560814815564,0.019063756934719754,seq_hotel
6970,278.8,136,3.22,-1.6,0.03952847075210207,4.19935709365136,0.05415091119454779,0.002140502709353359,seq_hotel
6970,278.8,138,1.41,-8.32,0.03952847075210397,2.176901467682908,0.2015087169071667,0.007965331422558938,seq_hotel
6970,278.8,139,1.31,-9.3,1.7763568394002505e-15,2.8570089254323308,0.11698985097107159,2.0781572191287905e-16,seq_hotel
6970,278.8,140,2.45,-4.8,1.7306519725236258,2.100856968001391,0.2163607165468943,0.3744451008685077,seq_hotel
6970,278.8,141,2.39,-2.7,1.6806341808971992,2.8541373477812866,0.1172253788378945,0.19701297854358868,seq_hotel
6970,278.8,142,1.33,-5.35,1.4543576760892918,2.2062184841941654,0.19618886028503346,0.28532877491874803,seq_hotel
6970,278.8,143,0.65,-5.27,1.30096118312574,1.8603494295427407,0.275919459837433,0.3589605069175219,seq_hotel
6970,278.8,144,-0.24,-6.9,0.09100137361601635,2.2062184841941654,0.19618886028503346,0.01785345577409876,seq_hotel
6970,278.8,145,2.46,2.98,1.3308831654206916,7.780006426732563,0.01577652937957115,0.020996717360036193,seq_hotel
6970,278.8,146,2.21,-9.27,1.2250000000000703,3.40872410147844,0.08218407650578964,0.10067549371959808,seq_hotel
6980,279.2,136,3.23,-1.6,0.03952847075210207,3.9560712834831477,0.061015920165577595,0.002411866015677629,seq_hotel
6980,279.2,138,1.39,-8.33,0.08385254915623616,2.28219192882632,0.18334414763677376,0.01537387415222079,seq_hotel
6980,279.2,139,1.31,-9.3,1.7763568394002505e-15,2.9648777377827913,0.10863200711579225,1.9296920881791425e-16,seq_hotel
6980,279.2,140,2.51,-5.49,1.6760258052905828,2.0519746587129193,0.22679182504901244,0.380108951211092,seq_hotel
6980,279.2,141,2.42,-3.44,1.8197699030371723,2.0519746587129193,0.22679182504901244,0.41270893747906473,seq_hotel
6980,279.2,142,1.37,-4.86,1.2750612730374695,1.7660407696313243,0.30617514461873485,0.3903920696699954,seq_hotel
6980,279.2,143,0.66,-4.78,1.3038404810404993,2.212057865427575,0.1951544303423878,0.2544502463348035,seq_hotel
6980,279.2,144,-0.33,-6.83,0.012500000000030043,2.6020953095534374,0.14103437630911284,0.0017629297038681475,seq_hotel
6980,279.2,145,2.51,2.45,1.3612953390061746,7.398357925918427,0.01744619432201236,0.023749423013951415,seq_hotel
6980,279.2,146,2.21,-8.78,1.343328422240779,3.202202367121728,0.09312661847957131,0.1250996334707815,seq_hotel
6990,279.6,136,3.25,-1.61,0.03535533905932443,3.569677856613955,0.07493993836041091,0.002649526929817201,seq_hotel
6990,279.6,138,1.35,-8.35,0.06249999999999334,2.1592822881689178,0.20481065062764026,0.012800665664226153,seq_hotel
6990,279.6,139,1.31,-9.3,1.7763568394002505e-15,2.862446506050375,0.11654579898352031,2.0702692712774307e-16,seq_hotel
6990,279.6,140,2.62,-6.13,1.6867127793432841,2.2203603311174516,0.19369769950332094,0.32671238508164674,seq_hotel
6990,279.6,141,2.52,-4.15,1.748972912883414,1.9825236442474017,0.24295991719707222,0.42493031409407644,seq_hotel
6990,279.6,142,1.32,-4.33,1.4250548235067952,2.2203603311174516,0.19369769950332094,0.2760298409793773,seq_hotel
6990,279.6,143,0.73,-4.23,1.3806701271483874,2.6799440292662826,0.13295967176053974,0.18357344691523228,seq_hotel
6990,279.6,144,-0.25,-6.9,0.15051993223488475,2.844169474556676,0.11804849103771305,0.017768650871426966,seq_hotel
6990,279.6,145,2.6,1.9,1.3753408668399043,6.360133646394548,0.023606896652304667,0.032467529705180735,seq_hotel
6990,279.6,146,2.11,-8.2,1.535109930916988,2.131900560532784,0.2101055354348454,0.3225350939866623,seq_hotel
7000,280.0,136,3.25,-1.62,0.0728868986855705,3.231671394185987,0.09143595263664908,0.006664483016046064,seq_hotel
7000,280.0,138,1.36,-8.37,0.07288689868556966,2.1162466774929616,0.21322533405188618,0.015541333320236574,seq_hotel
7000,280.0,139,1.31,-9.3,0.0,2.848613697923957,0.1176804350863101,0.0,seq_hotel
7000,280.0,140,2.79,-6.81,1.7331780779828538,2.1162466774929616,0.21322533405188618,0.36955747464930006,seq_hotel
7000,280.0,141,2.58,-4.83,1.6796577032241775,2.152881789602021,0.20603026139752142,0.34606031565363776,seq_hotel
7000,280.0,142,1.36,-3.72,1.4625534178279584,2.825261049885479,0.11963388814364291,0.17497095199253263,seq_hotel
7000,280.0,143,0.76,-3.68,1.2647257607877618,3.231671394185987,0.09143595263664908,0.11564140476173976,seq_hotel
7000,280.0,144,-0.24,-6.91,0.017677669529664958,2.848613697923957,0.1176804350863101,0.002080315841562979,seq_hotel
7000,280.0,145,2.66,1.36,1.328768226591907,5.38624173241417,0.032915442738469164,0.043736994475083134,seq_hotel
7000,280.0,146,2.0,-7.57,1.5918248176229322,1.8625251676151926,0.2752751970456534,0.4381898903333139,seq_hotel
7010,280.4,136,3.2,-1.64,0.18749999999998845,2.8817529387509957,0.11498942242776472,0.021560516705204556,seq_hotel
7010,280.4,138,1.4,-8.32,0.05590169943749097,1.7055790805471323,0.32826732848104906,0.018350701531895726,seq_hotel
7010,280.4,139,1.31,-9.3,1.7763568394002505e-15,2.402602755346793,0.16542739862301806,2.938580909681897e-16,seq_hotel
7010,280.4,140,2.89,-7.49,1.7467827569563126,2.018142710513803,0.23445939221472958,0.40954962352714674,seq_hotel
7010,280.4,141,2.62,-5.49,1.6592543506044868,2.663268668384773,0.13462986868058255,0.22338519532956733,seq_hotel
7010,280.4,142,1.33,-3.16,1.4067360271209168,2.663268668384773,0.13462986868058255,0.18938868659953345,seq_hotel
7010,280.4,143,0.79,-3.22,1.217707887795729,2.9157846285348303,0.1123208801137844,0.1367740216787137,seq_hotel
7010,280.4,144,-0.24,-6.91,0.0,2.848613697923957,0.1176804350863101,0.0,seq_hotel
7010,280.4,145,2.68,0.84,1.3130356050008494,4.478359074482528,0.04761387827656835,0.06251871746931072,seq_hotel
7010,280.4,146,1.82,-6.96,1.6613717976419025,1.6735889578985634,0.3409367198226899,0.566422651093956,seq_hotel
7020,280.8,136,3.1,-1.62,0.2549509756796176,2.500119997120138,0.15277407905663012,0.03894990051404289,seq_hotel
7020,280.8,138,1.4,-8.39,0.09519716382332163,1.622374802565671,0.3628014355652795,0.03453766769684418,seq_hotel
7020,280.8,139,1.31,-9.3,1.7763568394002505e-15,2.0302955449884634,0.23166096372028133,4.1151253732657504e-16,seq_hotel
7020,280.8,140,3.01,-8.19,1.7182840277439244,2.0302955449884634,0.23166096372028133,0.39805933381232417,seq_hotel
7020,280.8,141,2.72,-6.15,1.6978847134007449,2.060509645694481,0.2249168943993624,0.38188295678624706,seq_hotel
7020,280.8,142,1.25,-2.6,1.3875563051638458,3.2467984230623252,0.09058592623119344,0.12569307310119945,seq_hotel
7020,280.8,143,0.85,-2.71,1.3163040112375117,3.536382332271215,0.0763577209780403,0.10050997441234916,seq_hotel
7020,280.8,144,-0.24,-6.91,0.0,2.848613697923957,0.1176804350863101,0.0,seq_hotel
7020,280.8,145,2.69,0.31,1.2887130208079476,3.536382332271215,0.0763577209780403,0.09840318926362071,seq_hotel
7020,280.8,146,1.68,-6.28,1.708663585964161,2.0651876428063383,0.22389909930864527,0.38256823791885564,seq_hotel
7020,280.8,148,2.08,-9.65,1.7307873930671953,1.7310401497365686,0.3186816814788491,0.5515702367050476,seq_hotel
7020,280.8,149,3.73,-6.03,1.0738365797457874,2.2768399153212324,0.18420711006006418,0.19780833303175516,seq_hotel
7030,281.2,138,1.47,-8.29,0.07603453162875537,1.7140595088852664,0.32502711318971134,0.02471328431802616,seq_hotel
7030,281.2,139,1.31,-9.3,1.7763568394002505e-15,1.8360010893242957,0.2832862613994399,5.032174879450223e-16,seq_hotel
7030,281.2,140,3.09,-8.85,1.7504017396014742,1.8360010893242957,0.2832862613994399,0.49586476475877755,seq_hotel
7030,281.2,141,2.77,-6.84,1.7943052276577331,1.947434209415044,0.25179424088368424,0.45179572271170515,seq_hotel
7030,281.2,142,1.34,-2.05,1.2135304899342332,2.2165288177689004,0.19436793375765768,0.2358714138804349,seq_hotel
7030,281.2,143,0.87,-2.17,1.2759800155174763,2.591466766138435,0.1421936147462472,0.18143621075040256,seq_hotel
7030,281.2,144,-0.24,-6.91,0.0,2.848613697923957,0.1176804350863101,0.0,seq_hotel
7030,281.2,145,2.53,-0.18,1.221743119481334,2.591466766138435,0.1421936147462472,0.17372407045040705,seq_hotel
7030,281.2,146,1.55,-5.62,1.6592543506044901,2.2700220263248543,0.18531528401928438,0.30748519124250434,seq_hotel
7030,281.2,148,2.21,-8.97,1.9059118552545389,1.00498756211209,0.9454749094568021,1.801991838779431,seq_hotel
7030,281.2,149,3.82,-5.61,1.33749999999994,3.321219655488025,0.08657174729625788,0.11578971200873972,seq_hotel
7030,281.2,150,2.97,-1.62,0.28504385627476037,2.170829334609241,0.20263759332655107,0.05776060102803676,seq_hotel
7040,281.6,138,1.41,-8.33,0.15811388300841475,1.6994116628998404,0.33065431390282957,0.05228103750465964,seq_hotel
7040,281.6,139,1.31,-9.3,1.7763568394002505e-15,1.6949926253526886,0.3323806677867637,5.904266725074402e-16,seq_hotel
7040,281.6,140,2.98,-9.59,1.87032751142665,2.0130822139197395,0.2356396443063225,0.44072330952890515,seq_hotel
7040,281.6,141,2.93,-7.57,1.8414074101077922,2.020618717126019,0.23388514500756144,0.4306778391310591,seq_hotel
7040,281.6,142,1.45,-1.65,1.1692011161472646,1.4512408483776909,0.45341135679757466,0.5301290644415699,seq_hotel
7040,281.6,143,0.81,-1.69,1.3029413839463335,2.090095691589263,0.21859440507070438,0.28481569666574896,seq_hotel
7040,281.6,144,-0.24,-6.91,0.0,2.728002932549744,0.12831626693783546,0.0,seq_hotel
7040,281.6,145,2.36,-0.61,1.223276849286367,1.8891532494744834,0.2675697437729755,0.32731187312696597,seq_hotel
7040,281.6,146,1.54,-4.96,1.6254326347160348,2.957059350097661,0.10920720689730012,0.17750895803705768,seq_hotel
7040,281.6,148,2.2,-8.13,1.901027682596914,1.4700340132119392,0.4418924842903157,0.840049845367412,seq_hotel
7040,281.6,149,3.73,-4.96,1.4879726139952572,3.3543106594351095,0.0848720744575228,0.1262873224857603,seq_hotel
7040,281.6,150,2.9,-1.71,0.43660622991434095,2.090095691589263,0.21859440507070438,0.09543967907828853,seq_hotel
7050,282.0,138,1.35,-8.33,0.09013878188660478,1.680476123008,0.33814789608759643,0.030480239450854152,seq_hotel
7050,282.0,139,1.31,-9.3,0.0,2.0359273071502337,0.2303810997711391,0.0,seq_hotel
7050,282.0,141,3.03,-8.29,1.8172781845387251,1.9946177578674071,0.24002253576759366,0.43618771804811385,seq_hotel
7050,282.0,142,1.44,-1.12,1.413384678705775,1.6138463371709217,0.3666460581882788,0.5182119211511793,seq_hotel
7050,282.0,143,0.8,-1.13,1.3072514104028323,2.185634919193963,0.1999015404126799,0.2613215706461746,seq_hotel
7050,282.0,144,-0.24,-6.91,0.0,2.848613697923957,0.1176804350863101,0.0,seq_hotel
7050,282.0,145,2.17,-1.09,1.293372529474857,1.3705838172107534,0.5083469036738739,0.6574819206553898,seq_hotel
7050,282.0,146,1.52,-4.32,1.6148722859719584,3.1314054352638525,0.09738515950430589,0.15726459514846225,seq_hotel
7050,282.0,148,2.16,-7.45,1.766086775897595,2.0359273071502337,0.2303810997711391,0.40687301372255325,seq_hotel
7050,282.0,149,3.79,-4.42,1.4001116026946652,3.4406104109590787,0.08066783173827671,0.11294396718098218,seq_hotel
7050,282.0,150,2.83,-1.94,0.5432828453025491,2.185634919193963,0.1999015404126799,0.10860307765576324,seq_hotel
7060,282.4,138,1.47,-8.29,0.17410485346481924,2.197384809267598,0.19776942291630373,0.03443261639666492,seq_hotel
7060,282.4,139,1.31,-9.3,1.7763568394002505e-15,2.848613697923957,0.1176804350863101,2.0904244572916415e-16,seq_hotel
7060,282.4,142,1.41,-0.52,1.2625618796716618,2.066518811915343,0.2236107384501515,0.28232239425239164,seq_hotel
7060,282.4,143,0.7,-0.65,1.2405895775799292,2.5004999500099974,0.15272765430649696,0.1894723361408705,seq_hotel
7060,282.4,144,-0.24,-6.91,0.0,2.848613697923957,0.1176804350863101,0.0,seq_hotel
7060,282.4,145,1.95,-1.56,1.1939953936259522,1.546156525064652,0.39945187758360745,0.47694370181006507,seq_hotel
7060,282.4,146,1.47,-3.67,1.5799525309324816,2.416712643240814,0.16350135408806984,0.2583243782023338,seq_hotel
7060,282.4,148,2.11,-6.72,1.8544288204188075,2.7011849251763578,0.13087682398873024,0.2427017543295809,seq_hotel
7060,282.4,149,3.88,-3.85,1.475052965150715,2.99482887658043,0.10647002548236949,0.15704892678744128,seq_hotel
7060,282.4,150,2.73,-2.11,0.5482928049865156,2.066518811915343,0.2236107384501515,0.12260415900993965,seq_hotel
7070,282.8,138,1.48,-8.28,0.017677669529660486,2.3495531490051453,0.172981968435507,0.003057918072593054,seq_hotel
7070,282.8,139,1.31,-9.3,1.7763568394002505e-15,3.3830311851947212,0.08343713431758878,1.4821412420500619e-16,seq_hotel
7070,282.8,142,1.45,-0.11,1.1755982519551536,2.406013300046365,0.16495874147962,0.19392520812816336,seq_hotel
7070,282.8,143,0.73,-0.14,1.268673027221731,2.781078927322991,0.12346525374319565,0.1566370372230792,seq_hotel
7070,282.8,144,-0.24,-6.91,0.0,2.848613697923957,0.1176804350863101,0.0,seq_hotel
7070,282.8,145,1.85,-1.99,1.231361035602477,1.9220822042774341,0.2584803103484658,0.3182825826335365,seq_hotel
7070,282.8,146,1.42,-3.06,1.5664948930653906,2.3867970169245645,0.16762562465794342,0.2625846849735644,seq_hotel
7070,282.8,148,1.96,-5.98,1.8214434523201286,2.9695117443781904,0.10829322505685776,0.19724998571044366,seq_hotel
7070,282.8,149,3.8,-3.24,1.416973006094292,2.3867970169245645,0.16762562465794342,0.23752098526999957,seq_hotel
7070,282.8,150,2.53,-2.26,0.47053825561794177,1.6041508657230468,0.37109146176169583,0.1746127290920605,seq_hotel
7080,283.2,138,1.48,-8.28,0.0,3.010415253748226,0.105370385822101,0.0,seq_hotel
7080,283.2,139,1.31,-9.3,1.7763568394002505e-15,4.04357515077932,0.058403697657647885,1.0374580778042721e-16,seq_hotel
7080,283.2,142,1.38,0.42,1.2779989240996934,2.997081914129142,0.10631000930157217,0.13586407750843763,seq_hotel
7080,283.2,143,0.8,0.36,1.2041594578792205,3.084234102658227,0.10038682350080128,0.12088174296494186,seq_hotel
7080,283.2,144,-0.24,-6.91,0.0,2.848613697923957,0.1176804350863101,0.0,seq_hotel
7080,283.2,145,1.85,-2.54,1.4254933356560882,1.9483326204732085,0.2515620807564205,0.3586000696220561,seq_hotel
7080,283.2,146,1.23,-2.44,1.559747575731391,2.5752669764511795,0.14398818735696203,0.22458522616397886,seq_hotel
7080,283.2,148,1.83,-5.29,1.807320184693315,2.91247317584214,0.11257644073697284,0.2034616736648618,seq_hotel
7080,283.2,149,3.79,-2.72,1.2779989240996885,2.5752669764511795,0.14398818735696203,0.18401674852526184,seq_hotel
7080,283.2,150,2.49,-2.4,0.3020761493398683,1.3388054376943648,0.5327659331351107,0.16093588158091598,seq_hotel
7090,283.6,138,1.48,-8.28,0.10680004681648365,3.713448532025184,0.06924948755602894,0.007395848513001393,seq_hotel
7090,283.6,139,1.31,-9.3,1.7763568394002505e-15,4.741497653695507,0.04247567626041385,7.545195803333699e-17,seq_hotel
7090,283.6,142,1.38,0.91,1.2755513513771102,3.5488871495160286,0.07582056266585456,0.09671302117060365,seq_hotel
7090,283.6,143,0.81,0.82,1.2500624984375748,3.6761936836896933,0.07066015942634318,0.0883296154324919,seq_hotel
7090,283.6,144,-0.24,-6.91,0.0559016994375016,3.0016662039607267,0.10598553369049635,0.005924771449089326,seq_hotel
7090,283.6,145,1.82,-3.13,1.4232994238739538,1.4512063946937392,0.453432886301696,0.6453707658387079,seq_hotel
7090,283.6,146,1.21,-1.83,1.5004686767806672,2.5500000000000003,0.1468557721724524,0.2203524861492028,seq_hotel
7090,283.6,148,1.64,-4.57,1.8545973282629034,2.7735356496717327,0.12413775216787415,0.23022554350710184,seq_hotel
7090,283.6,149,3.73,-2.22,1.2124999999999777,2.5500000000000003,0.1468557721724524,0.17806262375909526,seq_hotel
7090,283.6,150,2.43,-2.48,0.20348525745124044,1.3823530663329107,0.4997276982319178,0.10168721933023758,seq_hotel
7100,284.0,138,1.4,-8.31,0.012500000000000622,4.44,0.048440145815648684,0.0006055018226956387,seq_hotel
7100,284.0,139,1.31,-9.3,0.0,5.430745805135793,0.0323781798579789,0.0,seq_hotel
7100,284.0,142,1.41,1.44,1.46298069023492,3.980012562794243,0.06028406038643806,0.08819441627431476,seq_hotel
7100,284.0,143,0.79,1.36,1.4269723192831147,4.260903660023305,0.05259784517751688,0.07505566912225546,seq_hotel
7100,284.0,144,-0.26,-6.87,0.012500000000001066,3.428644046850008,0.08123189446318112,0.0010153986807898505,seq_hotel
7100,284.0,145,1.99,-3.67,1.4673530590830024,2.5372820103409865,0.14833167519204887,0.2176549373519592,seq_hotel
7100,284.0,146,1.26,-1.24,1.4802871343088306,2.580891318905157,0.14336130589271456,0.21221589667069812,seq_hotel
7100,284.0,148,1.4,-3.87,1.8311540077231037,2.6337235997727624,0.1376673622938618,0.25209014219707354,seq_hotel
7100,284.0,149,3.79,-1.75,1.33755840993962,2.631805463935357,0.13786810732146165,0.18440664641027915,seq_hotel
7100,284.0,150,2.46,-2.56,0.23717082451264207,1.6851409436602034,0.3362783598800478,0.07975541587850991,seq_hotel
7110,284.4,138,1.47,-8.28,0.07905694150416953,4.059187110740277,0.05795531095171283,0.004581769627765517,seq_hotel
7110,284.4,139,1.31,-9.3,1.7763568394002505e-15,5.091659847240388,0.03683431662686101,6.543089026475892e-17,seq_hotel
7110,284.4,142,1.41,2.08,1.262747500492508,3.9826875348186683,0.060203108004852665,0.0760213241550082,seq_hotel
7110,284.4,143,0.87,1.96,1.238509689102209,4.231902645383043,0.05332121606741707,0.06603884273420842,seq_hotel
7110,284.4,144,-0.24,-6.9,0.05590169943747935,3.520298282816387,0.07705706342960435,0.004307620799376524,seq_hotel
7110,284.4,145,2.1,-4.27,1.6500473478054698,3.520298282816387,0.07705706342960435,0.12714780314169652,seq_hotel
7110,284.4,146,1.31,-0.65,1.508776408219562,2.5001799935204665,0.15276674695665776,0.2304908637686528,seq_hotel
7110,284.4,148,1.28,-3.15,1.9275956526200813,2.5001799935204665,0.15276674695665776,0.29447251729856555,seq_hotel
7110,284.4,149,3.74,-1.15,1.5291439598677168,3.1704258389055564,0.0950027516565892,0.1452728838664861,seq_hotel
7110,284.4,150,2.37,-2.66,0.5131093937943108,2.0388722372919794,0.22971605930992825,0.11786946793733521,seq_hotel
7120,284.8,138,1.34,-8.33,0.012499999999983302,3.4959691074149957,0.07813330757755584,0.0009766663447181433,seq_hotel
7120,284.8,139,1.31,-9.3,1.7763568394002505e-15,4.4449071981313635,0.0483332485651495,8.585709665913565e-17,seq_hotel
7120,284.8,142,1.43,2.45,1.2779989240997354,3.7003378224156775,0.06974107420495688,0.08912901779949471,seq_hotel
7120,284.8,143,0.83,2.35,1.1150252239299379,4.010049875001557,0.05938432626792524,0.06621502169482182,seq_hotel
7120,284.8,144,-0.24,-6.83,2.4868995751603507e-14,3.1300159744001306,0.097471640150186,2.4240218047968012e-15,seq_hotel
7120,284.8,145,2.27,-4.96,1.6192687392770397,3.1300159744001306,0.097471640150186,0.15783277986125696,seq_hotel
7120,284.8,146,1.39,-0.04,1.6157428632056405,2.4547301277329856,0.15847613697186586,0.2560566873006918,seq_hotel
7120,284.8,148,1.14,-2.35,1.7986540106423448,2.844116734594415,0.11805286914963188,0.21233626656382132,seq_hotel
7120,284.8,149,3.61,-0.54,1.4243968021586852,3.0621887596946076,0.10183743825865119,0.1450569213956553,seq_hotel
7120,284.8,150,2.12,-2.79,0.6388466169590138,2.6986292816909847,0.13112482609938372,0.08376865155293028,seq_hotel
7130,285.2,138,1.47,-8.29,0.18582585934150073,2.93492759706266,0.11086044005565167,0.0206007365403184,seq_hotel
7130,285.2,139,1.31,-9.3,1.7763568394002505e-15,3.9452883291338807,0.061349903859955895,1.0897932131818048e-16,seq_hotel
7130,285.2,142,1.48,3.1,1.4285044627161727,3.741577207542295,0.0682121847044425,0.09744141026191597,seq_hotel
7130,285.2,143,0.81,2.85,1.202341465641094,3.961413889004783,0.06085145152881399,0.07316422341754221,seq_hotel
7130,285.2,144,-0.24,-6.9,0.10000000000000853,3.0144319531215165,0.10508976301353304,0.0105089763013542,seq_hotel
7130,285.2,145,2.44,-5.52,1.5470233514720748,3.0144319531215165,0.10508976301353304,0.16257631738260198,seq_hotel
7130,285.2,146,1.49,0.63,1.533021933959199,2.378949347926517,0.168733374306706,0.2586719638031279,seq_hotel
7130,285.2,148,1.12,-1.72,1.6530275254816185,2.943501316459702,0.11021556041543043,0.18218935510308878,seq_hotel
7130,285.2,149,3.53,-0.03,1.2905909499141042,3.303346787729075,0.08751108022757965,0.1129410081589214,seq_hotel
7130,285.2,150,1.93,-2.92,0.6950719387228654,3.303346787729075,0.08751108022757965,0.06082649619351601,seq_hotel
7140,285.6,138,1.48,-8.28,0.017677669529660486,2.356819891294198,0.17191690824746567,0.0030390902905596613,seq_hotel
7140,285.6,139,1.31,-9.3,1.7763568394002505e-15,3.359360058106306,0.08461712657628699,1.503102115241841e-16,seq_hotel
7140,285.6,142,1.51,3.59,1.2272937708632525,4.62909278368883,0.044563532610839396,0.054692545980944605,seq_hotel
7140,285.6,143,0.89,3.31,1.1672617529927753,4.352528001058695,0.05040669632618291,0.05883780871627475,seq_hotel
7140,285.6,144,-0.24,-6.91,0.012499999999997513,2.867141433553636,0.11616442534534059,0.0014520553168164685,seq_hotel
7140,285.6,145,2.53,-6.17,1.6206673008362684,3.156596268134397,0.09583702075966438,0.1553199257547547,seq_hotel
7140,285.6,146,1.59,1.17,1.407679828654214,2.421321952983535,0.1628794532563574,0.22928212085120123,seq_hotel
7140,285.6,148,1.22,-1.03,1.7848756959519423,4.352528001058695,0.05040669632618291,0.08996968718583392,seq_hotel
7140,285.6,150,1.68,-3.13,0.770146090037451,4.239669798463083,0.05312602413108196,0.04091479976378804,seq_hotel
7150,286.0,138,1.48,-8.28,0.0,2.1989315587348317,0.19749129496647005,0.0,seq_hotel
7150,286.0,139,1.31,-9.3,0.0,2.848613697923957,0.1176804350863101,0.0,seq_hotel
7150,286.0,144,-0.24,-6.91,0.0,2.848613697923957,0.1176804350863101,0.0,seq_hotel
7150,286.0,145,2.57,-6.81,1.6267298484998356,2.8117787964205148,0.12078390844428634,0.19648278908479194,seq_hotel
7150,286.0,146,1.68,1.74,1.442653804625433,8.59619683348398,0.012922861190822766,0.018643214863586815,seq_hotel
7150,286.0,148,1.27,-0.3,1.8292758129927755,6.638531464111622,0.021668425044449,0.03963752583945747,seq_hotel
7150,286.0,150,1.43,-3.28,0.7353783040041779,3.9957227131020994,0.05981094956415413,0.043983674651367086,seq_hotel
7160,286.4,138,1.48,-8.28,0.0,2.1989315587348317,0.19749129496647005,0.0,seq_hotel
7160,286.4,139,1.31,-9.3,1.7763568394002505e-15,2.848613697923957,0.1176804350863101,2.0904244572916415e-16,seq_hotel
7160,286.4,144,-0.24,-6.91,0.0,2.884874347350331,0.11474072196471881,0.0,seq_hotel
7160,286.4,145,2.59,-7.47,1.6375477092286281,2.884874347350331,0.11474072196471881,0.18789340640856422,seq_hotel
7160,286.4,150,1.18,-3.44,0.7076589927359023,4.84928860762071,0.040608347588467736,0.028736862351124486,seq_hotel
7170,286.8,138,1.48,-8.28,0.0,2.1989315587348317,0.19749129496647005,0.0,seq_hotel
7170,286.8,139,1.31,-9.3,1.7763568394002505e-15,2.848613697923957,0.1176804350863101,2.0904244572916415e-16,seq_hotel
7170,286.8,144,-0.24,-6.91,0.0,3.0502622838044595,0.10263536059923822,0.0,seq_hotel
7170,286.8,145,2.56,-8.12,1.6379293330299471,3.0502622838044595,0.10263536059923822,0.16810946773159838,seq_hotel
7170,286.8,150,0.97,-3.61,0.6403124237432706,4.7820706812007705,0.04175797214259855,0.02673814835323125,seq_hotel
7180,287.2,138,1.48,-8.28,0.0,2.1989315587348317,0.19749129496647005,0.0,seq_hotel
7180,287.2,139,1.31,-9.3,1.7763568394002505e-15,2.848613697923957,0.1176804350863101,2.0904244572916415e-16,seq_hotel
7180,287.2,144,-0.24,-6.91,0.0,3.183991206018007,0.09419495931576592,0.0,seq_hotel
7180,287.2,145,2.56,-8.78,1.6004393927918523,3.367031333385538,0.08423199098090065,0.1348081964991214,seq_hotel
7180,287.2,150,0.78,-3.76,0.5869678440936874,4.573882377149634,0.045645860430554505,0.02679265228872393,seq_hotel
7180,287.2,152,-1.81,-4.14,0.0,5.288071482118977,0.03414890227514142,0.0,seq_hotel
7180,287.2,153,-1.94,-9.65,0.8620469824782598,3.6841959774148827,0.07035353661610455,0.06064805394658669,seq_hotel
7190,287.6,138,1.48,-8.28,0.0,2.1989315587348317,0.19749129496647005,0.0,seq_hotel
7190,287.6,139,1.31,-9.3,1.7763568394002505e-15,2.848613697923957,0.1176804350863101,2.0904244572916415e-16,seq_hotel
7190,287.6,144,-0.24,-6.91,0.0,2.892766841624123,0.11411546928829386,0.0,seq_hotel
7190,287.6,145,2.53,-9.4,1.5518134552837197,3.72464763434073,0.06883368114693089,0.10681703258051667,seq_hotel
7190,287.6,150,0.55,-3.82,0.588430114796982,4.555930201396856,0.04600629482578336,0.027071489345719506,seq_hotel
7190,287.6,152,-1.81,-4.14,0.0,5.180086871858426,0.03558748489941124,0.0,seq_hotel
7190,287.6,153,-1.84,-9.32,0.8016584372411808,3.479080338250326,0.0788937259212964,0.0632458210302005,seq_hotel
7200,288.0,138,1.48,-8.28,0.0,3.3819520990102743,0.08349038771694867,0.0,seq_hotel
7200,288.0,139,1.31,-9.3,0.0,3.142499005568657,0.09669879988976256,0.0,seq_hotel
7200,288.0,144,-0.24,-6.91,0.0,2.848613697923957,0.1176804350863101,0.0,seq_hotel
7200,288.0,150,0.32,-3.86,0.5855019214315519,4.569682702332844,0.045729798800467965,0.02677488506435227,seq_hotel
7200,288.0,152,-1.81,-4.14,0.0,4.880010245890883,0.04009866503816465,0.0,seq_hotel
7200,288.0,153,-1.82,-9.02,0.6254998001598757,3.3819520990102743,0.08349038771694867,0.05222322083222193,seq_hotel
7210,288.4,138,1.48,-8.28,0.0,3.3438899503422657,0.08540187974452423,0.0,seq_hotel
7210,288.4,139,1.31,-9.3,1.7763568394002505e-15,3.166591227171578,0.09523297982022798,1.69167755040128e-16,seq_hotel
7210,288.4,144,-0.24,-6.91,0.0,2.848613697923957,0.1176804350863101,0.0,seq_hotel
7210,288.4,150,0.1,-3.95,0.6486765372664394,4.544590190545237,0.04623617816772004,0.02999232395027078,seq_hotel
7210,288.4,152,-1.81,-4.14,0.0,4.68001068374849,0.043599116929636875,0.0,seq_hotel
7210,288.4,153,-1.82,-8.82,0.41325688137041994,3.3438899503422657,0.08540187974452423,0.03529291448639372,seq_hotel
7220,288.8,138,1.48,-8.28,0.0,3.3452204710601663,0.08533395813872231,0.0,seq_hotel
7220,288.8,139,1.31,-9.3,1.7763568394002505e-15,3.2085199079949627,0.09276024892189803,1.6477530259688328e-16,seq_hotel
7220,288.8,144,-0.24,-6.91,0.0,2.831430733745751,0.11911309199842483,0.0,seq_hotel
7220,288.8,150,-0.15,-4.08,0.7242452968435419,4.505208097302498,0.04704805455766014,0.03407433223902372,seq_hotel
7220,288.8,152,-1.81,-4.14,0.0,4.550098900024042,0.046124291592268524,0.0,seq_hotel
7220,288.8,153,-1.84,-8.69,0.2503123049312471,3.3452204710601663,0.08533395813872231,0.021360139750610137,seq_hotel
7230,289.2,138,1.48,-8.28,0.024999999999996136,3.3274164151785994,0.08624959658872366,0.0021562399147177585,seq_hotel
7230,289.2,139,1.31,-9.3,1.7763568394002505e-15,3.2127869521647403,0.09251401458548458,1.6433790254930007e-16,seq_hotel
7230,289.2,144,-0.24,-6.91,0.0,2.7572631357924475,0.1256073210853498,0.0,seq_hotel
7230,289.2,150,-0.44,-4.16,0.7198090024443924,4.545415272557612,0.04621939414501726,0.033269135993109065,seq_hotel
7230,289.2,152,-1.81,-4.14,0.0,4.480044642634713,0.04757805660717921,0.0,seq_hotel
7230,289.2,153,-1.83,-8.62,0.08838834764832956,3.3274164151785994,0.08624959658872366,0.007623459327812287,seq_hotel
7240,289.6,138,1.46,-8.28,0.14577379737114432,3.3075217308432006,0.08729029667645108,0.012724638020180052,seq_hotel
7240,289.6,139,1.31,-9.3,1.7763568394002505e-15,3.2127869521647403,0.09251401458548458,1.6433790254930007e-16,seq_hotel
7240,289.6,144,-0.24,-6.91,0.0,2.6682203807032128,0.13413063720978907,0.0,seq_hotel
7240,289.6,150,-0.69,-4.28,0.6281172263200416,4.487226314773971,0.04742588395205274,0.02978901468373954,seq_hotel
7240,289.6,152,-1.81,-4.14,0.0,4.480044642634713,0.04757805660717921,0.0,seq_hotel
7240,289.6,153,-1.83,-8.62,0.0,3.3075217308432006,0.08729029667645108,0.0,seq_hotel
7250,290.0,138,1.38,-8.22,0.24011715890374463,3.2348261158832012,0.0912576961756264,0.021912538733792532,seq_hotel
7250,290.0,139,1.31,-9.3,0.0,3.2127869521647403,0.09251401458548458,0.0,seq_hotel
7250,290.0,144,-0.24,-6.91,0.0,2.476489450815408,0.1557035151722439,0.0,seq_hotel
7250,290.0,150,-0.81,-4.5,0.7538443141657734,4.244384525464204,0.053008063289704706,0.039959827115883355,seq_hotel
7250,290.0,152,-1.81,-4.14,0.0,4.480044642634713,0.04757805660717921,0.0,seq_hotel
7250,290.0,153,-1.83,-8.62,0.0,3.2348261158832012,0.0912576961756264,0.0,seq_hotel
7260,290.4,138,1.31,-8.16,0.09762812094885116,4.172349458039199,0.054854218258400894,0.005355314254685843,seq_hotel
7260,290.4,139,1.31,-9.3,1.7763568394002505e-15,5.1483686736674175,0.03602733217954523,6.39973979224799e-17,seq_hotel
7260,290.4,144,-0.24,-6.91,0.0,2.848613697923957,0.1176804350863101,0.0,seq_hotel
7260,290.4,150,-1.08,-4.74,0.7341023430013147,4.172349458039199,0.054854218258400894,0.04026861014699759,seq_hotel
7260,290.4,152,-1.81,-4.14,0.0,5.08869334898459,0.03687727491818327,0.0,seq_hotel
7270,290.8,138,1.32,-8.17,0.06250000000000212,5.102724762320618,0.036674744354414424,0.0022921715221509795,seq_hotel
7270,290.8,139,1.31,-9.3,1.7763568394002505e-15,6.029925372672535,0.026263191929355657,4.665280060819238e-17,seq_hotel
7270,290.8,150,-1.24,-4.9,0.43011626335210634,5.085518655948477,0.0369233314084629,0.015881325335919527,seq_hotel
7270,290.8,152,-1.81,-4.14,0.0,6.029925372672535,0.026263191929355657,0.0,seq_hotel
7280,291.2,138,1.35,-8.19,0.03535533905933369,5.136934883760938,0.03618788994097232,0.0012794351187049274,seq_hotel
7280,291.2,139,1.31,-9.3,1.7763568394002505e-15,6.029925372672535,0.026263191929355657,4.665280060819238e-17,seq_hotel
7280,291.2,150,-1.28,-5.02,0.26925824035672713,5.0026492981219475,0.03815674019744557,0.010274016723312991,seq_hotel
7280,291.2,152,-1.81,-4.14,0.0,6.029925372672535,0.026263191929355657,0.0,seq_hotel
7290,291.6,138,1.34,-8.19,0.0375000000000012,5.130789412946121,0.03627463090413569,0.0013602986589051319,seq_hotel
7290,291.6,139,1.31,-9.3,1.7763568394002505e-15,6.029925372672535,0.026263191929355657,4.665280060819238e-17,seq_hotel
7290,291.6,150,-1.32,-5.1,0.33773140215267256,4.955491902929517,0.03888640905616636,0.013133161455221448,seq_hotel
7290,291.6,152,-1.81,-4.14,0.0,6.029925372672535,0.026263191929355657,0.0,seq_hotel
7300,292.0,138,1.32,-8.19,0.05000000000000293,5.118534946642447,0.036448531590470484,0.001822426579523631,seq_hotel
7300,292.0,139,1.31,-9.3,0.0,6.029925372672535,0.026263191929355657,0.0,seq_hotel
7300,292.0,150,-1.27,-5.29,0.49117206760974136,4.7682806125478825,0.041999853035927764,0.02062915465496191,seq_hotel
7300,292.0,152,-1.81,-4.14,0.0,6.029925372672535,0.026263191929355657,0.0,seq_hotel
7310,292.4,138,1.3,-8.19,0.025000000000003242,1.110045044131094,0.25832647799366176,0.006458161949842381,seq_hotel
7310,292.4,139,1.31,-9.3,1.7763568394002505e-15,1.110045044131094,0.25832647799366176,4.588800059822194e-16,seq_hotel
7320,292.8,138,1.3,-8.19,0.0,1.110045044131094,0.25832647799366176,0.0,seq_hotel
7320,292.8,139,1.31,-9.3,1.7763568394002505e-15,1.110045044131094,0.25832647799366176,4.588800059822194e-16,seq_hotel
7330,293.2,138,1.3,-8.19,0.0,1.110045044131094,0.25832647799366176,0.0,seq_hotel
7330,293.2,139,1.31,-9.3,1.7763568394002505e-15,1.110045044131094,0.25832647799366176,4.588800059822194e-16,seq_hotel
7340,293.6,138,1.3,-8.19,0.0,1.110045044131094,0.25832647799366176,0.0,seq_hotel
7340,293.6,139,1.31,-9.3,1.7763568394002505e-15,1.110045044131094,0.25832647799366176,4.588800059822194e-16,seq_hotel
7350,294.0,138,1.3,-8.19,0.0,1.110045044131094,0.25832647799366176,0.0,seq_hotel
7350,294.0,139,1.31,-9.3,0.0,1.110045044131094,0.25832647799366176,0.0,seq_hotel
7360,294.4,138,1.3,-8.19,0.024999999999996136,1.110045044131094,0.25832647799366176,0.006458161949840546,seq_hotel
7360,294.4,139,1.31,-9.3,0.02499999999999858,1.110045044131094,0.25832647799366176,0.006458161949841177,seq_hotel
7370,294.8,138,1.28,-8.19,0.049999999999995784,1.0904127658827183,0.2677122676062159,0.013385613380309667,seq_hotel
7370,294.8,139,1.31,-9.28,0.049999999999999115,1.0904127658827183,0.2677122676062159,0.013385613380310558,seq_hotel
7480,299.2,156,1.42,-9.38,1.5018738295874343,5.291323085958748,0.034106945062392514,0.05122432819638368,seq_hotel
7480,299.2,157,2.25,-9.31,1.612451549659574,5.182788824561542,0.035550388795455606,0.057323279504232744,seq_hotel
7480,299.2,158,3.34,-9.33,1.7148250639641047,5.350476614284003,0.03335695826934049,0.05720134809786978,seq_hotel
7480,299.2,159,2.08,-4.13,1.5249999999998696,5.350476614284003,0.03335695826934049,0.050869361360739905,seq_hotel
7490,299.6,156,1.45,-8.78,1.5882872063956104,5.297593793412251,0.034026248768065426,0.05404345559995272,seq_hotel
7490,299.6,157,2.17,-8.67,1.6331047884321261,5.150786347733713,0.035993519127022075,0.05878118843886307,seq_hotel
7490,299.6,158,3.43,-8.65,1.7824228594808662,5.304658330184896,0.033935679458388296,0.06048773081864656,seq_hotel
7490,299.6,159,2.08,-3.52,1.5013015186830148,5.304658330184896,0.033935679458388296,0.050947687108418335,seq_hotel
7500,300.0,156,1.46,-8.11,1.6930925845919726,5.2112666406546495,0.035162908630510845,0.059534059855002985,seq_hotel
7500,300.0,157,2.12,-8.01,1.6704228506579766,5.080797181545432,0.036991987392797535,0.06179226103218079,seq_hotel
7500,300.0,158,3.47,-7.91,1.9092292292965811,5.184013888870284,0.03553358854474108,0.06784176587141783,seq_hotel
7500,300.0,159,2.03,-2.93,1.4620725871174258,5.2112666406546495,0.035162908630510845,0.05141072479198465,seq_hotel
7510,300.4,156,1.34,-7.43,1.7045893933730547,5.104213945359266,0.03665334735160526,0.062478907127164675,seq_hotel
7510,300.4,157,2.04,-7.34,1.6648010391635184,4.981214711292819,0.038485830067561594,0.06407124988954713,seq_hotel
7510,300.4,158,3.58,-7.13,1.8770405563013135,5.047316118493074,0.03748438330905,0.07035970769903088,seq_hotel
7510,300.4,159,1.93,-2.36,1.4440611136651869,5.104213945359266,0.03665334735160526,0.05292967359611602,seq_hotel
7520,300.8,156,1.36,-6.75,1.832220306076749,3.0967240755353074,0.09957867905683929,0.18245007782024045,seq_hotel
7520,300.8,157,2.05,-6.68,1.6897669957718833,3.0379763001050564,0.10346718153612638,0.17483542850528436,seq_hotel
7520,300.8,158,3.54,-6.41,1.731509457092245,3.535944004081513,0.07637665330054401,0.13224689749094756,seq_hotel
7520,300.8,159,1.92,-1.78,1.4534441853748434,5.00144978981095,0.03817504481606158,0.05548529691432876,seq_hotel
7520,300.8,160,2.27,-9.71,1.6257690487890042,3.535944004081513,0.07637665330054401,0.124170798986113,seq_hotel
7530,301.2,156,1.47,-5.97,1.8284641779373145,3.1969516730785914,0.09343277320594605,0.17083847885241368,seq_hotel
7530,301.2,157,2.11,-5.99,1.750044642287704,3.0752723456630635,0.10097275739919132,0.17670683310347088,seq_hotel
7530,301.2,158,3.46,-5.75,1.7380394845917264,3.510697936308392,0.07747907980132834,0.13466169992454197,seq_hotel
7530,301.2,159,1.85,-1.2,1.448112996281694,4.826447969262695,0.04099360618131981,0.0593633738756228,seq_hotel
7530,301.2,160,2.29,-9.06,1.5757934509319294,3.510697936308392,0.07747907980132834,0.12209102653516553,seq_hotel
7540,301.6,156,1.45,-5.29,1.725181149908591,3.2749351138610354,0.08903607005476566,0.15360334972042247,seq_hotel
7540,301.6,157,2.06,-5.28,1.7628988910314471,3.179842763408278,0.0944408942927164,0.16648974781664788,seq_hotel
7540,301.6,158,3.37,-5.03,1.7862320677895955,3.58050275799363,0.07448749286672174,0.1330519484077871,seq_hotel
7540,301.6,159,1.78,-0.63,1.4418954539077873,4.678471972770597,0.04362780042814918,0.06290672710134451,seq_hotel
7540,301.6,160,2.31,-8.45,1.687546295661248,3.58050275799363,0.07448749286672174,0.1257010926603299,seq_hotel
7550,302.0,156,1.45,-4.59,1.7771553815016736,3.2285135898738293,0.09161490684825074,0.16281392473114334,seq_hotel
7550,302.0,157,2.08,-4.58,1.7022503488031162,3.1363832673957432,0.09707627998163773,0.1652481314592518,seq_hotel
7550,302.0,158,3.3,-4.33,1.7024339194225218,3.5305523647157533,0.07661010674470287,0.13042364429276226,seq_hotel
7550,302.0,159,1.76,-0.05,1.481395035093695,4.550571392693449,0.04611471378044748,0.0683141080391217,seq_hotel
7550,302.0,160,2.28,-7.71,1.914500587620805,3.5305523647157533,0.07661010674470287,0.14667009438042625,seq_hotel
7560,302.4,156,1.38,-3.87,1.7429321558798394,3.2097507691408063,0.09268911997586726,0.16155084770614342,seq_hotel
7560,302.4,157,2.13,-3.92,1.6796577032240547,3.010398644698074,0.10537154852980657,0.17698813318873693,seq_hotel
7560,302.4,158,3.19,-3.68,1.6663020434482787,3.339715556750305,0.08561550503880974,0.14266129099702507,seq_hotel
7560,302.4,159,1.67,0.55,1.4950438956766268,4.494808116037881,0.04726602379568544,0.07066478034864569,seq_hotel
7560,302.4,160,2.38,-6.92,1.8426373761540755,3.339715556750305,0.08561550503880974,0.1577583295628184,seq_hotel
7570,302.8,156,1.34,-3.2,1.7338540884399534,3.2162244946520757,0.09231635991061303,0.1600630980609106,seq_hotel
7570,302.8,157,2.18,-3.24,1.7254075605490795,3.007341018241862,0.10558592436520738,0.18217875218729207,seq_hotel
7570,302.8,158,3.21,-3.0,1.701148509096111,3.342154993413681,0.08549056925258477,0.14543215442581242,seq_hotel
7570,302.8,159,1.64,1.14,1.4577379737113019,2.2681269805722963,0.1856250794167195,0.2705927271389282,seq_hotel
7570,302.8,160,2.39,-6.24,1.7628988910314587,3.342154993413681,0.08549056925258477,0.1507112297290298,seq_hotel
7570,302.8,161,-0.1,2.32,0.050000000000002855,3.8679193373181917,0.06382878312332042,0.0031914391561662036,seq_hotel
7570,302.8,162,3.44,2.52,1.2539936203985165,3.545645216318181,0.07595927794006904,0.09525244994692435,seq_hotel
7570,302.8,163,3.68,1.5,1.2209115447075474,3.8679193373181917,0.06382878312332042,0.07792929819989616,seq_hotel
7580,303.2,156,1.24,-2.49,1.7351602951888743,3.238718882521297,0.09103845428688018,0.15796631121396185,seq_hotel
7580,303.2,157,2.16,-2.54,1.8000868034625113,2.980503313200641,0.1074959653456303,0.19350206864413252,seq_hotel
7580,303.2,158,3.14,-2.32,1.6319083920367468,3.2724608477413444,0.08917075903925412,0.14551851000044538,seq_hotel
7580,303.2,159,1.55,1.71,1.4635679861215642,2.3247580519271245,0.17669158267210144,0.2586001438160394,seq_hotel
7580,303.2,160,2.41,-5.51,1.7753960825686008,3.2724608477413444,0.08917075903925412,0.15831341627796042,seq_hotel
7580,303.2,161,-0.08,2.32,0.05153882032021968,4.063557554655772,0.05783071361401193,0.002980526757942643,seq_hotel
7580,303.2,162,3.4,2.02,1.2341495047197297,3.4929070986786925,0.07827035659087997,0.09659732182087115,seq_hotel
7580,303.2,163,3.77,1.02,1.176661059948859,3.398896879871468,0.08266000074021831,0.09726280408635875,seq_hotel
7590,303.6,156,1.19,-1.82,1.650426081349878,3.220077638815561,0.09209556062372788,0.15199691522993933,seq_hotel
7590,303.6,157,2.01,-1.81,1.7660425391252235,2.9283613165045055,0.1113581633938605,0.1966632536324149,seq_hotel
7590,303.6,158,3.09,-1.7,1.818696305049318,2.3488720697390053,0.17308229872967668,0.3147841371691052,seq_hotel
7590,303.6,159,1.42,2.29,1.4713938969561937,2.88600069300061,0.11465117763853667,0.1686970430561833,seq_hotel
7590,303.6,160,2.36,-4.82,1.7765838004439682,3.220077638815561,0.09209556062372788,0.16361548109692037,seq_hotel
7590,303.6,161,-0.06,2.33,0.027950849718743162,4.182941548719035,0.05457676507694874,0.0015254669588009443,seq_hotel
7590,303.6,162,3.56,1.54,1.1590001078515597,3.2739120330271554,0.08909172538614282,0.10325731933122108,seq_hotel
7590,303.6,163,3.73,0.56,1.3005407529178035,2.88600069300061,0.11465117763853667,0.14910852888893533,seq_hotel
7600,304.0,156,1.27,-1.17,1.6331047884322378,2.724591712532357,0.1286377749483218,0.21007896624137287,seq_hotel
7600,304.0,157,1.97,-1.14,1.6692532012850287,2.094588265029669,0.2176577071436583,0.3633258244339109,seq_hotel
7600,304.0,158,3.02,-0.87,1.89064307842607,1.7755280904564703,0.3029118663128857,0.5726982234175804,seq_hotel
7600,304.0,159,1.35,2.87,1.5250000000000872,3.75022665981671,0.0678979009507382,0.10354429894988167,seq_hotel
7600,304.0,160,2.35,-4.09,1.8131895240157265,3.288966402990459,0.0882780045437745,0.16006475303978465,seq_hotel
7600,304.0,161,-0.06,2.33,0.0,3.9087593939765597,0.06250194120793878,0.0,seq_hotel
7600,304.0,162,3.66,1.13,1.0606601717798816,2.8300176677893725,0.1192320712387779,0.12646470916179325,seq_hotel
7600,304.0,163,3.74,-0.02,1.2290748553282553,2.094588265029669,0.2176577071436583,0.2675176149186716,seq_hotel
7610,304.4,156,1.32,-0.52,1.6012202378186264,2.4920072231034966,0.15377041570206149,0.24622030159992395,seq_hotel
7610,304.4,157,1.89,-0.48,1.5914812282901605,1.920937271229855,0.25878852535267527,0.41185708019567496,seq_hotel
7610,304.4,158,2.83,-0.21,1.6337265683093842,1.2452309022827854,0.6158452589651568,1.0061227615387498,seq_hotel
7610,304.4,159,1.2,3.49,1.5947178433817975,4.011795109424209,0.059332670076819555,0.09461886766698939,seq_hotel
7610,304.4,160,2.4,-3.37,1.8250428077170933,3.18912213626258,0.09389210545709374,0.17135711176588378,seq_hotel
7610,304.4,161,-0.06,2.33,0.0,3.420321622303961,0.08162768694983775,0.0,seq_hotel
7610,304.4,162,3.68,0.7,1.1745344822524015,2.1439449619801345,0.20775147580797823,0.24401127207529602,seq_hotel
7610,304.4,163,3.81,-0.42,1.0511898020814083,1.920937271229855,0.25878852535267527,0.2720358587464182,seq_hotel
7620,304.8,156,1.32,0.11,1.5500504024062962,2.5700778198334775,0.1445702176360456,0.2240911240227183,seq_hotel
7620,304.8,157,1.88,0.13,1.5374999999999799,2.0524375751773793,0.22668953318726928,0.34853515727542195,seq_hotel
7620,304.8,158,2.81,0.42,1.5375508121684682,1.52190669884852,0.41228290240539345,0.633905911436586,seq_hotel
7620,304.8,160,2.34,-2.63,1.8385626179164787,2.923696290656743,0.11171381124840572,0.2053928372662962,seq_hotel
7620,304.8,161,-0.06,2.33,0.0,3.44746283518764,0.08034746811538679,0.0,seq_hotel
7620,304.8,162,3.93,0.23,1.3704470073665656,2.0524375751773793,0.22668953318726928,0.31066599235781694,seq_hotel
7620,304.8,163,3.7,-0.86,1.134955946281602,2.0718349355100663,0.22246468457807153,0.2524876165995433,seq_hotel
7630,305.2,156,1.33,0.72,1.5665447647609403,2.1270166901084724,0.21107149519282345,0.33065294578458154,seq_hotel
7630,305.2,157,1.89,0.75,1.57901274535702,2.3488294957276064,0.17308857323751528,0.2733090632176986,seq_hotel
7630,305.2,158,2.82,1.02,1.5685383323336086,1.7899720668211556,0.2980429645915643,0.4674918146442171,seq_hotel
7630,305.2,160,2.35,-1.9,1.7250452892605352,2.689628227097567,0.13200393394497892,0.22771276441564475,seq_hotel
7630,305.2,161,-0.06,2.33,0.0637377439198999,3.1639374203672235,0.09539280341155507,0.0060801220756470506,seq_hotel
7630,305.2,162,3.96,-0.36,1.2772039774444903,2.2279362647975365,0.19238262960117902,0.245711859717856,seq_hotel
7630,305.2,163,3.69,-1.32,1.2124999999999742,2.4964975465639854,0.15321775508245042,0.18577652803746716,seq_hotel
7640,305.6,156,1.23,1.36,1.529143959867708,1.718196729132028,0.3234637418031882,0.49462262701455306,seq_hotel
7640,305.6,157,1.79,1.39,1.6017568479641104,2.0260552805883654,0.23263164962639094,0.37261933784225926,seq_hotel
7640,305.6,158,2.92,1.67,1.5741068896361199,2.682629307228265,0.13269362308780266,0.20887394631328868,seq_hotel
7640,305.6,160,2.35,-1.25,1.575198400202307,2.6987404469492797,0.1311140238564604,0.20653060062278353,seq_hotel
7640,305.6,161,-0.01,2.32,0.07603453162871941,3.0012330799189852,0.1060161265794094,0.008060886529556424,seq_hotel
7640,305.6,162,3.99,-0.79,1.0776131031125236,2.682629307228265,0.13269362308780266,0.14299238693889063,seq_hotel
7640,305.6,163,3.7,-1.83,1.2752450744855763,3.5858611239143103,0.07426504530512132,0.09470613323180414,seq_hotel
7650,306.0,156,1.15,1.93,1.5225903093085358,1.9662146373170961,0.24700715430713194,0.37609069947791723,seq_hotel
7650,306.0,157,1.83,2.03,1.5876968381905558,1.8528356645962967,0.2781618580108861,0.4416367024690942,seq_hotel
7650,306.0,158,3.09,2.25,1.5863184579397316,2.9882603634890987,0.1069386047181173,0.16963868253067033,seq_hotel
7650,306.0,160,2.33,-0.64,1.575049602393614,2.9882603634890987,0.1069386047181173,0.1684336068417985,seq_hotel
7650,306.0,161,-0.0,2.32,0.01250000000000071,3.090792778560219,0.09996123296884457,0.001249515412110628,seq_hotel
7660,306.4,156,1.09,2.57,1.584692399174029,2.1273457640919586,0.21100619996273914,0.33437992125954796,seq_hotel
7660,306.4,157,1.77,2.66,1.5598477489806308,1.8023595645708435,0.2939601842546935,0.4585331316996151,seq_hotel
7660,306.4,158,3.19,2.91,1.6688319268279588,3.0164382970649344,0.1049500113806473,0.17514392971298184,seq_hotel
7660,306.4,160,2.36,0.01,1.6251922963144778,3.0164382970649344,0.1049500113806473,0.17056394999394478,seq_hotel
7660,306.4,161,-0.0,2.32,0.0,3.244102341172362,0.09073655561005795,0.0,seq_hotel
7670,306.8,156,1.01,3.19,1.5628499608086455,2.862953020920881,0.11650456396649451,0.1820791532290643,seq_hotel
7670,306.8,157,1.69,3.27,1.5380588415270708,2.6921552704106797,0.1317562341917259,0.2026488409248954,seq_hotel
7670,306.8,160,2.35,0.66,1.6251922963143621,2.877168747223562,0.11535613951889588,0.18747590927867433,seq_hotel
7670,306.8,161,-0.0,2.32,0.0,2.877168747223562,0.11535613951889588,0.0,seq_hotel
8050,322.0,164,2.18,-7.98,1.352081728299073,9.072138667370556,0.011602511898631191,0.015687544340511818,seq_hotel
8050,322.0,165,2.78,-8.31,1.6070158679989126,9.48636916844374,0.01061136709535346,0.01705263530339454,seq_hotel
8050,322.0,166,2.52,-5.1,1.3647344063956959,6.287837466092775,0.0241528713316262,0.03296225451951851,seq_hotel
8050,322.0,167,1.12,1.03,1.7500000000000995,9.48636916844374,0.01061136709535346,0.01856989241686961,seq_hotel
8060,322.4,164,2.21,-7.44,1.3889069443270612,7.846081824707158,0.015511925708668991,0.02154462133665583,seq_hotel
8060,322.4,165,2.84,-7.67,1.5632997953047751,8.18281125286414,0.014261536395006038,0.02229505692704454,seq_hotel
8060,322.4,166,2.6,-4.56,1.4853450777512558,5.109060579010587,0.03658383904037438,0.054339625243864306,seq_hotel
8060,322.4,167,1.12,0.33,1.7391179517214805,8.18281125286414,0.014261536395006038,0.02480249396368425,seq_hotel
8070,322.8,164,2.23,-6.87,1.5002083188677382,6.61430268433491,0.021827462537460793,0.03274574087847259,seq_hotel
8070,322.8,165,2.82,-7.06,1.5383127932900835,6.927308279555631,0.019899508592873406,0.03061166864860311,seq_hotel
8070,322.8,166,2.66,-3.92,1.6405029716522734,3.9030244682809765,0.06268575113901981,0.10283616102381687,seq_hotel
8070,322.8,167,1.06,-0.36,1.6757461024868578,6.927308279555631,0.019899508592873406,0.03334652396591135,seq_hotel
8080,323.2,164,2.23,-6.24,1.5532224567008868,5.354941643006019,0.03330135442056159,0.051724411524571606,seq_hotel
8080,323.2,165,2.8,-6.44,1.5258194519666954,5.69590203567442,0.0294338016956158,0.04491066717250089,seq_hotel
8080,323.2,166,2.78,-3.26,1.5101738310538968,3.180062892459834,0.09442782004502923,0.14260242275546975,seq_hotel
8080,323.2,167,1.08,-1.01,1.6772838906994532,5.69590203567442,0.0294338016956158,0.04936884142609863,seq_hotel
8090,323.6,164,2.31,-5.63,1.499999999999976,4.103327917678527,0.05671513001201927,0.08507269501802754,seq_hotel
8090,323.6,165,2.78,-5.84,1.4879726139952747,4.4566915980354755,0.04807798060383202,0.07153871847469805,seq_hotel
8090,323.6,166,2.8,-2.72,1.4005021420904582,3.1200641019056,0.09809443014251676,0.13738145954173753,seq_hotel
8090,323.6,167,1.13,-1.7,1.750401739601491,4.4566915980354755,0.04807798060383202,0.0841557808854743,seq_hotel
8100,324.0,164,2.23,-5.04,1.5311862231617244,2.957431317883815,0.1091797377837021,0.16717451034281425,seq_hotel
8100,324.0,165,2.77,-5.25,1.500208318867835,3.2895592409926286,0.0882461888285377,0.13238766658895407,seq_hotel
8100,324.0,166,2.81,-2.14,1.4778574017814607,3.1102572240893513,0.09871400379910193,0.14588522117398603,seq_hotel
8100,324.0,167,1.11,-2.41,1.737904629144057,3.2895592409926286,0.0882461888285377,0.15336346006943624,seq_hotel
8110,324.4,164,2.2,-4.41,1.65042608134987,2.9618406439239777,0.10885490550599848,0.17965697512997544,seq_hotel
8110,324.4,165,2.8,-4.64,1.525460995895973,3.0946728421595715,0.09971072972239449,0.1521048290638381,seq_hotel
8110,324.4,166,2.97,-1.55,1.4881301186388078,3.0946728421595715,0.09971072972239449,0.14838254005134902,seq_hotel
8110,324.4,167,1.16,-3.09,1.701653607524139,2.376489006917558,0.16908292907756645,0.2877205762355891,seq_hotel
8120,324.8,164,2.2,-3.72,1.6772838906994547,2.872525021649072,0.1157294105910963,0.1941110760645887,seq_hotel
8120,324.8,165,2.8,-4.03,1.5876968381904513,3.068631616861171,0.10141025418694542,0.16100873993270323,seq_hotel
8120,324.8,166,3.03,-0.97,1.467832160023735,3.3614877658560647,0.0845100409351988,0.12404655592960712,seq_hotel
8120,324.8,167,1.17,-3.77,1.7375449634469706,3.3614877658560647,0.0845100409351988,0.146839995987652,seq_hotel
8130,325.2,164,2.13,-3.07,1.5532224567008956,2.8495087295883126,0.11760651976690914,0.18266908755640107,seq_hotel
8130,325.2,165,2.82,-3.37,1.6547280743372672,3.000433302041557,0.10607265218396597,0.17552139548822074,seq_hotel
8130,325.2,166,3.07,-0.38,1.5268431484602185,4.527294998119738,0.04659011624243146,0.07113579977072161,seq_hotel
8130,325.2,167,1.15,-4.48,1.8006943105368818,4.527294998119738,0.04659011624243146,0.0838945572449983,seq_hotel
8140,325.6,164,2.12,-2.48,1.4888124462134054,2.8972055501810705,0.11376607240479547,0.16937634455307493,seq_hotel
8140,325.6,165,2.9,-2.71,1.639836119860736,3.0176315215744944,0.10486702963413232,0.17196474297655637,seq_hotel
8140,325.6,166,3.09,0.25,1.6137107857357667,5.77459955321579,0.028637007693617583,0.04621184818638882,seq_hotel
8140,325.6,167,1.21,-5.21,1.8311540077228414,5.77459955321579,0.028637007693617583,0.05243877140735768,seq_hotel
8150,326.0,164,2.18,-1.88,1.5074813431682195,2.913708976545187,0.07498731078454847,0.11304197198206384,seq_hotel
8150,326.0,165,2.89,-2.06,1.6251922963145928,2.972843756405641,0.07203373830224505,0.11706867656355006,seq_hotel
8150,326.0,166,3.02,0.91,1.659254350604606,2.972843756405641,0.07203373830224505,0.11952229366831374,seq_hotel
9260,370.4,174,0.95,1.71,1.1502717070326358,0.7484650960465691,0.5682075797639963,0.6535931027240146,seq_hotel
9260,370.4,175,1.64,2.0,1.250249975004892,0.7484650960465691,0.5682075797639963,0.7104015123975266,seq_hotel
9270,370.8,174,0.96,1.25,1.19999999999999,0.7151223671512449,0.6224284047395205,0.7469140856874185,seq_hotel
9270,370.8,175,1.63,1.5,1.2377524994925084,0.7151223671512449,0.6224284047395205,0.7704123137214762,seq_hotel
9280,371.2,174,0.95,0.75,1.2509996003196622,0.7186793443532381,0.6162824514691009,0.7709691004718668,seq_hotel
9280,371.2,175,1.62,1.01,1.2627475004924542,0.7186793443532381,0.6162824514691009,0.7782091251899693,seq_hotel
9290,371.6,174,1.0,0.25,1.2509996003196622,0.6555150646628956,0.7407723671952307,0.9267059352890836,seq_hotel
9290,371.6,175,1.61,0.49,1.2752450744856632,0.6555150646628956,0.7407723671952307,0.9446663125808029,seq_hotel
9300,372.0,174,0.99,-0.25,1.2505623734944922,0.6928924880528002,0.6630074696600515,0.8291321949026516,seq_hotel
9300,372.0,175,1.64,-0.01,1.2375631297029557,0.6928924880528002,0.6630074696600515,0.8205135991689309,seq_hotel
9310,372.4,174,0.97,-0.75,1.2890160976496519,0.6777905281132218,0.692881772276427,0.8931357582323347,seq_hotel
9310,372.4,175,1.6,-0.5,1.2522479786367982,0.6777905281132218,0.692881772276427,0.867659798767438,seq_hotel
9320,372.8,174,1.04,-1.28,1.3139872526017689,0.6037383539249432,0.8732781513958592,1.1474763589097965,seq_hotel
9320,372.8,175,1.58,-1.01,1.275980015517467,0.6037383539249432,0.8732781513958592,1.1142854691691533,seq_hotel
9330,373.2,174,1.02,-1.8,1.2755513513771066,0.6802940540677979,0.687791456749764,0.8773133221227903,seq_hotel
9330,373.2,175,1.64,-1.52,1.2913776558388912,0.6802940540677979,0.687791456749764,0.8881985191235264,seq_hotel
9340,373.6,174,1.01,-2.3,1.300060094764842,0.7000714249274853,0.6494794657902282,0.844362335843063,seq_hotel
9340,373.6,175,1.66,-2.04,1.2962084130262195,0.7000714249274853,0.6494794657902282,0.8418607476450685,seq_hotel
9350,374.0,174,1.03,-2.84,1.3514459848622176,0.7854934754662193,0.5158993293092231,0.6972100771880605,seq_hotel
9350,374.0,175,1.76,-2.55,1.3542756366413036,0.7854934754662193,0.5158993293092231,0.6986698926430697,seq_hotel
9360,374.4,174,0.96,-3.38,1.3520817282989777,0.9109335870413388,0.3835983202986148,0.5186562798819359,seq_hotel
9360,374.4,175,1.83,-3.11,1.3777812779973313,0.9109335870413388,0.3835983202986148,0.5285145839786551,seq_hotel
9370,374.8,174,0.97,-3.92,1.3755112685834152,3.516390194503449,0.07722843983432041,0.10622858924722403,seq_hotel
9370,374.8,175,1.83,-3.65,1.3902562713399145,4.236897449785633,0.0531955712706808,0.07395547656657336,seq_hotel
9370,374.8,179,0.54,-7.41,0.4596194077712819,3.9751352178259296,0.06043208379803262,0.027775758565636233,seq_hotel
9370,374.8,180,-1.09,-6.72,0.0,4.236897449785633,0.0531955712706808,0.0,seq_hotel
9380,375.2,174,0.99,-4.48,1.3877252069483896,3.0567957079268475,0.10219709530729583,0.1418214852348414,seq_hotel
9380,375.2,175,1.9,-4.22,1.3880066642491153,3.897447882910046,0.06286526478109901,0.08725740646595062,seq_hotel
9380,375.2,179,0.47,-7.24,0.48749999999998944,3.3414517802895203,0.08552655625476895,0.04169419617419896,seq_hotel
9380,375.2,180,-1.09,-6.72,0.0,3.897447882910046,0.06286526478109901,0.0,seq_hotel
9390,375.6,174,0.95,-5.03,1.3624999999999794,2.6490941848111023,0.13607444868708726,0.18540143633615358,seq_hotel
9390,375.6,175,1.8,-4.76,1.3365066404623425,3.4919478804816086,0.07831336333937788,0.1046663301400187,seq_hotel
9390,375.6,179,0.39,-7.05,0.44668920963012476,2.689274995235705,0.13203861322299879,0.058980223781239065,seq_hotel
9390,375.6,180,-1.09,-6.72,0.0,3.4919478804816086,0.07831336333937788,0.0,seq_hotel
9400,376.0,174,0.99,-5.57,1.3059957886609723,2.376741466798608,0.16904701066603625,0.22077468401556982,seq_hotel
9400,376.0,175,1.76,-5.28,1.309222097277691,3.193133257476111,0.09365636454638264,0.12261698201481905,seq_hotel
9400,376.0,179,0.36,-6.9,0.4527692569068969,2.1411212016137715,0.20829981209130355,0.09431175113442576,seq_hotel
9400,376.0,180,-1.09,-6.72,0.0,3.193133257476111,0.09365636454638264,0.0,seq_hotel
9400,376.0,181,1.17,-9.88,1.6530275254817481,3.884996782495451,0.06326886667846258,0.10458517812553364,seq_hotel
9400,376.0,182,1.89,-9.65,1.5018738295876435,4.178085686052884,0.05470369941977568,0.08215805454018986,seq_hotel
9410,376.4,174,1.05,-6.07,1.2250637738501464,2.236537502480117,0.19090575129473067,0.23387172013082022,seq_hotel
9410,376.4,175,1.61,-5.79,1.1963486114005406,2.8022312538404113,0.12160836148377861,0.14548599439581353,seq_hotel
9410,376.4,179,0.35,-6.69,0.4685416203497836,1.548418548067673,0.3982856433731113,0.1866134007080936,seq_hotel
9410,376.4,180,-1.09,-6.72,0.0,2.236537502480117,0.19090575129473067,0.0,seq_hotel
9410,376.4,181,1.21,-9.22,1.5618998847557313,3.154060874491804,0.09599115997540954,0.14992858170316112,seq_hotel
9410,376.4,182,1.92,-9.05,1.429433891440935,3.1044001030794988,0.09908684575050809,0.14163809551175646,seq_hotel
9410,376.4,183,-1.0,-4.77,1.366107609231308,2.3471045992882384,0.17334307367194388,0.23680529195078576,seq_hotel
9410,376.4,184,-1.06,-2.53,0.0,2.2408034273447544,0.19017957033206653,0.0,seq_hotel
9410,376.4,185,-0.88,-1.08,0.11180339887498006,3.6919507038962474,0.07005830002944664,0.00783275606269525,seq_hotel
9410,376.4,186,-0.11,-0.77,1.4091220671040752,4.097816491742889,0.056867792506677076,0.08013366132865443,seq_hotel
9420,376.8,174,1.0,-6.55,1.2655285457072758,2.0969024774652727,0.21717754345039172,0.27484438072305295,seq_hotel
9420,376.8,175,1.58,-6.22,1.1549485919295241,2.324672019877213,0.17670466100763715,0.2040847994181544,seq_hotel
9420,376.8,179,0.3,-6.53,0.44808620822337253,1.4029255147726127,0.4851791782092124,0.2174020982726979,seq_hotel
9420,376.8,180,-1.09,-6.72,0.0,2.3236178687555316,0.17686502788401473,0.0,seq_hotel
9420,376.8,181,1.39,-8.65,1.4270270670172704,2.3837994882120435,0.16804745421053624,0.2398082657017806,seq_hotel
9420,376.8,182,1.98,-8.51,1.3680506204084528,2.324672019877213,0.17670466100763715,0.24174092112056336,seq_hotel
9420,376.8,183,-0.55,-4.46,1.660666281948321,2.3236178687555316,0.17686502788401473,0.2937137882628329,seq_hotel
9420,376.8,184,-1.06,-2.53,0.0,1.9962464777677131,0.23963103100410837,0.0,seq_hotel
9420,376.8,185,-0.86,-1.04,0.10680004681646715,3.434020966738555,0.08097771113431182,0.008648423340234856,seq_hotel
9420,376.8,186,0.13,-1.28,1.3752272539474824,3.2518917571161556,0.09030238477809246,0.12418630064328504,seq_hotel
9420,376.8,187,1.71,2.67,1.5532224567009953,5.891765440001833,0.027509359879219895,0.04272815553387372,seq_hotel
9430,377.2,174,0.98,-7.08,1.2772039774444695,1.2180311982868095,0.643657089883642,0.8220813953097199,seq_hotel
9430,377.2,175,1.45,-6.7,1.2158458989526464,1.4458561477546794,0.4567948617801346,0.5553921593580177,seq_hotel
9430,377.2,179,0.17,-6.38,0.51295711321707,1.3193938001976515,0.5485579380465142,0.2813866963326483,seq_hotel
9430,377.2,180,-1.09,-6.72,0.0,2.5400787389370434,0.1480052167624569,0.0,seq_hotel
9430,377.2,181,1.58,-8.14,1.2392664160704072,1.4458561477546794,0.4567948617801346,0.5660905312376444,seq_hotel
9430,377.2,182,2.15,-7.98,1.5557353566721577,1.4761097520171054,0.43826226928788464,0.6818201078265365,seq_hotel
9430,377.2,183,0.11,-4.04,1.6658800226907264,2.340769104375739,0.1742826796888911,0.29033403439473054,seq_hotel
9430,377.2,184,-1.06,-2.53,0.0,1.9102355875650525,0.26169626159259296,0.0,seq_hotel
9430,377.2,185,-0.85,-1.0,0.05153882032022741,3.187977415227404,0.0939595460633828,0.0048425641619308174,seq_hotel
9430,377.2,186,0.39,-1.75,1.3278860079087935,2.3070543990118657,0.17941374514821454,0.23824100180882826,seq_hotel
9430,377.2,187,1.75,2.05,1.4927428613126783,5.373313688963264,0.03307402055767156,0.049371008082372984,seq_hotel
9440,377.6,174,0.94,-7.57,1.2763473273368715,1.26372465355393,0.5979521969639148,0.7631946884701032,seq_hotel
9440,377.6,175,1.33,-7.16,1.1014904675029826,0.8485281374238569,1.3262911924324616,1.4608971055975204,seq_hotel
9440,377.6,179,0.02,-6.23,0.43892624665197394,1.6254230218623087,0.3614419600875746,0.1586463629237717,seq_hotel
9440,377.6,180,-1.09,-6.72,0.0,2.4596747752497685,0.1578396129836979,0.0,seq_hotel
9440,377.6,181,1.54,-7.67,1.3000000000000007,0.7409453421137079,1.7393982851573275,2.261217770704527,seq_hotel
9440,377.6,182,2.17,-7.28,1.526843148460194,1.26372465355393,0.5979521969639148,0.9129792150410737,seq_hotel
9440,377.6,183,0.64,-3.86,1.3925022441633415,2.4497550897997953,0.15912046699071394,0.22157560737688806,seq_hotel
9440,377.6,184,-1.06,-2.53,0.0,2.1584485168750263,0.20496891080542015,0.0,seq_hotel
9440,377.6,185,-0.85,-1.0,0.04506939094330562,3.2248565859585137,0.0918228082109457,0.004138398040771285,seq_hotel
9440,377.6,186,0.54,-2.26,1.3542756366412125,1.87608635195718,0.27130995782349976,0.3674284658585207,seq_hotel
9440,377.6,187,1.81,1.48,1.4357054015361028,4.931227027829889,0.03927004394256577,0.05638021420690179,seq_hotel
9450,378.0,174,0.83,-8.09,1.311725962234563,1.916585505527995,0.2599650609945749,0.3410029197804756,seq_hotel
9450,378.0,175,1.31,-7.57,1.1261105629555848,1.2108261642366343,0.6513400576709444,0.7334809190193502,seq_hotel
9450,378.0,179,0.05,-6.05,0.4562071897723939,1.974335331193767,0.24497938905884342,0.1117613586346929,seq_hotel
9450,378.0,180,-1.09,-6.72,0.0,2.5460754112948036,0.1473088559277087,0.0,seq_hotel
9450,378.0,181,1.58,-7.1,1.4200022007026016,1.2420144926690673,0.6190390629789781,0.8790368317510254,seq_hotel
9450,378.0,182,2.21,-6.76,1.4316184023685352,1.916585505527995,0.2599650609945749,0.3721707652926921,seq_hotel
9450,378.0,183,1.18,-3.73,1.4131635609511826,2.580561954303752,0.1433979034660358,0.20264469189499706,seq_hotel
9450,378.0,184,-1.06,-2.53,0.0,2.541180827882975,0.14787686734256872,0.0,seq_hotel
9450,378.0,185,-0.87,-1.03,0.11524430571616777,3.3736034147480938,0.0839041277326971,0.009669472947275336,seq_hotel
9450,378.0,186,0.56,-2.82,1.40556927968714,2.2910696191953663,0.18192601610809142,0.25570961941740106,seq_hotel
9450,378.0,187,1.89,0.91,1.4543576760894277,4.5316773936369295,0.046500049111144394,0.06762770336332821,seq_hotel
9460,378.4,174,0.8,-8.61,1.3021616643106149,2.6728636328851496,0.1336650231728356,0.1740534690348565,seq_hotel
9460,378.4,175,1.29,-8.06,1.226019983523993,2.1602083232873635,0.20463509237145006,0.25088671257767603,seq_hotel
9460,378.4,180,-1.09,-6.72,0.0,2.731300056749533,0.12800665664227504,0.0,seq_hotel
9460,378.4,181,1.73,-6.55,1.5004166088123332,1.5969971822141702,0.3744234859439195,0.561791217039668,seq_hotel
9460,378.4,182,2.28,-6.14,1.66527024833805,2.1602083232873635,0.20463509237145006,0.34077273109208445,seq_hotel
9460,378.4,183,1.73,-3.56,1.402230366238,2.8111385593741196,0.12083893180023689,0.1694440195940549,seq_hotel
9460,378.4,184,-1.06,-2.53,0.0,2.0803845798313345,0.22063993959135222,0.0,seq_hotel
9460,378.4,185,-0.91,-1.07,0.10606601717798568,2.781833927465836,0.12339824497342833,0.013088360371084934,seq_hotel
9460,378.4,186,0.64,-3.38,1.427683876073389,2.5994230129011324,0.14132450178353884,0.2017667124904633,seq_hotel
9460,378.4,187,1.9,0.32,1.5004686767806668,3.534091113709436,0.0764567614014133,0.11472097561091378,seq_hotel
9460,378.4,189,0.25,-5.95,0.44300112866669583,2.038872237291979,0.22971605930992833,0.10176447354716389,seq_hotel
9460,378.4,190,-1.1,-0.45,1.0752906583802369,3.097240707468504,0.09954546159674053,0.10704030493912371,seq_hotel
9460,378.4,192,2.07,3.85,1.4519383595730369,5.7521126553641135,0.028861348288482785,0.04190489868904577,seq_hotel
9470,378.8,180,-1.09,-6.72,0.0,3.252076259868455,0.09029213866786802,0.0,seq_hotel
9470,378.8,181,1.8,-5.92,1.6357815410377832,2.282651966463569,0.1832702540161927,0.2997900985409937,seq_hotel
9470,378.8,182,2.39,-5.44,1.6157428632056068,2.29956517628877,0.18058427733573593,0.29177775731235733,seq_hotel
9470,378.8,183,2.28,-3.51,1.35467939011411,2.457335955867655,0.15814021007723306,0.21422928333994332,seq_hotel
9470,378.8,184,-1.06,-2.53,0.0,2.213820227570432,0.19484383973706842,0.0,seq_hotel
9470,378.8,185,-0.93,-1.09,0.024999999999995914,2.960152023123137,0.10897913364352318,0.0027244783410876345,seq_hotel
9470,378.8,186,0.63,-3.96,1.546063549793468,2.213820227570432,0.19484383973706842,0.3012409585192816,seq_hotel
9470,378.8,187,1.92,-0.29,1.663674397230416,3.2400617278070487,0.09096300805404575,0.15133282759458005,seq_hotel
9470,378.8,189,0.08,-5.9,0.37102055199138295,2.016457289406349,0.23485149370437813,0.08713473083019917,seq_hotel
9470,378.8,190,-0.69,-0.58,1.1256248264852673,2.6260616900598506,0.13847186255493926,0.15586736626149528,seq_hotel
9470,378.8,192,2.1,3.27,1.5311862231616273,5.309472666847434,0.033874165358946176,0.051867655318717225,seq_hotel
9480,379.2,180,-1.09,-6.72,0.0,3.3138799012637734,0.08695565923176278,0.0,seq_hotel
9480,379.2,181,1.88,-5.25,1.5928060930320327,1.956016359849784,0.2495895605204841,0.3975477727542143,seq_hotel
9480,379.2,182,2.46,-4.86,1.4701721837934278,1.7083910559353792,0.32718757573883783,0.4810220727340448,seq_hotel
9480,379.2,183,2.81,-3.47,1.3645626588764377,2.3369210512980536,0.17485711172478066,0.23860348529862102,seq_hotel
9480,379.2,184,-1.06,-2.53,0.0,2.7704331791256043,0.12441593925336752,0.0,seq_hotel
9480,379.2,185,-0.93,-1.07,0.05153882032021966,2.780647406630334,0.12350357715356594,0.006365228671822021,seq_hotel
9480,379.2,186,0.77,-4.61,1.5804469304598507,1.7083910559353792,0.32718757573883783,0.5171025997610462,seq_hotel
9480,379.2,187,1.85,-1.01,1.660431043434201,2.780647406630334,0.12350357715356594,0.20506917348095183,seq_hotel
9480,379.2,189,0.0,-5.79,0.2503123049312592,1.956016359849784,0.2495895605204841,0.06247533818066239,seq_hotel
9480,379.2,190,-0.32,-0.9,1.1800423721205797,2.1727862297059968,0.20227275122884386,0.23869041717544082,seq_hotel
9480,379.2,192,2.18,2.63,1.60078105935819,4.325609783602769,0.051036008879924114,0.08169747636021892,seq_hotel
9480,379.2,193,0.45,3.7,1.7220990099293059,4.913664620219821,0.03955126339566901,0.0681111915351348,seq_hotel
9490,379.6,180,-1.09,-6.72,0.0,3.7054014627297804,0.06955059421350125,0.0,seq_hotel
9490,379.6,181,1.99,-4.66,1.4303080961806494,1.8353473785635241,0.28348809813013864,0.4054753219263917,seq_hotel
9490,379.6,182,2.51,-4.27,1.5166781135099006,1.9338303958723992,0.25534926827054893,0.3872826464867097,seq_hotel
9490,379.6,183,3.37,-3.45,1.3038404810404989,2.4922680433693327,0.1537382326933335,0.20045013126919212,seq_hotel
9490,379.6,184,-1.06,-2.53,0.15206906325747474,2.9124731758421394,0.11257644073697286,0.017119393887732082,seq_hotel
9490,379.6,185,-0.92,-1.05,0.07288689868556886,2.6771066471098983,0.13324166076705016,0.00971157142902492,seq_hotel
9490,379.6,186,0.82,-5.21,1.5757934509319298,1.9338303958723992,0.25534926827054893,0.40237770464099143,seq_hotel
9490,379.6,187,1.7,-1.6,1.564149129718759,2.6771066471098983,0.13324166076705016,0.20840982773106362,seq_hotel
9490,379.6,189,0.09,-5.7,0.13806701271482402,2.1660101569475616,0.203540297244303,0.028102200807608245,seq_hotel
9490,379.6,190,-0.13,-1.34,1.2369316876852883,1.848377667036691,0.27950524178292757,0.34572889043544114,seq_hotel
9490,379.6,192,2.14,1.99,1.67798241945497,4.0301116609840975,0.05879457070961174,0.09865625601013062,seq_hotel
9490,379.6,193,0.56,3.02,1.8062391868188314,4.414260980050908,0.049006689959887106,0.08851780382182908,seq_hotel
9500,380.0,180,-1.09,-6.72,0.0,3.5811311062288684,0.0744613558853267,0.0,seq_hotel
9500,380.0,181,2.06,-4.12,1.5212042926577167,1.930802941783547,0.25615065948266424,0.3896574827721339,seq_hotel
9500,380.0,182,2.55,-3.65,1.5612995388458544,1.6890825912311092,0.3347107110239652,0.5225836787684849,seq_hotel
9500,380.0,183,3.85,-3.55,1.2257650672131957,2.5863101128828303,0.14276119876683693,0.17499169040186827,seq_hotel
9500,380.0,184,-1.18,-2.51,0.304138126514928,2.81298773548695,0.12068011203874333,0.036703423183075005,seq_hotel
9500,380.0,185,-0.88,-1.04,0.0760345316287322,2.7730849247724096,0.12417810904439167,0.009441824359731954,seq_hotel
9500,380.0,186,0.81,-5.87,1.650189383071019,2.1505813167606567,0.20647127752462097,0.3407167100802394,seq_hotel
9500,380.0,187,1.62,-2.24,1.6298964691048023,1.930802941783547,0.25615065948266424,0.417499055449661,seq_hotel
9500,380.0,189,0.01,-5.68,0.17410485346481136,2.576062887431128,0.1438992267372963,0.025053553784796637,seq_hotel
9500,380.0,190,-0.08,-1.86,1.4667672787461017,1.7419529270333343,0.31470131114927885,0.46159358577225795,seq_hotel
9500,380.0,192,2.1,1.29,1.7803177384951152,3.5624850876880876,0.0752428560156463,0.133956191259689,seq_hotel
9500,380.0,193,0.57,2.26,1.889527057228979,3.604511062543712,0.0734985305792859,0.13887746219613223,seq_hotel
9500,380.0,194,1.72,-8.94,1.6070158679989082,3.5811311062288684,0.0744613558853267,0.11966058046043389,seq_hotel
9500,380.0,195,2.24,-9.13,1.5598477489807407,4.107967867449794,0.05658708288700544,0.08826723386268202,seq_hotel
9500,380.0,196,2.07,3.9,1.3612953390062756,5.753790055259228,0.028844522868938724,0.03926591453734621,seq_hotel
9510,380.4,180,-1.09,-6.72,0.0,3.276171546180084,0.08896887802925213,0.0,seq_hotel
9510,380.4,181,2.12,-3.45,1.7029386365926127,2.1424518664371437,0.20804114475749372,0.35428130340849273,seq_hotel
9510,380.4,182,2.66,-3.03,1.5488907321047354,2.5056935167733503,0.15209519129591018,0.2355788321959321,seq_hotel
9510,380.4,185,-0.86,-1.04,0.04999999999999938,2.9534048147858094,0.10947763952850892,0.005473881976425378,seq_hotel
9510,380.4,187,1.51,-2.89,1.6372614330032718,1.3597793938724032,0.5164573599520671,0.8455757172402079,seq_hotel
9510,380.4,189,-0.04,-5.75,0.08385254915626031,3.132874079818722,0.09729387549046568,0.008158339477167344,seq_hotel
9510,380.4,190,0.22,-2.46,1.5350081433008729,1.947331507473753,0.2518208007571985,0.38654697981484626,seq_hotel
9510,380.4,192,2.03,0.57,1.6317647655222873,3.308201928540638,0.08725440494064184,0.14237866361875315,seq_hotel
9510,380.4,193,0.63,1.51,1.8889894785307548,2.9534048147858094,0.10947763952850892,0.206802109203736,seq_hotel
9510,380.4,194,1.78,-8.3,1.4160353985688423,3.276171546180084,0.08896887802925213,0.12598308066037475,seq_hotel
9510,380.4,195,2.31,-8.51,1.4813950350936,3.8424080990961906,0.06467916490347342,0.09581539376200575,seq_hotel
9510,380.4,196,2.0,3.36,1.412721221614484,5.247818594425688,0.034674783168650664,0.04898580203723352,seq_hotel
9510,380.4,199,-1.42,-3.51,0.3132491021535148,2.6309694030908077,0.1379557437953441,0.04321451288081186,seq_hotel
9520,380.8,180,-1.09,-6.72,0.0,3.1576731939831895,0.09577166138978149,0.0,seq_hotel
9520,380.8,181,2.14,-2.76,1.5999999999999597,1.6079800993793425,0.36932613650656404,0.5909218184104875,seq_hotel
9520,380.8,182,2.7,-2.42,1.5887298385817379,2.2171152428324516,0.19426512705496213,0.3086348039480908,seq_hotel
9520,380.8,185,-0.84,-1.04,0.06373774391991656,2.573285837212804,0.14420998196130538,0.00919161890094547,seq_hotel
9520,380.8,187,1.46,-3.54,1.6648010391635202,1.670927885936434,0.34202351667312747,0.5694011059757842,seq_hotel
9520,380.8,189,-0.02,-5.74,0.027950849718742763,2.651490147068248,0.13582863827824476,0.00379652585601669,seq_hotel
9520,380.8,190,0.54,-2.92,1.3638754525248828,1.9608671551127579,0.24835621808878333,0.33872694933320785,seq_hotel
9520,380.8,192,1.9,0.0,1.4615915982243257,2.770415131347647,0.12441756026570931,0.18184766075592942,seq_hotel
9520,380.8,193,0.63,0.75,1.8874999999999713,2.4691699009991193,0.15662801117822006,0.2956353710988859,seq_hotel
9520,380.8,194,1.8,-7.81,1.3059957886608904,3.0887214183218274,0.10009535005045721,0.13072410563043477,seq_hotel
9520,380.8,195,2.35,-7.95,1.3707320124663067,3.6532861919099635,0.07154906968503892,0.09807460027946542,seq_hotel
9520,380.8,196,2.05,2.77,1.6004393927918619,4.7820706812007705,0.04175797214259855,0.0668311035801199,seq_hotel
9520,380.8,199,-1.31,-3.57,0.37583240945933016,2.573285837212804,0.14420998196130538,0.05419878498860394,seq_hotel
9530,381.2,180,-1.09,-6.72,0.09100137361599381,3.1901410627118043,0.09383213702971131,0.008538853359027886,seq_hotel
9530,381.2,181,2.12,-2.17,1.5532224567008723,2.0282997806044354,0.23211707791720268,0.36052945800478536,seq_hotel
9530,381.2,182,2.71,-1.76,1.6298006013006412,2.7247018185482244,0.12862737857642403,0.2096369789475811,seq_hotel
9530,381.2,185,-0.85,-0.99,0.06250000000000674,2.6534505836740205,0.1356280051345546,0.008476750320910578,seq_hotel
9530,381.2,187,1.44,-4.22,1.714733944377352,2.159837956884729,0.20470527954540765,0.35101509142976534,seq_hotel
9530,381.2,189,-0.02,-5.74,0.0,2.328626204439004,0.17610505459684128,0.0,seq_hotel
9530,381.2,190,0.58,-3.49,1.3172532975855447,2.0282997806044354,0.23211707791720268,0.30575698631235604,seq_hotel
9530,381.2,192,1.77,-0.57,1.5470233514720757,1.6378339354159202,0.3559849612493464,0.5507170478256209,seq_hotel
9530,381.2,193,0.63,0.0,1.8506755523321516,2.4742675683927153,0.1559832830041444,0.2886744484282773,seq_hotel
9530,381.2,194,1.88,-7.26,1.4637281168304117,3.018691769624716,0.10479337816750312,0.1533890140814165,seq_hotel
9530,381.2,195,2.43,-7.42,1.3597449209318424,3.3496417718914366,0.08510883669052609,0.11572630841636049,seq_hotel
9530,381.2,196,1.97,2.08,1.6109488663517482,3.910652119531984,0.06244145493103942,0.10058999103451173,seq_hotel
9530,381.2,199,-1.12,-3.53,0.32596012026015,2.5543100829773975,0.14636058832881788,0.04770771497300778,seq_hotel
9540,381.6,180,-1.11,-6.79,0.012499999999977973,3.1280025575437116,0.09759716063850332,0.0012199645079791419,seq_hotel
9540,381.6,181,2.22,-1.52,1.6912458425669354,1.8113530854032853,0.2910483567666478,0.4922343233675313,seq_hotel
9540,381.6,182,2.8,-1.12,1.5674920254980278,2.244147945212169,0.189613132630033,0.2972170733272766,seq_hotel
9540,381.6,185,-0.87,-1.0,0.0901387818866034,2.556345047132722,0.14612766202258218,0.013171769454652834,seq_hotel
9540,381.6,187,1.39,-4.91,1.716191277218221,1.8309833423600557,0.284841061462005,0.48884174507467215,seq_hotel
9540,381.6,189,-0.02,-5.74,0.0,1.923876295399473,0.257998448802143,0.0,seq_hotel
9540,381.6,190,0.71,-3.96,1.2884705080055106,1.923876295399473,0.257998448802143,0.3324233923927309,seq_hotel
9540,381.6,192,1.64,-1.21,1.7117242768623566,1.1634861408714758,0.7054219240240618,1.2074878327829395,seq_hotel
9540,381.6,193,0.59,-0.73,1.8934508839681934,1.8113530854032853,0.2910483567666478,0.5510857683972994,seq_hotel
9540,381.6,194,1.96,-6.65,1.5176564993436188,2.179105320997588,0.20110132853561585,0.30520273827871375,seq_hotel
9540,381.6,195,2.48,-6.87,1.5258194519667128,2.7435196372543063,0.12686891795445296,0.19357906286487325,seq_hotel
9540,381.6,196,1.9,1.49,1.5256658382489763,2.7608150970320344,0.12528432565190326,0.1911420157151687,seq_hotel
9540,381.6,199,-1.05,-3.55,0.23881216468179267,2.556345047132722,0.14612766202258218,0.034897063287502236,seq_hotel
9550,382.0,180,-1.09,-6.73,0.09100137361601235,2.950254226333724,0.10971158760930286,0.00998390517404004,seq_hotel
9550,382.0,181,2.21,-0.82,1.676678263710817,1.7366922582887274,0.31661074186909327,0.530854348949265,seq_hotel
9550,382.0,182,2.81,-0.51,1.5133262206147957,1.859139585937538,0.27627868839005093,0.4180997833377286,seq_hotel
9550,382.0,185,-0.91,-1.03,0.05590169943749802,2.675892374517331,0.13336261361814591,0.0074551967426807735,seq_hotel
9550,382.0,187,1.35,-5.59,1.7037183599410812,1.2753430910935302,0.5871070756540866,1.0002651040431847,seq_hotel
9550,382.0,189,-0.02,-5.74,0.0,1.5116216457830975,0.41791232321723054,0.0,seq_hotel
9550,382.0,190,0.83,-4.49,1.3894693231591035,1.938066046346202,0.25423435439721315,0.3532508363280874,seq_hotel
9550,382.0,192,1.61,-1.93,1.6557192545840347,1.859139585937538,0.27627868839005093,0.4574399439986299,seq_hotel
9550,382.0,193,0.51,-1.51,1.9548417455130314,1.8346934348822421,0.2836902226765016,0.554569490081913,seq_hotel
9550,382.0,194,1.98,-6.05,1.5158021803653206,1.938066046346202,0.25423435439721315,0.38536898871906533,seq_hotel
9550,382.0,195,2.47,-6.2,1.588729838581844,2.369324798333905,0.17010699869094753,0.27025406457191103,seq_hotel
9550,382.0,196,1.81,0.87,1.4929521928046636,2.71189970316013,0.1298446723799864,0.19385188835370384,seq_hotel
9550,382.0,199,-0.98,-3.66,0.4155192534648901,2.6158363863208267,0.13955655139148448,0.0579884340503242,seq_hotel
9550,382.0,200,2.01,-9.81,1.3509256086107087,3.7601196789464035,0.0675410870001324,0.09124298406188268,seq_hotel
9550,382.0,201,2.78,-9.95,1.453444185374946,3.981205847478876,0.06024792798431371,0.08756700060968925,seq_hotel
9560,382.4,180,-1.09,-6.72,0.012500000000002842,2.5685015086622003,0.1447477200253702,0.001809346500317539,seq_hotel
9560,382.4,181,2.16,-0.18,1.6142432437522902,2.432981709754514,0.16132203577243848,0.2604130063140241,seq_hotel
9560,382.4,182,2.76,0.09,1.650426081349859,2.8943565778942992,0.11399014701053707,0.18813231164309505,seq_hotel
9560,382.4,185,-0.91,-0.98,0.050000000000009814,2.8800868042473993,0.11512250401468041,0.005756125200735151,seq_hotel
9560,382.4,187,1.3,-6.27,1.657982584347599,1.400642709615839,0.4867619831539262,0.8070428907917091,seq_hotel
9560,382.4,189,-0.02,-5.74,0.0,1.4509651959988563,0.4535836500980251,0.0,seq_hotel
9560,382.4,190,0.87,-5.06,1.2772651447526484,1.2841339493993607,0.5790962150099286,0.7396594108903672,seq_hotel
9560,382.4,192,1.53,-2.53,1.547427300392467,2.5401771591761078,0.14799374793512154,0.22900956584220836,seq_hotel
9560,382.4,193,0.48,-2.29,1.9751582215103363,1.910026177831079,0.26175364797746065,0.5170048698130038,seq_hotel
9560,382.4,194,2.04,-5.44,1.5033296378372736,1.2301625908797587,0.6310246868111886,0.9486381138902432,seq_hotel
9560,382.4,195,2.53,-5.6,1.4917481355778344,1.7456230979223433,0.31337938387745223,0.4674831116277198,seq_hotel
9560,382.4,196,1.66,0.32,1.4929521928045475,2.852963371654112,0.11732187367021799,0.17515594855989006,seq_hotel
9560,382.4,199,-0.74,-3.67,0.46854162034979413,2.191643219139466,0.19880699905302016,0.09314935347318205,seq_hotel
9560,382.4,200,1.99,-9.27,1.3764197215965537,3.7095147930693035,0.06939643607073669,0.09551862321627642,seq_hotel
9560,382.4,201,2.74,-9.37,1.4000558024593024,3.7758442764499702,0.06697970530626163,0.09377532506104572,seq_hotel
9570,382.8,180,-1.09,-6.72,0.0,2.4596341191323554,0.1578448309946399,0.0,seq_hotel
9570,382.8,181,2.27,0.47,1.637547709228629,3.4991427521608776,0.0779916415020722,0.1277150338806988,seq_hotel
9570,382.8,182,2.84,0.81,1.7261318750315329,4.159627387158615,0.05519027068639629,0.09526568542340706,seq_hotel
9570,382.8,185,-0.91,-0.99,0.0637377439199145,2.7464340516385977,0.1265998035969417,0.008069185861973341,seq_hotel
9570,382.8,187,1.22,-6.91,1.7636078078756594,1.9863534428696223,0.24202394022490153,0.42683531067346825,seq_hotel
9570,382.8,189,-0.02,-5.74,0.10752906583804606,1.7048460341039597,0.32854968468996115,0.035328640676096104,seq_hotel
9570,382.8,190,1.04,-5.49,1.1875657876513606,1.431362986806631,0.46609218008169273,0.5535151269568552,seq_hotel
9570,382.8,192,1.47,-3.16,1.6530275254816411,2.1472307747422024,0.2071161364142134,0.3423686744641052,seq_hotel
9570,382.8,193,0.49,-3.09,2.0518665283102386,2.358495283014151,0.17167274760474108,0.35224956463321994,seq_hotel
9570,382.8,194,2.06,-4.85,1.5262802003563951,1.7900279327429498,0.29802436132306737,0.45486868191125795,seq_hotel
9570,382.8,195,2.56,-5.01,1.476323558709248,2.1472307747422024,0.2071161364142134,0.30577043157714157,seq_hotel
9570,382.8,196,1.57,-0.3,1.5742061491430954,2.5741989045137905,0.14410769766111406,0.2268552237969798,seq_hotel
9570,382.8,199,-0.61,-3.72,0.4162706451336751,2.154065922853802,0.20580380572227838,0.08567008297897837,seq_hotel
9570,382.8,200,2.06,-8.71,1.3612953390061728,3.377691519366445,0.08370114810947443,0.11394198279089288,seq_hotel
9570,382.8,201,2.77,-8.83,1.3433284222407937,3.761449188810079,0.06749334972268241,0.09066573499471707,seq_hotel
9580,383.2,180,-1.09,-6.72,0.0,2.529268669002959,0.14927306611507726,0.0,seq_hotel
9580,383.2,181,2.15,1.13,1.5598477489806437,3.7373921389118374,0.06836503594271033,0.10663904742421751,seq_hotel
9580,383.2,182,2.81,1.47,1.5504535626712515,4.473712105176192,0.04771284537158165,0.0739765510915513,seq_hotel
9580,383.2,185,-0.9,-1.03,0.07905694150421166,3.2422985673746956,0.09083754183604013,0.007181338231318205,seq_hotel
9580,383.2,187,1.25,-7.68,1.7885923235885755,1.7104970037974343,0.32638241115297423,0.58376507514254,seq_hotel
9580,383.2,189,-0.09,-5.79,0.2150581316760776,1.9416487838947598,0.2532969916581889,0.054473577785181124,seq_hotel
9580,383.2,190,0.88,-6.01,1.465968110157888,2.0940391591371927,0.2177718719615443,0.31924661958501066,seq_hotel
9580,383.2,192,1.45,-3.85,1.7007351351694737,1.2656223765404908,0.5961603561938895,1.0139108639740964,seq_hotel
9580,383.2,193,0.55,-3.93,1.9443025741895168,1.5670673246545597,0.38886250704539327,0.7560663734541473,seq_hotel
9580,383.2,194,2.09,-4.22,1.5425729318252492,1.5670673246545597,0.38886250704539327,0.5998487775699289,seq_hotel
9580,383.2,195,2.58,-4.42,1.4513463576968624,2.0883007446246817,0.2189703413325778,0.3178018073366755,seq_hotel
9580,383.2,196,1.44,-0.92,1.5150288776125571,2.754813968310746,0.1258307627554845,0.19063723926657364,seq_hotel
9580,383.2,199,-0.49,-3.89,0.45774583559001625,1.9416487838947598,0.2532969916581889,0.11594564309901506,seq_hotel
9580,383.2,200,2.13,-8.19,1.3403590936759973,2.5129464777428105,0.1512184925416669,0.2026870816101992,seq_hotel
9580,383.2,201,2.84,-8.3,1.352832676275946,3.0142494919963085,0.10510248616522354,0.14218607764215493,seq_hotel
9590,383.6,180,-1.09,-6.72,0.0,2.7867723265455324,0.12296128797612342,0.0,seq_hotel
9590,383.6,181,2.13,1.71,1.550201599792742,3.2960734215123306,0.08789772356213325,0.13625919168415918,seq_hotel
9590,383.6,182,2.81,2.05,1.4383693023698532,3.8330797017541913,0.06499436165059534,0.09348589462534077,seq_hotel
9590,383.6,185,-0.89,-1.05,0.06731456008918221,3.8946373387004853,0.06295603028384199,0.004237857483518057,seq_hotel
9590,383.6,187,1.27,-8.34,1.5250512286477074,1.7611359970201053,0.3078829180266224,0.4695372224161418,seq_hotel
9590,383.6,190,0.81,-6.64,1.550050402406296,1.9016834647227705,0.26405531980736974,0.40929905472493666,seq_hotel
9590,383.6,192,1.43,-4.52,1.637547709228622,1.3569450983735485,0.5186170958297792,0.8492602372428556,seq_hotel
9590,383.6,193,0.62,-4.64,1.976937340939261,1.8471599822430105,0.27987387413580667,0.5532931125324111,seq_hotel
9590,383.6,194,2.16,-3.62,1.4769055487741674,1.8471599822430105,0.27987387413580667,0.4133472776680958,seq_hotel
9590,383.6,195,2.61,-3.85,1.4125553086516431,2.1410744966021147,0.20830889981924267,0.29424784227905454,seq_hotel
9590,383.6,196,1.34,-1.49,1.5149773100610997,2.6800186566514794,0.13295226711470548,0.2014196679999613,seq_hotel
9590,383.6,199,-0.4,-4.02,0.4373213921133974,2.5910615585122634,0.1422380926107263,0.062203760672077175,seq_hotel
9590,383.6,200,2.13,-7.64,1.450053878309343,1.656019323558756,0.3482094729256754,0.5049224966799278,seq_hotel
9590,383.6,201,2.84,-7.75,1.4377173748689152,2.3136551169091732,0.17839149235034038,0.25647654808087955,seq_hotel
9590,383.6,203,0.94,4.05,1.2747548783982687,5.418385368354673,0.03252607075031326,0.04146276736408906,seq_hotel
9600,384.0,180,-1.09,-6.72,0.0,2.64750826249891,0.13623752137180212,0.0,seq_hotel
9600,384.0,181,2.13,2.37,1.6319083920368518,4.571618969249297,0.045691070137436035,0.07456364079842626,seq_hotel
9600,384.0,182,2.77,2.62,1.4763235587093535,4.971679796607984,0.03863359139040084,0.0570356811271996,seq_hotel
9600,384.0,185,-0.88,-1.08,0.05303300858899433,3.608670115153226,0.07332921163765577,0.0038888687106039812,seq_hotel
9600,384.0,187,1.26,-8.9,1.6692532012850299,2.344376249666422,0.17374677654179735,0.29002736295535,seq_hotel
9600,384.0,190,0.89,-7.25,1.5524677935468656,1.7608236708995029,0.30799214918605766,0.478147892276636,seq_hotel
9600,384.0,192,1.44,-5.16,1.5899095886245505,2.000849819451725,0.2385296644230834,0.3792406006376566,seq_hotel
9600,384.0,193,0.62,-5.51,2.0625378784401716,1.7608236708995029,0.30799214918605766,0.6352454739584402,seq_hotel
9600,384.0,194,2.15,-3.04,1.400223196494124,2.235732542143626,0.19104324468367948,0.26750318273959073,seq_hotel
9600,384.0,195,2.59,-3.29,1.3770439353921193,2.195313189501671,0.19814285150669633,0.2728514120085974,seq_hotel
9600,384.0,196,1.27,-2.12,1.5909902576698223,2.3883257734237175,0.16741110053319055,0.26634942997408934,seq_hotel
9600,384.0,199,-0.31,-4.19,0.26838638191981434,2.604092932289476,0.1408180818650365,0.03779365550064537,seq_hotel
9600,384.0,200,2.14,-7.03,1.4750529651508264,1.9967223141939394,0.23951683226350595,0.3533000136338176,seq_hotel
9600,384.0,201,2.82,-7.15,1.4627136596067754,2.344376249666422,0.17374677654179735,0.25414178336033305,seq_hotel
9600,384.0,203,1.04,3.55,1.2250637738502315,5.01231483448516,0.03800972239122138,0.0465643339555893,seq_hotel
9610,384.4,180,-1.09,-6.72,0.0,2.2861539755668256,0.1827092047357451,0.0,seq_hotel
9610,384.4,181,2.01,3.01,1.6278820596100625,4.996498774141749,0.03825073737437901,0.06226768913860769,seq_hotel
9610,384.4,182,2.76,3.23,1.5252049042670508,5.628543328428769,0.03014250591219747,0.04597349784418216,seq_hotel
9610,384.4,185,-0.86,-1.08,0.10680004681645018,3.319096262538946,0.08668255133722196,0.009257700540984652,seq_hotel
9610,384.4,187,1.39,-9.67,1.9522423005355738,3.421841609426129,0.0815551847767847,0.15921548154923396,seq_hotel
9610,384.4,190,0.88,-7.88,1.524999999999988,1.8852055590836774,0.26869151900713895,0.40975456648588365,seq_hotel
9610,384.4,192,1.5,-5.79,1.6481997755126316,1.572800050864699,0.3860329298424918,0.6362593883068784,seq_hotel
9610,384.4,193,0.63,-6.29,1.8571231111587487,1.4996666296213972,0.42460189353106786,0.7885379895183126,seq_hotel
9610,384.4,194,2.14,-2.5,1.3764197215965541,2.979546945426435,0.10756498401065279,0.1480545653454805,seq_hotel
9610,384.4,195,2.55,-2.75,1.3910989360933064,3.202202367121728,0.09312661847957131,0.12954833988889888,seq_hotel
9610,384.4,196,1.16,-2.75,1.5696834872036909,2.064751801064719,0.22399363355023738,0.35159910782256226,seq_hotel
9610,384.4,199,-0.3,-4.21,0.0279508497187508,2.2784424504472347,0.18394807823692952,0.005141505090853431,seq_hotel
9610,384.4,200,2.12,-6.46,1.4125553086516467,1.4996666296213972,0.42460189353106786,0.5997736587708512,seq_hotel
9610,384.4,201,2.86,-6.58,1.3884006086140859,2.2487774456357394,0.18883323285571915,0.26217617542344585,seq_hotel
9610,384.4,203,0.95,3.07,1.1738025813568376,4.527537962292531,0.04658511598603671,0.05468172939721757,seq_hotel
9610,384.4,204,-0.12,-5.85,0.0,1.6211107303327557,0.3633674499814961,0.0,seq_hotel
9620,384.8,180,-1.09,-6.72,0.0,2.6313874667178907,0.13791191163619945,0.0,seq_hotel
9620,384.8,185,-0.91,-1.0,0.06731456008916309,3.26744548539069,0.08944471427580712,0.006020931593776842,seq_hotel
9620,384.8,190,0.89,-8.47,1.48392427367435,2.642517738824094,0.13675258969072615,0.2029304873298972,seq_hotel
9620,384.8,192,1.59,-6.47,1.7575284492718566,1.3408206442324788,0.5311656794701147,0.9335387929455428,seq_hotel
9620,384.8,193,0.49,-6.99,1.892501651254224,1.5331014317389444,0.40628389148713895,0.7688929355174025,seq_hotel
9620,384.8,194,2.1,-1.94,1.4248903466582796,3.153363283860583,0.09603363522143386,0.13683739978152368,seq_hotel
9620,384.8,195,2.51,-2.18,1.4577379737113085,3.4665544853643935,0.07946489627622305,0.1158389968788807,seq_hotel
9620,384.8,196,1.15,-3.37,1.6876851750252422,1.8071247881648904,0.29241193574160884,0.493499288951547,seq_hotel
9620,384.8,199,-0.3,-4.21,0.3092329219213639,2.6313874667178907,0.13791191163619945,0.04264690340302291,seq_hotel
9620,384.8,200,2.13,-5.9,1.428504462716149,1.9691876497682994,0.24626187135450717,0.3517861822267436,seq_hotel
9620,384.8,201,2.86,-6.04,1.415207581946892,2.553311575190149,0.14647508337444734,0.207292648557821,seq_hotel
9620,384.8,203,0.91,2.62,1.175265927354306,5.059644256269407,0.03730193978716297,0.043839698856074576,seq_hotel
9620,384.8,204,-0.12,-5.85,0.44808620822343037,1.6498484778912272,0.35081912511071717,0.1571972115431225,seq_hotel
9630,385.2,180,-1.09,-6.72,0.0,2.657705777545739,0.13519405081849703,0.0,seq_hotel
9630,385.2,185,-0.91,-1.06,0.1425219281373906,3.3817894671312705,0.08349841809569115,0.011900355543419889,seq_hotel
9630,385.2,190,1.01,-9.06,1.4960364300376974,3.144137401577737,0.09659804751875169,0.14451419815856512,seq_hotel
9630,385.2,192,1.63,-7.19,1.7937826652077764,1.9701015202268133,0.2460334574888238,0.4413305511045865,seq_hotel
9630,385.2,193,0.52,-7.8,1.9501602498256225,1.9386851214160592,0.2540720123856251,0.4954811391476493,seq_hotel
9630,385.2,194,1.99,-1.37,1.405624861049335,2.8476305940202282,0.11776170410055152,0.16552877896327062,seq_hotel
9630,385.2,195,2.43,-1.59,1.4543576760893289,2.8040328100790832,0.12145214796013687,0.17663486366336198,seq_hotel
9630,385.2,196,1.18,-4.1,1.6280740155164986,2.101094952637791,0.2163117062817405,0.3521714682493387,seq_hotel
9630,385.2,199,-0.06,-4.27,0.345732917148517,2.492007223103497,0.15377041570206143,0.05316349439181382,seq_hotel
9630,385.2,200,2.2,-5.32,1.46271365960667,1.954942454396037,0.2498638491159589,0.36547926514381307,seq_hotel
9630,385.2,201,2.79,-5.45,1.4678321600237356,2.101094952637791,0.2163117062817405,0.317509279069947,seq_hotel
9630,385.2,203,0.93,2.13,1.189866063891214,3.6826213489849864,0.07041371351315631,0.08378288814186288,seq_hotel
9630,385.2,204,-0.43,-6.03,0.6686039560158379,2.0088305055429636,0.23663816686112218,0.15821721450768225,seq_hotel
9630,385.2,205,3.5,0.27,1.2589678312013097,3.172459613612126,0.09488098351148812,0.11945210603370543,seq_hotel
9640,385.6,180,-1.09,-6.72,0.03535533905933118,2.669475603934226,0.134004526817105,0.004737775481103985,seq_hotel
9640,385.6,185,-0.94,-1.11,0.09519716382329023,3.306433123473088,0.08734778491208525,0.008315261389877298,seq_hotel
9640,385.6,190,1.09,-9.65,1.4884975646602925,3.6520268345125837,0.07159842386025447,0.10657407954950417,seq_hotel
9640,385.6,192,1.71,-7.9,1.7325018037508326,2.981358750637032,0.10743428683707844,0.18613009572992273,seq_hotel
9640,385.6,193,0.47,-8.55,1.966476862309836,2.4046829312822107,0.16514131578925573,0.3247465765109734,seq_hotel
9640,385.6,194,1.92,-0.83,1.3505785797205374,2.7193565415369862,0.1291335458966818,0.17440500101141734,seq_hotel
9640,385.6,195,2.42,-1.02,1.4388580541526488,3.1146428366668304,0.09843620848895701,0.14163573140458513,seq_hotel
9640,385.6,196,1.23,-4.67,1.5206906325745468,1.5430165261590685,0.4010792803357438,0.6099175045263062,seq_hotel
9640,385.6,199,-0.03,-4.27,0.037499999999994135,2.2280035906613795,0.19237100293138032,0.007213912609925634,seq_hotel
9640,385.6,200,2.15,-4.73,1.4637281168304221,2.2280035906613795,0.19237100293138032,0.28157884585352894,seq_hotel
9640,385.6,201,2.76,-4.87,1.4357054015361013,2.8537869577107533,0.11725416664227753,0.168342440400932,seq_hotel
9640,385.6,203,0.85,1.67,1.2064928512013542,3.2121799451462865,0.0925489827149739,0.11165968603157371,seq_hotel
9640,385.6,204,-0.62,-6.04,0.6033759193073709,2.302042571283164,0.18019580679914177,0.10872581058276556,seq_hotel
9640,385.6,205,3.44,-0.23,1.169468362120127,3.2121799451462865,0.0925489827149739,0.10823310723156447,seq_hotel
9650,386.0,180,-1.11,-6.7,0.035355339059328666,2.856588874864565,0.11702425932909791,0.004137432366747062,seq_hotel
9650,386.0,185,-0.94,-1.13,0.02795084971874876,3.269204796276917,0.08934847147200728,0.0024973656987139865,seq_hotel
9650,386.0,192,1.84,-8.56,1.6817030058843099,3.4874202499842206,0.0785168399002945,0.13204200567286237,seq_hotel
9650,386.0,193,0.42,-9.37,2.0538074398542,3.6939003776496184,0.06998436474810167,0.14373440899312123,seq_hotel
9650,386.0,194,1.84,-0.3,1.3473353331669906,1.7835358140502815,0.30019794358735363,0.40446729633931255,seq_hotel
9650,386.0,195,2.38,-0.44,1.4269723192831147,2.2348601745970593,0.1911924195233597,0.27282629031659883,seq_hotel
9650,386.0,196,1.38,-5.3,1.596725164203373,1.7461385970191485,0.3131943780096333,0.500085344655005,seq_hotel
9650,386.0,199,-0.03,-4.27,0.0,2.0729206448873048,0.22223171015856927,0.0,seq_hotel
9650,386.0,200,2.04,-4.16,1.5063407649002465,2.0729206448873048,0.22223171015856927,0.3347566842653491,seq_hotel
9650,386.0,201,2.65,-4.31,1.5291439598678291,2.6802984908401526,0.13292450703666095,0.20326070705351884,seq_hotel
9650,386.0,203,0.83,1.17,1.2189262693043286,2.9022232856897827,0.11337302574545255,0.13819335931164806,seq_hotel
9650,386.0,204,-0.9,-5.92,0.6324555320337117,2.362794955132586,0.17104851661377304,0.10818058057854102,seq_hotel
9650,386.0,205,3.33,-0.65,1.206492851201434,3.092313050129304,0.09986296939590186,0.12048395867590317,seq_hotel
9660,386.4,180,-1.11,-6.7,0.0,2.6637192044207665,0.13458433048896074,0.0,seq_hotel
9660,386.4,185,-0.92,-1.12,0.09762812094882543,3.2733163611236837,0.08912415382294932,0.008701023668888619,seq_hotel
9660,386.4,194,1.79,0.24,1.4543576760893102,2.108885961829136,0.21471638677685215,0.3122744252910762,seq_hotel
9660,386.4,195,2.36,0.12,1.326473237573973,1.7112860660918148,0.32608149515156987,0.43253837658666466,seq_hotel
9660,386.4,196,1.44,-5.93,1.5957952562907063,2.5404920783186866,0.1479570596289757,0.2361091738906406,seq_hotel
9660,386.4,199,-0.03,-4.27,0.0,2.2173181999884455,0.19422956545334527,0.0,seq_hotel
9660,386.4,200,1.96,-3.54,1.5310331479102428,2.4459149617270013,0.15962050289199706,0.24438428101375026,seq_hotel
9660,386.4,201,2.67,-3.65,1.4500000000000073,2.5906176869619335,0.14228683839962036,0.20631591567945057,seq_hotel
9660,386.4,203,0.75,0.7,1.2884705080054861,2.470080970332754,0.15651249054322394,0.2016617281994316,seq_hotel
9660,386.4,204,-1.1,-5.88,0.42793106921559765,2.5404920783186866,0.1479570596289757,0.06331542272502351,seq_hotel
9660,386.4,205,3.34,-1.19,1.2148173731059353,2.549607812978302,0.14690095508828122,0.17845783236709878,seq_hotel
9660,386.4,206,1.26,3.88,1.0761621625014517,3.9176013069223874,0.062220129437265244,0.0669589490463276,seq_hotel
9670,386.8,180,-1.11,-6.7,0.0,2.659191606484949,0.1350430131024524,0.0,seq_hotel
9670,386.8,185,-0.88,-1.08,0.1789727632909605,3.301302773148806,0.08761947943326412,0.015681500352286763,seq_hotel
9670,386.8,194,1.75,0.86,1.3184389443580098,2.6397348351681087,0.13704108070253032,0.1806802977751249,seq_hotel
9670,386.8,195,2.33,0.62,1.4701721837934598,2.478144467136652,0.15549561299931156,0.22860532493350058,seq_hotel
9670,386.8,196,1.51,-6.57,1.6280740155164743,2.8352424940382086,0.11879303094461373,0.19340384690537007,seq_hotel
9670,386.8,199,-0.03,-4.27,0.2627974505203918,2.659191606484949,0.1350430131024524,0.03548895955391635,seq_hotel
9670,386.8,200,1.85,-2.95,1.416035398568803,2.2971286424577966,0.18096756719060264,0.2562564811347717,seq_hotel
9670,386.8,201,2.65,-3.15,1.3029413839463282,2.904617014341133,0.11318623868663145,0.14747503447803903,seq_hotel
9670,386.8,203,0.58,0.17,1.4248903466582838,1.9220041623263981,0.2585013016841375,0.3683360093683283,seq_hotel
9670,386.8,204,-1.24,-5.88,0.34003676271838223,2.8352424940382086,0.11879303094461373,0.04039399767591106,seq_hotel
9670,386.8,205,3.39,-1.62,1.1898660638912253,2.478144467136652,0.15549561299931156,0.1850189529918441,seq_hotel
9670,386.8,206,1.24,3.45,1.181630229809646,3.345743564590688,0.08530727698332782,0.10080165730624477,seq_hotel
9680,387.2,180,-1.11,-6.7,0.0,2.6828715958837837,0.1326696571940554,0.0,seq_hotel
9680,387.2,185,-0.89,-0.98,0.1789727632909603,3.2693883219954154,0.08933844067690522,0.015989147596051256,seq_hotel
9680,387.2,194,1.69,1.29,1.2252550754842464,2.036295656332842,0.23029775920689072,0.28217349834089167,seq_hotel
9680,387.2,195,2.24,1.29,1.4802871343087547,2.3765521244020715,0.1690739480437982,0.2502779900360213,seq_hotel
9680,387.2,196,1.52,-7.23,1.6766782637106932,3.511424212481312,0.07744703275329251,0.12985375640633567,seq_hotel
9680,387.2,199,-0.22,-4.18,0.20155644370749526,2.672545602978554,0.13369683703904398,0.026947459008530236,seq_hotel
9680,387.2,200,1.79,-2.42,1.3653067420912912,2.31866340808665,0.17762167675149215,0.2425080728103722,seq_hotel
9680,387.2,201,2.51,-2.62,1.4316184023684209,2.905890569171523,0.1130870489272367,0.16189750031377004,seq_hotel
9680,387.2,203,0.6,-0.43,1.42587692315991,2.31866340808665,0.17762167675149215,0.25326664993292175,seq_hotel
9680,387.2,204,-1.36,-5.8,0.35399505646265245,3.215478191498117,0.09235921760190456,0.032694706449832606,seq_hotel
9680,387.2,205,3.4,-2.14,1.1131318430446697,3.280868787379343,0.08871430575258236,0.09875071866680035,seq_hotel
9680,387.2,206,1.16,2.94,1.2935537290734973,3.416211351775531,0.08182422848647204,0.1058440358872378,seq_hotel
9690,387.6,180,-1.11,-6.7,0.0,2.8315543434657933,0.11910269261151853,0.0,seq_hotel
9690,387.6,185,-0.94,-0.95,0.09762812094882513,3.423171044514136,0.0814918509443828,0.007955896280341834,seq_hotel
9690,387.6,194,1.73,1.84,1.328768226591805,3.051589749622318,0.10254608562438221,0.13625998033904174,seq_hotel
9690,387.6,195,2.23,1.8,1.2250637738501369,3.244842060871376,0.0906951902888567,0.11110739208532307,seq_hotel
9690,387.6,196,1.45,-7.91,1.7089836160711136,3.974166579296847,0.06046154606504825,0.10332779162749636,seq_hotel
9690,387.6,199,-0.19,-4.29,0.13975424859375105,3.1282263345224877,0.09758319795534062,0.013637666505623891,seq_hotel
9690,387.6,200,1.78,-1.86,1.5311862231616349,1.7641145087550294,0.30684414336023025,0.4698355249710182,seq_hotel
9690,387.6,201,2.54,-2.01,1.465914816761163,2.2542404485768595,0.18791909212676555,0.27547338150093165,seq_hotel
9690,387.6,203,0.54,-0.97,1.3875563051638518,2.2542404485768595,0.18791909212676555,0.26074832114116026,seq_hotel
9690,387.6,204,-1.45,-5.69,0.19525624189764126,3.6521774327105194,0.07159251923404397,0.013978886253624024,seq_hotel
9690,387.6,205,3.42,-2.51,1.026218787588689,3.265884260043518,0.08953025112988679,0.09187762576702327,seq_hotel
9690,387.6,206,1.14,2.42,1.3786315678962153,3.4426879033685287,0.08057050299536557,0.11107703887068755,seq_hotel
9700,388.0,180,-1.11,-6.7,0.0,5.4328261521974,0.0323533879897875,0.0,seq_hotel
9700,388.0,185,-0.95,-0.93,0.10077822185373758,3.3374391380218458,0.08573233905385573,0.008639952685209323,seq_hotel
9700,388.0,194,1.77,2.35,1.4045128158903442,3.5511406618155807,0.07572436351572265,0.10635583903297166,seq_hotel
9700,388.0,195,2.23,2.27,1.2750612730375683,3.5133175205210243,0.07736358366020483,0.0986433094685292,seq_hotel
9700,388.0,199,-0.11,-4.16,0.12500000000000622,2.7297618943783357,0.1281509553050851,0.016018869413136436,seq_hotel
9700,388.0,200,1.68,-1.2,1.3889069443271638,2.4890158697766473,0.15414024705439242,0.2140864595341503,seq_hotel
9700,388.0,201,2.59,-1.45,1.3630159573534752,2.002023975880409,0.23824995847193736,0.3247384952360534,seq_hotel
9700,388.0,203,0.59,-1.54,1.4056248610494284,2.002023975880409,0.23824995847193736,0.33489006477214905,seq_hotel
9700,388.0,204,-1.46,-5.68,0.01767766952966551,4.619751075545088,0.044743940781430694,0.0007909685985890554,seq_hotel
9700,388.0,205,3.44,-2.96,1.1554896148387281,3.1841639405030637,0.09418473981905061,0.10882948873720061,seq_hotel
9700,388.0,206,1.08,1.84,1.4754766179103778,3.09864486509829,0.09945526355517541,0.14674391590377547,seq_hotel
9710,388.4,180,-1.11,-6.7,0.0,4.969235353653517,0.03867160964923166,0.0,seq_hotel
9710,388.4,185,-0.9,-1.02,0.16770509831249455,3.0245164902840256,0.10439013725323,0.017506758230907738,seq_hotel
9710,388.4,194,1.82,2.96,1.530114374810022,3.711091483647365,0.06933748119772963,0.10609427669376574,seq_hotel
9710,388.4,195,2.24,2.82,1.3752272539475845,3.6062445840513924,0.07342788608622622,0.10098003014553693,seq_hotel
9710,388.4,199,-0.19,-4.19,0.23881216468175495,2.6732938484199598,0.13362200497465504,0.0319105602571136,seq_hotel
9710,388.4,200,1.73,-0.75,1.1963486114005133,2.0843464203437967,0.2198019699738456,0.2629597815613075,seq_hotel
9710,388.4,201,2.57,-0.92,1.3634171225270466,2.6071440313108902,0.14048868042008064,0.19154467240596817,seq_hotel
9710,388.4,203,0.72,-2.08,1.4654883998175845,2.183597948341223,0.20027467094888368,0.29350020705287283,seq_hotel
9710,388.4,204,-1.46,-5.68,0.024999999999996136,4.2086102219141175,0.05391305856639259,0.0013478264641596065,seq_hotel
9710,388.4,205,3.51,-3.43,1.2283754515619165,3.2172659200010183,0.09225660418048577,0.1133257478197732,seq_hotel
9710,388.4,206,1.11,1.24,1.4752118491931758,2.0843464203437967,0.2198019699738456,0.32425447058141965,seq_hotel
9720,388.8,180,-1.11,-6.7,0.0,4.415529413331996,0.048978538052273556,0.0,seq_hotel
9720,388.8,185,-0.89,-1.05,0.08750000000000058,2.861223514512629,0.11664545214757924,0.010206477062913251,seq_hotel
9720,388.8,199,-0.09,-4.35,0.27300412084799025,2.5618157623061037,0.14550422199810625,0.0397232522062638,seq_hotel
9720,388.8,200,1.86,-0.26,1.3396011533288505,2.6764902391004535,0.13330304016854258,0.17857290635202172,seq_hotel
9720,388.8,201,2.63,-0.36,1.3895255485236457,2.995413160150032,0.10642849356939224,0.14788511090555506,seq_hotel
9720,388.8,203,0.76,-2.7,1.47356922131263,2.6764902391004535,0.13330304016854258,0.19643125709976553,seq_hotel
9720,388.8,204,-1.44,-5.68,0.024999999999996136,3.7041058300215988,0.06959925793354219,0.0017399814483382858,seq_hotel
9720,388.8,205,3.65,-3.92,1.2740192306239817,3.764638096816213,0.06737905511034555,0.08584221195185329,seq_hotel
9720,388.8,206,1.1,0.66,1.575198400202332,2.623775905065065,0.1387132358954377,0.21850086726938214,seq_hotel
9730,389.2,180,-1.11,-6.7,0.0,4.016615490683668,0.059190344045283755,0.0,seq_hotel
9730,389.2,185,-0.9,-1.09,0.07603453162873057,3.0371368095625852,0.10352438786576311,0.007871428343524337,seq_hotel
9730,389.2,199,-0.13,-4.4,0.21249999999998526,2.500079998720041,0.15277896751429865,0.03246553059678621,seq_hotel
9730,389.2,200,1.79,0.32,1.402007489280983,3.0371368095625852,0.10352438786576311,0.1451419671110292,seq_hotel
9730,389.2,201,2.63,0.19,1.354679390114116,2.736457564078055,0.12752459316676526,0.17275493809570433,seq_hotel
9730,389.2,203,0.93,-3.24,1.2650345845074766,3.226205201161265,0.09174605689168096,0.11606193496016694,seq_hotel
9730,389.2,204,-1.44,-5.68,0.0,3.4015437671739575,0.08253140819769002,0.0,seq_hotel
9730,389.2,206,1.13,-0.02,1.5008851554999199,2.2947330999486626,0.18134559963374458,0.27217891850551895,seq_hotel
9730,389.2,211,3.72,2.7,0.38078865529316325,3.7558620847949147,0.06769430110597044,0.025777221889152976,seq_hotel
9740,389.6,180,-1.11,-6.7,0.0,3.658756619399547,0.07133527498236074,0.0,seq_hotel
9740,389.6,185,-0.9,-1.11,0.03535533905932694,3.3422896343674346,0.08548368157904664,0.003022304546266734,seq_hotel
9740,389.6,199,-0.09,-4.52,0.43337339558400534,2.4068236329236927,0.16484768308095768,0.07144060017095062,seq_hotel
9740,389.6,200,1.8,0.86,1.1755982519551067,2.519841264841895,0.15039209691183253,0.17680068623741332,seq_hotel
9740,389.6,201,2.54,0.72,1.416035398568826,2.154065922853802,0.20580380572227838,0.29142547406292774,seq_hotel
9740,389.6,203,0.97,-3.69,1.4138820672177916,3.173279061160553,0.09483198690639959,0.1340812456855908,seq_hotel
9740,389.6,204,-1.44,-5.68,0.0,3.12541197284454,0.09775901993728343,0.0,seq_hotel
9740,389.6,206,1.26,-0.53,1.4884975646604242,2.2365151463828723,0.19090956788312113,0.28416842686439975,seq_hotel
9740,389.6,211,3.66,2.56,0.40812069293286296,3.912556708854199,0.06238067810841137,0.025458845575226725,seq_hotel
9750,390.0,180,-1.11,-6.7,0.0,3.130015974400131,0.09747164015018596,0.0,seq_hotel
9750,390.0,185,-0.92,-1.11,0.06250000000000355,3.7117111956616453,0.06931432978277771,0.004332145611423853,seq_hotel
9750,390.0,199,0.06,-4.69,0.545005733914822,2.3257256931977164,0.1765445846831896,0.09621781094394918,seq_hotel
9750,390.0,200,1.76,1.26,1.29482141625793,2.5044959572736385,0.15224067892409282,0.19712449149656264,seq_hotel
9750,390.0,201,2.55,1.32,1.2385096891022591,2.817445651649735,0.12029852085555204,0.14899088366427138,seq_hotel
9750,390.0,203,0.98,-4.37,1.621968325831396,3.130015974400131,0.09747164015018596,0.1580959129904374,seq_hotel
9750,390.0,204,-1.44,-5.68,0.0,2.7518175811634022,0.12610494005300393,0.0,seq_hotel
9750,390.0,206,1.29,-1.2,1.6298964691048023,2.817445651649735,0.12029852085555204,0.1960741343809947,seq_hotel
9750,390.0,211,3.51,2.45,0.4776243293635975,4.272107208392598,0.052322332517923606,0.024990418979612412,seq_hotel
9760,390.4,180,-1.11,-6.7,0.0,2.8083447081866573,0.12107948198906679,0.0,seq_hotel
9760,390.4,185,-0.95,-1.11,0.05000000000000271,3.996198193283211,0.05979671742256362,0.0029898358711283432,seq_hotel
9760,390.4,199,0.17,-4.87,0.527375577743254,2.233226365597541,0.19147227127932384,0.10097779968774648,seq_hotel
9760,390.4,200,1.69,1.89,1.414489748990784,3.7177546987395496,0.06908916114163759,0.09772591020121878,seq_hotel
9760,390.4,201,2.58,1.71,1.2516239451208373,3.7064538308199664,0.06951110502055437,0.0870017634955351,seq_hotel
9760,390.4,203,1.11,-4.98,1.4668205411705861,2.8083447081866573,0.12107948198906679,0.1776018712958572,seq_hotel
9760,390.4,204,-1.44,-5.68,0.0,2.64433356443547,0.13656484212390022,0.0,seq_hotel
9760,390.4,206,1.45,-1.82,1.5837060964711653,3.307703130572633,0.08728072266005286,0.1382270125811347,seq_hotel
9760,390.4,211,3.38,2.3,0.5235097897842862,4.5496483380586685,0.04613342763046924,0.02415130100085553,seq_hotel
9770,390.8,180,-1.11,-6.7,0.0,2.4694128856876083,0.15659718900481664,0.0,seq_hotel
9770,390.8,185,-0.96,-1.11,0.012500000000005285,4.396089171070123,0.04941267844472471,0.00061765848055932,seq_hotel
9770,390.8,200,1.7,2.39,1.3146411107218485,4.396089171070123,0.04941267844472471,0.06495993847431443,seq_hotel
9770,390.8,201,2.4,2.31,1.4543576760893138,4.794371700233514,0.04154396843954461,0.06041978939526389,seq_hotel
9770,390.8,203,1.07,-5.54,1.424999999999983,2.5139013504909054,0.1511036376016856,0.21532268358239942,seq_hotel
9770,390.8,204,-1.44,-5.68,0.0,2.5139013504909054,0.1511036376016856,0.0,seq_hotel
9770,390.8,206,1.55,-2.44,1.5444456934447128,3.136941185295,0.09704175222057763,0.14987571630140004,seq_hotel
9770,390.8,211,3.28,2.1,0.6247499499799908,4.858446253690577,0.040455407170301085,0.025274513606065762,seq_hotel
9770,390.8,213,0.36,-5.16,0.8050621094052768,2.128966885604377,0.21068497706593975,0.1696144920567078,seq_hotel
9780,391.2,180,-1.11,-6.7,0.0,2.294515199339503,0.18138004455086085,0.0,seq_hotel
9780,391.2,185,-0.94,-1.11,0.025000000000003242,4.5972709295842025,0.04518259648975733,0.0011295649122440798,seq_hotel
9780,391.2,200,1.75,2.94,1.3806701271484856,4.861954339563464,0.040397047987248476,0.055774997380977825,seq_hotel
9780,391.2,201,2.49,2.87,1.417965091248804,5.2540746092913455,0.034592257955949474,0.04905061420901006,seq_hotel
9780,391.2,203,1.11,-6.12,1.4129976999273424,2.5876823607235875,0.1426098263991536,0.20150735668904163,seq_hotel
9780,391.2,204,-1.44,-5.68,0.0,2.5876823607235875,0.1426098263991536,0.0,seq_hotel
9780,391.2,206,1.7,-3.03,1.5162144472336145,3.264352922096506,0.0896142697589501,0.13587445048681054,seq_hotel
9780,391.2,211,3.21,1.83,0.6350442897940264,5.085872589831562,0.03691819248171823,0.023444687325031917,seq_hotel
9780,391.2,213,0.5,-5.45,0.566789202437753,2.0382835916525455,0.2298487600614673,0.1302757953965455,seq_hotel
9790,391.6,180,-1.11,-6.7,0.0,2.2102036105300344,0.1954820181272,0.0,seq_hotel
9790,391.6,185,-0.94,-1.11,0.0,4.672483279798869,0.04373970706214116,0.0,seq_hotel
9790,391.6,203,1.1,-6.67,1.5488907321047567,2.7261144510089816,0.12849410747895795,0.19902333220423046,seq_hotel
9790,391.6,204,-1.44,-5.68,0.0,2.7261144510089816,0.12849410747895795,0.0,seq_hotel
9790,391.6,206,1.87,-3.61,1.6190274858692102,3.761130149303531,0.06750480051401955,0.10929212746031565,seq_hotel
9790,391.6,211,3.19,1.6,0.6261239893184086,7.537300577793086,0.01680891622120706,0.010524465680541075,seq_hotel
9790,391.6,213,0.66,-5.5,0.2576941016011066,2.1384340064636085,0.2088236476965103,0.05381262228621822,seq_hotel
9790,391.6,214,1.41,-10.01,1.6035117710825466,4.571936132537286,0.04568473101678128,0.07325600394414869,seq_hotel
9800,392.0,180,-1.11,-6.7,0.0,2.1696543503516867,0.20285713101741346,0.0,seq_hotel
9800,392.0,185,-0.94,-1.11,0.0,4.778252818761268,0.04182472871277093,0.0,seq_hotel
9800,392.0,203,0.96,-7.35,1.669253201285028,2.249555511651136,0.1887026298886219,0.31499246903248596,seq_hotel
9800,392.0,204,-1.44,-5.68,0.0,2.923850201361212,0.11170205038675994,0.0,seq_hotel
9800,392.0,206,2.0,-4.29,1.6965498076980616,3.710215627156998,0.06937022153260439,0.1176900360011119,seq_hotel
9800,392.0,211,3.24,1.33,0.5692648768368175,7.480407742897442,0.01706557162351777,0.00971483052841173,seq_hotel
9800,392.0,213,0.55,-5.65,0.6037642337866997,1.9879889335708085,0.24162588460599982,0.145885067082175,seq_hotel
9800,392.0,214,1.74,-9.46,1.515441354853517,3.9915160027237775,0.059937087065902506,0.0908311404291245,seq_hotel
9810,392.4,180,-1.11,-6.7,0.0,2.4613207836444233,0.15762857307594333,0.0,seq_hotel
9810,392.4,185,-0.94,-1.11,0.0,4.967896939349688,0.03869244969819174,0.0,seq_hotel
9810,392.4,203,0.98,-8.0,1.512964804613771,2.4613207836444233,0.15762857307594333,0.2384864832653921,seq_hotel
9810,392.4,204,-1.44,-5.68,0.0,3.3524319530752598,0.08496722590947181,0.0,seq_hotel
9810,392.4,206,2.26,-4.91,1.5882380174268493,3.7792724167490226,0.06685824717328918,0.10618680993913907,seq_hotel
9810,392.4,211,3.26,1.15,0.463175182841214,7.6209448233142325,0.01644196606251114,0.007615510637272633,seq_hotel
9810,392.4,213,0.44,-5.93,0.739192972098612,2.0863365021012306,0.2193828474892879,0.16216625906306326,seq_hotel
9810,392.4,214,1.98,-8.94,1.5042647705772765,3.816503635528204,0.06556016247426298,0.09861984276335617,seq_hotel
9820,392.8,180,-1.11,-6.7,0.0,2.760652096878562,0.12529912068327453,0.0,seq_hotel
9820,392.8,185,-0.94,-1.11,0.0,5.330984899622208,0.033601330730112955,0.0,seq_hotel
9820,392.8,203,0.93,-8.56,1.4883400989021192,2.430329195808667,0.16167436867034146,0.2406264458567537,seq_hotel
9820,392.8,204,-1.44,-5.68,0.0,3.729785516621566,0.06864417118108099,0.0,seq_hotel
9820,392.8,206,2.6,-5.41,1.6579825843476135,3.5653050360382914,0.07512387766503861,0.12455408083729468,seq_hotel
9820,392.8,211,3.22,0.96,0.47053825561795903,7.693120303231972,0.016134902086056425,0.007592088682139559,seq_hotel
9820,392.8,213,0.51,-6.24,0.9022541216309323,2.248777445635739,0.18883323285571924,0.17037556264496628,seq_hotel
9820,392.8,214,2.25,-8.37,1.4595590087419867,2.7503636123247404,0.12623830505008563,0.1842522553841715,seq_hotel
9820,392.8,215,2.85,-10.05,0.9778803607804543,4.4712078904922326,0.047766305944535584,0.046709732490192016,seq_hotel
9830,393.2,180,-1.11,-6.7,0.0,3.2253061870154274,0.09179721017355014,0.0,seq_hotel
9830,393.2,185,-0.94,-1.11,0.0,5.592584375760459,0.03053136996998983,0.0,seq_hotel
9830,393.2,203,0.94,-9.19,1.5624999999999805,2.576703320136022,0.14382770409244394,0.22473078764444085,seq_hotel
9830,393.2,204,-1.44,-5.68,0.0,4.240813601185508,0.053097370432949056,0.0,seq_hotel
9830,393.2,206,3.03,-5.99,1.6600075301033994,3.6730641159663957,0.07078062013959797,0.11749636241712097,seq_hotel
9830,393.2,211,3.15,0.79,0.3760402239122889,7.865195483902482,0.015436624489808204,0.0058047917295974,seq_hotel
9830,393.2,213,0.57,-6.64,0.9303897032964185,2.3354871012274936,0.17507189633355427,0.1628850896853169,seq_hotel
9830,393.2,214,2.53,-7.91,1.4484905936870587,2.0412006270820116,0.2291922857437592,0.3319828700454717,seq_hotel
9830,393.2,215,2.88,-9.66,0.9249999999999936,3.6730641159663957,0.07078062013959797,0.06547207362912767,seq_hotel
9840,393.6,180,-1.11,-6.7,0.0,3.719368225922247,0.06902922996388326,0.0,seq_hotel
9840,393.6,185,-0.94,-1.11,0.0,5.592584375760459,0.03053136996998983,0.0,seq_hotel
9840,393.6,203,0.93,-9.81,1.5502015997926197,3.062352037241963,0.10182657907350948,0.15785172578116408,seq_hotel
9840,393.6,204,-1.44,-5.68,0.0,4.414091072916371,0.0490104627622059,0.0,seq_hotel
9840,393.6,206,3.4,-6.47,1.9287706576988675,2.892766841624123,0.11411546928829386,0.22010256875279746,seq_hotel
9840,393.6,211,3.14,0.67,0.3877015604817778,7.829361404354764,0.015578251135850266,0.006039712274946175,seq_hotel
9840,393.6,213,0.59,-6.98,0.851469318296309,2.4105808428675446,0.16433420959771666,0.13992553741893057,seq_hotel
9840,393.6,214,2.67,-7.29,1.5179138644863566,2.102974084481309,0.2159253043643577,0.32775601318809494,seq_hotel
9840,393.6,215,2.85,-9.31,0.9882117688026244,2.892766841624123,0.11411546928829386,0.11277024975312644,seq_hotel
9850,394.0,180,-1.11,-6.7,0.0,4.030446625375406,0.058784798458024076,0.0,seq_hotel
9850,394.0,185,-0.94,-1.11,0.10680004681647544,5.592584375760459,0.03053136996998983,0.003260751742166046,seq_hotel
9850,394.0,204,-1.44,-5.68,0.0,4.491770252361533,0.04732997911138841,0.0,seq_hotel
9850,394.0,206,4.0,-7.19,2.343074902772131,3.3924917096435183,0.08297242667055103,0.19441061055386913,seq_hotel
9850,394.0,211,3.16,0.48,0.3801726581436604,7.688016649305593,0.016156331355258593,0.006142195437178427,seq_hotel
9850,394.0,213,0.61,-7.32,0.9341607195767214,2.5707002936943075,0.14450021314237302,0.1349864230880688,seq_hotel
9850,394.0,214,2.92,-6.76,1.420442272674335,2.3769097584889507,0.16902307353512078,0.24008751870662823,seq_hotel
9850,394.0,215,2.63,-8.91,1.006230589874963,2.5707002936943075,0.14450021314237302,0.1454005347073079,seq_hotel
9860,394.4,180,-1.11,-6.7,0.0,4.065968519307547,0.05776215112123515,0.0,seq_hotel
9860,394.4,185,-0.97,-1.03,0.02795084971874608,5.671728131707301,0.02968524048529998,0.0008297276956694567,seq_hotel
9860,394.4,204,-1.44,-5.68,0.0,4.6264997568356145,0.04461349989728198,0.0,seq_hotel
9860,394.4,211,3.19,0.37,0.17677669529664936,7.618359403441137,0.01645312767794588,0.002908529538201107,seq_hotel
9860,394.4,213,0.75,-7.71,0.9530379058568429,2.8040149785619906,0.12145369266154174,0.11574997291273635,seq_hotel
9860,394.4,214,3.15,-6.26,1.3419319095989792,4.282662723119811,0.052064731781528595,0.06986732494234534,seq_hotel
9860,394.4,215,2.49,-8.59,0.9567196559075967,4.065968519307547,0.05776215112123515,0.055262185345190694,seq_hotel
9870,394.8,180,-1.11,-6.7,0.0,3.809265020971893,0.06580956263060352,0.0,seq_hotel
9870,394.8,185,-0.92,-1.1,0.11792476415069228,5.603222287220095,0.030415550292914473,0.003586746594805459,seq_hotel
9870,394.8,204,-1.44,-5.68,0.0,4.582095590447672,0.045482370522936806,0.0,seq_hotel
9870,394.8,211,3.18,0.34,0.062499999999997155,7.588464930405885,0.016583015979066907,0.0010364384986916344,seq_hotel
9870,394.8,213,0.83,-8.05,0.9179630983868522,3.281737344761156,0.08866735301968205,0.08139335810370815,seq_hotel
9870,394.8,214,3.42,-5.81,1.2963892162463984,4.616600480873346,0.04480503254123642,0.05808476102002785,seq_hotel
9870,394.8,215,2.4,-8.18,0.9519716382329626,3.809265020971893,0.06580956263060352,0.06264883714885039,seq_hotel
9880,395.2,180,-1.11,-6.7,0.0,3.608171281965422,0.07334948870882887,0.0,seq_hotel
9880,395.2,185,-0.92,-1.11,0.01250000000000151,5.593228048274091,0.03052434323241036,0.0003815542904051756,seq_hotel
9880,395.2,204,-1.44,-5.68,0.0,4.332597373400857,0.05087152042742533,0.0,seq_hotel
9880,395.2,211,3.16,0.33,0.1629800601300483,7.568361777822199,0.01667122890063691,0.002717077888667602,seq_hotel
9880,395.2,213,0.83,-8.44,0.9770011514834414,3.573583635512117,0.07477621538321695,0.07305644853297678,seq_hotel
9880,395.2,214,3.81,-5.46,1.3177276843111208,5.073854550536505,0.03709329003074006,0.04887885517568788,seq_hotel
9880,395.2,215,2.31,-7.85,0.9176226076116242,3.608171281965422,0.07334948870882887,0.06730714909597493,seq_hotel
9890,395.6,180,-1.11,-6.7,0.0,3.3106192774162357,0.08712702857168411,0.0,seq_hotel
9890,395.6,185,-0.92,-1.11,0.0,5.593228048274091,0.03052434323241036,0.0,seq_hotel
9890,395.6,204,-1.44,-5.68,0.0,3.98503450424209,0.060132216148822276,0.0,seq_hotel
9890,395.6,211,3.05,0.33,0.2749999999999774,7.502013063171778,0.016967417645128696,0.0046660398524100075,seq_hotel
9890,395.6,213,0.88,-8.83,1.0359174677550267,3.912147747721193,0.06239372087052982,0.06463474532801321,seq_hotel
9890,395.6,214,4.19,-5.09,1.3259430606174996,5.5385918788081865,0.03112953639820616,0.04127599276744133,seq_hotel
9890,395.6,215,2.1,-7.51,0.9540210951545885,3.3106192774162357,0.08712702857168411,0.0831210232155232,seq_hotel
9900,396.0,180,-1.11,-6.7,0.0,3.285909310982273,0.0884423423249891,0.0,seq_hotel
9900,396.0,185,-0.92,-1.11,0.025000000000001243,5.593228048274091,0.03052434323241036,0.000763108580810297,seq_hotel
9900,396.0,204,-1.44,-5.68,0.0,4.304474416232486,0.0515384223521263,0.0,seq_hotel
9900,396.0,213,0.95,-9.26,1.0891510455396594,4.304474416232486,0.0515384223521263,0.05613312659028291,seq_hotel
9900,396.0,215,1.91,-7.2,0.9645270861930755,3.6787090126836617,0.07056356424353775,0.06806046901121736,seq_hotel
9900,396.0,216,2.95,0.43,0.5147815070493796,7.700551928271116,0.016103774270029965,0.00828992518790905,seq_hotel
9910,396.4,180,-1.11,-6.7,0.0,5.592584375760459,0.03053136996998983,0.0,seq_hotel
9910,396.4,185,-0.94,-1.11,0.02500000000000302,5.592584375760459,0.03053136996998983,0.0007632842492498379,seq_hotel
9910,396.4,204,-1.44,-5.68,0.0,4.5972709295842025,0.04518259648975733,0.0,seq_hotel
9910,396.4,215,1.85,-6.78,0.9722718241315014,6.319256285355105,0.023913296234977892,0.02325022415137892,seq_hotel
9910,396.4,216,2.77,0.53,0.6046693311223705,7.50254623444601,0.016965006138966465,0.010258218914535763,seq_hotel
9920,396.8,180,-1.11,-6.7,0.0,5.592584375760459,0.03053136996998983,0.0,seq_hotel
9920,396.8,185,-0.94,-1.11,0.0,5.592584375760459,0.03053136996998983,0.0,seq_hotel
9920,396.8,215,1.8,-6.43,0.9369164850721713,5.984145720150872,0.026666564047790338,0.024984343456607657,seq_hotel
9920,396.8,216,2.53,0.67,0.6309714732061802,7.478301946297702,0.017075183881115282,0.010773953928733732,seq_hotel
9920,396.8,217,-1.42,-5.68,0.0,4.595138735664027,0.04522453664174189,0.0,seq_hotel
9930,397.2,180,-1.11,-6.7,0.0,5.592584375760459,0.03053136996998983,0.0,seq_hotel
9930,397.2,185,-0.94,-1.11,0.0,5.59177968092449,0.030540157942668938,0.0,seq_hotel
9930,397.2,215,1.68,-6.05,0.9770011514834461,5.59177968092449,0.030540157942668938,0.029837769476473864,seq_hotel
9930,397.2,216,2.35,0.81,0.6249999999999802,7.505531293652702,0.016951514361943656,0.01059469647621445,seq_hotel
9930,397.2,217,-1.42,-5.68,0.0,4.595138735664027,0.04522453664174189,0.0,seq_hotel
9940,397.6,180,-1.11,-6.7,0.0,5.592584375760459,0.03053136996998983,0.0,seq_hotel
9940,397.6,185,-0.94,-1.11,0.03535533905933165,5.218745059877901,0.03506220451220923,0.0012396361286967856,seq_hotel
9940,397.6,215,1.58,-5.68,0.9913690029449108,5.218745059877901,0.03506220451220923,0.03475958272831942,seq_hotel
9940,397.6,216,2.23,1.07,0.7379236071572649,7.673656234155919,0.016216857579203058,0.011966802041601152,seq_hotel
9940,397.6,217,-1.42,-5.68,0.0,4.595138735664027,0.04522453664174189,0.0,seq_hotel
9950,398.0,180,-1.11,-6.7,0.0,5.573239632386176,0.030743686891966517,0.0,seq_hotel
9950,398.0,185,-0.92,-1.13,0.07071067811865843,4.8433253039621444,0.04070840652368816,0.0028785190304200085,seq_hotel
9950,398.0,215,1.61,-5.26,1.000312451187184,4.8433253039621444,0.04070840652368816,0.04072112591363485,seq_hotel
9950,398.0,216,2.09,1.34,0.789184705883275,7.848598601024261,0.015501979018861406,0.01223392475260884,seq_hotel
9950,398.0,217,-1.42,-5.68,0.0,4.577390086064328,0.04557592929489903,0.0,seq_hotel
9960,398.4,180,-1.11,-6.7,0.0,5.553971551961714,0.030957371592051364,0.0,seq_hotel
9960,398.4,185,-0.9,-1.15,0.06731456008916663,4.559747800043331,0.04592929054707365,0.0030917099883837817,seq_hotel
9960,398.4,215,1.6,-4.88,0.9155770038614874,4.490311793183186,0.04736072978348214,0.043362395075854085,seq_hotel
9960,398.4,216,1.92,1.62,0.885473037421217,8.027801691621436,0.01481760831695837,0.013120592643735015,seq_hotel
9960,398.4,217,-1.42,-5.68,0.0,4.559747800043331,0.04592929054707365,0.0,seq_hotel
9970,398.8,180,-1.11,-6.7,0.0,5.623922118948662,0.030192062808902475,0.0,seq_hotel
9970,398.8,185,-0.9,-1.08,0.10077822185372005,4.629298002937378,0.04455958164809674,0.004490635405040845,seq_hotel
9970,398.8,215,1.43,-4.55,0.9567196559076131,4.1796889836445965,0.05466173960499674,0.05229596070620403,seq_hotel
9970,398.8,216,1.86,2.01,0.8975661535507866,8.360293057064446,0.013662443519180655,0.012262946877615854,seq_hotel
9970,398.8,217,-1.42,-5.68,0.0,4.629298002937378,0.04455958164809674,0.0,seq_hotel
9980,399.2,180,-1.11,-6.7,0.0,5.6335512778353225,0.030088939327765858,0.0,seq_hotel
9980,399.2,185,-0.91,-1.07,0.07288689868555982,4.638124621007934,0.0443901441299064,0.0032354599378338856,seq_hotel
9980,399.2,215,1.23,-4.21,0.9612004213482099,3.799894735384126,0.06613452674326639,0.06356853497129211,seq_hotel
9980,399.2,216,1.76,2.32,0.752080447824564,8.608855905403457,0.012884883751590455,0.009690469142063597,seq_hotel
9980,399.2,217,-1.42,-5.68,0.0,4.638124621007934,0.0443901441299064,0.0,seq_hotel
9990,399.6,180,-1.11,-6.7,0.0,5.652265032710338,0.029890029721685234,0.0,seq_hotel
9990,399.6,185,-0.95,-1.05,0.11180339887497981,4.653794151012698,0.04409172023711421,0.0049296041847541,seq_hotel
9990,399.6,215,1.16,-3.83,0.9659839543180002,3.659207564487153,0.07131769395744313,0.06889174802185186,seq_hotel
9990,399.6,216,1.7,2.59,0.6914658342969077,8.838964871522004,0.012222739791998088,0.00845160696766797,seq_hotel
9990,399.6,217,-1.42,-5.68,0.0,4.653794151012698,0.04409172023711421,0.0,seq_hotel
10020,400.8,219,0.82,-2.71,0.9741181909809306,4.4209161946365825,0.016286417467000467,0.015864895520514725,seq_hotel
10020,400.8,220,3.4,0.88,1.5750000000000894,4.4209161946365825,0.016286417467000467,0.025651107510527193,seq_hotel
10030,401.2,219,0.84,-2.33,1.0000781219484594,3.6345563690772495,0.024096130672504976,0.02409801310918344,seq_hotel
10030,401.2,220,3.4,0.25,1.526843148460232,3.6345563690772495,0.024096130672504976,0.03679101202171667,seq_hotel
10040,401.6,219,0.83,-1.91,1.0051430246487125,5.100245092149984,0.024473609701781123,0.024599478079720353,seq_hotel
10040,401.6,220,3.34,-0.34,1.4761118690668182,5.702850164610675,0.019574748938967833,0.028894519242813527,seq_hotel
10040,401.6,221,3.85,-6.02,1.653027525481746,5.702850164610675,0.019574748938967833,0.03235759880050843,seq_hotel
10050,402.0,219,0.69,-1.54,0.9818668443328298,4.932220595228888,0.03925422408830475,0.03854242113231754,seq_hotel
10050,402.0,220,3.24,-0.92,1.4678321600238373,4.476438316340348,0.04765474753855687,0.06994917101491058,seq_hotel
10050,402.0,221,3.81,-5.36,1.539328181383122,6.474758682761853,0.022778452109281932,0.0350635132601035,seq_hotel
10050,402.0,222,-0.94,-0.96,0.2573907535246899,6.474758682761853,0.022778452109281932,0.005862962952534138,seq_hotel
10060,402.4,219,0.54,-1.18,0.976281209488316,4.938522046118656,0.039154112860362134,0.03822542465975637,seq_hotel
10060,402.4,220,3.24,-1.51,1.5051993223490108,4.2549383074258555,0.05274543116636039,0.07939238724861206,seq_hotel
10060,402.4,221,3.91,-4.79,1.3334635353094557,6.164219334189854,0.02513131509756858,0.0335116922769797,seq_hotel
10060,402.4,222,-0.99,-1.05,0.2576941016011,5.693373340999166,0.029459953371218806,0.0075916562172065275,seq_hotel
10060,402.4,223,1.5,4.07,0.961769203083486,5.844997861419626,0.027951342306268945,0.026882740215014012,seq_hotel
10070,402.8,219,0.51,-0.78,0.9303897032963963,4.56572009654556,0.04580921137837705,0.04262041858257012,seq_hotel
10070,402.8,220,3.14,-2.12,1.5425729318252457,4.271592209001229,0.052334949636991875,0.08073047669846113,seq_hotel
10070,402.8,221,3.93,-4.3,1.3374999999999968,5.867282164682384,0.027739423632574353,0.037101479108568106,seq_hotel
10070,402.8,222,-1.02,-1.15,0.19121323175971694,5.4292909297623755,0.03239553480491268,0.006194454904631745,seq_hotel
10070,402.8,223,1.44,3.69,1.074854641335291,5.4292909297623755,0.03239553480491268,0.03482049094359936,seq_hotel
10070,402.8,224,0.5,4.18,1.0325938214032269,5.542499436174983,0.031085658154690114,0.03209885854478584,seq_hotel
10080,403.2,219,0.46,-0.44,0.8585052416846256,3.842460149435515,0.06467741261481066,0.05552589774841428,seq_hotel
10080,403.2,220,3.14,-2.74,1.500208318867735,3.865811687084615,0.06389840132164826,0.09586091322508579,seq_hotel
10080,403.2,221,3.91,-3.72,1.3875563051638553,4.760346626034705,0.04213997054624362,0.05847158183085949,seq_hotel
10080,403.2,222,-1.02,-1.2,0.0800390529679122,5.153532768887766,0.035955166010315634,0.0028778174367697293,seq_hotel
10080,403.2,223,1.63,3.22,1.1673956056110495,5.153532768887766,0.035955166010315634,0.04197390279945824,seq_hotel
10080,403.2,224,0.55,3.77,1.0097184013377063,5.212082117541894,0.03515190638786166,0.035493526721924386,seq_hotel
10080,403.2,225,3.95,-6.52,1.4495689014322974,4.138272586478566,0.05576133898684239,0.08082990289755107,seq_hotel
10080,403.2,226,1.62,-9.94,1.1280514172677503,7.3586955365744,0.01763476647543457,0.019892923315799775,seq_hotel
10090,403.6,219,0.32,-0.12,0.884678613961014,3.5415392133929564,0.07613551194350186,0.06735545917938945,seq_hotel
10090,403.6,220,3.16,-3.32,1.4543576760893249,4.278504411590573,0.05216598519313064,0.07586800099639161,seq_hotel
10090,403.6,221,3.92,-3.19,1.2539936203984172,4.731268328894484,0.04265954543247331,0.053494797821417965,seq_hotel
10090,403.6,222,-1.06,-1.2,0.09519716382329807,4.815028556509296,0.041188279175801604,0.003921007360298522,seq_hotel
10090,403.6,223,1.65,2.78,1.1250694423012173,4.815028556509296,0.041188279175801604,0.04633967428166595,seq_hotel
10090,403.6,224,0.71,3.4,1.0156586532885823,4.9287828112019705,0.039309002159123536,0.039924528195053384,seq_hotel
10090,403.6,225,3.64,-6.03,1.5052512248790757,3.9657660041913716,0.06071796548367312,0.09139579191646441,seq_hotel
10090,403.6,226,1.72,-9.5,1.1928170438084722,6.682521979013613,0.021384080977769483,0.025507296256463977,seq_hotel
10100,404.0,219,0.18,0.21,0.865393696533598,2.82603963171078,0.11956797828227284,0.10347337471274505,seq_hotel
10100,404.0,220,3.23,-3.9,1.4165318563308873,5.110313101953735,0.03656590805203738,0.05179677361137705,seq_hotel
10100,404.0,221,3.99,-2.72,1.3412331080018134,4.806349966450632,0.041337156770329085,0.055442763251026685,seq_hotel
10100,404.0,222,-1.09,-1.17,0.08838834764832362,4.535570526405691,0.04642025620771421,0.004103009743611696,seq_hotel
10100,404.0,223,1.62,2.32,1.1375000000000641,4.418619693976842,0.04891005309059383,0.05563518539055362,seq_hotel
10100,404.0,224,0.74,2.98,1.0752906583803894,4.535570526405691,0.04642025620771421,0.049915267859779365,seq_hotel
10100,404.0,225,3.21,-5.57,1.5250512286478335,3.7344879167029044,0.0684714090052897,0.10442240643076538,seq_hotel
10100,404.0,226,1.71,-8.99,1.2502499750050697,6.671678949110186,0.02145364567090541,0.026822419963817113,seq_hotel
10110,404.4,219,0.19,0.56,0.9875791107551541,2.1480456233516083,0.2069590296160404,0.2043884144309588,seq_hotel
10110,404.4,220,3.47,-4.41,1.5008851554998754,4.456568186396344,0.04808064339919301,0.07216352394473187,seq_hotel
10110,404.4,221,4.0,-2.12,1.3505207329026852,4.630615509843157,0.044534228990484925,0.06014439957548571,seq_hotel
10110,404.4,222,-1.11,-1.15,0.055901699437495435,4.123311775745317,0.05616671618434463,0.0031398148865283437,seq_hotel
10110,404.4,223,1.65,1.87,1.1057378758096204,2.0012246250733576,0.23844032523942466,0.26365249873759644,seq_hotel
10110,404.4,224,0.73,2.54,1.0860622680122733,2.0523157651784483,0.22671644315084807,0.2462281744440857,seq_hotel
10110,404.4,225,2.9,-5.06,1.5375508121684671,3.6432952117554245,0.07194202466183792,0.11061451844785279,seq_hotel
10110,404.4,226,1.7,-8.5,1.2156531166414062,6.781917133082651,0.02076186793503931,0.025239229462527813,seq_hotel
10110,404.4,227,1.72,3.87,1.3894693231589075,3.646505176192679,0.07181542141470798,0.09978532498546601,seq_hotel
10120,404.8,219,0.19,1.0,1.0201868701370105,2.495375723212839,0.15335554747167485,0.1564513159932757,seq_hotel
10120,404.8,220,3.54,-5.06,1.5709272739372442,3.517328531712669,0.07718724001352872,0.12125554053719245,seq_hotel
10120,404.8,221,4.02,-1.64,1.3139872526017875,3.8499999999999996,0.06442433183008077,0.08465275078211372,seq_hotel
10120,404.8,222,-1.11,-1.13,0.05590169943749534,3.840377585602749,0.06474757829958112,0.0036194996614088795,seq_hotel
10120,404.8,223,1.71,1.44,1.0378011611093716,1.8821530224718712,0.26956377093899,0.27975359447350445,seq_hotel
10120,404.8,224,0.92,2.13,1.0975113894625248,1.4800337833982034,0.43594140997551795,0.4784506625864829,seq_hotel
10120,404.8,225,2.64,-4.48,1.6134687012768287,3.678532316019528,0.0705703433852148,0.11386304029040237,seq_hotel
10120,404.8,226,1.64,-8.02,1.2870144715581022,6.809464002401364,0.020594228415472732,0.02650507000128649,seq_hotel
10120,404.8,227,1.8,3.32,1.3196827270218872,2.8239157211220025,0.11974790376216342,0.15802924019200632,seq_hotel
10130,405.2,219,0.09,1.37,0.9494241675878992,2.2649724060129297,0.18614250376237737,0.1767281916873225,seq_hotel
10130,405.2,220,3.6,-5.66,1.5757934509319111,4.612006071114824,0.04489434517838576,0.07074421511597691,seq_hotel
10130,405.2,221,4.05,-1.07,1.375908790581689,4.150614412349092,0.055430220027825834,0.07626692700016276,seq_hotel
10130,405.2,222,-1.13,-1.11,0.08003905296790782,3.498585428426752,0.07801649157697829,0.0062443661017001,seq_hotel
10130,405.2,223,1.63,1.04,1.126110562955488,1.7912007146045914,0.2976342284476288,0.3351690485519816,seq_hotel
10130,405.2,224,0.95,1.69,1.2252550754842488,1.4322360140703068,0.4655241352076108,0.5703858094235409,seq_hotel
10130,405.2,225,2.4,-3.87,1.6256248798538724,3.730201066966766,0.06862887789278532,0.11156481137896522,seq_hotel
10130,405.2,226,1.5,-7.49,1.3461171011468327,6.900818791998526,0.020052574342812397,0.026993113244877978,seq_hotel
10130,405.2,227,1.83,2.82,1.2921034207833102,2.2649724060129297,0.18614250376237737,0.24051536586453798,seq_hotel
10140,405.6,219,0.07,1.75,0.9334077351297099,2.0288173895153796,0.23199865371380002,0.21654933791613992,seq_hotel
10140,405.6,220,3.58,-6.32,1.5947178433816778,5.7998965508015745,0.02838774446625242,0.04527044263369222,seq_hotel
10140,405.6,221,4.06,-0.54,1.3127380736460517,3.504868043165106,0.07773704695918889,0.10204838127613827,seq_hotel
10140,405.6,222,-1.15,-1.08,0.04506939094329268,3.2521992558882364,0.09028530921936428,0.004069103897643596,seq_hotel
10140,405.6,223,1.67,0.54,1.2265933515228054,2.0060159520801424,0.2373026660747427,0.29107387250591576,seq_hotel
10140,405.6,224,0.9,1.15,1.2041594578791939,1.61245154965971,0.36728063790437376,0.4422644538284552,seq_hotel
10140,405.6,225,2.41,-3.2,1.512706597460282,3.812505737700601,0.06569773092570944,0.09938139100949106,seq_hotel
10140,405.6,226,1.45,-6.96,1.2935537290734929,6.4291834629290205,0.023102540705837567,0.029884377681108347,seq_hotel
10140,405.6,227,2.02,2.31,1.2915591353089213,2.0288173895153796,0.23199865371380002,0.2996399805834294,seq_hotel
10150,406.0,219,0.19,2.11,0.886002257333518,2.534284909002932,0.1486827232820621,0.13173322845440186,seq_hotel
10150,406.0,220,3.4,-6.92,1.5348045478171684,6.932452668428398,0.01986998575812954,0.030496544506639585,seq_hotel
10150,406.0,221,4.07,-0.02,1.2875000000000734,3.1132137735786793,0.09852659986497994,0.1268529973261689,seq_hotel
10150,406.0,222,-1.15,-1.08,0.0,3.4600144508368746,0.07976558538481353,0.0,seq_hotel
10150,406.0,223,1.68,0.06,1.2272937708634277,2.391338537304997,0.16698953546408526,0.2049452166744493,seq_hotel
10150,406.0,224,1.03,0.73,1.095801647197218,1.6155494421403511,0.36587343239516174,0.4009247098843182,seq_hotel
10150,406.0,225,2.42,-2.66,1.4377173748690095,3.6639050206030177,0.0711349397767742,0.10227193887732888,seq_hotel
10150,406.0,226,1.4,-6.46,1.2621905561365054,5.953729923333775,0.02693972275576629,0.03400306364726392,seq_hotel
10150,406.0,227,2.09,1.82,1.2500000000000708,1.9220041623263981,0.2585013016841375,0.3231266271051902,seq_hotel
10160,406.4,219,0.27,2.43,0.804770930140984,3.167412192942371,0.09518361909308468,0.07660100967172688,seq_hotel
10160,406.4,220,3.32,-7.52,1.4552169082305086,7.28357741772544,0.018000389412943747,0.02619447102844918,seq_hotel
10160,406.4,221,4.06,0.49,1.289016097649656,2.996681497923994,0.10633842145982482,0.13707193706036783,seq_hotel
10160,406.4,222,-1.15,-1.08,2.220446049250313e-16,3.709083444734022,0.06941257794417306,1.541268844644185e-17,seq_hotel
10160,406.4,223,1.61,-0.44,1.2148173731059222,1.806792738528689,0.2925194236640748,0.35535767783804967,seq_hotel
10160,406.4,224,1.07,0.29,1.2390772776545882,2.284644392460236,0.1829507354110223,0.22669009917799438,seq_hotel
10160,406.4,225,2.43,-2.05,1.5127065974603047,3.018029158242179,0.10483939820512403,0.15859124933865915,seq_hotel
10160,406.4,226,1.31,-5.96,1.2605182465954063,5.464979414416856,0.03197380494714297,0.040303564548956186,seq_hotel
10160,406.4,227,2.02,1.31,1.277203977444463,2.0777150911518163,0.22120726876957353,0.28252680351212567,seq_hotel
10170,406.8,219,0.26,2.75,0.7883923515610608,3.904510212561878,0.0626380538498263,0.04938336257187292,seq_hotel
10170,406.8,220,3.12,-8.05,1.5297569251354883,7.295861840797152,0.017939824055626417,0.02744357008480673,seq_hotel
10170,406.8,221,4.02,1.01,1.3542756366412154,3.0734996339677667,0.10108926771588886,0.13690273239352965,seq_hotel
10170,406.8,222,-1.15,-1.08,2.220446049250313e-16,3.6941575494285566,0.06997462105045667,1.553748708592743e-17,seq_hotel
10170,406.8,223,1.62,-0.91,1.1635747719850058,1.7584652399180372,0.30881885342195586,0.3593338269551232,seq_hotel
10170,406.8,224,0.98,-0.26,1.2500624984375428,2.0541908382621124,0.22630273681810845,0.28289256459009837,seq_hotel
10170,406.8,225,2.64,-1.47,1.521923125522419,2.3505318547086316,0.17283794724911714,0.2630460688862553,seq_hotel
10170,406.8,226,1.27,-5.46,1.2189262693042369,4.563441683641853,0.045854965596704565,0.05589382214386523,seq_hotel
10170,406.8,227,2.03,0.8,1.1657883598663727,2.001049724519608,0.23848200852888773,0.2780195495805303,seq_hotel
10180,407.2,219,0.24,3.06,0.7766112283504977,3.946200704475129,0.06132153851670392,0.047622995351799785,seq_hotel
10180,407.2,220,2.93,-8.68,1.5340408240982304,7.812560399766519,0.01564532561142295,0.02400056819423241,seq_hotel
10180,407.2,221,3.89,1.56,1.423299423873956,3.6123399618529817,0.07318029416440892,0.10415747052312985,seq_hotel
10180,407.2,222,-1.15,-1.08,2.220446049250313e-16,3.426601815209932,0.08132875064312972,1.8058610305600125e-17,seq_hotel
10180,407.2,223,1.65,-1.37,1.1880919577204228,1.7755280904564703,0.3029118663128857,0.35988715226442336,seq_hotel
10180,407.2,224,1.08,-0.71,1.1430496489654183,1.657739424638263,0.3474872306507668,0.3971951570153243,seq_hotel
10180,407.2,225,2.73,-0.87,1.5336333492722194,1.657739424638263,0.3474872306507668,0.5329180053722637,seq_hotel
10180,407.2,226,1.21,-4.99,1.189866063891209,4.281973843918246,0.052081485361645134,0.06196999198886832,seq_hotel
10180,407.2,227,1.95,0.38,1.0616172803793134,1.7755280904564703,0.3029118663128857,0.3215764717097079,seq_hotel
10190,407.6,220,2.82,-9.24,1.426753307337907,8.252575355608696,0.014021432472672667,0.020005125154000856,seq_hotel
10190,407.6,221,3.88,2.14,1.25753976080277,4.249729403150275,0.052874810829967124,0.06649217696360857,seq_hotel
10190,407.6,222,-1.15,-1.08,2.220446049250313e-16,3.1784430150625633,0.09452409389273668,2.098856508430928e-17,seq_hotel
10190,407.6,223,1.65,-1.86,1.2281210241665759,1.9612496016570662,0.24825936788024747,0.3048925491400363,seq_hotel
10190,407.6,224,1.19,-1.15,1.339601153328869,1.818350901228913,0.288812502586309,0.38689356156041643,seq_hotel
10190,407.6,225,2.77,-0.25,1.612693786805156,1.9612496016570662,0.24825936788024747,0.4003663400966506,seq_hotel
10190,407.6,226,1.12,-4.52,1.1954340216005073,4.121468185003979,0.05621697574846921,0.06720368540121074,seq_hotel
10190,407.6,227,1.85,-0.03,1.1124999999999967,1.8408965207202714,0.2817815983213939,0.3134820281325498,seq_hotel
10200,408.0,221,3.78,2.56,1.0793516572462065,5.079881888390713,0.03700531902683847,0.039941752418542684,seq_hotel
10200,408.0,222,-1.15,-1.08,0.025000000000001465,3.1519676394277902,0.096118698582912,0.0024029674645729407,seq_hotel
10200,408.0,223,1.72,-2.35,1.159539240388247,1.8543192821086665,0.2777169284721163,0.32202367628351486,seq_hotel
10200,408.0,224,1.14,-1.78,1.3250000000000755,2.2603539545832194,0.18690394945419483,0.24764773302682225,seq_hotel
10200,408.0,225,2.75,0.42,1.6194134740702568,2.726187814513153,0.1284871918504019,0.2080738897279909,seq_hotel
10200,408.0,226,1.1,-4.04,1.1898660638912937,3.630895206419486,0.07243424750454146,0.0861870529691565,seq_hotel
10200,408.0,227,1.95,-0.51,1.2412191587307113,1.8543192821086665,0.2777169284721163,0.34470757232343735,seq_hotel
10210,408.4,222,-1.15,-1.1,0.15662455107675238,3.2626369703048486,0.0897085580331591,0.014050562629686332,seq_hotel
10210,408.4,223,1.83,-2.77,1.118033988749874,1.7691806012954132,0.3050893477799911,0.34110026042356095,seq_hotel
10210,408.4,224,1.19,-2.21,1.09914739684901,1.4534097839219329,0.45205910743768807,0.49687959116202174,seq_hotel
10210,408.4,225,2.57,1.03,1.5186856982272403,3.871382182115323,0.06371464801244843,0.0967625247040881,seq_hotel
10210,408.4,226,0.97,-3.58,1.1675963557668247,2.7724537868105217,0.1242346527745231,0.14505592783949,seq_hotel
10210,408.4,227,2.01,-1.01,1.278915556242845,2.1154668515483763,0.21338256581859402,0.27289828285641266,seq_hotel
10220,408.8,222,-1.21,-1.19,0.3457329171484895,3.2577906623968333,0.08997565847730864,0.031107546877716136,seq_hotel
10220,408.8,223,1.88,-3.23,1.1319231422671574,1.706604816587601,0.3278728441378102,0.37112686000054007,seq_hotel
10220,408.8,224,1.4,-2.62,1.1096170510585894,1.2589678312014172,0.6024792798431369,0.6685212818234442,seq_hotel
10220,408.8,225,2.56,1.62,1.481395035093591,4.7020208421486185,0.043191897351819254,0.06398426229325706,seq_hotel
10220,408.8,226,0.85,-3.14,1.1917686436552934,1.996121238802894,0.23966110140579047,0.28562058575931265,seq_hotel
10220,408.8,227,2.03,-1.53,1.2679338507981979,1.996121238802894,0.23966110140579047,0.3038744231919813,seq_hotel
10230,409.2,222,-1.33,-1.31,0.22980970388565256,3.5791200035762984,0.0745450588638162,0.01713117790363214,seq_hotel
10230,409.2,223,1.93,-3.67,1.173802581356822,1.6787197502859137,0.3388558456234243,0.39774986630062426,seq_hotel
10230,409.2,224,1.41,-3.07,1.1375686792453277,1.310152662860325,0.556323716021772,0.6328564348677399,seq_hotel
10230,409.2,225,2.46,2.21,1.5225903093084237,5.172475229520195,0.035692300680310686,0.054344751132763505,seq_hotel
10230,409.2,226,0.76,-2.65,1.2086278376737694,1.5575621977950032,0.3936231073995762,0.47574384515477963,seq_hotel
10230,409.2,227,2.18,-2.01,1.1673956056110502,1.6787197502859137,0.3388558456234243,0.3955788251164019,seq_hotel
10240,409.6,222,-1.34,-1.32,0.48750000000005755,3.7511065034200244,0.06786605299992693,0.033084700837468284,seq_hotel
10240,409.6,223,2.01,-4.16,1.2539936203984299,2.3825406607233384,0.168225078578591,0.21095317532857769,seq_hotel
10240,409.6,224,1.41,-3.53,1.212693283563484,1.530751449452196,0.4075322885589674,0.49421166917071546,seq_hotel
10240,409.6,225,2.3,2.81,1.5524174696258703,5.505133967488892,0.03150907094357225,0.04891523218448247,seq_hotel
10240,409.6,226,0.67,-2.19,1.130611007376079,2.190205469813278,0.19906809642513484,0.2250685810356601,seq_hotel
10240,409.6,227,2.24,-2.44,1.1000710204345778,1.7353097706173388,0.3171154181089137,0.3488494815946105,seq_hotel
10250,410.0,222,-1.69,-1.46,0.5344389581608289,4.135516896350444,0.05583567657075701,0.02984076081468038,seq_hotel
10250,410.0,223,2.01,-4.67,1.3645626588765394,3.21278695216474,0.09251401458548461,0.12624116972611182,seq_hotel
10250,410.0,224,1.55,-4.03,1.2500624984376492,2.4439312592624205,0.15987973120669902,0.19985965624178595,seq_hotel
10250,410.0,226,0.67,-1.75,1.1408604209105284,2.4439312592624205,0.15987973120669902,0.18240045743953678,seq_hotel
10250,410.0,227,2.19,-2.89,1.0651437696386945,1.9000000000000001,0.26452345112226366,0.28175550588620485,seq_hotel
10260,410.4,222,-1.76,-1.4,0.23048861143233548,4.461983863709056,0.04796399966605416,0.011055155681769827,seq_hotel
10260,410.4,223,1.95,-5.25,1.3445491809524834,3.412286623365628,0.08201256117483036,0.1102699219554336,seq_hotel
10260,410.4,224,1.42,-4.53,1.3290033860001769,3.320376484677604,0.08661572064611668,0.1151125860195345,seq_hotel
10260,410.4,226,0.74,-1.28,1.2621905561364053,3.320376484677604,0.08661572064611668,0.10932554461247754,seq_hotel
10260,410.4,227,2.18,-3.29,1.0756538709082692,2.472589735479786,0.15619504695215208,0.16801180687078124,seq_hotel
10260,410.4,230,0.93,-9.76,1.4630874888398295,3.6278919498794338,0.07255422278076921,0.10615317561304119,seq_hotel
10260,410.4,231,2.75,-9.51,0.8933784192602052,4.334466518500287,0.050827655397782154,0.045408330433973056,seq_hotel
10260,410.4,232,3.52,-10.01,1.1718041645256942,5.012235030403104,0.03801093277147465,0.044541369319120186,seq_hotel
10260,410.4,233,-1.11,-6.76,0.0,3.6278919498794338,0.07255422278076921,0.0,seq_hotel
10270,410.8,223,1.9,-5.74,1.2550522897473093,3.1781283800375335,0.0945428106085216,0.11865617093337123,seq_hotel
10270,410.8,224,1.25,-5.05,1.2148173731059002,2.914395306062649,0.11242799469623037,0.13657948118043867,seq_hotel
10270,410.8,226,0.81,-0.75,1.206751838614682,5.107660912785812,0.03660389212561128,0.04417181412303489,seq_hotel
10270,410.8,227,2.16,-3.75,1.1985668525368034,3.289756829919196,0.08823558868573546,0.10575625181279392,seq_hotel
10270,410.8,230,0.76,-9.2,1.4372825922552355,3.074166553718259,0.10104541120061078,0.14523081054591006,seq_hotel
10270,410.8,231,2.86,-9.17,0.9247465869090764,3.5618113369464135,0.07527132452223799,0.06960690044406505,seq_hotel
10270,410.8,232,3.43,-9.55,1.0547511554864182,4.10572770650953,0.056648849650078416,0.059750439625396584,seq_hotel
10270,410.8,233,-1.11,-6.76,0.0,3.1781283800375335,0.0945428106085216,0.0,seq_hotel
10280,411.2,223,1.86,-6.25,1.287560678181788,2.6968314741562924,0.13129970968270865,0.16905634324414023,seq_hotel
10280,411.2,224,1.36,-5.5,1.1473474844178484,2.772814454665151,0.12420233576788348,0.14250323750210206,seq_hotel
10280,411.2,226,0.96,-0.34,1.2729149618100526,5.978135160733655,0.026720213401142532,0.0340125594210718,seq_hotel
10280,411.2,227,2.05,-4.24,1.1497961775897487,4.0417817853021205,0.058455537374594295,0.06721195343226322,seq_hotel
10280,411.2,230,0.63,-8.65,1.4179650912487007,2.6968314741562924,0.13129970968270865,0.1861784048211699,seq_hotel
10280,411.2,231,2.92,-8.79,1.0684392823178737,2.752308122285729,0.1260599929442619,0.1346874483903634,seq_hotel
10280,411.2,232,3.44,-9.17,0.9722718241314865,3.320060240417333,0.08663222217144212,0.08423006867919224,seq_hotel
10280,411.2,233,-1.11,-6.76,0.0,3.0134697609234444,0.10515688344360444,0.0,seq_hotel
10290,411.6,223,1.91,-6.77,1.239770644111213,1.8668154702594473,0.2740113797851856,0.33971126481008174,seq_hotel
10290,411.6,224,1.37,-5.96,1.2802587629069393,2.2624102192131295,0.18656435646212213,0.23885065220672572,seq_hotel
10290,411.6,226,1.12,0.22,1.385753405191529,7.034500693012972,0.01929766791322023,0.026741809023000242,seq_hotel
10290,411.6,227,1.97,-4.65,1.1554896148386622,3.700945825056076,0.0697181615354729,0.08055861161988322,seq_hotel
10290,411.6,230,0.58,-8.08,1.4797064742711508,2.2624102192131295,0.18656435646212213,0.27606048612523293,seq_hotel
10290,411.6,231,2.95,-8.32,1.0995737810624344,2.382120903732638,0.16828437017382536,0.1850410812057435,seq_hotel
10290,411.6,232,3.54,-8.78,1.035917467755024,3.041644292155149,0.10321778487519696,0.10692510633519686,seq_hotel
10290,411.6,233,-1.11,-6.76,0.025000000000003242,3.0200165562460084,0.10470145919098428,0.0026175364797749465,seq_hotel
10300,412.0,223,1.92,-7.24,1.1898660638912941,1.489462990476769,0.43043933222960196,0.5121651539840335,seq_hotel
10300,412.0,224,1.19,-6.51,1.3316460678424284,1.5541557193537587,0.3953505251930829,0.5264669722928078,seq_hotel
10300,412.0,226,1.25,0.73,1.3044395348195306,7.8470185420961,0.015508222538296309,0.020229538593732995,seq_hotel
10300,412.0,227,1.96,-5.16,1.1917030880215749,2.768122107133282,0.124623772731011,0.14851453480444474,seq_hotel
10300,412.0,230,0.45,-7.48,1.4283950784010109,1.7000000000000004,0.33042548738801786,0.4719781399633,seq_hotel
10300,412.0,231,3.05,-7.92,1.0075496265693886,2.3340308481251912,0.17529042688682786,0.17661380415101213,seq_hotel
10300,412.0,232,3.56,-8.35,1.075290658380388,3.0004166377354995,0.10607383044169644,0.1140601989725814,seq_hotel
10300,412.0,233,-1.09,-6.76,0.025000000000001465,3.048032152061392,0.10278560449398545,0.002569640112349787,seq_hotel
10310,412.4,223,1.85,-7.72,1.1917030880214936,1.632942130021759,0.35812100451954715,0.42677390697130363,seq_hotel
10310,412.4,224,1.19,-7.01,1.1940608234089158,1.57419820861288,0.38534750758701086,0.46012836220791964,seq_hotel
10310,412.4,226,1.45,1.21,1.2689193236766334,8.226007537074105,0.014112149735046996,0.017907179497419216,seq_hotel
10310,412.4,227,1.89,-5.6,1.1646485521392043,2.1203773249117717,0.21239538668847235,0.24736597958777576,seq_hotel
10310,412.4,230,0.41,-6.95,1.4008925726121604,1.632942130021759,0.35812100451954715,0.5016890553278395,seq_hotel
10310,412.4,231,3.11,-7.53,0.9770011514834446,1.989170681465017,0.24133887448225133,0.23578835826687805,seq_hotel
10310,412.4,232,3.56,-7.92,1.0785551678055052,2.5387004549572207,0.14816596719183434,0.15980516960765387,seq_hotel
10310,412.4,233,-1.09,-6.76,0.0,3.0927657525263696,0.09983373672807384,0.0,seq_hotel
10320,412.8,223,1.84,-8.19,1.2375631297028786,1.922004162326398,0.25850130168413754,0.31991167994448927,seq_hotel
10320,412.8,224,1.29,-7.46,1.2130797583011577,1.4673104647619737,0.44353444428767874,0.5380426564747356,seq_hotel
10320,412.8,226,1.58,1.69,1.2432316759155295,8.861794400684321,0.012159845088096892,0.015117504587747918,seq_hotel
10320,412.8,227,1.76,-6.07,1.108560440391022,1.714788616710526,0.32475077658608137,0.36000586390959277,seq_hotel
10320,412.8,230,0.41,-6.36,1.5018738295875427,1.5524174696260022,0.39623637284289304,0.5950970387034331,seq_hotel
10320,412.8,231,3.1,-7.14,0.9382497002397411,1.714788616710526,0.32475077658608137,0.30469731878451395,seq_hotel
10320,412.8,232,3.63,-7.49,1.0131942064579478,2.340192299790767,0.17436860377090702,0.17666925912884446,seq_hotel
10320,412.8,233,-1.09,-6.76,0.0,2.9323369519889764,0.11105641134037773,0.0,seq_hotel
10330,413.2,223,1.86,-8.71,1.240589577579941,2.315879962346927,0.17804889872865057,0.2208856080623503,seq_hotel
10330,413.2,224,1.16,-7.98,1.241219158730636,2.315253765788969,0.17814522396675092,0.2211172650238913,seq_hotel
10330,413.2,227,1.78,-6.48,1.1002840542332433,1.6230834852218787,0.36248468666541594,0.3988361206416907,seq_hotel
10330,413.2,230,0.35,-5.75,1.575198400202307,2.3725513693068905,0.16964463644543826,0.2672239599317563,seq_hotel
10330,413.2,231,3.14,-6.78,0.9155770038614851,2.315253765788969,0.17814522396675092,0.16310567041171103,seq_hotel
10330,413.2,232,3.59,-7.11,1.1127808634227647,2.3564592082189755,0.1719695399793571,0.19136441318064465,seq_hotel
10330,413.2,233,-1.09,-6.76,0.0,2.883626189366437,0.1148400729440155,0.0,seq_hotel
10340,413.6,223,1.77,-9.18,1.1963486114004351,3.099193443462347,0.09942005815214702,0.1189410485156716,seq_hotel
10340,413.6,224,1.13,-8.44,1.1524430571615103,2.784025861948843,0.12320401230213297,0.14198560859203443,seq_hotel
10340,413.6,227,1.78,-6.95,1.2481235916366544,1.9024720760105784,0.26383645315559817,0.3293005015172411,seq_hotel
10340,413.6,230,0.43,-5.1,1.5149773100610722,3.028035666896941,0.10414763426233745,0.15778130280398034,seq_hotel
10340,413.6,231,3.16,-6.41,1.0262187875886906,2.8708535316173824,0.11586421152556144,0.11890203067668124,seq_hotel
10340,413.6,232,3.65,-6.6,1.0768153277140455,3.120256399721023,0.09808233962113519,0.105616566682093,seq_hotel
10340,413.6,233,-1.09,-6.76,0.0,2.8762823227214676,0.11542725233305598,0.0,seq_hotel
10350,414.0,227,1.65,-7.47,1.2993387741463713,2.830494656416083,0.11919188918099428,0.15487064317662325,seq_hotel
10350,414.0,230,0.52,-4.55,1.4963497251646258,3.131022197302344,0.09740900090289721,0.14575793172961102,seq_hotel
10350,414.0,231,3.1,-5.96,1.0325938214032286,2.940153057240388,0.11046673128016334,0.11406726419050743,seq_hotel
10350,414.0,232,3.64,-6.25,1.0277402395547817,3.5530831681794335,0.07564158760427205,0.07773990336471856,seq_hotel
10350,414.0,233,-1.09,-6.76,0.0,4.265688690000713,0.0524799082523932,0.0,seq_hotel
10360,414.4,227,1.64,-7.98,1.3630159573533664,3.020744941235523,0.10465097245464297,0.14264094540822597,seq_hotel
10360,414.4,230,0.56,-3.91,1.485870956711915,3.6632499232239124,0.07116038411191052,0.10573514802035183,seq_hotel
10360,414.4,231,3.06,-5.59,0.925084455603907,3.0120424963801553,0.10525656480659717,0.0973712119528483,seq_hotel
10360,414.4,232,3.71,-5.78,1.1249999999999911,3.6632499232239124,0.07116038411191052,0.0800554321258987,seq_hotel
10360,414.4,233,-1.09,-6.76,0.0,4.311774576667942,0.05136405319402367,0.0,seq_hotel
10370,414.8,227,1.68,-8.56,1.4534441853747395,3.303467874824879,0.08750466498835065,0.1271831465204828,seq_hotel
10370,414.8,230,0.73,-3.38,1.4047352953492531,3.838853995660684,0.06479898339879568,0.0910254190830386,seq_hotel
10370,414.8,231,3.09,-5.22,0.9625811654089136,3.6254241131211122,0.07265303214097794,0.0699344403487538,seq_hotel
10370,414.8,232,3.64,-5.35,0.9428182486566199,3.7610769734213103,0.06750670935700404,0.063646557488542,seq_hotel
10370,414.8,233,-1.09,-6.76,0.0,4.454660480889649,0.048121833226737167,0.0,seq_hotel
10370,414.8,234,2.63,2.4,2.0403737402741857,7.815535810166824,0.015633415384272643,0.03189801022086837,seq_hotel
10370,414.8,235,4.0,-9.3,0.9762812094883887,3.9663711374504538,0.0606994399063934,0.05925972260708152,seq_hotel
10370,414.8,236,3.42,-9.44,0.8558621384312328,4.095912596723714,0.056920672282739074,0.04871624830084847,seq_hotel
10380,415.2,230,0.79,-2.81,1.4067360271209217,4.374574264999967,0.04989991370344058,0.07019600635685484,seq_hotel
10380,415.2,231,3.05,-4.82,0.9598990832373916,4.203450963196787,0.054045484099347556,0.05187821064008474,seq_hotel
10380,415.2,232,3.63,-5.03,0.8375932783875303,3.899551256234491,0.06279746546222814,0.052598734970935375,seq_hotel
10380,415.2,233,-1.09,-6.76,0.0,5.027056792995281,0.03778712051027735,0.0,seq_hotel
10380,415.2,234,2.53,1.59,1.9995702663322208,6.710767467287181,0.02120444945533574,0.042399786644833806,seq_hotel
10380,415.2,235,4.02,-8.91,0.9388323865312629,4.203450963196787,0.054045484099347556,0.050739650818227885,seq_hotel
10380,415.2,236,3.38,-9.1,0.8574125319821126,4.292703111094452,0.051821463727804544,0.0444323724258761,seq_hotel
10390,415.6,230,0.84,-2.26,1.3753408668399063,3.693304753198685,0.07000693952211223,0.09628340488715073,seq_hotel
10390,415.6,231,2.98,-4.46,0.9007809112098136,4.225127217019625,0.05349236535183607,0.048184901604395154,seq_hotel
10390,415.6,232,3.63,-4.68,0.8750892811593445,3.8916577444580103,0.06305247002650191,0.05517654067081267,seq_hotel
10390,415.6,233,-1.09,-6.76,0.0,4.896417057400238,0.03983039172431884,0.0,seq_hotel
10390,415.6,234,2.38,0.82,2.040603464664296,5.640257086339239,0.030017435239335862,0.061253682349724885,seq_hotel
10390,415.6,235,4.04,-8.55,0.9021675287882956,4.225127217019625,0.05349236535183607,0.048259075058506594,seq_hotel
10390,415.6,236,3.33,-8.76,0.8633148324915899,4.314220671222092,0.051305824502424296,0.04429307928615334,seq_hotel
10400,416.0,230,0.94,-1.72,1.4067360271210179,3.755276288104512,0.06771542242299884,0.09525772431415087,seq_hotel
10400,416.0,231,3.08,-4.1,0.8918029490868995,4.161586236040291,0.055138327052184466,0.04917252267285608,seq_hotel
10400,416.0,232,3.64,-4.33,0.8896979824637623,3.874080536075624,0.06362592254731468,0.05660785492274147,seq_hotel
10400,416.0,233,-1.09,-6.76,0.0,5.258184097195533,0.03453820853034963,0.0,seq_hotel
10400,416.0,234,2.26,-0.02,2.2038673394740784,4.5255386419740145,0.046626286396883466,0.10275814975105597,seq_hotel
10400,416.0,235,3.97,-8.19,0.8631338250816535,4.185713798147217,0.054504495299789506,0.04704467351225232,seq_hotel
10400,416.0,236,3.35,-8.41,0.8625905749543545,4.318448795574634,0.051205408255207883,0.04416930254763222,seq_hotel
10410,416.4,230,0.95,-1.14,1.4035668847618061,3.8633922917560417,0.06397845733906203,0.0897980440592534,seq_hotel
10410,416.4,231,3.05,-3.75,0.9055385138137237,3.349940297975473,0.08509366861383984,0.07705559421153403,seq_hotel
10410,416.4,232,3.58,-3.97,0.8367533985589767,3.8633922917560417,0.06397845733906203,0.05353419161302066,seq_hotel
10410,416.4,233,-1.09,-6.76,0.0,5.131491011392303,0.03626471235033048,0.0,seq_hotel
10410,416.4,234,2.04,-0.91,2.285278976405256,3.4256678181049605,0.08137310472351318,0.1859602454694679,seq_hotel
10410,416.4,235,3.92,-7.87,0.800097650290251,4.210855020064215,0.05385559200686764,0.043089732619685225,seq_hotel
10410,416.4,236,3.34,-8.07,0.9442258734010348,4.329722854871891,0.05093909041961818,0.04809800714171826,seq_hotel
10420,416.8,230,1.02,-0.6,1.3686215693170811,3.941826987578222,0.061457694590769205,0.08411232641742844,seq_hotel
10420,416.8,231,3.0,-3.38,0.8625905749542851,3.4130338410276564,0.0819766549817468,0.07071228995353404,seq_hotel
10420,416.8,232,3.48,-3.68,0.7910633666148325,3.9021660651489447,0.0627133335446724,0.049610220765487455,seq_hotel
10420,416.8,233,-1.09,-6.76,0.0,5.13117920170403,0.0362691199267489,0.0,seq_hotel
10420,416.8,234,1.94,-1.82,2.192672456159334,2.414787775354182,0.16376211732600016,0.35907668402305376,seq_hotel
10420,416.8,235,3.98,-7.55,0.8253787009609506,3.9021660651489447,0.0627133335446724,0.05176224977403251,seq_hotel
10420,416.8,236,3.26,-7.66,0.9457966219013191,3.986075764458072,0.06010080424899123,0.05684313763224835,seq_hotel
10420,416.8,237,2.73,-9.75,2.0303940504248126,4.851030818290067,0.04057918447047156,0.08239173471993641,seq_hotel
10430,417.2,230,1.13,-0.06,1.4283950784009027,4.058386378845661,0.057978182723740765,0.08281575085721955,seq_hotel
10430,417.2,231,3.06,-3.06,0.821678921477227,3.5671977797705585,0.07504417783647588,0.06166221910782072,seq_hotel
10430,417.2,232,3.52,-3.34,0.9219544457292659,3.892723981995127,0.06301793395177104,0.058099664367508554,seq_hotel
10430,417.2,233,-1.09,-6.76,0.0,5.003998401278721,0.03813616847249889,0.0,seq_hotel
10430,417.2,234,1.75,-2.64,2.176328617189926,2.6534505836740205,0.1356280051345546,0.29517110886671344,seq_hotel
10430,417.2,235,3.94,-7.21,0.8363798479159964,3.892723981995127,0.06301793395177104,0.052706930014562565,seq_hotel
10430,417.2,236,3.24,-7.32,0.9757208873442955,3.989837089406033,0.05998754042712841,0.05853109617515953,seq_hotel
10430,417.2,237,2.59,-8.95,1.9863990661495778,4.282347487068278,0.052072397336280093,0.10343656144095655,seq_hotel
10440,417.6,230,1.19,0.53,1.4366845513194344,3.812413933454761,0.0657008950119627,0.0943914608715469,seq_hotel
10440,417.6,231,3.15,-2.74,0.8822024994296904,3.812413933454761,0.0657008950119627,0.05796149379432118,seq_hotel
10440,417.6,232,3.64,-2.96,0.9637978263100443,3.935593983123767,0.06165251622461067,0.0594205611238245,seq_hotel
10440,417.6,233,-1.09,-6.76,0.0,4.381643527262344,0.049739028405492644,0.0,seq_hotel
10440,417.6,234,1.67,-3.54,2.3325482310125754,3.7121422386541174,0.06929823356686299,0.16164147211868254,seq_hotel
10440,417.6,235,3.87,-6.89,0.8875880238038363,3.9367245268115973,0.06161711072225557,0.05469060953846899,seq_hotel
10440,417.6,236,3.29,-6.88,0.9507398434902875,3.7121422386541174,0.06929823356686299,0.0658845917355127,seq_hotel
10440,417.6,237,2.56,-8.17,1.942372904465022,3.9128761799985448,0.06237049224402517,0.1211467541729403,seq_hotel
10440,417.6,238,0.66,4.27,0.05590169943749897,7.439099407858453,0.017255623553065803,0.0009646186814701125,seq_hotel
10440,417.6,239,1.13,4.18,0.05590169943749872,7.208800177560756,0.018375764113845228,0.0010272364424265509,seq_hotel
10450,418.0,230,1.34,1.07,1.3885694076999604,3.878272811445837,0.06348844216151667,0.0881581085280104,seq_hotel
10450,418.0,231,3.15,-2.36,0.9253377761661401,3.878272811445837,0.06348844216151667,0.05874825388199044,seq_hotel
10450,418.0,232,3.65,-2.58,0.9500822332830466,3.9314628320766305,0.061782152283285374,0.05869812521833705,seq_hotel
10450,418.0,233,-1.09,-6.76,0.0,4.304648650006176,0.051534250326571635,0.0,seq_hotel
10450,418.0,234,1.6,-4.5,2.3097957160754734,2.80871856902752,0.12104725101742601,0.2795944218427631,seq_hotel
10450,418.0,235,3.95,-6.5,0.9003471552685063,3.0858548248418947,0.10028140284078467,0.09028807577403558,seq_hotel
10450,418.0,236,3.21,-6.56,0.9659839543181371,2.61451716383733,0.13969742068133073,0.13494546683779618,seq_hotel
10450,418.0,237,2.48,-7.4,1.953562451011084,3.0305775027212225,0.10397300406682765,0.20311775666377724,seq_hotel
10450,418.0,238,0.67,4.29,0.039528470752107164,7.097386843057098,0.018957210296635135,0.0007493495327520868,seq_hotel
10450,418.0,239,1.12,4.2,0.012500000000001954,6.866913425986962,0.020251082262591525,0.0002531385282824336,seq_hotel
10460,418.4,230,1.45,1.61,1.3647344063956002,3.9817709627752325,0.060230827749306,0.08219908295516477,seq_hotel
10460,418.4,231,3.13,-2.0,0.9507398434902998,3.9817709627752325,0.060230827749306,0.057263847747666394,seq_hotel
10460,418.4,232,3.65,-2.2,0.9625811654089076,3.951759101969653,0.06114915464200277,0.05886102453906854,seq_hotel
10460,418.4,233,-1.09,-6.76,0.0,4.288029850642367,0.05193447934168183,0.0,seq_hotel
10460,418.4,234,1.5,-5.38,2.2339706802014763,2.517180962902747,0.15071015096609514,0.3366820584669947,seq_hotel
10460,418.4,235,3.89,-6.17,0.8800745707040787,2.517180962902747,0.15071015096609514,0.13263617141223308,seq_hotel
10460,418.4,236,3.15,-6.12,1.024999999999996,1.8083417818543044,0.29201848828823945,0.29931895049544427,seq_hotel
10460,418.4,237,2.36,-6.62,1.995189527338161,1.5948040632002418,0.3754539822880285,0.7491018534584819,seq_hotel
10460,418.4,238,0.65,4.3,0.027950849718751145,6.770553891669425,0.020831617057254562,0.0005822613977658952,seq_hotel
10460,418.4,239,1.13,4.19,0.027950849718738433,6.505082628222335,0.022566580061758337,0.0006307550879720863,seq_hotel
10470,418.8,230,1.5,2.15,1.3483786560161606,4.109123994235268,0.05655524513330679,0.07625788542351272,seq_hotel
10470,418.8,231,3.18,-1.6,0.9375833296299364,4.140108694225311,0.05571189046710258,0.05223453976412435,seq_hotel
10470,418.8,232,3.66,-1.81,1.0381774896423,4.002811511925087,0.05959929215486798,0.06187464351379886,seq_hotel
10470,418.8,233,-1.09,-6.76,0.025000000000003242,4.419321214847366,0.048894526407619515,0.0012223631601906463,seq_hotel
10470,418.8,234,1.44,-6.28,2.2318714120665297,2.4161539686038225,0.1635769739544643,0.3650827718413202,seq_hotel
10470,418.8,235,3.81,-5.81,0.9540210951546009,2.4161539686038225,0.1635769739544643,0.15605588383411365,seq_hotel
10470,418.8,236,3.21,-5.74,1.0137338161470142,1.8505404615949363,0.27885228750222574,0.28268199355095563,seq_hotel
10470,418.8,237,2.34,-5.81,2.057455953355965,1.4700000000000002,0.44191293375508894,0.9092163964194079,seq_hotel
10470,418.8,238,0.65,4.3,0.0,6.419571636799453,0.023171773937268342,0.0,seq_hotel
10470,418.8,239,1.1,4.21,0.049999999999995604,6.1711020085556845,0.02507528808642741,0.0012537644043212604,seq_hotel
10480,419.2,230,1.65,2.67,1.3558323089526767,4.193626115904945,0.05429901677715135,0.07362036129082525,seq_hotel
10480,419.2,231,3.14,-1.25,0.9045889950690146,4.060307870100492,0.05792332077030786,0.052396798526672964,seq_hotel
10480,419.2,232,3.68,-1.37,1.0375752984723507,3.970352629175398,0.060577761474233355,0.06285398894241455,seq_hotel
10480,419.2,233,-1.07,-6.76,0.025000000000003242,4.500011111097393,0.04715678730235269,0.0011789196825589701,seq_hotel
10480,419.2,234,1.36,-7.16,2.237639660445764,2.602191384199095,0.14102396233443182,0.3155608111927342,seq_hotel
10480,419.2,235,3.82,-5.41,1.075290658380302,3.0189567734566856,0.10477498146293894,0.11266355879906755,seq_hotel
10480,419.2,236,3.19,-5.31,1.0217937658842842,2.602191384199095,0.14102396233443182,0.14409740555362252,seq_hotel
10480,419.2,237,2.22,-4.98,2.1039397567420672,2.343501653509124,0.17387648553375318,0.36582565067705025,seq_hotel
10480,419.2,238,0.65,4.3,0.03952847075209874,6.082976245227331,0.025807096218951428,0.0010201150480874195,seq_hotel
10480,419.2,239,1.09,4.19,0.03535533905932929,5.813441321626976,0.028255617025377846,0.000998986920262791,seq_hotel
10490,419.6,230,1.73,3.21,1.3569842482504895,4.304195627524381,0.051545098998244214,0.06994588741512948,seq_hotel
10490,419.6,231,3.04,-0.89,0.908639092269297,4.040445519989102,0.05849420886429397,0.053150124845462735,seq_hotel
10490,419.6,232,3.65,-0.98,0.9382497002397414,3.9740785095415516,0.06046422587751591,0.05673054180480732,seq_hotel
10490,419.6,233,-1.07,-6.76,0.0,4.5538774687073,0.04604778031186393,0.0,seq_hotel
10490,419.6,234,1.42,-8.07,2.279939692184667,3.9423977475642915,0.06143990082363662,0.14007926857169856,seq_hotel
10490,419.6,235,3.83,-4.95,1.1142542349033078,3.9423977475642915,0.06143990082363662,0.06845966968477633,seq_hotel
10490,419.6,236,3.1,-4.93,0.9303897032963999,3.5611795798583374,0.07529803331898531,0.07005651487845317,seq_hotel
10490,419.6,237,2.13,-4.14,2.0472924192698616,3.3749962962942637,0.08383488653375347,0.17163452767090248,seq_hotel
10490,419.6,238,0.68,4.29,0.06373774391990678,5.692275467684254,0.029471318392425536,0.0018784353446784573,seq_hotel
10490,419.6,239,1.08,4.19,3.552713678800501e-15,5.444997704315402,0.03220890645410726,1.144290225387126e-16,seq_hotel
10500,420.0,230,1.76,3.75,1.352081728299073,4.467303437197881,0.04784983857889902,0.06469689244458944,seq_hotel
10500,420.0,231,3.04,-0.53,0.9253377761661401,4.040606390135025,0.05848955125418014,0.054122591286498524,seq_hotel
10500,420.0,232,3.65,-0.62,1.062573526867731,3.9018457170933853,0.06272363170642997,0.06664847056025393,seq_hotel
10500,420.0,233,-1.07,-6.76,0.05590169943749832,5.333216665390597,0.03357321463658702,0.0018767997537651071,seq_hotel
10500,420.0,235,3.77,-4.52,1.0378011611094502,3.9018457170933853,0.06272363170642997,0.06509465781393454,seq_hotel
10500,420.0,236,3.11,-4.57,0.9132702228804427,3.9867405232846544,0.06008076321096331,0.05486997200850356,seq_hotel
10500,420.0,237,2.06,-3.35,1.9644098986719742,2.985431292125143,0.10714137628482316,0.21046958013124534,seq_hotel
10500,420.0,238,0.7,4.29,0.03535533905932913,5.357984695760152,0.03326353833605169,0.0011760436761841001,seq_hotel
10500,420.0,239,1.09,4.19,0.088388347648323,5.106946249961909,0.03661413749339064,0.0032362631136093095,seq_hotel
10510,420.4,231,3.06,-0.15,1.0262187875886637,4.0402227661355505,0.05850065908765159,0.06003447544206755,seq_hotel
10510,420.4,232,3.64,-0.13,1.0435815732371003,3.993619911809335,0.0598739518810817,0.062483352899981685,seq_hotel
10510,420.4,233,-1.11,-6.74,0.17897276329094242,5.574118764432634,0.030733990066279988,0.005500547129118504,seq_hotel
10510,420.4,235,3.81,-4.12,0.9529559276272901,3.993619911809335,0.0598739518810817,0.05705723735554794,seq_hotel
10510,420.4,236,3.13,-4.2,0.9637978263100427,4.050604893099301,0.058201156706813514,0.05609414832275703,seq_hotel
10510,420.4,237,1.94,-2.58,1.9193911795149803,2.6756868277135872,0.13338310429111394,0.25601435387269084,seq_hotel
10510,420.4,238,0.7,4.27,0.012499999999997957,5.29184277922162,0.034100246345161775,0.00042625307931445255,seq_hotel
10510,420.4,239,1.15,4.2,0.04506939094331239,4.9948973963435925,0.03827526788854752,0.0017250430119289592,seq_hotel
10520,420.8,231,3.0,0.29,1.1181737342649252,4.090598978144888,0.05706864630080512,0.06381266134361546,seq_hotel
10520,420.8,232,3.56,0.21,0.9438120840506302,3.9791707678861936,0.06030956931067539,0.05692090029930447,seq_hotel
10520,420.8,233,-1.2,-6.7,0.24622144504488136,5.797525334140421,0.028410970672106458,0.006995390254013796,seq_hotel
10520,420.8,235,3.83,-3.76,0.9124999999999881,3.9791707678861936,0.06030956931067539,0.055032481995990576,seq_hotel
10520,420.8,236,3.07,-3.8,0.9846477796653813,4.039826728957568,0.058512129664548954,0.05761383855769102,seq_hotel
10520,420.8,237,1.93,-1.82,1.8520681007997188,2.603420826528051,0.14089079916069697,0.26093935482170666,seq_hotel
10520,420.8,238,0.69,4.29,0.03535533905932419,4.98831634923047,0.03837632703666202,0.0013568080542326957,seq_hotel
10520,420.8,239,1.12,4.21,0.06373774391990789,4.685466892423849,0.04349763403502714,0.0027724410592464294,seq_hotel
10520,420.8,240,3.04,-9.01,1.428504462716247,5.309105386032566,0.0338788523110759,0.048396091718076566,seq_hotel
10530,421.2,231,2.97,0.74,1.0499999999999958,3.9242069262463724,0.06201083539302648,0.06511137716267755,seq_hotel
10530,421.2,232,3.49,0.61,1.0125771575539155,4.012779585275025,0.059303560869893426,0.060049431098462294,seq_hotel
10530,421.2,235,3.81,-3.39,0.9250844556039061,4.012779585275025,0.059303560869893426,0.054860802322698465,seq_hotel
10530,421.2,236,3.02,-3.42,0.9624999999999848,4.057314382692079,0.058008823977412666,0.05583349307825881,seq_hotel
10530,421.2,237,1.87,-1.1,1.9423729044650047,2.5893821656912674,0.14242265485710037,0.27663790577640296,seq_hotel
10530,421.2,238,0.68,4.29,0.01250000000000151,4.630172782953138,0.0445427459267846,0.0005567843240848748,seq_hotel
10530,421.2,239,1.1,4.19,0.05590169943749534,4.304474416232487,0.05153842235212629,0.002881085395811255,seq_hotel
10530,421.2,240,3.08,-8.44,1.4508618128546673,7.439065801564064,0.017255779459436394,0.025035751468738217,seq_hotel
10540,421.6,231,3.0,1.13,0.9762812094883178,3.612478373637689,0.07317468647903233,0.07143907141967813,seq_hotel
10540,421.6,232,3.57,1.02,0.9442258734010357,4.0310048375064005,0.05876851858892066,0.055490755793108616,seq_hotel
10540,421.6,235,3.82,-3.02,0.9250844556039068,4.047727757643787,0.058283925180594116,0.05391755319614874,seq_hotel
10540,421.6,236,3.07,-3.03,0.926350365682424,4.0807474805481405,0.05734452235708586,0.05312111925537043,seq_hotel
10540,421.6,237,1.82,-0.27,2.0750376502608034,3.0298679839227316,0.10402170548810713,0.21584895533216314,seq_hotel
10540,421.6,238,0.68,4.29,0.06373774391991797,4.364057744805859,0.05014070142039234,0.0031958551870980346,seq_hotel
10540,421.6,239,1.08,4.19,0.1510380746699453,4.0310048375064005,0.05876851858892066,0.008876283898875466,seq_hotel
10540,421.6,240,3.08,-7.85,1.5137907715400931,7.684009370114016,0.016173187090159406,0.024482821363474683,seq_hotel
10550,422.0,231,3.01,1.52,0.9625000000000548,3.3082926110004234,0.0872496216058194,0.08397776079560594,seq_hotel
10550,422.0,232,3.58,1.36,0.9070901278263884,3.7995394457749736,0.06614689561537579,0.060001195999069994,seq_hotel
10550,422.0,235,3.82,-2.65,0.9503288904374646,4.017175624739352,0.05917383880920899,0.05623460857848096,seq_hotel
10550,422.0,236,3.06,-2.68,0.9884489111735166,4.073327877792309,0.057553619729470366,0.056888812755689605,seq_hotel
10550,422.0,237,1.86,0.56,2.0003515316064964,3.455083211733113,0.07999343742053443,0.16001499506263447,seq_hotel
10550,422.0,238,0.63,4.28,0.12747548783982687,3.9180735062017407,0.06220513302139701,0.007929629678043908,seq_hotel
10550,422.0,239,0.99,4.14,0.25739075352469065,3.684195977414882,0.07035353661610458,0.018108349802746074,seq_hotel
10550,422.0,240,3.03,-7.23,1.5375508121685821,7.877372658443932,0.015388936208585755,0.02366127136592153,seq_hotel
10560,422.4,231,3.0,1.9,0.9415744792633108,4.150433712276345,0.055435046734395595,0.05219622526187583,seq_hotel
10560,422.4,232,3.42,1.73,0.9708243919473687,4.008054390848507,0.05944347216230647,0.057709172717211515,seq_hotel
10560,422.4,235,3.8,-2.26,0.9664690890038731,4.114389383614536,0.05641058461923725,0.05451908632713012,seq_hotel
10560,422.4,236,2.94,-2.25,1.0152739778010629,4.008840231288845,0.05942016940982228,0.060327751758323306,seq_hotel
10560,422.4,237,1.79,1.33,1.8251712248443859,3.7601728683665594,0.06753917621253223,0.12327056097280827,seq_hotel
10560,422.4,240,3.07,-6.62,1.5649480822058952,8.052384739938846,0.014727273349866704,0.02304741818499589,seq_hotel
10570,422.8,231,3.08,2.27,0.8946018667541248,4.140772874717956,0.055694019511919504,0.04982397382240384,seq_hotel
10570,422.8,232,3.42,2.12,0.9351637557133871,4.0120443666539884,0.059325297956162634,0.055478868445500776,seq_hotel
10570,422.8,235,3.75,-1.88,1.0019512213675796,4.17541614692476,0.054773671055653665,0.05488054661299824,seq_hotel
10570,422.8,236,3.0,-1.87,0.9514791116992383,4.048024209413773,0.05827538879878997,0.055447815168200416,seq_hotel
10570,422.8,237,1.88,2.02,1.7295230556427719,4.048024209413773,0.05827538879878997,0.10078862850405379,seq_hotel
10570,422.8,240,2.96,-5.98,1.6219683258312807,4.17541614692476,0.054773671055653665,0.08884115954177185,seq_hotel
10570,422.8,243,2.73,-9.7,1.8251712248444985,7.886241183225377,0.01535434420948039,0.028024307227501356,seq_hotel
10580,423.2,231,3.09,2.61,0.9368330961275455,4.110048661512415,0.05652980071341555,0.05295898822582222,seq_hotel
10580,423.2,232,3.53,2.47,1.1245137838193995,3.9361529441829366,0.06163500729679101,0.06930941527105075,seq_hotel
10580,423.2,235,3.75,-1.46,0.9913690029449109,3.9559196149568057,0.061020598911860076,0.06049393030235204,seq_hotel
10580,423.2,236,3.07,-1.5,0.9378332740951203,3.9965610216785135,0.05978586060737967,0.056069169398013353,seq_hotel
10580,423.2,237,1.89,2.71,1.8510554421734202,4.372241987813575,0.04995316394483154,0.0924660759738615,seq_hotel
10580,423.2,240,2.93,-5.33,1.6173377043771435,3.9559196149568057,0.061020598911860076,0.0986909153638262,seq_hotel
10580,423.2,243,2.74,-8.97,1.7896403269930863,7.577611760970603,0.016630552637423277,0.029762707660113928,seq_hotel
10590,423.6,231,3.47,2.91,1.2103718436909183,4.005508706768717,0.05951905426613971,0.07204018744684734,seq_hotel
10590,423.6,232,3.05,2.94,1.6794716431066996,4.060110835925542,0.057928942858526,0.09729001684604277,seq_hotel
10590,423.6,235,3.68,-1.09,0.8980882473342839,4.005508706768717,0.05951905426613971,0.05345336312887155,seq_hotel
10590,423.6,236,3.02,-1.12,0.9104428867314874,4.055046238947221,0.05807373527076954,0.05287281918319962,seq_hotel
10590,423.6,237,1.83,3.5,1.980688011777557,4.770796579188847,0.041955565938857756,0.08310088648243835,seq_hotel
10590,423.6,240,2.86,-4.69,1.4093992514542724,3.692208011474977,0.07004853573482085,0.09872635383012436,seq_hotel
10590,423.6,243,2.8,-8.27,1.7411382771049273,7.233726563812044,0.018249341800977165,0.03177462754165231,seq_hotel
10600,424.0,235,3.64,-0.75,1.0003124511871848,5.558462017500884,0.030907373280189415,0.030917030325663574,seq_hotel
10600,424.0,236,2.96,-0.78,0.8753570700006297,5.273708372672877,0.03433516678237351,0.03005553099260142,seq_hotel
10600,424.0,240,2.8,-4.21,1.4500000000000828,3.5605055820767926,0.07532654360200772,0.10922348822291743,seq_hotel
10600,424.0,243,2.83,-7.58,1.6876851750253417,6.877863040218234,0.020186653811465425,0.034068716370979,seq_hotel
10600,424.0,247,0.82,4.04,0.4031128874149507,8.48427368724041,0.013266062614195486,0.0053477208050358715,seq_hotel
10610,424.4,235,3.66,-0.29,0.9382497002397766,5.0565304310366805,0.03734789520509112,0.03504165148076333,seq_hotel
10610,424.4,236,3.04,-0.42,0.8544918080356266,4.848463674196188,0.04062216723746243,0.03471130912906487,seq_hotel
10610,424.4,240,2.86,-3.53,1.6023907919106273,3.3909438214160965,0.08304819398629143,0.13307566132844093,seq_hotel
10610,424.4,243,2.78,-6.92,1.6625469918170475,6.688146230458781,0.02134813114198273,0.03549227121101922,seq_hotel
10610,424.4,247,0.8,3.88,0.32715630820756564,7.691014237407184,0.01614373988492929,0.005281526341416697,seq_hotel
10620,424.8,235,3.61,-0.0,0.8363798479160076,4.71601526715086,0.04293594018881389,0.03591075512525096,seq_hotel
10620,424.8,236,3.03,-0.1,0.9128424015129915,4.480178567869812,0.047575212163778996,0.043428670924074105,seq_hotel
10620,424.8,240,2.73,-2.93,1.4496766880928686,3.321219655488026,0.08657174729625783,0.1255010439028518,seq_hotel
10620,424.8,243,2.82,-6.25,1.7001838135919107,3.321219655488026,0.08657174729625783,0.14718788346746683,seq_hotel
10620,424.8,247,0.79,3.78,0.17677669529669482,6.984819253209062,0.019573164107989763,0.00346007926751031,seq_hotel
10620,424.8,252,3.51,-9.0,1.1101801655587877,6.119910130059101,0.02549654258907418,0.028305755872715055,seq_hotel
10620,424.8,253,4.02,-9.15,1.1773911839317301,6.3523617655168225,0.023664696327399096,0.027862604826301287,seq_hotel
10630,425.2,235,3.55,0.37,0.9138688363217015,4.558003949098771,0.045964441529471024,0.04200547069271457,seq_hotel
10630,425.2,236,3.02,0.31,1.0063082281289244,4.313247036746214,0.051328989768458164,0.05165278474554483,seq_hotel
10630,425.2,240,2.71,-2.38,1.4127212216144869,3.1812733299733926,0.09435597634023736,0.13329869016200774,seq_hotel
10630,425.2,243,2.8,-5.56,1.978951742716265,3.3392364396670087,0.08564007520302874,0.16947757606938574,seq_hotel
10630,425.2,247,0.82,4.02,0.441941738241609,6.673237595050845,0.021443625127747674,0.009476832963158252,seq_hotel
10630,425.2,252,3.45,-8.56,1.0900831390311343,6.224146527838175,0.02464970724190428,0.026870230246453502,seq_hotel
10630,425.2,253,3.99,-8.68,1.1381179640089945,6.428716823752622,0.02310589470077167,0.02629723383344847,seq_hotel
10640,425.6,235,3.57,0.73,0.8389912097274719,4.360378423944417,0.05022535534039374,0.042138631636029086,seq_hotel
10640,425.6,236,2.94,0.7,0.9042434683203161,4.0218030782225025,0.059037747284457535,0.0533844973663162,seq_hotel
10640,425.6,240,2.75,-1.8,1.4504848327369502,2.875030434621519,0.11552779628727673,0.16757131627421903,seq_hotel
10640,425.6,243,2.92,-4.67,1.7875437057592984,3.726902198877776,0.06875042538779334,0.12289439017022427,seq_hotel
10640,425.6,247,0.84,4.13,0.2527968552020306,6.230008025677013,0.02460334574888239,0.006219648432765716,seq_hotel
10640,425.6,252,3.45,-8.13,1.1306110073760929,6.3685869704354365,0.0235442691629056,0.026619409876206576,seq_hotel
10640,425.6,253,3.99,-8.24,1.1250694423012155,6.558292460694323,0.02220188366172932,0.024978660869338275,seq_hotel
10650,426.0,235,3.51,1.04,0.7950039308079374,3.889318706406046,0.06312833240020177,0.05018727240351048,seq_hotel
10650,426.0,236,2.95,1.03,0.8408515029421549,3.528413241104279,0.07670302565936303,0.06449585440588608,seq_hotel
10650,426.0,240,2.74,-1.22,1.3250589609523795,2.9104295215655025,0.11273459478093313,0.1493799850238108,seq_hotel
10650,426.0,243,2.79,-4.13,1.801084742592743,3.845334835875805,0.06458074598294211,0.11631539625513461,seq_hotel
10650,426.0,247,0.79,3.82,0.13975424859374513,5.40408179064677,0.03269847927350516,0.004569751401026863,seq_hotel
10650,426.0,252,3.36,-7.66,1.1614242334307283,6.469775884835579,0.02281355197456572,0.02649621211389207,seq_hotel
10650,426.0,253,4.0,-7.78,1.1000710204346518,6.679910179036842,0.02140080631070818,0.023542406836345082,seq_hotel
10660,426.4,235,3.39,1.34,0.8962595885121388,3.713125368203988,0.06926154203878729,0.0620763211673997,seq_hotel
10660,426.4,236,2.88,1.37,0.8544918080356192,3.3565011544761902,0.08476133342961381,0.07242786505378068,seq_hotel
10660,426.4,240,2.76,-0.74,1.212499999999981,2.492428534582286,0.15371843445983258,0.1863836017825441,seq_hotel
10660,426.4,243,2.87,-3.23,2.0509525226099194,4.281798687467687,0.05208574646561932,0.10682539310568265,seq_hotel
10660,426.4,247,0.82,4.02,0.32811011871018764,5.140155639666955,0.0361425544090114,0.011858737817630147,seq_hotel
10660,426.4,252,3.32,-7.21,1.1127808634227896,6.494189710810733,0.02264234688144192,0.02519597031264925,seq_hotel
10660,426.4,253,4.0,-7.36,1.031155298682005,6.735131773024192,0.02105131296131943,0.021707172904277698,seq_hotel
10670,426.8,235,3.41,1.75,0.9770011514834358,3.4400581390435834,0.08069373487843264,0.07883787189372778,seq_hotel
10670,426.8,236,2.88,1.71,0.8508268037620694,3.0999516125255893,0.0993714328804616,0.08454787862294015,seq_hotel
10670,426.8,240,2.74,-0.25,1.2052619009990948,2.24,0.19031601932226003,0.22938064723892757,seq_hotel
10670,426.8,243,2.74,-2.49,1.7899895251089777,4.292609928703049,0.05182371359462579,0.0927639044866279,seq_hotel
10670,426.8,247,0.87,4.07,0.13806701271483945,4.70736656741325,0.04309385488491838,0.005949839810327473,seq_hotel
10670,426.8,252,3.38,-6.77,1.1017741374709982,6.55133574166368,0.02224906007808416,0.024513438977071596,seq_hotel
10670,426.8,253,3.91,-6.96,1.0450029904263323,6.811240709298123,0.020583485839488113,0.021509804255663144,seq_hotel
10680,427.2,235,3.44,2.12,0.899999999999991,3.2942677486810323,0.0879941079736249,0.07919469717626162,seq_hotel
10680,427.2,236,2.91,2.05,0.8628622427711014,2.941564209736038,0.11036076860107386,0.09522614030906512,seq_hotel
10680,427.2,240,2.67,0.22,1.2426031144335412,2.050097558654222,0.22720732317004252,0.2823285273932029,seq_hotel
10680,427.2,243,2.62,-1.82,1.6868980407837117,4.024425424827749,0.05896083344970188,0.09946091442927683,seq_hotel
10680,427.2,247,0.83,4.13,0.3528898553372587,4.321307672452865,0.05113767804727356,0.018045967808385677,seq_hotel
10680,427.2,252,3.37,-6.33,1.2509996003196413,6.5872983840114605,0.022006790541023728,0.027530486171138745,seq_hotel
10680,427.2,253,3.9,-6.53,1.1131318430446377,6.861151506853642,0.020285109814284576,0.02258000167393746,seq_hotel
10690,427.6,235,3.41,2.47,0.8882919002219832,2.96952858211535,0.1082919969779626,0.09619490377438766,seq_hotel
10690,427.6,236,2.86,2.4,0.8653936965335344,2.52944657978776,0.14925206835644525,0.1291617991502599,seq_hotel
10690,427.6,240,2.65,0.74,1.2390772776545997,1.8912958520548815,0.26696384080273194,0.33078882909406504,seq_hotel
10690,427.6,243,2.58,-1.15,1.608230782568191,3.713933225032459,0.06923141369732928,0.11134009062875805,seq_hotel
10690,427.6,247,0.76,3.81,0.3644344934277628,3.6051352263126,0.07347308290769962,0.02677612575004353,seq_hotel
10690,427.6,252,3.34,-5.77,1.2904698756654167,6.546464694779924,0.022282182240874648,0.028754484945935663,seq_hotel
10690,427.6,253,3.88,-6.07,1.0886488184901264,6.920187858721756,0.01994048024705824,0.021708180261085654,seq_hotel
10700,428.0,235,3.47,2.83,0.9086390922693638,2.8546453369902185,0.11718366162122622,0.10647765592431127,seq_hotel
10700,428.0,236,2.78,2.73,0.8133649242499178,2.269911892563233,0.1853332670647981,0.1507435787271493,seq_hotel
10700,428.0,240,2.62,1.21,1.1879604370517394,1.8294534703019918,0.28531765471073883,0.3389460857887466,seq_hotel
10700,428.0,243,2.49,-0.54,1.5167811312118376,3.5096011169362256,0.07752751484102618,0.11759227166061421,seq_hotel
10700,428.0,247,0.8,3.84,0.05000000000000249,3.198327688026979,0.09335239542797376,0.00466761977139892,seq_hotel
10700,428.0,252,3.44,-5.3,1.1430496489654978,6.561440390645944,0.02218058553048887,0.025353510504474503,seq_hotel
10700,428.0,253,3.94,-5.66,1.104536101718789,6.995662942137793,0.019512532025414586,0.021552296058014453,seq_hotel
10710,428.4,235,3.51,3.19,0.899999999999987,2.828091229080137,0.11939456352775933,0.10745510717498186,seq_hotel
10710,428.4,236,2.83,3.05,0.896259588512142,2.219211571707394,0.1938982839349777,0.1737831961727736,seq_hotel
10710,428.4,240,2.51,1.68,1.0625735268676708,1.8111046352985793,0.2911282151615414,0.3093451343548892,seq_hotel
10710,428.4,243,2.4,0.05,1.4269723192830215,3.3304203938842316,0.08609407561973115,0.1228538627636156,seq_hotel
10710,428.4,247,0.76,3.85,0.1030776406404476,2.828091229080137,0.11939456352775933,0.012306909913737467,seq_hotel
10710,428.4,252,3.43,-4.86,1.0808705981753646,5.074416222581668,0.037085078993206594,0.040084171514767855,seq_hotel
10710,428.4,253,3.96,-5.19,1.162768786130745,5.467284517930268,0.03194684919144671,0.037146799055040466,seq_hotel
10710,428.4,254,2.84,-9.9,1.7089836160711136,9.959723891755234,0.009626685510331271,0.01645184781422533,seq_hotel
10720,428.8,235,3.47,3.55,0.6626179140348855,1.9492049661336286,0.25133696334983735,0.16654037437473168,seq_hotel
10720,428.8,236,2.88,3.44,0.9132702228803709,1.440138882191575,0.46042895783576293,0.4204960569432441,seq_hotel
10720,428.8,240,2.63,2.06,0.8715109006776403,1.7104677722775135,0.3263935668562642,0.2844555514262904,seq_hotel
10720,428.8,243,2.43,0.6,1.3134520356678152,3.1279546032511405,0.09760015316190268,0.12819311985199164,seq_hotel
10720,428.8,252,3.35,-4.44,1.0606601717798136,5.123280199247353,0.036381044595831004,0.03858792501054317,seq_hotel
10720,428.8,253,3.96,-4.73,1.1782534744272866,5.545250219782693,0.03105482502492283,0.036590455483346766,seq_hotel
10720,428.8,254,2.77,-9.22,1.71414154899761,9.825884184133253,0.009890724391508596,0.016954101629168987,seq_hotel
10720,428.8,255,1.6,4.1,1.5159567935796392,2.285278976405287,0.1828491447680943,0.2771914032114195,seq_hotel
10730,429.2,235,3.52,3.72,0.4430011286667597,2.0706762180505187,0.22271372963392314,0.09866243359741152,seq_hotel
10730,429.2,236,2.8,3.78,0.8732124598286983,1.4227438279606062,0.4717565747215554,0.4119437190529705,seq_hotel
10730,429.2,240,2.61,2.37,0.8918029490868192,1.619289967856282,0.3641850648531225,0.32478131484938916,seq_hotel
10730,429.2,243,2.44,1.1,1.1891435994025197,2.704071004984891,0.13059760100538462,0.1552993013328772,seq_hotel
10730,429.2,252,3.55,-4.02,1.0680004681646882,5.238940732629067,0.03479240189282322,0.03715830151010918,seq_hotel
10730,429.2,253,4.03,-4.25,1.1035454227171624,5.581272256394594,0.030655257316115004,0.03382946889341552,seq_hotel
10730,429.2,254,2.78,-8.53,1.6625469918170606,9.636000207554998,0.01028437207992647,0.01709825186420912,seq_hotel
10730,429.2,255,1.46,3.51,1.6343959128680727,2.0706762180505187,0.22271372963392314,0.36400240945328893,seq_hotel
10740,429.6,240,2.56,2.77,1.06316155874824,6.472480204681974,0.02279449212401528,0.024234227777442562,seq_hotel
10740,429.6,243,2.48,1.55,1.1840740052885124,5.287816184399756,0.03415219979798191,0.040438732004209964,seq_hotel
10740,429.6,252,3.59,-3.62,1.0946603354465683,5.287816184399756,0.03415219979798191,0.0373850584870971,seq_hotel
10740,429.6,253,4.11,-3.86,1.0933034802834927,5.65022123460666,0.029911657276472107,0.032702519001414014,seq_hotel
10740,429.6,254,2.78,-7.89,1.6001953005805027,9.444765746168615,0.010705057402967727,0.01713018254867348,seq_hotel
10740,429.6,255,1.46,2.8,1.8021254812026606,6.7641185678549425,0.020871273952947047,0.03761265461576725,seq_hotel
10750,430.0,240,2.64,3.22,1.1426394882027093,6.449573629318453,0.022956695399941624,0.026231226682614787,seq_hotel
10750,430.0,243,2.62,2.03,1.2500000000000706,5.2814107963687125,0.03423509081217971,0.04279386351522705,seq_hotel
10750,430.0,252,3.65,-3.15,1.2432945145862164,5.2814107963687125,0.03423509081217971,0.04256430061314401,seq_hotel
10750,430.0,253,4.12,-3.38,1.3098186897430475,5.6140983247534955,0.030297818033173697,0.039684648318284846,seq_hotel
10750,430.0,254,2.76,-7.25,1.625192296314593,9.281055974402912,0.011086044005565166,0.01801695331444908,seq_hotel
10750,430.0,255,1.39,2.07,1.7528548142959097,5.68823346918883,0.02951321728740797,0.051732385007594334,seq_hotel
10760,430.4,252,3.81,-2.65,1.3124404748407434,4.723071034824693,0.042807752519404864,0.05618262704343275,seq_hotel
10760,430.4,253,4.35,-2.84,1.467353059083002,5.176726765051445,0.03563369810069116,0.052287215914489336,seq_hotel
10760,430.4,254,2.8,-6.59,1.6754197235319586,8.115201784305798,0.01450015804896057,0.024293850789559222,seq_hotel
10760,430.4,255,1.38,1.4,1.7376798468071963,8.115201784305798,0.01450015804896057,0.02519663241719794,seq_hotel
10770,430.8,254,2.79,-5.91,1.6124999999999652,6.732941407735552,0.007021670681824093,0.011322443974441106,seq_hotel
10770,430.8,255,1.41,0.68,1.8385626179164862,6.732941407735552,0.007021670681824093,0.012909781230921943,seq_hotel
10780,431.2,254,2.8,-5.3,1.6017568479641011,5.406459100002514,0.021779819648700353,0.03488597526972887,seq_hotel
10780,431.2,255,1.43,-0.07,1.88099043059764,5.406459100002514,0.021779819648700353,0.04096763233934782,seq_hotel
10780,431.2,257,-0.26,-2.83,1.4080127840327523,3.932492848054526,0.04116652800721533,0.057962997708401534,seq_hotel
10790,431.6,254,2.85,-4.63,1.7154172233016471,4.032183031559952,0.039156119713846985,0.06716908215479428,seq_hotel
10790,431.6,255,1.53,-0.82,1.8955952231422988,4.032183031559952,0.039156119713846985,0.07422415348635635,seq_hotel
10790,431.6,257,0.3,-2.89,1.4169730060943113,3.087086004632848,0.06680095406843384,0.09465514869631671,seq_hotel
10800,432.0,254,2.88,-3.93,1.6194617161267815,2.6904646438858846,0.08794791428834048,0.14242828020316695,seq_hotel
10800,432.0,255,1.57,-1.58,1.7876748166264365,2.6904646438858846,0.08794791428834048,0.15722227154808663,seq_hotel
10800,432.0,257,0.85,-3.06,1.5774286830155853,2.208574200700533,0.13051370953454047,0.2058760689465488,seq_hotel
10810,432.4,254,2.97,-3.34,1.5199198169640138,1.790111728356641,0.19866430718289319,0.3019538174107056,seq_hotel
10810,432.4,255,1.55,-2.25,1.5502015997927447,1.790111728356641,0.19866430718289319,0.3079697268166383,seq_hotel
10810,432.4,257,1.49,-3.31,1.6842097553451991,1.4803040228277435,0.29052150429771423,0.4892991516757725,seq_hotel
10820,432.8,254,3.0,-2.72,1.5750496023935052,1.4135416513141732,0.31861256812350813,0.5018305987405051,seq_hotel
10820,432.8,255,1.59,-2.82,1.637690828575413,1.4135416513141732,0.31861256812350813,0.5217888806847283,seq_hotel
10820,432.8,257,2.12,-3.51,1.605167436749172,1.182581921052406,0.45521614041300096,0.7306981252735879,seq_hotel
10830,433.2,254,2.98,-2.08,1.6000488273799425,2.0441379601191305,0.15235605417436435,0.24377712582592667,seq_hotel
10830,433.2,255,1.57,-3.56,1.8625419458363597,2.0441379601191305,0.15235605417436435,0.2837695416018704,seq_hotel
10830,433.2,257,2.7,-3.74,1.513945590171573,1.6834488409215174,0.22463647578249166,0.34008740190258663,seq_hotel
10840,433.6,254,2.99,-1.44,1.6012202378186235,3.188886953154658,0.06260397014136901,0.10024274395815289,seq_hotel
10840,433.6,255,1.6,-4.31,2.004720990562018,3.188886953154658,0.06260397014136901,0.12550349303492028,seq_hotel
10840,433.6,257,3.27,-3.89,1.56284996080877,2.4659480935331954,0.10469170227558111,0.16361742279839536,seq_hotel
10850,434.0,254,2.93,-0.8,1.5598477489807383,4.535647693549401,0.046418676681105574,0.07240606833168722,seq_hotel
10850,434.0,255,1.68,-5.16,2.0009763241978797,8.349065816006005,0.013699212826153103,0.027411800525280285,seq_hotel
10850,434.0,257,3.94,-3.9,1.6751865567751905,6.879425848135875,0.020177483197603287,0.03380104860218231,seq_hotel
10850,434.0,259,3.58,2.97,1.480709289496169,8.349065816006005,0.013699212826153103,0.020284551690469967,seq_hotel
10860,434.4,254,2.85,-0.2,1.5892706660603453,5.8347322132211,0.018699856138584405,0.029719132820600673,seq_hotel
10860,434.4,255,1.65,-5.91,1.9014796869806094,8.495063272277612,0.008821590364001675,0.016774074884013064,seq_hotel
10860,434.4,259,3.46,2.39,1.4218166196805988,8.495063272277612,0.008821590364001675,0.012542683791551804,seq_hotel
10870,434.8,254,2.76,0.46,1.6090564005030716,7.212489168102785,0.012237981014371036,0.019691601680408788,seq_hotel
10870,434.8,255,1.74,-6.68,2.0576837706508613,8.689907939673468,0.008430430875760042,0.017347160792645366,seq_hotel
10870,434.8,259,3.45,1.84,1.3377336244559062,8.689907939673468,0.008430430875760042,0.01127767085115546,seq_hotel
10880,435.2,254,2.64,1.07,1.548890732104732,8.643477309509176,0.008521246536495013,0.013198479786356673,seq_hotel
10880,435.2,255,1.88,-7.54,2.0406034646643043,9.003310502254156,0.007853724572630281,0.016026337573428535,seq_hotel
10880,435.2,259,3.48,1.32,1.3374999999999757,9.003310502254156,0.007853724572630281,0.01050435661589281,seq_hotel
10890,435.6,254,2.61,1.69,1.5143583624756451,10.030373871396819,0.0063276999968947065,0.009582405405534613,seq_hotel
10890,435.6,255,1.83,-8.31,1.8645542362720002,10.030373871396819,0.0063276999968947065,0.011798339835068348,seq_hotel
10890,435.6,259,3.45,0.77,1.4005021420904553,9.223383327174469,0.007483411139516515,0.010480533331036455,seq_hotel
10900,436.0,254,2.58,2.28,1.4379890472462693,11.33618101478624,0.007430838762665433,0.010685464752565913,seq_hotel
10900,436.0,255,1.81,-9.03,1.8006943105370101,12.961253797376239,0.005684304737793602,0.010235695200703509,seq_hotel
10900,436.0,259,3.45,0.2,1.4127212216145926,9.374566656651387,0.010865981948071259,0.015350603291721339,seq_hotel
10900,436.0,261,1.27,3.92,1.6620770138595609,12.961253797376239,0.005684304737793602,0.009447752244459744,seq_hotel
10910,436.4,254,2.58,2.84,1.3942964175525756,3.3109666262286606,0.05807249918974518,0.08097027757858655,seq_hotel
10910,436.4,259,3.43,-0.36,1.426369955516426,4.1750209580312285,0.036522693873349554,0.05209487323546965,seq_hotel
10910,436.4,261,1.35,3.26,1.5598477489806415,4.1750209580312285,0.036522693873349554,0.056969841825053366,seq_hotel
10920,436.8,254,2.47,3.39,1.4022303662378968,4.428747001127971,0.032457747726987195,0.04551323948247051,seq_hotel
10920,436.8,259,3.4,-0.94,1.4627136596066728,4.428747001127971,0.032457747726987195,0.047476390960331606,seq_hotel
10920,436.8,261,1.41,2.68,1.4826075003182555,4.1309199943838175,0.03730667598626279,0.05531115762917617,seq_hotel
10930,437.2,259,3.45,-1.53,1.5262802003563811,4.117341375208036,0.01877657491129867,0.02865831451762353,seq_hotel
10930,437.2,261,1.47,2.08,1.5618998847557106,4.117341375208036,0.01877657491129867,0.02932713019006436,seq_hotel
10940,437.6,259,3.45,-2.16,1.5502015997927239,4.029553325121781,0.019603621672555825,0.030389565678527353,seq_hotel
10940,437.6,261,1.68,1.46,1.5886806633178074,4.029553325121781,0.019603621672555825,0.031143894682187333,seq_hotel
10950,438.0,259,3.47,-2.77,1.4875000000000842,3.990839510679426,0.019985802934914147,0.029728881865686476,seq_hotel
10950,438.0,261,1.79,0.85,1.522795537818608,3.990839510679426,0.019985802934914147,0.0304342915290093,seq_hotel
10960,438.4,259,3.45,-3.35,1.4977587422545446,3.9326454200703123,0.02058166692641074,0.030826371569202912,seq_hotel
10960,438.4,261,1.89,0.26,1.522590309308424,3.9326454200703123,0.02058166692641074,0.03133744661156669,seq_hotel
10970,438.8,259,3.33,-3.96,1.561899884755721,3.8396353993576007,0.021590870539096415,0.033722778206790385,seq_hotel
10970,438.8,261,2.05,-0.34,1.5291439598677188,3.8396353993576007,0.021590870539096415,0.03301554927314516,seq_hotel
10980,439.2,259,3.23,-4.58,1.5674920254980331,3.8108398024582457,0.02191839464167951,0.03435690881255145,seq_hotel
10980,439.2,261,2.07,-0.95,1.566544764760941,3.8108398024582457,0.02191839464167951,0.034336146377887296,seq_hotel
10990,439.6,259,3.04,-5.18,1.5505039503335427,3.7010944327320265,0.02323752098347878,0.036029868080842437,seq_hotel
10990,439.6,261,2.14,-1.59,1.613275007554487,3.7010944327320265,0.02323752098347878,0.03748851184016928,seq_hotel
11000,440.0,259,2.88,-5.77,1.5496975511370836,3.7052665221276593,0.04637044011709385,0.07186015749460911,seq_hotel
11000,440.0,261,2.11,-2.24,1.6547280743373856,7.312892724496921,0.011904241195839466,0.019698282110439214,seq_hotel
11000,440.0,262,3.39,-9.44,1.4577379737114082,7.312892724496921,0.011904241195839466,0.017353264439394892,seq_hotel
11010,440.4,259,2.77,-6.39,1.757217260329474,4.094142156789381,0.05696991161862377,0.10010851201569033,seq_hotel
11010,440.4,261,2.04,-2.91,1.687916615239009,7.294497926519686,0.01794653340558906,0.03029225192123569,seq_hotel
11010,440.4,262,3.45,-8.86,1.4883400989021038,6.114785360092371,0.025539297538722895,0.03801116062467309,seq_hotel
11010,440.4,263,1.15,-10.15,1.7278961195625988,7.294497926519686,0.01794653340558906,0.031009745431117886,seq_hotel
11020,440.8,259,2.67,-7.16,1.7640950229508126,3.6184250717681032,0.07293436634471641,0.12866315267078546,seq_hotel
11020,440.8,261,2.08,-3.59,1.7249999999999783,5.937086827729574,0.02709097161767346,0.04673192604048613,seq_hotel
11020,440.8,262,3.43,-8.25,1.5004686767806654,4.851607980865726,0.04056953018941086,0.060873309280918574,seq_hotel
11020,440.8,263,1.19,-9.46,1.6681763995452918,5.937086827729574,0.02709097161767346,0.045192519493354205,seq_hotel
11030,441.2,259,2.71,-7.8,1.61487228597184,3.5733737559902683,0.07478499949497786,0.12076822309085779,seq_hotel
11030,441.2,261,2.04,-4.29,1.7126824720303342,4.596661832243046,0.04519457145060992,0.07740395035438216,seq_hotel
11030,441.2,262,3.48,-7.66,1.574999999999962,3.664764658201124,0.07110157168767893,0.11198497540809162,seq_hotel
11030,441.2,263,1.26,-8.82,1.5632997953047734,4.596661832243046,0.04519457145060992,0.07065266429762544,seq_hotel
11040,441.6,259,2.74,-8.45,1.6343959128680936,3.548196725098539,0.07585007256339486,0.12396904858836089,seq_hotel
11040,441.6,261,2.1,-4.96,1.6930925845918539,3.548196725098539,0.07585007256339486,0.12842119539783786,seq_hotel
11040,441.6,262,3.43,-6.99,1.6432627604859518,2.515631133532896,0.15089590710943868,0.24796162486268794,seq_hotel
11040,441.6,263,1.23,-8.21,1.5502015997927323,3.3644316013258475,0.08436221518378814,0.1307784409399671,seq_hotel
11050,442.0,259,2.85,-9.1,1.7099433470148464,3.530099148749225,0.07662977936632309,0.1310325814106597,seq_hotel
11050,442.0,261,2.15,-5.64,1.688240578235318,3.530099148749225,0.07662977936632309,0.12936950302744615,seq_hotel
11050,442.0,262,3.37,-6.35,1.557241150239832,2.7987318556803547,0.12191265796210496,0.18984740771370354,seq_hotel
11050,442.0,263,1.24,-7.58,1.654728074337386,2.459634119132356,0.15784483099463983,0.2611902732358705,seq_hotel
11060,442.4,259,3.06,-9.78,1.779220334865909,4.037746896475805,0.058572424068069985,0.10421324796429951,seq_hotel
11060,442.4,261,2.06,-6.31,1.7161912772182188,3.6112186308779477,0.0732257481118153,0.12566939017727588,seq_hotel
11060,442.4,262,3.31,-5.75,1.4868696143239808,4.037746896475805,0.058572424068069985,0.08708955758411187,seq_hotel
11060,442.4,263,1.33,-6.89,1.722734018936156,3.3682339586198577,0.08417185178945548,0.1450057125145471,seq_hotel
11070,442.8,261,2.06,-7.01,1.6953060195728378,2.1751321798916035,0.1345577807675815,0.22811661571564312,seq_hotel
11070,442.8,262,3.22,-5.17,1.4169730060943027,2.1751321798916035,0.1345577807675815,0.19066474310761808,seq_hotel
11070,442.8,263,1.39,-6.21,1.6584066147962317,2.1048752932181043,0.14369027702687764,0.2382969059032769,seq_hotel
11080,443.2,261,1.93,-7.66,1.6527439305590947,3.302377931127811,0.05837495734960445,0.09647885645620477,seq_hotel
11080,443.2,262,3.22,-4.62,1.4375543467987273,3.302377931127811,0.05837495734960445,0.08391717368211418,seq_hotel
11080,443.2,263,1.54,-5.58,1.6707969655227106,2.116246677492962,0.14215022270125738,0.23750416073763836,seq_hotel
11090,443.6,261,1.77,-8.3,1.649242250246925,4.5221676218380065,0.031130551216018633,0.05134182033893372,seq_hotel
11090,443.6,262,3.23,-4.02,1.551259568866524,4.5221676218380065,0.031130551216018633,0.048291565457938314,seq_hotel
11090,443.6,263,1.74,-4.92,1.667567464902064,3.3801331334727047,0.05572017998368367,0.09291715927927811,seq_hotel
11100,444.0,262,3.17,-3.38,1.5508062419271706,1.5786703265723343,0.1277224485128764,0.1980727703879904,seq_hotel
11100,444.0,263,1.88,-4.29,1.591873895759425,1.5786703265723343,0.1277224485128764,0.20331803169012513,seq_hotel
11110,444.4,262,3.19,-2.78,1.4440611136651949,1.4430869689661814,0.15284988532234842,0.22072457562218778,seq_hotel
11110,444.4,263,2.07,-3.69,1.6192687392770548,1.4430869689661814,0.15284988532234842,0.24750504110456154,seq_hotel
11120,444.8,262,3.28,-2.23,1.6413599544280473,1.3340539719216757,0.17885592301162603,0.29356694964354885,seq_hotel
11120,444.8,263,2.22,-3.04,1.6441183047457117,1.3340539719216757,0.17885592301162603,0.29406029693560415,seq_hotel
11130,445.2,262,3.28,-1.47,1.7653346000121273,1.3661991070118586,0.1705383799538123,0.30105730276247944,seq_hotel
11130,445.2,263,2.27,-2.39,1.6157428632056312,1.3661991070118586,0.1705383799538123,0.2755461703130225,seq_hotel
11140,445.6,262,3.36,-0.82,1.505199322348997,1.3435773144854748,0.17632942952791417,0.2654109378356016,seq_hotel
11140,445.6,263,2.4,-1.76,1.6422640622019167,1.3435773144854748,0.17632942952791417,0.2895794852222589,seq_hotel
11150,446.0,262,3.38,-0.27,1.4375000000000817,3.926168615839111,0.04129925606349621,0.05936768059127917,seq_hotel
11150,446.0,263,2.46,-1.09,1.6511832878273416,4.480357128622673,0.03171428006772982,0.05236608923331125,seq_hotel
11150,446.0,264,1.86,3.35,1.3752272539475856,4.480357128622673,0.03171428006772982,0.04361434228846873,seq_hotel
11160,446.4,262,3.36,0.33,1.5127065974603038,2.884614358974176,0.07650760393793793,0.11573355723279863,seq_hotel
11160,446.4,263,2.45,-0.44,1.6382631809327577,3.2915042154006118,0.05876128598556226,0.09626645129440671,seq_hotel
11160,446.4,264,1.87,2.8,1.4080127840328458,3.2915042154006118,0.05876128598556226,0.08273664187388176,seq_hotel
11170,446.8,262,3.36,0.94,1.4853450777512696,2.070869382650678,0.14844812227295823,0.2204966877195571,seq_hotel
11170,446.8,263,2.5,0.22,1.6501893830709011,2.148883430993873,0.1378651216769347,0.2275035600870556,seq_hotel
11170,446.8,264,1.74,2.23,1.4668205411705784,2.148883430993873,0.1378651216769347,0.202223392386709,seq_hotel
11180,447.2,262,3.22,1.51,1.3215166476439124,1.4449913494550757,0.30489452699596803,0.40292319320068803,seq_hotel
11180,447.2,263,2.47,0.88,1.604875384570387,1.0191172650877818,0.6129595343419809,0.9837236684031719,seq_hotel
11180,447.2,264,1.78,1.63,1.4775930596750733,1.4449913494550757,0.30489452699596803,0.45051003702215664,seq_hotel
11190,447.6,262,3.17,1.98,1.3694204978749296,1.7649079296099273,0.20437887969680613,0.27988062718952056,seq_hotel
11190,447.6,263,2.4,1.5,1.5025499159761426,0.9073588044428731,0.7732537014060261,1.1618522840758658,seq_hotel
11190,447.6,264,1.67,1.05,1.4761118690668193,1.7649079296099273,0.20437887969680613,0.3016860901070351,seq_hotel
11200,448.0,262,3.11,2.6,1.47785740178146,2.607623439072444,0.09362468526075876,0.1383639341020719,seq_hotel
11200,448.0,263,2.4,2.08,1.3889069443271638,1.7979988876526036,0.19692519560986804,0.27351077169553084,seq_hotel
11200,448.0,264,1.62,0.46,1.4877100692003977,2.607623439072444,0.09362468526075876,0.13928638698814888,seq_hotel
11210,448.4,262,3.0,3.15,1.402230366238095,3.556205843311098,0.050339203609474595,0.07058715991344759,seq_hotel
11210,448.4,263,2.35,2.61,1.3308831654206916,2.8376927247325425,0.0790586491608297,0.10521782524904895,seq_hotel
11210,448.4,264,1.65,-0.14,1.5275081832841089,3.556205843311098,0.050339203609474595,0.07689354545347739,seq_hotel
11350,454.0,265,0.78,3.0,1.300961183125843,1.7325414857947845,0.10604320424552445,0.1379580924577129,seq_hotel
11350,454.0,266,-0.83,2.36,0.0,1.7325414857947845,0.10604320424552445,0.0,seq_hotel
11360,454.4,265,0.8,2.48,1.300240362394566,1.7482848738120456,0.31242586571286507,0.4062287208559317,seq_hotel
11360,454.4,266,-0.83,2.36,0.0,3.1439147571141306,0.09661172968488818,0.0,seq_hotel
11360,454.4,267,1.57,3.49,1.6031219541880035,1.2700393694685217,0.5920208670498276,0.9490816493049958,seq_hotel
11360,454.4,268,1.98,3.77,1.6920771259016276,1.7482848738120456,0.31242586571286507,0.5286486609127526,seq_hotel
11360,454.4,269,2.55,3.96,1.5572411502396113,2.291920591992663,0.1817909456778869,0.28309234135057926,seq_hotel
11370,454.8,265,0.8,1.96,1.351445984862129,1.7582377541163194,0.30889877031486457,0.4174600028708727,seq_hotel
11370,454.8,266,-0.83,2.36,0.0,3.0535389304870506,0.10241520989171844,0.0,seq_hotel
11370,454.8,267,1.61,2.85,1.7241392780167084,1.2034118164618464,0.6593907323238307,1.1368814611597182,seq_hotel
11370,454.8,268,2.13,3.11,1.6378339354158886,1.7582377541163194,0.30889877031486457,0.5059248886299234,seq_hotel
11370,454.8,269,2.61,3.34,1.6155977995775912,2.2760711763914587,0.1843315623108527,0.29780566646211326,seq_hotel
11370,454.8,270,3.47,-5.26,1.601756847964225,8.320558875460229,0.01379324295880893,0.022093421364906534,seq_hotel
11370,454.8,271,3.69,-7.91,1.7164643893772846,10.95919705087923,0.007950856412370711,0.01364736189688636,seq_hotel
11380,455.2,265,0.85,1.4,1.36393273294542,1.9349418595916519,0.2550559985447041,0.3478792251492014,seq_hotel
11380,455.2,266,-0.83,2.36,0.0,3.092733418838423,0.0998358242081936,0.0,seq_hotel
11380,455.2,267,1.73,2.12,1.609541860281998,1.1370136322841518,0.7386522730131281,1.1888917536070764,seq_hotel
11380,455.2,268,2.26,2.49,1.5273547394105784,1.7821896644296868,0.3006516146814974,0.45920166859522815,seq_hotel
11380,455.2,269,2.63,2.67,1.6663020434482831,2.186618393776106,0.19972176156095045,0.3327967794101025,seq_hotel
11380,455.2,270,3.5,-4.62,1.6132750075544837,6.968536431705011,0.019664741066326992,0.03172463529233564,seq_hotel
11380,455.2,271,3.54,-7.24,1.652885734102617,9.533399183921755,0.010506929677071003,0.01736675417245008,seq_hotel
11390,455.6,265,0.85,0.87,1.326473237573963,2.173039346169323,0.20222563235665747,0.2682468892725774,seq_hotel
11390,455.6,266,-0.83,2.36,0.0,3.1636213427020623,0.09541186576923336,0.0,seq_hotel
11390,455.6,267,1.75,1.57,1.4752118491931865,1.140175425099138,0.7345612758087475,1.0836334980315288,seq_hotel
11390,455.6,268,2.3,1.9,1.5892706660603726,1.7785949510779564,0.30186813509242355,0.4797501721207385,seq_hotel
11390,455.6,269,2.7,2.01,1.5722694584580248,2.173039346169323,0.20222563235665747,0.31795318547173346,seq_hotel
11390,455.6,270,3.51,-3.97,1.6148722859718414,5.812847839054451,0.028261387027552348,0.045638530673918404,seq_hotel
11390,455.6,271,3.51,-6.6,1.6655048033554118,8.357421851264897,0.013671832640882111,0.022770502934060462,seq_hotel
11400,456.0,265,0.8,0.34,1.3630159573534755,2.2466196829904255,0.18919613626124307,0.25787735279369683,seq_hotel
11400,456.0,266,-0.83,2.36,0.0,3.45028984289726,0.08021585606714873,0.0,seq_hotel
11400,456.0,267,1.75,0.94,1.6757461024869846,1.127297653683356,0.7514397690835475,1.2592222642954745,seq_hotel
11400,456.0,268,2.43,1.23,1.7286645857425145,1.8571483516402236,0.2768714579737234,0.47861788420207263,seq_hotel
11400,456.0,269,2.77,1.42,1.5087764082196733,2.2466196829904255,0.18919613626124307,0.2854546669172782,seq_hotel
11400,456.0,270,3.57,-3.33,1.6023907919107283,4.641691502028113,0.044321947642937065,0.07102108078259176,seq_hotel
11400,456.0,271,3.46,-5.91,1.7022503488031153,7.0602124613923625,0.019157367975977738,0.03261063631925774,seq_hotel
11410,456.4,265,0.82,-0.22,1.33749999999999,2.2585393509965686,0.18720440277423483,0.2503858887105372,seq_hotel
11410,456.4,266,-0.83,2.36,0.0,3.708638564217333,0.06942923211802908,0.0,seq_hotel
11410,456.4,267,1.79,0.23,1.7029386365926265,1.1907980517283356,0.6734341738726178,1.1468170738895176,seq_hotel
11410,456.4,268,2.39,0.52,1.8376700601576632,1.7356554957709784,0.31698909827431426,0.5825213752950825,seq_hotel
11410,456.4,269,2.83,0.81,1.6082307825681894,2.2585393509965686,0.18720440277423483,0.3010678831738182,seq_hotel
11410,456.4,270,3.58,-2.69,1.5924136554299988,3.4249817517762047,0.08140570807308913,0.12963156116553523,seq_hotel
11410,456.4,271,3.44,-5.24,1.6766782637106967,5.713440294603594,0.029253376135799945,0.04904849990704898,seq_hotel
11420,456.8,265,0.8,-0.73,1.3029413839463238,2.2730816087417534,0.18481674864064962,0.24080539025030787,seq_hotel
11420,456.8,266,-0.83,2.36,0.0,4.185498775534405,0.05451009558814572,0.0,seq_hotel
11420,456.8,267,1.83,-0.42,1.6137107857357587,1.2076837334335508,0.6547340819687159,1.056551449861717,seq_hotel
11420,456.8,268,2.45,-0.24,1.7403753187171533,1.7212204972053988,0.32232824497109697,0.5609721220731135,seq_hotel
11420,456.8,269,2.9,0.14,1.7278961195627294,2.2730816087417534,0.18481674864064962,0.3193441428063788,seq_hotel
11420,456.8,270,3.67,-2.06,1.5709272739372508,2.464792080480623,0.15718489243998096,0.2469260345848593,seq_hotel
11420,456.8,271,3.52,-4.57,1.7286645857423992,4.480915085113754,0.047559573802524686,0.0822145509454264,seq_hotel
11430,457.2,265,0.75,-1.26,1.4888124462133785,2.267531697683629,0.18572255451531047,0.27650605070493695,seq_hotel
11430,457.2,266,-0.83,2.36,0.0,4.61767257392726,0.044784230032095626,0.0,seq_hotel
11430,457.2,267,1.84,-1.06,1.6280740155164664,1.176860229593982,0.6894798978710266,1.1225243059447654,seq_hotel
11430,457.2,268,2.47,-0.87,1.5875492118356276,1.364734406395618,0.5127139106316093,0.8139585647203738,seq_hotel
11430,457.2,269,2.91,-0.57,1.7250452892605284,1.1819052415485767,0.6836063129439276,1.179251849852681,seq_hotel
11430,457.2,270,3.71,-1.44,1.5632997953047667,1.908219064992277,0.2622496521987675,0.4099748276010795,seq_hotel
11430,457.2,271,3.53,-3.86,1.67574610248688,3.270489260034345,0.08927830317137764,0.14960776857607813,seq_hotel
11440,457.6,265,0.85,-1.92,1.5282751715577518,2.1503488089144978,0.20651592961751133,0.3156131677656107,seq_hotel
11440,457.6,266,-0.83,2.36,0.0,5.079468476130155,0.03701134291505647,0.0,seq_hotel
11440,457.6,267,1.91,-1.72,1.6806341808971783,1.0912378292562994,0.8019227901842221,1.3477388516240398,seq_hotel
11440,457.6,268,2.46,-1.51,1.6751865567750823,1.4326548781894402,0.46525196518946266,0.7793838375985764,seq_hotel
11440,457.6,269,2.89,-1.24,1.6405505935508085,1.0912378292562994,0.8019227901842221,1.3155949094186459,seq_hotel
11440,457.6,270,3.71,-0.81,1.543636129403533,2.0169531476958014,0.23473603366470142,0.3623470224377171,seq_hotel
11440,457.6,271,3.56,-3.23,1.6523184469102667,2.2366492796144866,0.19088667064154075,0.3154055671703022,seq_hotel
11450,458.0,265,0.83,-2.48,1.4133846787057747,2.2417850030723288,0.19001306481840416,0.2685615545682597,seq_hotel
11450,458.0,266,-0.83,2.36,0.0,5.512349771195583,0.03142663261210334,0.0,seq_hotel
11450,458.0,267,1.95,-2.4,1.6681763995454184,1.162755348299891,0.7063089190468725,1.1782478695424283,seq_hotel
11450,458.0,268,2.49,-2.21,1.6876851750253432,1.158015543937127,0.7121026536550127,1.2018050916697713,seq_hotel
11450,458.0,269,2.99,-1.88,1.716191277218345,1.162755348299891,0.7063089190468725,1.2121612058897608,seq_hotel
11450,458.0,270,3.82,-0.21,1.5790127453571372,2.4018534509832192,0.16553063123842884,0.2613749764724914,seq_hotel
11450,458.0,271,3.6,-2.54,1.7132297715135394,1.6559287424282485,0.34824756885283975,0.5966281028158962,seq_hotel
11460,458.4,265,0.81,-3.05,1.4394551920778693,2.2141589825484527,0.19478422407983115,0.2803831626865721,seq_hotel
11460,458.4,266,-0.83,2.36,0.0,6.114785360092372,0.025539297538722885,0.0,seq_hotel
11460,458.4,267,2.02,-3.05,1.7089836160712246,1.21,0.6522298057177598,1.1146500518849694,seq_hotel
11460,458.4,268,2.48,-2.86,1.7761000112605805,1.5014659503298766,0.42358483789539225,0.7523290353558173,seq_hotel
11460,458.4,269,2.98,-2.61,1.7937826652077788,1.0560303025955269,0.8562855618287052,1.535990197276035,seq_hotel
11460,458.4,270,3.8,0.45,1.6500473478054873,3.5634954749515257,0.07520019360958949,0.12408388001996229,seq_hotel
11460,458.4,271,3.6,-1.86,1.5879428516165117,1.9780040444852482,0.24407147822399286,0.38757155912926455,seq_hotel
11470,458.8,265,0.77,-3.63,1.4813950350935938,2.361778990506944,0.17119570787941413,0.2536084716818973,seq_hotel
11470,458.8,266,-0.83,2.36,0.0,6.200008064510885,0.0248420180632041,0.0,seq_hotel
11470,458.8,267,2.09,-3.76,1.8177080348614636,1.3263860674780927,0.5427895518395796,0.9866329296176567,seq_hotel
11470,458.8,268,2.54,-3.63,1.860779406592803,1.77,0.30480693879516485,0.5671784746966356,seq_hotel
11470,458.8,269,3.11,-3.31,1.7325018037508337,2.105231578710523,0.21546246808469585,0.373289114597342,seq_hotel
11470,458.8,270,3.81,1.11,1.6126937868051423,4.805424018752143,0.04135308865592008,0.06668986914060453,seq_hotel
11470,458.8,271,3.63,-1.27,1.6125484488845567,2.5995576546789647,0.1413098626087829,0.22786899976188268,seq_hotel
11480,459.2,265,0.7,-4.23,1.4357054015361128,2.50251873119863,0.15248134298077032,0.21891828775097258,seq_hotel
11480,459.2,266,-0.83,2.36,0.0,6.7652790038549036,0.020864114543716755,0.0,seq_hotel
11480,459.2,267,2.13,-4.5,1.767855339104406,1.455266298654648,0.4509064399619286,0.7971373573232557,seq_hotel
11480,459.2,268,2.64,-4.34,1.8000868034625168,1.9431160541768988,0.252914600882319,0.45526823545125183,seq_hotel
11480,459.2,269,3.19,-3.98,1.7768036610722815,2.50251873119863,0.15248134298077032,0.2709294084534509,seq_hotel
11480,459.2,270,3.78,1.74,1.5767847031222373,5.750347815567333,0.028879066685357443,0.045536070589918626,seq_hotel
11480,459.2,271,3.59,-0.57,1.7528548142959104,3.8878528778748818,0.06317594364365958,0.11073825696347582,seq_hotel
11490,459.6,265,0.63,-4.77,1.5254609958959973,2.6604698833100895,0.1349132759570184,0.2058049403009848,seq_hotel
11490,459.6,266,-0.83,2.36,0.0,8.191507797713435,0.014231270842543933,0.0,seq_hotel
11490,459.6,267,2.2,-5.17,1.7536123431362904,1.6201543136380563,0.3637965859847505,0.6379581835737013,seq_hotel
11490,459.6,268,2.71,-5.06,1.8168052317185555,2.1001190442448734,0.2165127896046643,0.393361568887733,seq_hotel
11490,459.6,269,3.29,-4.72,1.8494931738181397,2.6604698833100895,0.1349132759570184,0.2495211829399485,seq_hotel
11500,460.0,265,0.67,-5.45,1.6626879592997335,2.760018115882575,0.12535669014943776,0.20842905932913766,seq_hotel
11500,460.0,266,-0.83,2.36,0.0,8.887496835442475,0.012089614807278257,0.0,seq_hotel
11500,460.0,267,2.22,-5.9,1.7250452892606438,1.6140012391568976,0.3665756846646341,0.6323596579882222,seq_hotel
11500,460.0,268,2.9,-5.77,1.8032089451864335,2.2528426487440263,0.18815235721068152,0.3392780135802141,seq_hotel
11500,460.0,269,3.43,-5.44,1.8598555051402235,2.760018115882575,0.12535669014943776,0.23314533028058904,seq_hotel
11510,460.4,265,0.61,-6.1,1.578616878789769,2.9113914199227837,0.1126601140312135,0.1778471575760537,seq_hotel
11510,460.4,266,-0.83,2.36,0.0,9.592966173191689,0.010376850405339548,0.0,seq_hotel
11510,460.4,267,2.19,-6.55,1.7778146697560555,1.6428329190760698,0.35382180093792726,0.629029588186954,seq_hotel
11510,460.4,268,2.9,-6.49,1.825042807717094,2.3229722340140015,0.17696335542629477,0.322965699050243,seq_hotel
11510,460.4,269,3.52,-6.19,1.882692553233241,2.9113914199227837,0.1126601140312135,0.21210435773297343,seq_hotel
11520,460.8,265,0.49,-6.7,1.493841524392707,3.1683591968083418,0.09512672795251999,0.1421042562950828,seq_hotel
11520,460.8,266,-0.83,2.36,0.0,10.28622865777346,0.009025245694275607,0.0,seq_hotel
11520,460.8,267,2.14,-7.32,1.7824228594808356,1.7626400653565097,0.30735770657290923,0.5478414022331565,seq_hotel
11520,460.8,268,2.89,-7.23,1.838180146231565,2.4578242410717657,0.15807738226942541,0.2905747056559154,seq_hotel
11520,460.8,269,3.65,-6.93,1.7755280904564303,3.1683591968083418,0.09512672795251999,0.16890017763290616,seq_hotel
11530,461.2,265,0.5,-7.29,1.4002231964940361,3.2737745799000884,0.08909920677683177,0.12475877611813846,seq_hotel
11530,461.2,266,-0.83,2.36,0.0,10.957673110656295,0.007953068099529543,0.0,seq_hotel
11530,461.2,267,2.06,-7.97,1.6875462956612144,1.7419529270333338,0.314701311149279,0.531073031869693,seq_hotel
11530,461.2,268,2.94,-7.96,1.676678263710719,2.530316185775999,0.14914949762614166,0.25007572071312517,seq_hotel
11530,461.2,269,3.76,-7.59,1.6787737340094144,3.2737745799000884,0.08909920677683177,0.14957740805801878,seq_hotel
11540,461.6,265,0.47,-7.82,1.3271209439985872,3.3008180804158234,0.08764521344341392,0.11631579840198114,seq_hotel
11540,461.6,266,-0.83,2.36,0.0,11.565176176781744,0.007139484846739273,0.0,seq_hotel
11540,461.6,267,2.13,-8.67,1.7587282336960064,1.864966487634563,0.2745549750011133,0.4828675862361592,seq_hotel
11540,461.6,268,2.95,-8.57,1.5252049042668352,2.590926475220785,0.14225292474956755,0.2169648584743415,seq_hotel
11540,461.6,269,3.74,-8.27,1.7007351351693492,3.3008180804158234,0.08764521344341392,0.149061293932631,seq_hotel
11610,464.4,272,1.57,2.8,1.3021616643104308,12.76426652808535,0.0039074047031488505,0.005088072611386712,seq_hotel
11610,464.4,273,1.24,-9.96,1.9251623308176848,12.76426652808535,0.0039074047031488505,0.0075223883457620246,seq_hotel
11610,464.4,274,3.75,-8.15,1.6499999999998596,11.164895879496592,0.005107057743960176,0.008426645277533574,seq_hotel
11620,464.8,272,1.6,2.28,1.2627475004924542,11.47533877495562,0.004834472472366157,0.00610471803067994,seq_hotel
11620,464.8,273,1.25,-9.19,1.7000459552611544,11.47533877495562,0.004834472472366157,0.008218825372467478,seq_hotel
11620,464.8,274,3.75,-7.49,1.7450823762791159,10.003769289622786,0.006361401227150543,0.011101169169940753,seq_hotel
11630,465.2,272,1.59,1.79,1.276530943612388,10.396234895384001,0.005890171716096077,0.007518986458787124,seq_hotel
11630,465.2,273,1.23,-8.6,1.5275081832841046,10.396234895384001,0.005890171716096077,0.008997285497285335,seq_hotel
11630,465.2,274,3.62,-6.76,1.7711666353000077,8.787684564206888,0.008243871318377349,0.014601269824816647,seq_hotel
11640,465.6,272,1.65,1.26,1.2647257607876619,9.23589735759336,0.007463145823037511,0.009438832778910377,seq_hotel
11640,465.6,273,1.32,-7.97,1.6109488663517328,9.23589735759336,0.007463145823037511,0.01202274630303995,seq_hotel
11640,465.6,274,3.61,-6.08,1.7161912772182266,7.597183688709915,0.011029983650758898,0.018929561729292072,seq_hotel
11650,466.0,272,1.65,0.78,1.2010412149464997,8.104498750693963,0.009692321325148268,0.011640877380007944,seq_hotel
11650,466.0,273,1.38,-7.32,1.5700318468108452,8.104498750693963,0.009692321325148268,0.015217253150006674,seq_hotel
11650,466.0,274,3.53,-5.39,1.8221724671392598,6.450062015205745,0.015302146040520376,0.02788314920318027,seq_hotel
11660,466.4,272,1.61,0.3,1.2522479786367946,7.030576078814595,0.012879479098658305,0.016128301667189707,seq_hotel
11660,466.4,273,1.52,-6.73,1.6856471309262333,7.030576078814595,0.012879479098658305,0.02171025699047776,seq_hotel
11660,466.4,274,3.46,-4.63,1.7778146697560955,5.265681342428537,0.022959951974133218,0.04081853943650946,seq_hotel
11670,466.8,272,1.59,-0.22,1.2664542036725774,5.791044810740114,0.018983062254148694,0.024041178990344848,seq_hotel
11670,466.8,273,1.7,-6.01,1.6694404002538799,5.791044810740114,0.018983062254148694,0.031691091047610316,seq_hotel
11670,466.8,274,3.45,-3.97,1.7315094570922671,4.185940754478018,0.036332390088378755,0.06290987703679317,seq_hotel
11680,467.2,272,1.53,-0.71,1.2341495047197306,4.7166301529799854,0.028616497458828823,0.03531703616562702,seq_hotel
11680,467.2,273,1.78,-5.42,1.5597475757313735,4.7166301529799854,0.028616497458828823,0.044634512537331264,seq_hotel
11680,467.2,274,3.34,-3.25,1.7170559833622092,3.1189260972328277,0.06544401784261249,0.11237104241192095,seq_hotel
11690,467.6,272,1.47,-1.2,1.2772039774444686,3.606937759374287,0.048933110866070814,0.06249756382687679,seq_hotel
11690,467.6,273,1.91,-4.78,1.6546336452520032,3.606937759374287,0.048933110866070814,0.08096637160584716,seq_hotel
11690,467.6,274,3.35,-2.6,1.675746102486873,2.612661478263114,0.09326395727623518,0.15628671290815335,seq_hotel
11700,468.0,272,1.47,-1.73,1.3375584099396194,2.431953946932384,0.1076389443337585,0.14397337523064122,seq_hotel
11700,468.0,273,1.97,-4.11,1.65798258434771,2.6130633363927482,0.09323527370243277,0.1545824600455256,seq_hotel
11700,468.0,274,3.38,-1.91,1.7553934744097546,2.6130633363927482,0.09323527370243277,0.16366459104205788,seq_hotel
11710,468.4,272,1.46,-2.27,1.350057869130041,2.0768485741623053,0.14759459633403224,0.19926124622183214,seq_hotel
11710,468.4,273,2.04,-3.46,1.7201925764285448,2.5588278566562463,0.09722948444736719,0.1672534373563357,seq_hotel
11710,468.4,274,3.24,-1.2,1.655719254583937,2.5588278566562463,0.09722948444736719,0.1609847295127753,seq_hotel
11720,468.8,272,1.46,-2.81,1.4285044627161572,2.864349838968697,0.07759397554605171,0.11084334034742324,seq_hotel
11720,468.8,273,2.1,-2.74,1.7376798468071972,2.4477336456403913,0.10625559508087948,0.18463820618255022,seq_hotel
11720,468.8,274,3.27,-0.59,1.6124999999999896,2.864349838968697,0.07759397554605171,0.12512028556800758,seq_hotel
11730,469.2,272,1.54,-3.41,1.513274595042242,3.891015291668744,0.04204886211146508,0.06363147478371439,seq_hotel
11730,469.2,273,2.06,-2.07,1.6779824194550799,2.461300469264165,0.10508745004416996,0.17633489367948116,seq_hotel
11730,469.2,274,3.24,0.09,1.601220237818637,3.891015291668744,0.04204886211146508,0.0673294889901232,seq_hotel
11770,470.8,277,0.28,1.49,1.4055692796871395,7.227309319518572,0.018281763957410345,0.025696285797027568,seq_hotel
11770,470.8,278,1.34,4.05,1.619413474070256,9.700185565235337,0.010148720620226797,0.016434974916969918,seq_hotel
11770,470.8,279,1.4,-5.65,1.4320003491620497,7.227309319518572,0.018281763957410345,0.02617949237030979,seq_hotel
11770,470.8,280,2.89,-5.16,1.4252192813740043,7.143850502355155,0.01871141653998213,0.02666787163460299,seq_hotel
11770,470.8,281,3.44,-5.51,1.4750000000000836,7.680208330507709,0.016189199712325925,0.02387906957568209,seq_hotel
11780,471.2,277,0.23,0.93,1.4027317099146028,6.672825488501853,0.021446273880138443,0.030083368431183484,seq_hotel
11780,471.2,278,1.24,3.41,1.5971165423975602,8.615619536632291,0.012864661318588473,0.02054636340425966,seq_hotel
11780,471.2,279,1.56,-6.2,1.3680506204084573,7.252985592154448,0.01815255463373567,0.024833613628680497,seq_hotel
11780,471.2,280,2.88,-4.59,1.499999999999968,6.12314461694316,0.025469613141458042,0.03820441971218625,seq_hotel
11780,471.2,281,3.44,-4.92,1.5013015186830139,6.672825488501853,0.021446273880138443,0.0321973235463437,seq_hotel
11790,471.6,277,0.21,0.37,1.400502142090452,5.658162245817983,0.029827756492352663,0.04177383686129229,seq_hotel
11790,471.6,278,1.2,2.78,1.5914812282901534,7.420525587854272,0.017342114450974902,0.027599649607585954,seq_hotel
11790,471.6,279,1.63,-6.72,1.3048587088263421,3.0340072511449274,0.10373806745658673,0.13536352075754174,seq_hotel
11790,471.6,280,2.89,-3.96,1.5751984002023136,4.779089871513194,0.041810078878066356,0.06585916936106266,seq_hotel
11790,471.6,281,3.39,-4.31,1.556086838836426,4.391377915871054,0.04951875932376619,0.07705548965922113,seq_hotel
11790,471.6,282,3.5,-8.7,1.4758472143146277,4.779089871513194,0.041810078878066356,0.061705288442469086,seq_hotel
11800,472.0,277,0.2,-0.19,1.3528326762760456,4.687963310436634,0.043451319950465125,0.05878236545631447,seq_hotel
11800,472.0,278,1.15,2.14,1.6126937868052615,6.214885356947464,0.02472322597272664,0.03987099291599872,seq_hotel
11800,472.0,279,1.65,-7.24,1.2699655507139511,4.0929451498890135,0.05700323889109324,0.07239214967080614,seq_hotel
11800,472.0,280,2.86,-3.33,1.54074860051868,4.115239968701704,0.056387267853427896,0.08687860403224097,seq_hotel
11800,472.0,281,3.33,-3.68,1.5674920254981453,4.434072620063861,0.04856974002092326,0.07613268016331533,seq_hotel
11800,472.0,282,3.52,-8.11,1.514358362475757,4.825349728258046,0.041012268448349605,0.062107271688858864,seq_hotel
11810,472.4,277,0.14,-0.71,1.3557746862955988,3.930012722625717,0.061827753871892,0.08382450361002587,seq_hotel
11810,472.4,278,1.18,1.49,1.5632997953047774,5.015436172457985,0.037962426695370706,0.05934665388214564,seq_hotel
11810,472.4,279,1.74,-7.73,1.2600843225752596,5.113208386130962,0.03652450988725802,0.046023962298678896,seq_hotel
11810,472.4,280,2.81,-2.73,1.5158021803652117,4.523858972160825,0.04666091670053076,0.07072871927250406,seq_hotel
11810,472.4,281,3.29,-3.06,1.5143583624756563,4.438220364064858,0.04847900062704323,0.0734145800040255,seq_hotel
11810,472.4,282,3.56,-7.49,1.629800601300628,4.818723897464971,0.04112513118166468,0.0670257635284443,seq_hotel
11820,472.8,277,0.1,-1.27,1.4269723192830184,3.3895279907385336,0.08311758815477303,0.1186064975424272,seq_hotel
11820,472.8,278,1.19,0.89,1.5625499992000123,3.9517084912731106,0.06115072096256222,0.09555105899113177,seq_hotel
11820,472.8,279,1.84,-8.23,1.338200751008596,6.181884825843976,0.024987888709388343,0.033438811437022695,seq_hotel
11820,472.8,280,2.78,-2.12,1.515802180365212,3.40414453277178,0.08240534841919989,0.12491020680757817,seq_hotel
11820,472.8,281,3.27,-2.47,1.451346357696856,3.9517084912731106,0.06115072096256222,0.08875087613955146,seq_hotel
11820,472.8,282,3.62,-6.81,1.6267298484997097,4.764630101067658,0.0420642356542185,0.06842714769304294,seq_hotel
11830,473.2,277,0.2,-1.85,1.4108951059522346,3.0404111564063174,0.10330152838582146,0.14574762083694134,seq_hotel
11830,473.2,278,1.17,0.24,1.6504260813498768,2.977331019554258,0.10772515748788677,0.1777924095355313,seq_hotel
11830,473.2,279,1.89,-8.79,1.4056248610493274,7.142807571256557,0.018716881097916534,0.02630891339253571,seq_hotel
11830,473.2,280,2.73,-1.52,1.4526376871057567,2.551430971043504,0.14669109013354822,0.21308900589061958,seq_hotel
11830,473.2,281,3.24,-1.9,1.425493335656096,3.0404111564063174,0.10330152838582146,0.14725564027707752,seq_hotel
11830,473.2,282,3.62,-6.19,1.5499999999999767,4.75405090422894,0.04225165517239821,0.06549006551721624,seq_hotel
11840,473.6,277,0.24,-2.39,1.3764197215965617,3.1817605189580185,0.09432708310792327,0.1298336574704235,seq_hotel
11840,473.6,278,1.22,-0.43,1.663674397230394,2.211424880026451,0.19526616607054056,0.3248593211368966,seq_hotel
11840,473.6,279,2.02,-9.34,1.4128871150943605,8.10237619467277,0.014546100193475435,0.020551997538233027,seq_hotel
11840,473.6,280,2.71,-0.96,1.4133846787056765,2.8540847920130195,0.11722969610736478,0.16569065636747188,seq_hotel
11840,473.6,281,3.24,-1.33,1.4502155012273006,3.1817605189580185,0.09432708310792327,0.13679459810866618,seq_hotel
11840,473.6,282,3.62,-5.57,1.5624999999999796,4.64077579721322,0.04433944033242505,0.06928037551941323,seq_hotel
11850,474.0,277,0.25,-2.95,1.405569279687139,3.702026472082554,0.06967746505300051,0.09793650436497174,seq_hotel
11850,474.0,278,1.22,-1.09,1.6507574019220117,2.0977368757782755,0.21700480821528736,0.3582222934140522,seq_hotel
11850,474.0,280,2.69,-0.39,1.4651151831853506,3.5365519931141973,0.07635039485667232,0.11186212274670732,seq_hotel
11850,474.0,281,3.22,-0.74,1.4659148167612759,3.702026472082554,0.06967746505300051,0.10214122841555945,seq_hotel
11850,474.0,282,3.62,-4.94,1.5000520824292263,4.536794022214366,0.046395222084361566,0.069595249502413,seq_hotel
11860,474.4,277,0.34,-3.51,1.5644987216357402,4.373602633984939,0.04992208750085591,0.07810304207647664,seq_hotel
11860,474.4,278,1.26,-1.75,1.66630204344828,2.477518920210298,0.1555741448577527,0.25923351548419205,seq_hotel
11860,474.4,280,2.64,0.21,1.4644218142324827,4.373602633984939,0.04992208750085591,0.07310699394827616,seq_hotel
11860,474.4,281,3.16,-0.16,1.7001838135918703,4.236153915995026,0.05321424678469614,0.0904740010358236,seq_hotel
11860,474.4,282,3.63,-4.37,1.553876201632507,4.236153915995026,0.05321424678469614,0.08268835166653848,seq_hotel
11870,474.8,277,0.42,-4.19,1.4519383595731066,5.439209501388967,0.032277493951373054,0.04686493161888746,seq_hotel
11870,474.8,278,1.31,-2.42,1.6897669957718797,3.46156034181119,0.07969435660229769,0.13466489353583744,seq_hotel
11870,474.8,280,2.63,0.78,1.4379890472461698,4.562477397204287,0.04587435067646217,0.06596681382228252,seq_hotel
11870,474.8,281,3.24,0.62,1.7516064055602818,4.334616476690873,0.05082413864310163,0.08902388680434067,seq_hotel
11870,474.8,282,3.44,-3.71,1.6134202800262178,4.334616476690873,0.05082413864310163,0.08200069600164435,seq_hotel
11880,475.2,277,0.28,-4.67,1.3433284222407793,6.464503074482987,0.022850783170806563,0.03069610650380573,seq_hotel
11880,475.2,278,1.33,-3.1,1.7429321558798248,4.640043103248073,0.04435344442876785,0.07730504451892836,seq_hotel
11880,475.2,280,2.61,1.36,1.4802871343087205,4.640043103248073,0.04435344442876785,0.06565583315018185,seq_hotel
11880,475.2,281,3.22,1.24,1.5143583624756563,4.733677217555079,0.04261613903039456,0.0645361065171032,seq_hotel
11880,475.2,282,3.35,-3.11,1.5127065974603064,4.351942095203014,0.050420269837026105,0.07627107482819828,seq_hotel
11890,475.6,277,0.32,-5.26,1.4999999999999822,7.550662222613325,0.016749478773100148,0.025124218159649925,seq_hotel
11890,475.6,278,1.42,-3.81,1.7669270641426882,5.875797818169035,0.027659077727773276,0.04887157300642885,seq_hotel
11890,475.6,280,2.53,1.96,1.4401605813241496,5.875797818169035,0.027659077727773276,0.0398335134593198,seq_hotel
11890,475.6,281,3.18,1.83,1.4624999999999777,5.9082315459027175,0.027356237640125004,0.04000849754868221,seq_hotel
11890,475.6,282,3.22,-2.52,1.492952192804555,4.350183904158535,0.05046103426590286,0.07533591175846546,seq_hotel
11900,476.0,277,0.28,-5.87,1.4963497251646276,8.679400900983891,0.012676281773368188,0.018968150747688865,seq_hotel
11900,476.0,278,1.43,-4.51,1.7500446422878326,7.10721464428928,0.018904818778547335,0.03308427681681917,seq_hotel
11900,476.0,280,2.54,2.51,1.3752272539475845,7.10721464428928,0.018904818778547335,0.02599842201519838,seq_hotel
11900,476.0,281,3.22,2.41,1.4133846787057747,7.14776188747219,0.018690943689166715,0.026417493440820623,seq_hotel
11900,476.0,282,3.11,-1.94,1.4729328735554261,4.486357096799138,0.04744426297243421,0.06988221459370682,seq_hotel
11910,476.4,277,0.19,-6.45,1.4027317099146115,9.885797893948673,0.009771200550004315,0.013706372855426146,seq_hotel
11910,476.4,278,1.41,-5.21,1.7750440135387904,8.368094167730188,0.013636981914335912,0.024206243109778713,seq_hotel
11910,476.4,281,3.22,2.96,1.3750000000000777,9.885797893948673,0.009771200550004315,0.013435400756256693,seq_hotel
11910,476.4,282,3.08,-1.35,1.4893895561604868,5.8619194808526665,0.027790200789572585,0.04139043481959232,seq_hotel
11920,476.8,277,0.21,-6.99,1.4678321600237512,6.855887980415083,0.020316269074262427,0.029820873118898354,seq_hotel
11920,476.8,278,1.42,-5.93,1.8256848030259543,5.430405141423612,0.03238224232353335,0.059119767697978706,seq_hotel
11920,476.8,282,3.05,-0.75,1.4754766179102694,8.547713144461504,0.013069877100591711,0.019284298060883935,seq_hotel
11920,476.8,283,3.6,-9.28,1.4752118491932766,8.547713144461504,0.013069877100591711,0.019280837566292758,seq_hotel
11930,477.2,277,0.09,-7.62,1.6854617319891532,8.016489256526201,0.014859457435043391,0.025045046864887333,seq_hotel
11930,477.2,278,1.37,-6.67,1.8131895240156024,6.713598141086492,0.021186572238251614,0.03841527083219762,seq_hotel
11930,477.2,282,3.05,-0.17,1.5879428516164762,8.538383922031146,0.013098453562923464,0.02079959570247468,seq_hotel
11930,477.2,283,3.61,-8.69,1.5002083188677247,8.538383922031146,0.013098453562923464,0.01965040899940037,seq_hotel
11940,477.6,277,0.06,-8.33,1.6125484488845128,9.35109084545755,0.01092060828896768,0.017610009957250185,seq_hotel
11940,477.6,278,1.38,-7.38,1.8510554421734502,8.08084154033477,0.014623731371383945,0.027069337539882863,seq_hotel
11940,477.6,282,3.08,0.52,1.6129359875704536,9.35109084545755,0.01092060828896768,0.017614242115436166,seq_hotel
11940,477.6,283,3.58,-8.08,1.5502015997927288,8.614522621712709,0.012867937724718663,0.019947897646892077,seq_hotel
11950,478.0,277,0.1,-8.91,1.456504806034035,10.463331209514493,0.00872230836271922,0.0127040840500114,seq_hotel
11950,478.0,278,1.32,-8.15,1.841746793128846,9.43559749035534,0.010725871005457367,0.019754338527814778,seq_hotel
11950,478.0,282,3.08,1.12,1.4379890472462697,10.463331209514493,0.00872230836271922,0.012542583892294783,seq_hotel
11950,478.0,283,3.59,-7.45,1.5751984002024244,8.585161617581814,0.012956104179517971,0.02040843457643265,seq_hotel
11960,478.4,277,0.17,-9.49,1.4605221668979362,11.540762539797793,0.007169722909600568,0.010471539239987598,seq_hotel
11960,478.4,278,1.28,-8.85,1.7528548142959082,10.677982019089562,0.008375158052639966,0.014680436113059107,seq_hotel
11960,478.4,282,3.11,1.67,1.3884006086140777,11.540762539797793,0.007169722909600568,0.009954447651283725,seq_hotel
11960,478.4,283,3.56,-6.82,1.5399878246271792,8.501917430791716,0.013211058519635041,0.02034486927067513,seq_hotel
11970,478.8,282,3.12,2.23,1.4125553086516462,8.459462157844314,0.004447998409555155,0.006283043766291214,seq_hotel
11970,478.8,283,3.52,-6.22,1.5425729318252517,8.459462157844314,0.004447998409555155,0.006861361947381552,seq_hotel
11980,479.2,282,3.1,2.8,1.3380255976624595,8.3977199286473,0.0045136445403867265,0.006039371933786847,seq_hotel
11980,479.2,283,3.46,-5.59,1.5861214486917214,8.3977199286473,0.0045136445403867265,0.007159188417277674,seq_hotel
11990,479.6,282,3.09,3.3,1.250249975004892,8.264744400161447,0.004660057479339893,0.005826236747066061,seq_hotel
11990,479.6,283,3.37,-4.96,1.590990257669596,8.264744400161447,0.004660057479339893,0.007414106049810104,seq_hotel
12440,497.6,284,0.94,1.73,1.7862320677897265,0.49040799340956914,1.3235338302860318,2.3641385704614755,seq_hotel
12440,497.6,285,1.43,1.75,1.7587282336962557,0.49040799340956914,1.3235338302860318,2.3277363155761925,seq_hotel
12450,498.0,284,1.02,1.02,1.8027756377320971,6.793909036776986,0.020688639227495864,0.03729697477715814,seq_hotel
12450,498.0,285,1.5,1.05,1.7778146697562036,6.650541331350404,0.021590235939908525,0.03838343817746699,seq_hotel
12450,498.0,286,-0.26,-3.22,1.2752450744857577,4.618495426001849,0.044768273530923886,0.05709052031354181,seq_hotel
12450,498.0,287,3.66,-5.24,1.6194134740702582,6.650541331350404,0.021590235939908525,0.03496351898944381,seq_hotel
12450,498.0,288,3.1,-7.4,1.7089836160713587,8.600145347608958,0.012910997580549224,0.022064683332295575,seq_hotel
12460,498.4,284,1.02,0.29,1.7753960825686013,5.510326669082333,0.03144971326127489,0.05583569772197323,seq_hotel
12460,498.4,285,1.51,0.33,1.7640950229508412,5.339232154533084,0.03349760618475806,0.05909296035129901,seq_hotel
12460,498.4,286,-0.27,-2.71,1.337499999999972,4.270948372434394,0.05235072959549214,0.07001910083396927,seq_hotel
12460,498.4,287,3.56,-4.6,1.5199198169640324,5.339232154533084,0.03349760618475806,0.050913675461070715,seq_hotel
12460,498.4,288,3.03,-6.72,1.6854617319891698,7.211996949527919,0.01835947733257273,0.030944196463373937,seq_hotel
12470,498.8,284,1.05,-0.4,1.7624999999999802,4.401931394285922,0.049281604920853164,0.08685882867300272,seq_hotel
12470,498.8,285,1.56,-0.36,1.7501785623186923,4.170047961354881,0.05491478429559395,0.09611067822850372,seq_hotel
12470,498.8,286,-0.26,-2.15,1.4377173748689123,4.239622624715554,0.05312720639083208,0.076381907706346,seq_hotel
12470,498.8,287,3.54,-4.03,1.4508618128546742,4.239622624715554,0.05312720639083208,0.07708023497610707,seq_hotel
12470,498.8,288,2.95,-6.06,1.6194617161266593,5.867035026314398,0.027741760629112468,0.04492671927679747,seq_hotel
12480,499.2,284,1.02,-1.12,1.7504017396014946,3.4106304402558774,0.0820922301976696,0.14369438254576722,seq_hotel
12480,499.2,285,1.53,-1.07,1.7136401314161465,3.0946728421595715,0.09971072972239449,0.17086830798508396,seq_hotel
12480,499.2,286,-0.29,-1.56,1.425054823506788,4.248588000736245,0.05290322476116296,0.07538999562495902,seq_hotel
12480,499.2,287,3.52,-3.44,1.4500538783093373,3.4106304402558774,0.0820922301976696,0.1190381567771937,seq_hotel
12480,499.2,288,2.91,-5.43,1.5882872063955948,4.5731826991713325,0.045659828753532195,0.07252092185544891,seq_hotel
12480,499.2,289,2.98,-7.11,1.5249999999998707,6.21161009722922,0.0247493049870639,0.03774269010526925,seq_hotel
12490,499.6,284,1.02,-1.8,1.7902950175878707,2.72855272992845,0.12826456125606073,0.22963140494981976,seq_hotel
12490,499.6,285,1.51,-1.73,1.7761000112606198,2.3194827009486403,0.17749621906159332,0.31525103667401333,seq_hotel
12490,499.6,286,-0.25,-1.01,1.3818578979041034,4.21283752357007,0.05380491652870024,0.07435074885125546,seq_hotel
12490,499.6,287,3.53,-2.87,1.400223196494021,2.72855272992845,0.12826456125606073,0.17959901395886452,seq_hotel
12490,499.6,288,2.91,-4.79,1.6386923140113705,3.3650557201924607,0.08433092466630507,0.13819243808414602,seq_hotel
12490,499.6,289,2.98,-6.5,1.555032154008383,4.991372556722248,0.03832934592681054,0.05960336535830063,seq_hotel
12500,500.0,284,0.94,-2.55,1.845814522101391,2.480181444975347,0.15524030018880106,0.2865448005038683,seq_hotel
12500,500.0,285,1.48,-2.49,1.8292758129927755,2.1357200191036276,0.2093547143470879,0.38296751529113954,seq_hotel
12500,500.0,286,-0.18,-0.46,1.3786315678963021,4.159086438149609,0.055204628196980673,0.07610684312633588,seq_hotel
12500,500.0,287,3.54,-2.32,1.4005021420905517,2.6101532522057016,0.1401649310207653,0.19630128614055622,seq_hotel
12500,500.0,288,2.86,-4.12,1.696549807698061,2.1357200191036276,0.2093547143470879,0.3551807003662345,seq_hotel
12500,500.0,289,2.88,-5.87,1.5521154918369555,3.6108309293014544,0.07324147372327039,0.11367922601085727,seq_hotel
12500,500.0,290,3.58,-7.57,1.6250000000000933,5.250152378741021,0.03464396292827889,0.056296439758456426,seq_hotel
12510,500.4,284,0.88,-3.27,1.82538523331375,2.779370432310166,0.1236170900013427,0.22564881067366777,seq_hotel
12510,500.4,285,1.41,-3.19,1.8260698918715756,2.507269431074371,0.15190405614522973,0.2773874233799734,seq_hotel
12510,500.4,286,-0.17,0.09,1.3422229695545969,4.105423242492789,0.05665725227988798,0.0760466654019152,seq_hotel
12510,500.4,287,3.5,-1.75,1.4035668847618032,3.0289932320822377,0.104081795630572,0.1460857616536166,seq_hotel
12510,500.4,288,2.77,-3.44,1.6352083200619911,1.840923681199196,0.2817732837271679,0.46075801792185306,seq_hotel
12510,500.4,289,2.81,-5.27,1.5790127453570144,2.507269431074371,0.15190405614522973,0.23985844072474524,seq_hotel
12510,500.4,290,3.58,-6.92,1.6557192545839117,3.573023929390902,0.07479964426830939,0.12384721125106699,seq_hotel
12510,500.4,291,2.72,-8.62,1.6592543506043684,5.18024130712074,0.03558536303661919,0.05904516843634627,seq_hotel
12520,500.8,284,0.91,-4.01,1.9000411179761147,2.0472664701987378,0.2278361507292182,0.4328980545469183,seq_hotel
12520,500.8,285,1.43,-3.95,1.8875413902746323,1.6055217220579734,0.37045802791301236,0.6992548610453259,seq_hotel
12520,500.8,286,-0.09,0.61,1.3241152706618684,3.712142238654117,0.06929823356686299,0.09175884929577616,seq_hotel
12520,500.8,287,3.46,-1.2,1.3139872526017622,3.475197836095091,0.07907010503861653,0.10389711008262449,seq_hotel
12520,500.8,288,2.59,-2.84,1.6562853769806587,1.8564751546950473,0.27707229321090154,0.45891078761171367,seq_hotel
12520,500.8,289,2.79,-4.61,1.5876476309307126,1.8707217858356167,0.2728682302409911,0.43321859929836576,seq_hotel
12520,500.8,290,3.69,-6.25,1.6194134740701316,3.2245309736456242,0.09184135363462456,0.14872912555275086,seq_hotel
12520,500.8,291,2.65,-7.96,1.762677296047114,4.191479452412954,0.05435464943230054,0.09580970648891632,seq_hotel
12520,500.8,292,-0.85,2.36,0.0,2.0035218990567585,0.23789383885587606,0.0,seq_hotel
12520,500.8,293,-0.81,4.04,0.0,3.5047539143283655,0.07774210990135973,0.0,seq_hotel
12520,500.8,294,-0.39,4.31,0.4007804885470559,3.712142238654117,0.06929823356686299,0.027773379904375336,seq_hotel
12530,501.2,284,0.89,-4.79,1.91254084923693,2.8938037252032145,0.11403370613574854,0.21809412117449903,seq_hotel
12530,501.2,285,1.4,-4.7,1.8501689112078155,2.558906016249913,0.14583531743301348,0.2698199704706847,seq_hotel
12530,501.2,286,-0.03,1.14,1.4750529651507014,3.0326556019436173,0.10383055980769508,0.15315557511759786,seq_hotel
12530,501.2,287,3.45,-0.7,1.3264732375739514,3.9364959037194485,0.061624268104760724,0.08174294242604715,seq_hotel
12530,501.2,288,2.36,-2.18,1.6682700620702742,2.696664606509308,0.13131595964677834,0.2190704841507485,seq_hotel
12530,501.2,289,2.65,-4.01,1.5322063340163872,1.9250974001333023,0.2576712516328581,0.39480552384579554,seq_hotel
12530,501.2,290,3.78,-5.64,1.5737097890017444,2.558906016249913,0.14583531743301348,0.22950246662651005,seq_hotel
12530,501.2,291,2.43,-7.24,1.877581556151394,2.8938037252032145,0.11403370613574854,0.2141075834200695,seq_hotel
12530,501.2,292,-0.85,2.36,0.0,1.8456977000581656,0.28031751850859254,0.0,seq_hotel
12530,501.2,293,-0.81,4.04,0.0,3.003065100859454,0.10588681568253479,0.0,seq_hotel
12530,501.2,294,-0.4,4.15,0.31274990007992814,3.0326556019436173,0.10383055980769508,0.03247299720509964,seq_hotel
12540,501.6,284,0.9,-5.54,1.8885344847261614,2.688215021161812,0.1321427604720642,0.2495561600584023,seq_hotel
12540,501.6,285,1.41,-5.43,1.8631710200622817,2.314584195919431,0.17824830764589855,0.3321070811809842,seq_hotel
12540,501.6,286,-0.08,1.79,1.4625534178278317,2.3654597861726585,0.17066334105718486,0.24960425276110262,seq_hotel
12540,501.6,287,3.41,-0.14,1.4138820672177534,3.988107320521854,0.06003958871747073,0.08488889781076121,seq_hotel
12540,501.6,288,2.15,-1.58,1.564498721635758,3.8147739120424946,0.06561962951735936,0.10266182649412077,seq_hotel
12540,501.6,289,2.54,-3.41,1.534804547817062,2.314584195919431,0.17824830764589855,0.27357631321561987,seq_hotel
12540,501.6,290,3.84,-5.0,1.7325018037508582,2.4677520134729907,0.15680804928755823,0.27167022823334813,seq_hotel
12540,501.6,291,2.46,-6.47,1.8515196461285164,2.0162589119455863,0.23489770952976954,0.43491772402495793,seq_hotel
12540,501.6,292,-0.85,2.36,0.0,1.7585505395068972,0.308788895247008,0.0,seq_hotel
12540,501.6,293,-0.81,4.04,0.0,2.3654597861726585,0.17066334105718486,0.0,seq_hotel
12540,501.6,294,-0.4,4.06,0.06373774391994932,2.292444110551007,0.18170792505687067,0.011581653195500165,seq_hotel
12550,502.0,284,0.84,-6.3,1.8944821192084156,3.747452468010769,0.06799846608024922,0.1288218781226321,seq_hotel
12550,502.0,285,1.36,-6.19,1.9432977769761475,3.2562708732536367,0.09005966619367288,0.17501274910937842,seq_hotel
12550,502.0,286,-0.02,2.31,1.2823927830427722,1.9298186443290468,0.2564120236698813,0.32882092863964824,seq_hotel
12550,502.0,287,3.4,0.43,1.3755112685835094,3.902665755608594,0.06269727516291805,0.08624080849607477,seq_hotel
12550,502.0,288,1.89,-1.02,1.5182741023939859,3.8388800450131284,0.06479810399344318,0.0983812831774771,seq_hotel
12550,502.0,289,2.39,-2.81,1.4942598502269462,2.95006779583114,0.10972545456702618,0.16395834130740813,seq_hotel
12550,502.0,290,3.99,-4.27,1.7182840277440554,3.2562708732536367,0.09005966619367288,0.1547480859645494,seq_hotel
12550,502.0,291,2.37,-5.76,1.7724453447145712,2.2010224896624755,0.19711624699171673,0.34937777434807593,seq_hotel
12550,502.0,292,-0.85,2.36,0.0,1.891877374461675,0.2667997481424262,0.0,seq_hotel
12550,502.0,293,-0.81,4.04,0.0,1.9018412131405713,0.26401151743195245,0.0,seq_hotel
12550,502.0,294,-0.41,4.2,0.06731456008918593,1.9298186443290468,0.2564120236698813,0.01726026257491599,seq_hotel
12560,502.4,284,0.77,-7.05,2.0047209905619825,4.72451055666087,0.042781670111167604,0.08576531208315588,seq_hotel
12560,502.4,285,1.29,-6.98,2.0009763241977336,4.326441956157508,0.051016377653253904,0.1020825638304914,seq_hotel
12560,502.4,286,0.03,2.81,1.2634897110779932,1.489462990476769,0.43043933222960196,0.5438556675153842,seq_hotel
12560,502.4,287,3.38,0.96,1.4008925726121588,3.8268786236304906,0.06520516616943477,0.09134543298270277,seq_hotel
12560,502.4,288,1.68,-0.46,1.4557000034347587,3.662703919237808,0.07118160163329994,0.10361905774208634,seq_hotel
12560,502.4,289,2.15,-2.28,1.4902285898478524,2.7846005099475217,0.12315316721064899,0.18352637070762223,seq_hotel
12560,502.4,290,4.04,-3.64,1.5186856982272394,3.9600505047284438,0.06089335917302461,0.09247787369308695,seq_hotel
12560,502.4,291,2.31,-5.06,1.7640950229508345,2.5162869470710216,0.1508172621178154,0.26605598147710957,seq_hotel
12560,502.4,292,-0.85,2.36,0.0,1.8020543831971336,0.29405975813000296,0.0,seq_hotel
12560,502.4,293,-0.81,4.04,0.0,1.6804761230080005,0.33814789608759627,0.0,seq_hotel
12560,502.4,294,-0.42,4.11,0.20039024427351862,1.8020543831971336,0.29405975813000296,0.05892670676268309,seq_hotel
12570,502.8,284,0.73,-7.9,2.001405755962499,5.935604434259413,0.0271045050310624,0.0542471123816828,seq_hotel
12570,502.8,285,1.31,-7.79,1.8625419458363393,5.524065531834322,0.031293471096511316,0.05828540254806943,seq_hotel
12570,502.8,286,0.02,3.32,1.2281210241665688,1.295569372901351,0.568918473965667,0.6987007389139963,seq_hotel
12570,502.8,287,3.44,1.55,1.491748135577833,3.850883015621222,0.06439478994634758,0.09606080784339019,seq_hotel
12570,502.8,288,1.48,0.07,1.4484905936870816,3.2669557695199978,0.08947153176720436,0.12959867216757043,seq_hotel
12570,502.8,289,2.01,-1.68,1.494625789286374,2.6868010719068876,0.13228187931005722,0.19771190827207913,seq_hotel
12570,502.8,290,4.18,-3.07,1.4673530590827943,4.141207553359285,0.05568232836633929,0.0817056348652006,seq_hotel
12570,502.8,291,2.31,-4.35,1.8124999999999796,3.5824014292091837,0.07440855711190716,0.1348655097653302,seq_hotel
12570,502.8,292,-0.85,2.36,0.0,1.734156855650607,0.31753721230052606,0.0,seq_hotel
12570,502.8,293,-0.81,4.04,0.0,1.6804761230080005,0.33814789608759627,0.0,seq_hotel
12570,502.8,294,-0.42,4.04,0.11249999999999005,1.734156855650607,0.31753721230052606,0.035722936383806025,seq_hotel
12580,503.2,284,0.71,-8.65,1.8534174516281847,7.617309236206707,0.016457664641358002,0.03050292285933703,seq_hotel
12580,503.2,285,1.3,-8.47,1.9151125946011052,7.371302462930144,0.017574497590945464,0.03365714168020644,seq_hotel
12580,503.2,286,0.1,3.79,1.192817043808462,1.7167993476233618,0.32399051996721573,0.3864614142492607,seq_hotel
12580,503.2,287,3.47,2.15,1.3500578691300624,3.7478660595063964,0.067983459121587,0.09178160395778046,seq_hotel
12580,503.2,288,1.26,0.62,1.432327651063108,2.7349040202537274,0.12766951328948647,0.18286457408230042,seq_hotel
12580,503.2,289,1.86,-1.12,1.4165318563307905,3.6448593937215192,0.07188029044421318,0.10182072125653767,seq_hotel
12580,503.2,291,2.31,-3.61,1.7793959649274076,4.963839239943213,0.03875573398017717,0.06896179666212728,seq_hotel
12580,503.2,292,-0.85,2.36,0.0,1.7167993476233618,0.32399051996721573,0.0,seq_hotel
12580,503.2,293,-0.81,4.04,0.0,1.6804761230080005,0.33814789608759627,0.0,seq_hotel
12580,503.2,294,-0.42,4.02,0.2304886114322794,1.714788616710526,0.32475077658608137,0.07485135555688029,seq_hotel
12590,503.6,284,0.82,-9.38,1.7640950229508257,7.190716236926612,0.01846830679667066,0.03257984810233562,seq_hotel
12590,503.6,285,1.39,-9.32,2.136878564635627,6.923821199308948,0.019919557827322718,0.04256567613822574,seq_hotel
12590,503.6,286,0.11,4.27,1.2002603884156768,2.1376856644511606,0.20896987954381513,0.25081826878843677,seq_hotel
12590,503.6,287,3.43,2.63,1.2772039774444721,3.7029717795305976,0.06964189458513506,0.08894690476090314,seq_hotel
12590,503.6,288,1.07,1.14,1.332760293526158,2.7910034037958464,0.12258875932980372,0.16338143086739673,seq_hotel
12590,503.6,289,1.7,-0.59,1.512706597460325,2.994077487307234,0.10652347130920543,0.1611387578338107,seq_hotel
12590,503.6,291,2.41,-2.93,1.791865299066854,4.284915401731988,0.05201000291666196,0.09319491943073244,seq_hotel
12590,503.6,292,-0.85,2.36,0.0,2.1376856644511606,0.20896987954381513,0.0,seq_hotel
12590,503.6,293,-0.81,4.04,0.0,1.6804761230080005,0.33814789608759627,0.0,seq_hotel
12590,503.6,294,-0.46,4.22,0.3309550573718134,1.9004473157654225,0.2643989419252353,0.087504166993913,seq_hotel
12590,503.6,295,3.72,-2.8,1.7629875212264985,4.748273370394759,0.042354538414686886,0.07467052269240135,seq_hotel
12600,504.0,284,0.77,-10.06,1.7045893933731748,10.167290691231367,0.009237637182258677,0.015746378360707802,seq_hotel
12600,504.0,287,3.41,3.17,1.2385096891022591,4.035653602577902,0.05863320287055979,0.0726177898582867,seq_hotel
12600,504.0,288,0.84,1.6,1.2196951463378745,2.945522025040723,0.11006439051548185,0.1342450028963696,seq_hotel
12600,504.0,289,1.64,0.07,1.5521154918369553,2.880902636327719,0.11505731102117837,0.1785822348850738,seq_hotel
12600,504.0,291,2.41,-2.18,1.745082376279225,4.093079525247464,0.05699949613218721,0.09946881615707574,seq_hotel
12600,504.0,292,-0.85,2.36,0.0,1.9572429588581999,0.24927682430598616,0.0,seq_hotel
12600,504.0,293,-0.81,4.04,0.0,2.945522025040723,0.11006439051548185,0.0,seq_hotel
12600,504.0,294,-0.47,4.28,0.05000000000000293,2.983035366870464,0.1073135538069755,0.00536567769034909,seq_hotel
12600,504.0,295,3.5,-2.13,1.7675017680331622,4.581320770258289,0.04549775632138418,0.08041736473958852,seq_hotel
12610,504.4,287,3.39,3.62,1.1261105629555854,3.8569547573182654,0.0641922048488093,0.0722875199396529,seq_hotel
12610,504.4,288,0.67,2.03,1.1932754292282848,2.4462624552569987,0.15957515767376962,0.19041711476733866,seq_hotel
12610,504.4,289,1.53,0.64,1.4191766979484806,2.769566753122228,0.1244937955219832,0.17667869364396144,seq_hotel
12610,504.4,291,2.28,-1.54,1.6379293330299418,3.916248204595822,0.062263132199998183,0.10198261059669812,seq_hotel
12610,504.4,292,-0.85,2.36,0.0,1.909057359012557,0.26201938772160027,0.0,seq_hotel
12610,504.4,293,-0.81,4.04,0.0,2.496096953245206,0.15326693821545173,0.0,seq_hotel
12610,504.4,294,-0.42,4.22,0.18915932438026334,2.4462624552569987,0.15957515767376962,0.030185129013444254,seq_hotel
12610,504.4,295,3.37,-1.43,1.755348968154174,4.388803937293167,0.049576860621722584,0.08702469113666404,seq_hotel
12620,504.8,288,0.47,2.48,1.129435699807622,1.8891532494744834,0.2675697437729755,0.3022028208055767,seq_hotel
12620,504.8,289,1.53,1.2,1.3750568170079143,2.5935689695861184,0.14196319961813875,0.19520746539917702,seq_hotel
12620,504.8,291,2.38,-0.87,1.7045893933730567,3.8562416936701465,0.06421594680452518,0.10946182180840205,seq_hotel
12620,504.8,292,-0.85,2.36,0.0,1.81463494951464,0.2899965557871092,0.0,seq_hotel
12620,504.8,293,-0.81,4.04,0.0,2.0179197209007103,0.2345112128073114,0.0,seq_hotel
12620,504.8,294,-0.45,4.13,0.09100137361598343,1.8891532494744834,0.2675697437729755,0.024349214221417496,seq_hotel
12620,504.8,295,3.24,-0.75,1.7262676501631817,4.255091068355647,0.052741644034031754,0.09104619391237098,seq_hotel
12630,505.2,288,0.25,2.83,0.810574641843693,1.6086329600005091,0.3690264167219431,0.29912345556525044,seq_hotel
12630,505.2,289,1.52,1.74,1.3458849319313846,2.422436789681002,0.16272956929746296,0.21901527529713946,seq_hotel
12630,505.2,291,2.38,-0.18,1.6875462956612293,3.687411015875502,0.07023090818205281,0.11851790894354713,seq_hotel
12630,505.2,292,-0.85,2.36,0.0,1.836355085488643,0.2831770531259628,0.0,seq_hotel
12630,505.2,293,-0.81,4.04,0.0,1.6804761230080005,0.33814789608759627,0.0,seq_hotel
12630,505.2,294,-0.44,4.15,0.017677669529658678,1.836355085488643,0.2831770531259628,0.00500591036354337,seq_hotel
12630,505.2,295,3.13,-0.07,1.7201925764285566,4.087101662547679,0.05716635488562128,0.09833713929572607,seq_hotel
12640,505.6,288,0.18,3.06,0.6562202374203329,1.3930183056945087,0.4921049515853503,0.32292922816506,seq_hotel
12640,505.6,289,1.41,2.27,1.3771006680704052,2.2617913254763353,0.18666646960364613,0.2570585199975251,seq_hotel
12640,505.6,291,2.37,0.48,1.6267298484997177,3.3841542518035435,0.08338176455371071,0.13563960522009696,seq_hotel
12640,505.6,292,-0.85,2.36,0.0,1.8071247881648906,0.29241193574160884,0.0,seq_hotel
12640,505.6,293,-0.81,4.04,0.0,1.6804761230080005,0.33814789608759627,0.0,seq_hotel
12640,505.6,294,-0.44,4.12,0.11250000000000426,1.8071247881648906,0.29241193574160884,0.032896342770932244,seq_hotel
12640,505.6,295,3.11,0.62,1.7632090772225315,3.8129384993728914,0.065682818623061,0.11581254201374229,seq_hotel
12650,506.0,288,0.09,3.33,0.3923088706619029,1.3507405376311175,0.523392523185186,0.20533152968366417,seq_hotel
12650,506.0,289,1.36,2.83,1.383044648592451,2.180114675882899,0.2009151588611947,0.2778746352840775,seq_hotel
12650,506.0,291,2.32,1.12,1.5625499992001146,3.1395859599635108,0.09687832591573219,0.15137722808213577,seq_hotel
12650,506.0,292,-0.85,2.36,0.0,1.7487424052730005,0.3122624042874243,0.0,seq_hotel
12650,506.0,293,-0.81,4.04,0.0,1.6804761230080005,0.33814789608759627,0.0,seq_hotel
12650,506.0,294,-0.44,4.06,0.03535533905932929,1.7487424052730005,0.3122624042874243,0.011040143179063247,seq_hotel
12650,506.0,295,3.09,1.34,1.6632517097542134,3.6000138888620974,0.07368227548794931,0.12255217068391266,seq_hotel
12660,506.4,288,0.02,3.33,0.12311072252245464,1.2003749414245533,0.6627313890980445,0.08158934015017028,seq_hotel
12660,506.4,289,1.22,3.36,1.4461695094282359,1.9890952717253136,0.24135717390404962,0.3490433857818048,seq_hotel
12660,506.4,291,2.36,1.73,1.542572931825243,2.834713389392303,0.11883738097358906,0.18331532717886265,seq_hotel
12660,506.4,292,-0.85,2.36,0.0,1.8312017911743095,0.284773106656539,0.0,seq_hotel
12660,506.4,293,-0.81,4.04,0.0,1.6804761230080005,0.33814789608759627,0.0,seq_hotel
12660,506.4,294,-0.42,4.14,0.035355339059347506,1.8160396471443014,0.28954810750496435,0.010237071514830417,seq_hotel
12660,506.4,295,3.15,1.95,1.554077298592294,3.420716299256634,0.08160885188409596,0.12682646407725448,seq_hotel
12670,506.8,288,0.0,3.37,0.0790569415042042,1.0617438485811914,0.8470945254602786,0.06696870234784486,seq_hotel
12670,506.8,289,0.92,3.9,1.5443445211479183,1.7356554957709782,0.3169890982743144,0.4895403771835565,seq_hotel
12670,506.8,291,2.42,2.35,1.5572411502396113,2.6261759270848555,0.13845981593657522,0.21561532303103725,seq_hotel
12670,506.8,292,-0.85,2.36,0.0,1.7729354190155941,0.30379844703062764,0.0,seq_hotel
12670,506.8,293,-0.81,4.04,0.0,1.6804761230080005,0.33814789608759627,0.0,seq_hotel
12670,506.8,294,-0.42,4.08,0.12499999999999467,1.3520355024924458,0.5223904040215382,0.06529880050268949,seq_hotel
12670,506.8,295,3.18,2.58,1.576784703122014,3.276659884699662,0.0889423609697175,0.14024295423660701,seq_hotel
12680,507.2,288,0.0,3.39,0.025000000000003908,1.335440002396214,0.5354545578958012,0.013386363947397123,seq_hotel
12680,507.2,292,-0.85,2.36,0.0,1.734156855650607,0.31753721230052606,0.0,seq_hotel
12680,507.2,293,-0.81,4.04,0.0,1.6804761230080005,0.33814789608759627,0.0,seq_hotel
12680,507.2,294,-0.42,4.04,0.07500000000000284,1.734156855650607,0.31753721230052606,0.023815290922540356,seq_hotel
12690,507.6,288,0.0,3.39,0.0,1.335440002396214,0.5354545578958012,0.0,seq_hotel
12690,507.6,292,-0.85,2.36,0.0,1.714788616710526,0.32475077658608137,0.0,seq_hotel
12690,507.6,293,-0.81,4.04,0.0,1.6804761230080005,0.33814789608759627,0.0,seq_hotel
12690,507.6,294,-0.42,4.02,0.049999999999998934,1.714788616710526,0.32475077658608137,0.016237538829303722,seq_hotel
12700,508.0,288,0.0,3.39,0.0,1.291239714383042,0.5727401538723518,0.0,seq_hotel
12700,508.0,292,-0.85,2.36,0.0,1.695435047414085,0.3322072216216288,0.0,seq_hotel
12700,508.0,293,-0.81,4.04,0.0,1.6804761230080005,0.33814789608759627,0.0,seq_hotel
12700,508.0,294,-0.42,4.0,0.03750000000000142,1.695435047414085,0.3322072216216288,0.012457770810811552,seq_hotel
12700,508.0,296,1.28,3.22,1.5051993223491227,1.87040102651811,0.2729618278502665,0.410861958307399,seq_hotel
12700,508.0,297,1.85,3.28,1.5074813431682184,2.3814491386548653,0.16837932370909175,0.2538286890667379,seq_hotel
12710,508.4,288,0.0,3.39,0.0,1.335440002396214,0.5354545578958012,0.0,seq_hotel
12710,508.4,292,-0.85,2.36,0.0,1.6857639217873899,0.3360298608457216,0.0,seq_hotel
12710,508.4,293,-0.81,4.04,0.0,1.6804761230080005,0.33814789608759627,0.0,seq_hotel
12710,508.4,294,-0.42,3.99,0.012500000000001066,1.6857639217873899,0.3360298608457216,0.004200373260571879,seq_hotel
12710,508.4,296,1.23,2.62,1.5199198169640158,2.096187014557623,0.2173258212451916,0.330317822448546,seq_hotel
12710,508.4,297,1.79,2.68,1.5158021803652124,2.5690854403853525,0.14468192760088663,0.21930918131686578,seq_hotel
12720,508.8,288,0.0,3.39,0.0,1.335440002396214,0.5354545578958012,0.0,seq_hotel
12720,508.8,292,-0.85,2.36,0.0,1.6857639217873899,0.3360298608457216,0.0,seq_hotel
12720,508.8,293,-0.81,4.04,0.0,1.6804761230080005,0.33814789608759627,0.0,seq_hotel
12720,508.8,294,-0.42,3.99,0.0,1.6857639217873899,0.3360298608457216,0.0,seq_hotel
12720,508.8,296,1.16,2.01,1.6517036659158868,2.0402450833171977,0.22940701930316929,0.3789124147698813,seq_hotel
12720,508.8,297,1.77,2.07,1.650047347805505,2.6360007587252325,0.13742961193802572,0.22676536668827912,seq_hotel
12730,509.2,288,0.0,3.39,0.0,1.335440002396214,0.5354545578958012,0.0,seq_hotel
12730,509.2,292,-0.85,2.36,0.0,1.6857639217873899,0.3360298608457216,0.0,seq_hotel
12730,509.2,293,-0.81,4.04,0.0,1.6804761230080005,0.33814789608759627,0.0,seq_hotel
12730,509.2,294,-0.42,3.99,0.0,1.6857639217873899,0.3360298608457216,0.0,seq_hotel
12730,509.2,296,1.17,1.3,1.713229771513426,2.395203540411545,0.16645104733334012,0.28516888979106875,seq_hotel
12730,509.2,297,1.8,1.36,1.6875462956612364,2.832401807653709,0.11903143141805823,0.20087105115679868,seq_hotel
12740,509.6,288,0.0,3.39,0.2050152433357353,1.335440002396214,0.5354545578958012,0.10977634648223625,seq_hotel
12740,509.6,292,-0.85,2.36,0.0,1.6857639217873899,0.3360298608457216,0.0,seq_hotel
12740,509.6,293,-0.81,4.04,0.0,1.6804761230080005,0.33814789608759627,0.0,seq_hotel
12740,509.6,294,-0.42,3.99,0.0,1.6857639217873899,0.3360298608457216,0.0,seq_hotel
12740,509.6,296,1.12,0.64,1.6257690487888838,2.9693265229677923,0.10830673576329233,0.17608173877931677,seq_hotel
12740,509.6,297,1.78,0.72,1.6129359875704714,3.2089406351629504,0.09273592675277716,0.14957711360025353,seq_hotel
12740,509.6,298,3.56,-4.17,1.5550321540084875,7.879657352956409,0.015380013505635007,0.023916415530347235,seq_hotel
12750,510.0,288,0.13,3.49,0.4100304866714416,1.4957606760441327,0.42682235665819146,0.17501017862280988,seq_hotel
12750,510.0,292,-0.85,2.36,0.0,1.6857639217873899,0.3360298608457216,0.0,seq_hotel
12750,510.0,293,-0.81,4.04,0.0,1.6804761230080005,0.33814789608759627,0.0,seq_hotel
12750,510.0,294,-0.42,3.99,0.0,1.6857639217873899,0.3360298608457216,0.0,seq_hotel
12750,510.0,296,1.13,0.0,1.6137107857358752,3.6304407445928657,0.0724523834076655,0.11691719255722077,seq_hotel
12750,510.0,297,1.77,0.07,1.776100011260728,3.7928880816602013,0.06637909485272987,0.11789591111541045,seq_hotel
12750,510.0,298,3.61,-3.55,1.5137907715401955,7.4040326849629725,0.017419461590475173,0.02636942020086021,seq_hotel
12760,510.4,296,1.07,-0.65,1.6070158679988005,3.4333220064538077,0.05400712372791821,0.0867903048157391,seq_hotel
12760,510.4,297,1.83,-0.7,1.7751760476076697,2.8768037819774914,0.07692360710096442,0.1365529448212153,seq_hotel
12760,510.4,298,3.61,-2.96,1.4499999999999829,3.4333220064538077,0.05400712372791821,0.07831032940548048,seq_hotel
12770,510.8,296,1.01,-1.28,1.6504260813498906,2.8270302439132124,0.07965613197627427,0.13146655775309207,seq_hotel
12770,510.8,297,1.79,-1.35,1.6257690487888874,2.0961870145576227,0.1448838808301278,0.2355477291220394,seq_hotel
12770,510.8,298,3.61,-2.39,1.5597475757314063,2.8270302439132124,0.07965613197627427,0.12424345874213476,seq_hotel
12780,511.2,296,1.04,-1.97,1.725724485542207,2.790340481016609,0.08176467664623445,0.14110330454084785,seq_hotel
12780,511.2,297,1.79,-2.0,1.6511832878272201,2.047876949428358,0.15180022232046866,0.2506499901840144,seq_hotel
12780,511.2,298,3.82,-1.73,1.615597799577597,2.790340481016609,0.08176467664623445,0.1320988316728301,seq_hotel
12790,511.6,296,0.97,-2.66,1.7251811499085872,5.160474784358509,0.03585849527989982,0.06186240012096922,seq_hotel
12790,511.6,297,1.74,-2.67,1.687685175025225,4.8268519761848925,0.04098674414882383,0.06917272047252186,seq_hotel
12790,511.6,298,3.85,-1.12,1.449999999999969,6.072536537559901,0.025895905936738076,0.03754906360826941,seq_hotel
12790,511.6,299,3.46,-7.18,1.952562418976773,4.8268519761848925,0.04098674414882383,0.08002917630120955,seq_hotel
12790,511.6,300,2.36,-8.39,1.9275956526202342,5.753503280610867,0.028847398363623978,0.05560611967512564,seq_hotel
12790,511.6,301,3.01,-8.85,1.8776647730626468,6.309144157490776,0.0239900128513382,0.04504520203627792,seq_hotel
12800,512.0,296,1.02,-3.35,1.7628988910315744,3.9456811832686127,0.061337687787529356,0.10813214177907644,seq_hotel
12800,512.0,297,1.77,-3.35,1.7397018422707793,3.5064797161825996,0.07766560327857343,0.13511499310480568,seq_hotel
12800,512.0,298,3.82,-0.57,1.3625573382431329,5.838775556570059,0.02801094879196076,0.03816652382763875,seq_hotel
12800,512.0,299,3.5,-6.4,1.9389510695219785,3.5064797161825996,0.07766560327857343,0.1505898045420596,seq_hotel
12800,512.0,300,2.4,-7.62,1.8916345445144562,4.316225202651038,0.05125818090110319,0.09696174568149794,seq_hotel
12800,512.0,301,3.05,-8.1,1.8764994004796272,4.919441025157228,0.03945843578343665,0.07404373109148274,seq_hotel
12810,512.4,296,1.0,-4.07,1.8908496767327665,3.166654385941099,0.09522918102370158,0.18006406615419224,seq_hotel
12810,512.4,297,1.67,-4.06,1.7182840277440563,2.928566202085929,0.11134258246969883,0.19131818106545886,seq_hotel
12810,512.4,298,3.84,-0.03,1.5375508121685828,5.609135405746593,0.030351456295494694,0.04666690627763711,seq_hotel
12810,512.4,299,3.52,-5.63,1.9000411179762426,2.426396505107935,0.16219887531870975,0.30818453239505045,seq_hotel
12810,512.4,300,2.46,-6.88,1.7326370797141397,2.928566202085929,0.11134258246969883,0.19291628693812976,seq_hotel
12810,512.4,301,3.07,-7.35,2.013470263003768,3.5754859809541975,0.07469666684016646,0.15039951742817478,seq_hotel
12820,512.8,296,0.93,-4.86,1.9010276825968275,2.5800775182152953,0.14345175738363364,0.2727057619034514,seq_hotel
12820,512.8,297,1.57,-4.71,1.7738112216353048,1.9474342094150445,0.25179424088368413,0.44663545002262195,seq_hotel
12820,512.8,298,3.83,0.66,1.4526376871057218,6.235414982180417,0.024560695325957862,0.03567779165200774,seq_hotel
12820,512.8,299,3.51,-4.88,1.8631710200621472,1.9474342094150445,0.25179424088368413,0.46913573263302777,seq_hotel
12820,512.8,300,2.53,-6.24,1.7699752823130899,1.8062391868188443,0.2926987459161293,0.5180695454355884,seq_hotel
12820,512.8,301,3.1,-6.49,2.0393779688913534,2.347189809112165,0.1733304881838658,0.3534863789393589,seq_hotel
12830,513.2,296,0.95,-5.59,1.840219076631759,2.1938550544646294,0.1984063283921404,0.36511111043168215,seq_hotel
12830,513.2,297,1.51,-5.47,1.9139700232760664,1.6490603384958358,0.35115454091026405,0.6720992648395144,seq_hotel
12830,513.2,298,3.91,1.13,1.1918997441057504,6.893141518930247,0.020097266539929628,0.023953926846167182,seq_hotel
12830,513.2,299,3.48,-4.14,1.8248287590893073,2.376930794112441,0.16902008187039758,0.3084327062607307,seq_hotel
12830,513.2,300,2.59,-5.47,1.8876655556531596,1.600312469488381,0.3728737440653542,0.7038609232796008,seq_hotel
12830,513.2,301,3.14,-5.72,1.9124999999998327,1.6490603384958358,0.35115454091026405,0.6715830594908212,seq_hotel
12840,513.6,296,0.85,-6.33,1.7669270641428174,2.6342740935597417,0.1376098306123544,0.24314653400107777,seq_hotel
12840,513.6,297,1.51,-6.24,1.8875413902747695,2.0412006270820124,0.22919228574375897,0.43260992567302703,seq_hotel
12840,513.6,299,3.27,-3.44,1.8104730044936799,3.307204257375102,0.08730705626018248,0.15806706846087132,seq_hotel
12840,513.6,300,2.55,-4.73,1.8881621355170757,1.8334939323597443,0.28406153391182215,0.5363542324892023,seq_hotel
12840,513.6,301,3.1,-4.96,1.88898947853089,2.0412006270820124,0.22919228574375897,0.432941816330406,seq_hotel
12850,514.0,296,0.85,-7.0,1.6754197235320827,3.57169427583045,0.07485534675483044,0.1254141243648762,seq_hotel
12850,514.0,297,1.5,-6.98,1.7793959649275255,3.197327008612038,0.09341083827009673,0.16621486869830782,seq_hotel
12850,514.0,299,3.01,-2.77,1.889485710451499,4.472605504624794,0.047736458271331605,0.09019735577124534,seq_hotel
12850,514.0,300,2.55,-3.96,1.9000411179762426,3.197327008612038,0.09341083827009673,0.1774844335778126,seq_hotel
12850,514.0,301,3.08,-4.21,1.8503800285347844,3.188933991163819,0.09390318493420113,0.17375657801805425,seq_hotel
12860,514.4,296,0.82,-7.67,1.6941535497115738,4.7874001295066195,0.041665051945590253,0.07058699565253884,seq_hotel
12860,514.4,297,1.41,-7.66,1.722734018936276,4.59619407771256,0.04520377081899985,0.07787407377408997,seq_hotel
12860,514.4,299,2.59,-2.09,1.853417451628313,5.693619235600498,0.02945740880799363,0.054596875564484976,seq_hotel
12860,514.4,300,2.56,-3.21,1.8284641779374244,4.59619407771256,0.04520377081899985,0.0826534756502343,seq_hotel
12860,514.4,301,3.07,-3.48,2.0251543151079794,4.497554891271478,0.04720830821392981,0.09560410908838742,seq_hotel
12870,514.8,296,0.73,-8.35,1.7397018422705233,6.100442606893371,0.025659529618151957,0.044639930948494014,seq_hotel
12870,514.8,297,1.35,-8.35,1.8128878895285663,5.9543765416708405,0.026933872009594583,0.048828090384306445,seq_hotel
12870,514.8,299,2.05,-1.64,1.7699752823131316,6.746413862193751,0.0209809632301061,0.03713578631640848,seq_hotel
12870,514.8,300,2.46,-2.5,1.90016446656579,5.9543765416708405,0.026933872009594583,0.051178786539662555,seq_hotel
12870,514.8,301,3.06,-2.59,2.076354979284476,6.008469022970827,0.026451099492582675,0.054921872138973114,seq_hotel
12870,514.8,302,2.74,-10.19,1.6796577032237014,7.606733858891081,0.01650345748796061,0.02772015949947791,seq_hotel
12880,515.2,296,0.75,-9.06,1.7902950175877361,7.584260016639726,0.01660140919927282,0.029721420174393342,seq_hotel
12880,515.2,297,1.44,-9.11,1.837882613226252,7.483328136598046,0.017052254430365826,0.031340041933879674,seq_hotel
12880,515.2,299,1.54,-1.14,1.7450376070444567,7.959302733280096,0.015073750934110574,0.026304262259244458,seq_hotel
12880,515.2,300,2.54,-1.69,2.0263884129157703,7.501093253653097,0.016971579104960898,0.03439101124717617,seq_hotel
12880,515.2,301,3.13,-1.82,1.915112594600995,7.483328136598046,0.017052254430365826,0.03265698722593421,seq_hotel
12880,515.2,302,2.91,-9.54,1.8703275114267057,7.723134078856846,0.016009738301993943,0.029943453996961144,seq_hotel
12890,515.6,296,0.65,-9.78,1.8172781845387254,9.066757965226598,0.01161628709489165,0.02111002512288532,seq_hotel
12890,515.6,297,1.38,-9.82,1.7813267527324592,8.9350545605497,0.011961260929406728,0.021306914089965726,seq_hotel
12890,515.6,299,1.0,-0.72,1.8352452152233998,8.226888840868098,0.01410912637465329,0.025893706670064725,seq_hotel
12890,515.6,300,2.52,-0.88,1.8375425165150285,7.842352963237501,0.015526680355292415,0.02853093529318848,seq_hotel
12890,515.6,301,3.14,-1.06,1.842637376154187,7.6521173540399925,0.016308279214060167,0.030050244820585693,seq_hotel
12890,515.6,302,2.96,-8.71,1.878371967955336,7.6521173540399925,0.016308279214060167,0.030633014521279294,seq_hotel
12900,516.0,299,0.38,-0.24,1.967628648907217,2.8621146028766917,0.11657283085945185,0.22937204168327277,seq_hotel
12900,516.0,300,2.55,-0.22,1.853417451628313,4.5712252186913735,0.04569894183849484,0.0846992163244136,seq_hotel
12900,516.0,301,3.24,-0.35,1.7793959649275255,5.270910737244561,0.03437162453167901,0.06116072999967358,seq_hotel
12900,516.0,302,3.0,-8.04,1.6930925845919726,8.228268347592948,0.014104395852431634,0.023880048027901776,seq_hotel
12900,516.0,303,-2.0,0.22,0.5273755777432547,5.270910737244561,0.03437162453167901,0.018126755345368444,seq_hotel
12910,516.4,299,-0.27,0.21,1.931078066780425,3.5132036661713766,0.07736859807102005,0.14940480279249713,seq_hotel
12910,516.4,300,2.61,0.6,1.9657218775809666,4.534710575108405,0.046437863922239885,0.09128392506007482,seq_hotel
12910,516.4,301,3.24,0.36,1.7876748166264367,5.139970817037778,0.03614515367747715,0.06461578097231833,seq_hotel
12910,516.4,302,3.07,-7.36,1.7403753187173,8.274086052247704,0.013948622323111462,0.024275838021252355,seq_hotel
12910,516.4,303,-1.89,0.04,0.6408002808988511,5.139970817037778,0.03614515367747715,0.0231618246296595,seq_hotel
12920,516.8,299,-0.91,0.61,1.813577266068229,4.196403221807933,0.05422717228766778,0.09834516686407936,seq_hotel
12920,516.8,300,2.64,1.35,1.7918652990667399,4.741698008097943,0.04247208682518322,0.07610425856099547,seq_hotel
12920,516.8,301,3.26,1.08,1.7403753187170699,5.2537605579242,0.03459639368710137,0.060210709689650276,seq_hotel
12920,516.8,302,3.08,-6.65,1.7507141400010173,8.05245925168206,0.01472700079965596,0.025782768539763978,seq_hotel
12920,516.8,303,-1.82,-0.26,0.660018939122175,5.2537605579242,0.03459639368710137,0.02283427505881376,seq_hotel
12930,517.2,299,-1.46,1.04,1.7201471594022038,4.832442446630895,0.040891966965051804,0.07034020081730262,seq_hotel
12930,517.2,300,2.71,2.03,1.706604816587455,5.028449065069666,0.037766198484944696,0.06445197623860446,seq_hotel
12930,517.2,301,3.32,1.75,1.6692532012847883,5.449421987697411,0.03215662807198807,0.053677554351690374,seq_hotel
12930,517.2,302,3.11,-5.96,1.7382192755804713,8.00000624999756,0.014920752601189247,0.025935539777554605,seq_hotel
12930,517.2,303,-1.67,-0.44,0.558177839044104,5.449421987697411,0.03215662807198807,0.017949117168167272,seq_hotel
12940,517.6,299,-2.0,1.45,1.6203780423099725,5.464979414416856,0.03197380494714297,0.05180965146545244,seq_hotel
12940,517.6,300,2.76,2.71,1.7045893933731757,5.300235843809217,0.03399233455731501,0.05794297294239163,seq_hotel
12940,517.6,301,3.38,2.41,1.6568041525781836,5.6440499643429805,0.029977104549364537,0.049666191299657526,seq_hotel
12940,517.6,302,3.12,-5.26,1.7876748166264367,7.978126346455038,0.015002704747824006,0.026819957458966853,seq_hotel
12940,517.6,303,-1.45,-0.51,0.5055937104039456,5.6440499643429805,0.029977104549364537,0.015156235516280215,seq_hotel
12950,518.0,299,-2.48,1.84,1.6303757235681295,8.461784681732334,0.008891114083271392,0.014495856556840383,seq_hotel
12950,518.0,302,3.09,-4.53,1.8253852333138822,8.461784681732334,0.008891114083271392,0.016229708355312695,seq_hotel
12950,518.0,303,-1.27,-0.5,0.29421505739851217,5.937213150965696,0.018059879217814816,0.005313488400679583,seq_hotel
12960,518.4,299,-3.06,2.21,1.7199200562817842,8.642002082850942,0.008524156011145345,0.01466086688644381,seq_hotel
12960,518.4,302,3.15,-3.8,1.8135772660684666,8.642002082850942,0.008524156011145345,0.01545921555423406,seq_hotel
12960,518.4,303,-1.22,-0.46,0.2971216081001347,5.500227268031749,0.021043542595408027,0.006252491216071315,seq_hotel
12970,518.8,302,3.14,-3.08,1.6280740155164024,4.968400144915867,0.012894870819679587,0.020993804114961028,seq_hotel
12970,518.8,303,-1.05,-0.41,0.25769410160113376,4.968400144915867,0.012894870819679587,0.0033229321511400066,seq_hotel
12980,519.2,302,3.23,-2.5,1.589270666060278,6.196394112707809,0.016580669310243216,0.026351171358415446,seq_hotel
12980,519.2,303,-1.03,-0.38,0.05303300858899672,5.179198779734178,0.023733127015168505,0.0012586391288391815,seq_hotel
12980,519.2,304,2.26,3.62,1.5508062419271709,6.196394112707809,0.016580669310243216,0.02571340546165546,seq_hotel
12990,519.6,302,3.31,-1.82,1.7008270047245633,4.928823389004723,0.026205569945934943,0.04457114103824456,seq_hotel
12990,519.6,303,-1.08,-0.38,0.13806701271484853,4.76592068754821,0.02802763812483848,0.003869692269349248,seq_hotel
12990,519.6,304,2.28,3.0,1.4080127840329522,4.928823389004723,0.026205569945934943,0.036897777496746116,seq_hotel
13000,520.0,302,3.4,-1.15,1.5685383323337305,4.606517122512408,0.030000931779810624,0.04705761150236217,seq_hotel
13000,520.0,303,-1.14,-0.37,0.14577379737114063,4.606517122512408,0.030000931779810624,0.004373349750215527,seq_hotel
13000,520.0,304,2.38,2.5,1.3942964175526742,4.541728745753097,0.030862971516756026,0.04303213062084315,seq_hotel
13010,520.4,302,3.42,-0.57,1.4590771912411766,4.606788469204984,0.04499609652733523,0.06565277813792116,seq_hotel
13010,520.4,303,-1.18,-0.32,0.17001838135920277,4.606788469204984,0.04499609652733523,0.007650163499059981,seq_hotel
13010,520.4,304,2.39,1.89,1.526843148460334,4.1986902719776795,0.05416811268656033,0.08270621172050192,seq_hotel
13010,520.4,306,1.14,3.16,1.2502499750050697,4.3716472867787495,0.04996675571789318,0.06247093508738037,seq_hotel
13020,520.8,302,3.53,0.01,1.5892706660602067,4.757667495737802,0.042187443497856095,0.06704726642721509,seq_hotel
13020,520.8,303,-1.22,-0.26,0.11180339887499907,4.757667495737802,0.042187443497856095,0.004716699572907291,seq_hotel
13020,520.8,304,2.44,1.28,1.6095418602818274,3.9707933716072414,0.06056431443448246,0.09748079932157043,seq_hotel
13020,520.8,306,1.15,2.66,1.299999999999875,3.760757902338304,0.06751816468231403,0.0877736140869998,seq_hotel
13030,521.2,302,3.48,0.7,1.5008851554997311,4.793078342777219,0.04156639179542482,0.06238638041343893,seq_hotel
13030,521.2,303,-1.22,-0.24,0.03749999999999326,4.793078342777219,0.04156639179542482,0.0015587396923281505,seq_hotel
13030,521.2,304,2.53,0.61,1.4950438956764627,3.845126785946076,0.0645877347684391,0.0965614986011253,seq_hotel
13030,521.2,306,1.14,2.12,1.3252358280697376,3.3375440072005045,0.08572695153614013,0.11360842760689092,seq_hotel
13040,521.6,302,3.69,1.2,1.412112778782285,5.114000391083286,0.03651319766571224,0.05156075301795575,seq_hotel
13040,521.6,303,-1.22,-0.23,0.012500000000000677,5.114000391083286,0.03651319766571224,0.00045641497082142774,seq_hotel
13040,521.6,304,2.56,0.09,1.4496766880929826,3.7935207920874774,0.06635695434245295,0.09619612980310445,seq_hotel
13040,521.6,306,1.17,1.6,1.2759800155175571,3.0101494979485652,0.1053889922250714,0.13447424793472632,seq_hotel
13050,522.0,302,3.69,1.81,1.525000000000087,5.316925803507136,0.03377926396641535,0.05151337754878634,seq_hotel
13050,522.0,303,-1.22,-0.23,0.0,5.316925803507136,0.03377926396641535,0.0,seq_hotel
13050,522.0,304,2.68,-0.54,1.6579825843477105,3.912301113155786,0.06238882919563912,0.10343959226421365,seq_hotel
13050,522.0,306,1.18,1.1,1.3264732375740567,2.743884108339855,0.1268352161074489,0.1682435197484529,seq_hotel
13060,522.4,303,-1.22,-0.23,0.0,9.264232294151522,0.011126344680532384,0.0,seq_hotel
13060,522.4,304,2.69,-1.23,1.625192296314593,7.440544334926041,0.01724892224320012,0.028032815549378264,seq_hotel
13060,522.4,306,1.12,0.54,1.497758742254658,9.32815630229254,0.010974373909536591,0.01643696446377986,seq_hotel
13060,522.4,307,2.6,-8.67,1.0612492638396167,9.32815630229254,0.010974373909536591,0.011646546232596403,seq_hotel
13070,522.8,303,-1.22,-0.23,0.0,8.845620385252806,0.01220435374210968,0.0,seq_hotel
13070,522.8,304,2.66,-1.84,1.5407486005184567,6.422250384405765,0.02315244788015537,0.0356721016699259,seq_hotel
13070,522.8,306,1.04,-0.09,1.47293287355525,8.297674372979456,0.013869429794475812,0.02042873908175006,seq_hotel
13070,522.8,307,2.49,-8.26,1.1738025813567148,8.845620385252806,0.01220435374210968,0.014325501926278825,seq_hotel
13080,523.2,303,-1.22,-0.23,0.0,8.367568344507262,0.013638695881115687,0.0,seq_hotel
13080,523.2,304,2.61,-2.46,1.5947178433815827,5.281855734493323,0.03422932319705255,0.05458611246921482,seq_hotel
13080,523.2,306,0.98,-0.63,1.4390209345244829,7.264447673429825,0.018095316445995657,0.026039539182632916,seq_hotel
13080,523.2,307,2.47,-7.74,1.2500624984374575,8.367568344507262,0.013638695881115687,0.017049222248576138,seq_hotel
13090,523.6,303,-1.22,-0.23,0.0,7.953571524793122,0.015095482538557529,0.0,seq_hotel
13090,523.6,304,2.46,-3.1,1.6256248798539905,4.666829759054855,0.04384574612367579,0.07127673577440903,seq_hotel
13090,523.6,306,0.82,-1.22,1.553876201632638,6.269290230959164,0.024295991719707206,0.03775296332831666,seq_hotel
13090,523.6,307,2.5,-7.26,1.2000000000000668,7.953571524793122,0.015095482538557529,0.018114579046270042,seq_hotel
13100,524.0,303,-1.22,-0.23,0.0,7.517885340971888,0.016895847712989565,0.0,seq_hotel
13100,524.0,304,2.33,-3.73,1.5674920254981464,4.576953135001493,0.045584631766063075,0.07145354677857335,seq_hotel
13100,524.0,306,0.8,-1.86,1.600439392791958,5.195700145312468,0.035373922814392576,0.056613819549736044,seq_hotel
13100,524.0,307,2.47,-6.78,1.2260199835239927,5.195700145312468,0.035373922814392576,0.04336913626608058,seq_hotel
13100,524.0,308,3.11,-8.24,2.0751505969448325,6.785315025848099,0.020741079235702745,0.04304086295724862,seq_hotel
13110,524.4,303,-1.22,-0.23,0.0,7.081306376651133,0.019043405382229737,0.0,seq_hotel
13110,524.4,304,2.17,-4.32,1.516214447233723,3.388952640566108,0.0831458126731713,0.12606688240205108,seq_hotel
13110,524.4,306,0.79,-2.5,1.489389556160594,4.132468995648969,0.05591807010191144,0.08328378961044286,seq_hotel
13110,524.4,307,2.46,-6.28,1.214817373106004,4.132468995648969,0.05591807010191144,0.06793024303036142,seq_hotel
13110,524.4,308,3.42,-7.47,2.0570002430725376,5.62297074507773,0.03020228031524559,0.0621260979498051,seq_hotel
13120,524.8,303,-1.22,-0.23,0.0,6.723012717524785,0.0211272765167155,0.0,seq_hotel
13120,524.8,304,2.01,-4.9,1.4868696143238729,2.351850335374256,0.17264421075921535,0.25669943106680393,seq_hotel
13120,524.8,306,0.74,-3.05,1.429433891440803,3.4342393626536865,0.08096741212068613,0.1157375629875636,seq_hotel
13120,524.8,307,2.53,-5.81,1.1430496489653483,3.289635238138113,0.08824211154914405,0.10086511463021021,seq_hotel
13120,524.8,308,3.57,-6.66,2.0740208533183186,4.587046980356753,0.045384233570237714,0.09412784683654231,seq_hotel
13130,525.2,303,-1.22,-0.23,0.0,4.0047596681948345,0.0595413208890936,0.0,seq_hotel
13130,525.2,304,2.02,-5.5,1.5876968381903547,2.181559075523741,0.20064919703970668,0.31857009572537576,seq_hotel
13130,525.2,306,0.88,-3.64,1.5470233514719867,2.4370473938764508,0.16078422322053004,0.2487369478704444,seq_hotel
13130,525.2,307,2.55,-5.37,1.0877873183668707,2.4045373775427157,0.16516130937621015,0.17966037782430874,seq_hotel
13130,525.2,308,3.73,-5.84,2.0489707782199442,3.600347205478938,0.07366863325372205,0.15094487680827853,seq_hotel
13130,525.2,309,-1.54,-6.73,0.0,3.9248566852816427,0.06199030533619214,0.0,seq_hotel
13130,525.2,310,-1.49,-8.22,0.0,4.944097490948171,0.03906585468687217,0.0,seq_hotel
13130,525.2,311,-1.36,-2.68,0.0,4.053998026639876,0.05810377054629913,0.0,seq_hotel
13130,525.2,313,-0.52,3.4,0.0,7.177854832747734,0.018534549752945793,0.0,seq_hotel
13140,525.6,303,-1.22,-0.23,0.0,4.601010758518176,0.04510917501057532,0.0,seq_hotel
13140,525.6,304,1.99,-6.17,1.6641908694618874,2.1513251730038396,0.20632852049422495,0.34337003991606907,seq_hotel
13140,525.6,306,1.0,-4.26,1.5618998847558303,2.8400704216621104,0.11838949399347538,0.18491253702471028,seq_hotel
13140,525.6,307,2.55,-4.94,1.1125702225028944,1.6926015479137435,0.333320415564722,0.37084236890959993,seq_hotel
13140,525.6,308,3.82,-5.04,2.069910928035427,2.925884481656786,0.11154677816925664,0.23089189511968788,seq_hotel
13140,525.6,309,-1.54,-6.73,0.0,3.574143253984093,0.07475280117040761,0.0,seq_hotel
13140,525.6,310,-1.49,-8.22,0.0,4.6777879387590895,0.043640560767736127,0.0,seq_hotel
13140,525.6,311,-1.36,-2.68,0.0,4.053998026639876,0.05810377054629913,0.0,seq_hotel
13140,525.6,313,-0.52,3.4,0.0,7.809353366316574,0.015658178246669267,0.0,seq_hotel
13150,526.0,303,-1.22,-0.23,0.0,5.187677707799512,0.035483414779703175,0.0,seq_hotel
13150,526.0,304,2.08,-6.83,1.7564168070251303,3.1896238022688506,0.09386257296277382,0.16486180070243853,seq_hotel
13150,526.0,306,1.1,-4.87,1.6313338101076382,2.8522447300328206,0.11738100113718883,0.19148759581937927,seq_hotel
13150,526.0,307,2.56,-4.48,1.0038208256457506,2.3985203772325967,0.16599100602328778,0.1666252287160655,seq_hotel
13150,526.0,308,3.87,-4.19,2.138815384740001,3.1896238022688506,0.09386257296277382,0.2007547151040615,seq_hotel
13150,526.0,309,-1.54,-6.73,0.035355339059329915,3.621380952067871,0.07281535247905906,0.002574411475621752,seq_hotel
13150,526.0,310,-1.49,-8.22,0.025000000000001465,4.234453919928756,0.05325698295379808,0.00133142457384503,seq_hotel
13150,526.0,311,-1.36,-2.68,0.0,4.053998026639876,0.05810377054629913,0.0,seq_hotel
13150,526.0,313,-0.52,3.4,0.0,8.42717627678453,0.013446437115341929,0.0,seq_hotel
13160,526.4,303,-1.22,-0.23,0.0,5.3831310591513555,0.03295349448553812,0.0,seq_hotel
13160,526.4,304,2.11,-7.57,1.764095022950962,3.6385299229221686,0.07213058928999931,0.12724521356900775,seq_hotel
13160,526.4,306,1.34,-5.52,1.5265361115939133,3.134661066207957,0.09718297783977078,0.14835332510464114,seq_hotel
13160,526.4,307,2.48,-4.14,0.889610167432955,3.4498985492330068,0.08023405355083867,0.07137702981318626,seq_hotel
13160,526.4,308,3.88,-3.33,2.037538343197613,4.594616414892543,0.045234819570894674,0.0921676793233237,seq_hotel
13160,526.4,309,-1.56,-6.71,0.035355339059329915,3.769416400452463,0.06720833716095097,0.002376173547939184,seq_hotel
13160,526.4,310,-1.47,-8.22,0.05000000000000293,3.896934692806643,0.06288182341426513,0.0031440911707134407,seq_hotel
13160,526.4,311,-1.36,-2.68,0.0,4.034959727184399,0.058653370424937956,0.0,seq_hotel
13160,526.4,313,-0.52,3.4,0.0,8.040702705609753,0.014770097838633256,0.0,seq_hotel
13170,526.8,303,-1.22,-0.23,0.0,4.677542089602188,0.04364514833822555,0.0,seq_hotel
13170,526.8,304,2.14,-8.24,1.6912458425668038,3.590055709874152,0.07409160558260247,0.1253071199106758,seq_hotel
13170,526.8,306,1.45,-6.04,1.4837136684682435,3.083666648650596,0.10042377311508804,0.14900012481000985,seq_hotel
13170,526.8,307,2.35,-3.8,0.9308094595564863,3.875370949986594,0.06358355751582197,0.05918417680798101,seq_hotel
13170,526.8,308,3.88,-2.56,2.087499999999776,5.241373865695902,0.034760106965323674,0.07256172329010539,seq_hotel
13170,526.8,309,-1.56,-6.71,0.0,4.003860636935307,0.05956806283810466,0.0,seq_hotel
13170,526.8,310,-1.45,-8.22,0.04506939094329201,3.590055709874152,0.07409160558260247,0.0033392635376185073,seq_hotel
13170,526.8,311,-1.36,-2.68,0.0,4.034959727184399,0.058653370424937956,0.0,seq_hotel
13170,526.8,313,-0.52,3.4,0.0,6.137752031485142,0.025348525657023047,0.0,seq_hotel
13170,526.8,315,1.13,-10.03,1.2252550754840066,4.002811511925086,0.059599292154868005,0.07302433520800616,seq_hotel
13170,526.8,316,1.73,3.4,1.625769048788541,6.335937184032051,0.023787546826342404,0.03867305737687557,seq_hotel
13180,527.2,303,-1.22,-0.23,0.0,4.207291290129553,0.05394686596754884,0.0,seq_hotel
13180,527.2,304,2.2,-8.92,1.789072734686755,2.3256181973832244,0.1765609057134829,0.31588030242359116,seq_hotel
13180,527.2,306,1.54,-6.69,1.642501902586278,3.100064515457703,0.0993641948879726,0.16320587915244872,seq_hotel
13180,527.2,307,2.29,-3.42,0.9228014412644979,3.7242583154233544,0.06884807308897355,0.06353310107478828,seq_hotel
13180,527.2,308,3.88,-1.66,2.0875374248139993,5.296687644179142,0.03403789208128963,0.07105537358147217,seq_hotel
13180,527.2,309,-1.56,-6.71,0.03535533905933494,3.8047996005046056,0.06596412520646369,0.0023321840124269464,seq_hotel
13180,527.2,310,-1.45,-8.19,0.11250000000000071,2.9029984498790213,0.11331248766539763,0.012747654862357315,seq_hotel
13180,527.2,311,-1.36,-2.68,0.0,4.034959727184399,0.058653370424937956,0.0,seq_hotel
13180,527.2,313,-0.52,3.4,0.0,6.137752031485142,0.025348525657023047,0.0,seq_hotel
13180,527.2,315,1.12,-9.54,1.235731058928174,2.8807811440649207,0.11506701593601235,0.1421918854503136,seq_hotel
13180,527.2,316,1.75,2.75,1.5757934509317946,4.897448315194352,0.039813619285026976,0.0627380405272373,seq_hotel
13180,527.2,317,0.66,-9.8,1.2126932835635609,2.6540911815534907,0.13556254202767828,0.1643957842197684,seq_hotel
13190,527.6,303,-1.22,-0.23,0.0,3.752998800959041,0.06779763283999801,0.0,seq_hotel
13190,527.6,304,2.2,-9.67,1.5875492118357413,2.392822601030005,0.16678246097376206,0.26477536446692124,seq_hotel
13190,527.6,306,1.7,-7.33,1.707794630510452,2.392822601030005,0.16678246097376206,0.28483019131430987,seq_hotel
13190,527.6,307,2.24,-3.07,0.8761599454438024,4.294088960419892,0.05178802000907699,0.04537458878579544,seq_hotel
13190,527.6,308,3.87,-0.89,1.9251623308179548,5.1326114210994,0.03624888146127431,0.0697849811235306,seq_hotel
13190,527.6,309,-1.58,-6.69,0.04506939094330334,3.3858529206095174,0.08329812094830531,0.0037541955778617377,seq_hotel
13190,527.6,310,-1.45,-8.13,0.08750000000000568,2.617040313025384,0.13942817949617778,0.012199965705916348,seq_hotel
13190,527.6,311,-1.36,-2.68,0.0,4.01603037837116,0.05920759268074352,0.0,seq_hotel
13190,527.6,313,-0.52,3.4,0.0,6.137752031485142,0.025348525657023047,0.0,seq_hotel
13190,527.6,315,1.0,-9.05,1.1748005149812266,1.8569868066305701,0.2769196318731502,0.3253253261329886,seq_hotel
13190,527.6,316,1.69,2.14,1.570927273937365,3.752998800959041,0.06779763283999801,0.10650515053674445,seq_hotel
13190,527.6,317,0.54,-9.33,1.2078519155923755,2.312055362658948,0.1786384425604931,0.21576878504513014,seq_hotel
13200,528.0,303,-1.22,-0.23,0.0,3.6968770604389865,0.06987170891360674,0.0,seq_hotel
13200,528.0,304,2.19,-10.19,1.3002403623946572,2.1945614596087304,0.19827861932920243,0.25780986385171445,seq_hotel
13200,528.0,306,1.75,-8.04,1.7001838135920273,2.1945614596087304,0.19827861932920243,0.33711009916488527,seq_hotel
13200,528.0,307,2.12,-2.74,0.9125856124222509,4.269379345993982,0.05238921517651101,0.047809644016177384,seq_hotel
13200,528.0,309,-1.58,-6.68,0.012500000000001066,3.088251932728287,0.10012578597206463,0.0012515723246509147,seq_hotel
13200,528.0,310,-1.45,-8.12,0.08750000000000213,2.3041701326074,0.17986319192182845,0.01573802929316037,seq_hotel
13200,528.0,311,-1.36,-2.68,0.0,4.006045431594604,0.059503106761507205,0.0,seq_hotel
13200,528.0,313,-0.52,3.4,0.0,6.137752031485142,0.025348525657023047,0.0,seq_hotel
13200,528.0,315,0.79,-8.66,1.052526721751106,2.0738611332488004,0.22203019334357282,0.23369271152967497,seq_hotel
13200,528.0,316,1.62,1.5,1.5876476309308332,4.269379345993982,0.05238921517651101,0.08317561336131335,seq_hotel
13200,528.0,317,0.55,-8.84,1.1510864433221983,2.124170426307644,0.2116375210104768,0.24361308133347678,seq_hotel
13210,528.4,303,-1.22,-0.23,0.0,3.6968770604389865,0.06987170891360674,0.0,seq_hotel
13210,528.4,306,1.72,-8.69,1.6250000000000924,3.20764711276038,0.0928107355964012,0.15081744534416053,seq_hotel
13210,528.4,307,2.07,-2.36,0.8378730512434925,3.919311163967464,0.062165852389256704,0.05208709242453907,seq_hotel
13210,528.4,309,-1.58,-6.68,0.0,2.8206559520792327,0.12002484364844229,0.0,seq_hotel
13210,528.4,310,-1.45,-8.2,0.20155644370747555,2.2203603311174516,0.19369769950332094,0.039041019466208624,seq_hotel
13210,528.4,311,-1.36,-2.68,0.0,4.006045431594604,0.059503106761507205,0.0,seq_hotel
13210,528.4,313,-0.52,3.4,0.0,6.137752031485142,0.025348525657023047,0.0,seq_hotel
13210,528.4,315,0.77,-8.24,1.1011357772773238,2.2203603311174516,0.19369769950332094,0.2132874668994188,seq_hotel
13210,528.4,316,1.53,0.88,1.5967251642033735,3.284691766361038,0.08850792074958035,0.14132282429217286,seq_hotel
13210,528.4,317,0.5,-8.41,1.108067010609079,1.9612750954417384,0.24825291388534604,0.2750808641639285,seq_hotel
13220,528.8,303,-1.22,-0.23,0.0,3.6968770604389865,0.06987170891360674,0.0,seq_hotel
13220,528.8,306,1.75,-9.34,1.5625499991999101,3.389985250705377,0.08309516694669092,0.12984035304606828,seq_hotel
13220,528.8,307,2.1,-2.07,0.7883923515609892,3.7957871383943544,0.06627773865570322,0.052252862234914536,seq_hotel
13220,528.8,309,-1.58,-6.68,0.0,2.6491696812397656,0.13606669305814562,0.0,seq_hotel
13220,528.8,310,-1.47,-8.28,0.17897276329094822,2.3537204591879637,0.17236997446775676,0.03084953063888462,seq_hotel
13220,528.8,311,-1.36,-2.68,0.0,4.006045431594604,0.059503106761507205,0.0,seq_hotel
13220,528.8,313,-0.52,3.4,0.0,6.065088622600662,0.025959545213750393,0.0,seq_hotel
13220,528.8,315,0.83,-7.78,1.175265927354209,2.3537204591879637,0.17236997446775676,0.20258055789086948,seq_hotel
13220,528.8,316,1.41,0.24,1.623364561643364,3.7027692339653036,0.06964951377056795,0.11306655239083149,seq_hotel
13220,528.8,317,0.38,-7.97,1.1261799367773302,1.9374725804511403,0.2543901269517215,0.2864890570872667,seq_hotel
13230,529.2,303,-1.22,-0.23,0.0,3.6431305219549848,0.07194852916965826,0.0,seq_hotel
13230,529.2,306,1.71,-9.94,1.503329637836948,3.5687672941787616,0.07497818473091229,0.11271692729719417,seq_hotel
13230,529.2,307,2.1,-1.73,0.6682533202310762,3.6431305219549848,0.07194852916965826,0.04807984350336657,seq_hotel
13230,529.2,309,-1.58,-6.68,0.025000000000004796,2.449755089799795,0.159120466990714,0.003978011674768613,seq_hotel
13230,529.2,310,-1.48,-8.34,0.06373774391987927,2.4968980756130192,0.15316860350491174,0.009762621226761586,seq_hotel
13230,529.2,311,-1.36,-2.68,0.0,3.5880496094675167,0.07417447888018364,0.0,seq_hotel
13230,529.2,313,-0.52,3.4,0.0,4.257475777969852,0.052682576977472924,0.0,seq_hotel
13230,529.2,315,0.79,-7.3,1.1261799367773069,2.4968980756130192,0.15316860350491174,0.1724954082114299,seq_hotel
13230,529.2,316,1.38,-0.41,1.6876851750251212,3.5581596366661237,0.07542590407577679,0.12729518012155536,seq_hotel
13230,529.2,317,0.36,-7.52,1.0768153277139814,2.11404824921287,0.21366903663997405,0.23008209371180435,seq_hotel
13230,529.2,319,1.64,3.88,1.7892037335083903,5.007164866468848,0.038087950101164746,0.06814710252268524,seq_hotel
13240,529.6,303,-1.22,-0.23,0.0,3.504083332342426,0.07777186801030833,0.0,seq_hotel
13240,529.6,307,2.03,-1.54,0.6170747523599093,3.576548615634911,0.07465228691662346,0.04606604146217631,seq_hotel
13240,529.6,309,-1.6,-6.68,0.05000000000000293,2.2996086623597503,0.1805774476289422,0.00902887238144764,seq_hotel
13240,529.6,310,-1.48,-8.33,0.03750000000000142,2.6043233286210836,0.1407931674974378,0.005279743781154118,seq_hotel
13240,529.6,311,-1.36,-2.68,0.0,3.576548615634911,0.07465228691662346,0.0,seq_hotel
13240,529.6,313,-0.52,3.4,0.0,4.897775005040554,0.03980830819116783,0.0,seq_hotel
13240,529.6,315,0.69,-6.89,1.0526751635714244,2.6043233286210836,0.1407931674974378,0.1482094706251043,seq_hotel
13240,529.6,316,1.39,-1.11,1.7500446422878326,3.1666070169820566,0.09523203009268327,0.166660304037894,seq_hotel
13240,529.6,317,0.33,-7.11,1.0606601717798814,2.1827734651126764,0.20042599612789838,0.21258387148217053,seq_hotel
13240,529.6,319,1.55,3.17,1.9111923634214363,4.385533034877288,0.049650840931496146,0.0948923080257279,seq_hotel
13250,530.0,303,-1.22,-0.23,0.0,3.4128726902713495,0.08198439679519323,0.0,seq_hotel
13250,530.0,307,2.04,-1.24,0.5250000000000299,3.6662924051417396,0.07104232787157666,0.03729722213257987,seq_hotel
13250,530.0,309,-1.62,-6.68,0.025000000000001688,2.36027540765903,0.1714138933657707,0.004285347334144557,seq_hotel
13250,530.0,310,-1.48,-8.31,0.05590169943749762,2.8821172772807153,0.1149603518348508,0.006426479035500808,seq_hotel
13250,530.0,311,-1.36,-2.68,0.0,3.6923705122861117,0.07004237021413066,0.0,seq_hotel
13250,530.0,313,-0.52,3.4,0.0,5.2993584517373415,0.034003591419474,0.0,seq_hotel
13250,530.0,315,0.73,-6.46,1.139969846092495,2.8821172772807153,0.1149603518348508,0.13105133458791393,seq_hotel
13250,530.0,316,1.39,-1.81,1.7439628006354797,3.050983448004921,0.10258684627505746,0.17890764373821064,seq_hotel
13250,530.0,317,0.24,-6.68,1.087212605703289,2.369662423215594,0.17005852911712138,0.18488977656349417,seq_hotel
13250,530.0,319,1.4,2.37,2.1392901860197737,3.6911244899081908,0.07008966696158157,0.14994213667230583,seq_hotel
13260,530.4,303,-1.22,-0.23,0.0,3.3696587364301447,0.08410068681867895,0.0,seq_hotel
13260,530.4,307,2.03,-1.12,0.04506939094330272,3.3696587364301447,0.08410068681867895,0.0037903667328313077,seq_hotel
13260,530.4,309,-1.62,-6.68,0.0,2.471214276423637,0.15636896928906188,0.0,seq_hotel
13260,530.4,310,-1.46,-8.29,0.05590169943749832,3.196904753038475,0.09343551579728114,0.005223204120887236,seq_hotel
13260,530.4,311,-1.36,-2.68,0.0,3.731715423233663,0.06857318903547917,0.0,seq_hotel
13260,530.4,313,-0.52,3.4,0.0,5.189691705679635,0.0354558795581379,0.0,seq_hotel
13260,530.4,315,0.75,-5.98,1.1457803018031643,3.196904753038475,0.09343551579728114,0.10705657348934311,seq_hotel
13260,530.4,316,1.51,-2.5,1.7201925764286792,3.550464758309819,0.07575319761945866,0.13031008818572748,seq_hotel
13260,530.4,317,0.2,-6.25,1.1127808634228664,2.6300570336021223,0.1380514743756683,0.1536210388525559,seq_hotel
13260,530.4,319,1.28,1.48,2.036617907217864,3.0288776799336086,0.10408973725503015,0.21199102285119684,seq_hotel
13270,530.8,303,-1.22,-0.23,0.0,3.384966764977169,0.08334174014237843,0.0,seq_hotel
13270,530.8,307,2.02,-1.21,0.11319231422674007,3.384966764977169,0.08334174014237843,0.009433644438399415,seq_hotel
13270,530.8,309,-1.62,-6.68,0.0,2.508884214147795,0.1517085802766498,0.0,seq_hotel
13270,530.8,310,-1.44,-8.29,0.025000000000005018,3.4280023337214924,0.08126231010887162,0.0020315577527221986,seq_hotel
13270,530.8,311,-1.36,-2.68,0.0,3.486731994289208,0.07854784027303531,0.0,seq_hotel
13270,530.8,313,-0.52,3.4,0.0,5.2634304403117165,0.03446939067891192,0.0,seq_hotel
13270,530.8,315,0.62,-5.55,1.0738365797456484,2.535133132598759,0.1485832451961867,0.15955412382898218,seq_hotel
13270,530.8,316,1.52,-3.18,1.8760413774752422,2.9158360722098213,0.1123169168265925,0.21071118335713282,seq_hotel
13270,530.8,317,0.22,-5.79,1.026218787588637,2.9158360722098213,0.1123169168265925,0.11526173021147955,seq_hotel
13270,530.8,319,1.15,0.76,1.8944821192081251,3.12385979198811,0.09785619291401057,0.18538680772937385,seq_hotel
13280,531.2,303,-1.22,-0.23,0.0,3.384966764977169,0.08334174014237843,0.0,seq_hotel
13280,531.2,307,2.02,-1.21,0.012500000000002398,3.384966764977169,0.08334174014237843,0.0010417717517799301,seq_hotel
13280,531.2,309,-1.62,-6.68,0.0,2.677256057981754,0.13322678942357688,0.0,seq_hotel
13280,531.2,310,-1.44,-8.29,0.0,3.7366562592778045,0.0683919655759939,0.0,seq_hotel
13280,531.2,311,-1.36,-2.68,0.0,3.142117120668801,0.09672230636908835,0.0,seq_hotel
13280,531.2,313,-0.52,3.4,0.0,5.2634304403117165,0.03446939067891192,0.0,seq_hotel
13280,531.2,315,0.57,-5.14,1.1006390189339277,2.677256057981754,0.13322678942357688,0.14663460280688262,seq_hotel
13280,531.2,316,1.69,-3.99,1.8359261967734952,2.799517815624684,0.12184421402158546,0.2236969844475052,seq_hotel
13280,531.2,317,0.16,-5.43,0.8946018667540651,2.175063217472081,0.20184947019623578,0.18057491284087154,seq_hotel
13280,531.2,319,1.15,-0.03,2.103011233921351,3.6500136986044316,0.07167742471825109,0.15073842940103396,seq_hotel
13290,531.6,303,-1.22,-0.23,0.0,3.3820851556399347,0.08348381855587464,0.0,seq_hotel
13290,531.6,307,2.02,-1.2,0.10077822185373754,3.456761490181236,0.0799157816884287,0.008053770376611324,seq_hotel
13290,531.6,309,-1.62,-6.68,0.0,2.987339953872006,0.10700451116642079,0.0,seq_hotel
13290,531.6,310,-1.44,-8.29,0.0,4.150337335687304,0.05543762132162416,0.0,seq_hotel
13290,531.6,311,-1.36,-2.68,0.0,2.7907884190672707,0.12260764698611704,0.0,seq_hotel
13290,531.6,313,-0.52,3.4,0.0,5.254674109780739,0.034584365214307466,0.0,seq_hotel
13290,531.6,315,0.59,-4.67,1.086062268012352,2.7861442891566113,0.12301672874441195,0.13360382742361634,seq_hotel
13290,531.6,316,1.68,-4.64,1.6343959128682075,3.456761490181236,0.0799157816884287,0.1306140269652358,seq_hotel
13290,531.6,317,0.03,-5.1,0.8009759671800849,2.2844911906155385,0.18297527420555518,0.1465587972268358,seq_hotel
13290,531.6,319,1.06,-0.92,2.1625361268659837,2.9923235119217977,0.10664838715114719,0.2306309900863458,seq_hotel
13300,532.0,303,-1.22,-0.23,0.0,3.353043393694749,0.0849362405208062,0.0,seq_hotel
13300,532.0,307,2.01,-1.13,0.0760345316287322,3.5510561809129406,0.07572796657822142,0.005757940469971351,seq_hotel
13300,532.0,309,-1.62,-6.68,0.0,3.1228512612674972,0.09791940880533338,0.0,seq_hotel
13300,532.0,310,-1.44,-8.29,0.0,4.23557552169714,0.05322878125268935,0.0,seq_hotel
13300,532.0,311,-1.36,-2.68,0.0,2.50569351677335,0.15209519129591023,0.0,seq_hotel
13300,532.0,313,-0.52,3.4,0.0,5.4204427863413525,0.03250138382882156,0.0,seq_hotel
13300,532.0,315,0.39,-4.29,1.0375752984724151,2.377940285204824,0.1688766064003417,0.1752221952908431,seq_hotel
13300,532.0,316,1.55,-5.29,1.7885923235886838,3.46135811496008,0.07970366902189903,0.14255737057442178,seq_hotel
13300,532.0,317,-0.09,-4.84,0.6434768838117231,2.393010656056508,0.16675624876475548,0.10730379131127735,seq_hotel
13300,532.0,319,1.14,-1.76,2.109502310973019,2.663906905280288,0.13456536533331998,0.2838659491475671,seq_hotel
13310,532.4,303,-1.22,-0.23,0.0,3.4015437671739575,0.08253140819769002,0.0,seq_hotel
13310,532.4,307,2.01,-1.14,0.039528470752106915,3.372669565789095,0.08395059811966452,0.0033184387623950407,seq_hotel
13310,532.4,309,-1.62,-6.68,0.08003905296791511,3.2506614711470645,0.0903707516515286,0.007233189378186999,seq_hotel
13310,532.4,310,-1.44,-8.29,0.13806701271484834,3.870813867909434,0.06373335859838836,0.008799474431963673,seq_hotel
13310,532.4,311,-1.36,-2.68,0.0,2.453996740014135,0.15857087370707423,0.0,seq_hotel
13310,532.4,313,-0.52,3.4,0.0,6.137752031485142,0.025348525657023047,0.0,seq_hotel
13310,532.4,315,0.16,-3.96,1.0869251354164804,1.9871587757398752,0.24182781061369837,0.26284872579876506,seq_hotel
13310,532.4,316,1.63,-6.07,1.8409406562951418,3.3067506709759655,0.08733100968955172,0.16077120629280073,seq_hotel
13310,532.4,317,-0.18,-4.63,0.6550286253287321,2.3129418496797536,0.1785015343947085,0.1169236146936353,seq_hotel
13310,532.4,319,1.22,-2.6,2.133256020734623,2.465948093533195,0.15703755341337172,0.3350013063005102,seq_hotel
13320,532.8,303,-1.22,-0.23,0.0,3.5106979363083917,0.07747907980132837,0.0,seq_hotel
13320,532.8,307,2.0,-1.16,0.05153882032021729,3.3516115526713413,0.08500882719693877,0.004381254670535428,seq_hotel
13320,532.8,309,-1.57,-6.72,0.09762812094884384,3.21024921150991,0.09266033928324831,0.009046254810705872,seq_hotel
13320,532.8,310,-1.33,-8.28,0.15206906325747752,3.932047812527207,0.0617637706843912,0.009392358751225021,seq_hotel
13320,532.8,311,-1.36,-2.68,0.0,2.453996740014135,0.15857087370707423,0.0,seq_hotel
13320,532.8,313,-0.52,3.4,0.0,5.209990403062179,0.035180137730304005,0.0,seq_hotel
13320,532.8,315,-0.05,-3.54,0.8243368546898964,1.5670673246545601,0.3888625070453931,0.320553695964627,seq_hotel
13320,532.8,316,1.64,-6.76,1.850168911207645,3.3185087012090233,0.08671324935767284,0.16043415815136258,seq_hotel
13320,532.8,317,-0.44,-4.45,0.7400380057807355,1.994818287463798,0.23997428154483755,0.17759008875310633,seq_hotel
13320,532.8,319,1.29,-3.46,2.2204307014629117,2.407093683262037,0.1648106968383998,0.36595073118947935,seq_hotel
13320,532.8,320,1.82,2.92,1.5041608956487904,4.377682035050055,0.04982908973295758,0.07495096824208941,seq_hotel
13330,533.2,303,-1.22,-0.23,0.0,3.3668085778671766,0.08424313730008398,0.0,seq_hotel
13330,533.2,307,2.0,-1.18,0.06731456008918144,3.357216108623333,0.08472523565565948,0.005703241966612947,seq_hotel
13330,533.2,309,-1.56,-6.73,0.027950849718743995,3.3130801378777424,0.08699764574785879,0.0024316581221829284,seq_hotel
13330,533.2,310,-1.32,-8.27,0.01767766952966755,4.055724349607601,0.058054317221903726,0.0010262650346193015,seq_hotel
13330,533.2,311,-1.36,-2.68,0.0,2.453996740014135,0.15857087370707423,0.0,seq_hotel
13330,533.2,313,-0.52,3.4,0.0,5.2275041845989945,0.03494480358297979,0.0,seq_hotel
13330,533.2,315,-0.27,-3.46,0.5038911092685974,1.8755532517100122,0.2714642119997077,0.1367884029112584,seq_hotel
13330,533.2,316,1.65,-7.55,2.062651509586478,3.3130801378777424,0.08699764574785879,0.1794458253322906,seq_hotel
13330,533.2,317,-0.65,-4.27,0.5376453291900755,2.022473732833136,0.23345630220794353,0.12551669045208755,seq_hotel
13330,533.2,319,1.37,-4.37,2.238756630364071,3.1923032437411076,0.09370507306113085,0.2097828536143564,seq_hotel
13330,533.2,320,1.98,2.34,1.5075331671308645,4.1042538907821,0.05668954155568581,0.08546136412463978,seq_hotel
13340,533.6,303,-1.22,-0.23,0.0,3.34970147923662,0.085105802642607,0.0,seq_hotel
13340,533.6,307,1.98,-1.21,0.0951971638233045,3.3466998670331947,0.08525853170881145,0.008116370410418124,seq_hotel
13340,533.6,309,-1.56,-6.74,0.025000000000000355,3.2692812665783286,0.08934429170032111,0.0022336072925080597,seq_hotel
13340,533.6,310,-1.32,-8.29,0.05000000000000426,4.046047453997542,0.058332345288865474,0.0029166172644435225,seq_hotel
13340,533.6,311,-1.36,-2.68,0.11250000000000693,2.453996740014135,0.15857087370707423,0.01783922329204695,seq_hotel
13340,533.6,313,-0.52,3.4,0.24270609798685844,5.244244464172127,0.034722063353393826,0.008427256510554709,seq_hotel
13340,533.6,315,-0.45,-3.49,0.3659320292076319,2.51745903640953,0.15067685851921422,0.05513748859256732,seq_hotel
13340,533.6,316,1.66,-8.41,1.8265404457608874,3.627299270807414,0.07257793457254696,0.13256653296654444,seq_hotel
13340,533.6,317,-0.79,-4.2,0.4275657844122011,2.38371558706151,0.1680592841645469,0.07185639966156751,seq_hotel
13340,533.6,319,1.35,-5.25,2.187642852478563,3.1751692868255073,0.09471911072055031,0.20721158556093752,seq_hotel
13340,533.6,320,2.15,1.76,1.5340408240983245,3.9136939072952552,0.062344431582644896,0.09563890320298218,seq_hotel
13350,534.0,303,-1.22,-0.23,0.0,3.335940646954019,0.08580937759368935,0.0,seq_hotel
13350,534.0,307,1.93,-1.21,0.2704163456598146,3.382927726097618,0.08344223786296745,0.022564145036580677,seq_hotel
13350,534.0,309,-1.56,-6.75,0.01249999999999929,3.016521175128728,0.10494424451627272,0.0013118030564533345,seq_hotel
13350,534.0,310,-1.32,-8.31,0.05590169943749832,3.48427897849756,0.07865847832419334,0.004397142613490033,seq_hotel
13350,534.0,311,-1.36,-2.59,0.012500000000001066,2.364148895480147,0.1708526548614063,0.002135658185767761,seq_hotel
13350,534.0,313,-0.56,3.21,0.2698379143115515,5.073115413628986,0.03710409956875924,0.010012092840042132,seq_hotel
13350,534.0,315,-0.56,-3.5,0.1520690632574639,3.2660220452409687,0.08952269718019032,0.013613632700473145,seq_hotel
13350,534.0,316,1.59,-9.01,1.7376798468073307,3.8768672920284493,0.06353448470411854,0.11040259364763541,seq_hotel
13350,534.0,317,-0.98,-4.18,0.28858490951539634,2.634634699536162,0.1375721635070335,0.039701250357514574,seq_hotel
13350,534.0,319,1.39,-6.12,2.162825120068781,3.062760193028504,0.10179944123995226,0.22017438872273454,seq_hotel
13350,534.0,320,2.28,1.15,1.5855795470427478,3.7622333792575917,0.06746521636744562,0.10697146720903541,seq_hotel
13360,534.4,303,-1.22,-0.23,0.0,3.3437852801877095,0.08540722648010196,0.0,seq_hotel
13360,534.4,307,1.8,-1.09,0.4422951503238781,3.3872260036791166,0.0832306013571834,0.0368124913388222,seq_hotel
13360,534.4,309,-1.56,-6.73,0.025000000000000355,2.950610106401725,0.10968512405685348,0.002742128101421376,seq_hotel
13360,534.4,310,-1.36,-8.31,0.07603453162873065,3.385513255032389,0.08331483624168945,0.006334804551361251,seq_hotel
13360,534.4,311,-1.36,-2.67,0.11250000000000693,2.4440130932546165,0.15986902473571493,0.017985265282769038,seq_hotel
13360,534.4,313,-0.57,3.19,0.027950849718749157,4.892371613031864,0.03989628952013853,0.001115135192713099,seq_hotel
13360,534.4,315,-0.57,-3.51,0.10077822185373743,3.3437852801877095,0.08540722648010196,0.008607188418124113,seq_hotel
13360,534.4,316,1.68,-9.8,1.9877751381885371,4.463462781294362,0.047932220281158074,0.0952784757930624,seq_hotel
13360,534.4,317,-1.02,-4.18,0.1505199322349124,2.6065494432294978,0.14055278234812138,0.02115599527446762,seq_hotel
13360,534.4,319,1.38,-6.98,2.2017393692261917,3.045734722525913,0.10294072748896374,0.22664865240923632,seq_hotel
13360,534.4,320,2.46,0.53,1.7765838004440877,4.031935019317648,0.05874140550249882,0.1043590294310566,seq_hotel
13370,534.8,303,-1.22,-0.23,0.0,3.481221050148927,0.07879672730622186,0.0,seq_hotel
13370,534.8,309,-1.56,-6.73,0.0,3.101112703530782,0.09929703527658312,0.0,seq_hotel
13370,534.8,310,-1.31,-8.37,0.10752906583804579,4.204152708929588,0.05402744335477839,0.005809520513557255,seq_hotel
13370,534.8,311,-1.36,-2.68,0.012500000000002842,2.453996740014135,0.15857087370707423,0.0019821359213388788,seq_hotel
13370,534.8,313,-0.57,3.19,0.0,5.922921576384412,0.027220708034302668,0.0,seq_hotel
13370,534.8,315,-0.6,-3.43,0.21360009363294957,3.2595091655032973,0.08988080819165055,0.01919854904554174,seq_hotel
13370,534.8,317,-0.86,-4.19,0.4007804885470579,2.6346916328101853,0.13756621795427162,0.05513385603928403,seq_hotel
13370,534.8,319,1.32,-7.88,2.168596896612946,4.285848807412599,0.05198735109297833,0.11273960824336045,seq_hotel
13370,534.8,320,2.62,-0.23,1.898848335175674,4.6736388392771655,0.043718080408341915,0.08301400420045629,seq_hotel
13380,535.2,303,-1.22,-0.23,0.0,3.989235515734813,0.06000563394189846,0.0,seq_hotel
13380,535.2,309,-1.56,-6.73,0.025000000000005018,4.054935264588081,0.0580769140064693,0.001451922850162024,seq_hotel
13380,535.2,310,-1.29,-8.36,0.107529065838038,5.680431321651552,0.029594346553674218,0.003182252439003748,seq_hotel
13380,535.2,311,-1.36,-2.68,0.0,4.405417119865042,0.049203648992480906,0.0,seq_hotel
13380,535.2,313,-0.57,3.19,0.0,5.922921576384412,0.027220708034302668,0.0,seq_hotel
13380,535.2,319,1.25,-8.71,2.118740781690692,6.570616409439834,0.02211867738057053,0.04686374380327423,seq_hotel
13380,535.2,320,2.7,-0.97,1.7272177772357957,5.291360883553493,0.034106457794216546,0.058909280220713185,seq_hotel
13390,535.6,303,-1.22,-0.23,0.0,4.146383966783588,0.055543385694423276,0.0,seq_hotel
13390,535.6,309,-1.54,-6.73,0.025000000000001465,4.053998026639876,0.05810377054629913,0.0014525942636575634,seq_hotel
13390,535.6,310,-1.26,-8.3,0.17410485346480908,5.620889609305632,0.030224649259089315,0.005262258130278996,seq_hotel
13390,535.6,311,-1.36,-2.68,0.0,4.188961685191212,0.05442000857969683,0.0,seq_hotel
13390,535.6,313,-0.57,3.19,0.0,5.922921576384412,0.027220708034302668,0.0,seq_hotel
13390,535.6,319,1.19,-9.57,2.1552262062253518,7.3467407739759,0.017692204454528095,0.038130702686295856,seq_hotel
13390,535.6,320,2.69,-1.61,1.6164196546690146,5.802378822517537,0.02836346096993466,0.045847255786239854,seq_hotel
13400,536.0,303,-1.22,-0.23,0.0,4.334720290860761,0.05082170425184791,0.0,seq_hotel
13400,536.0,309,-1.54,-6.73,0.0,6.099458992402524,0.025667806129315376,0.0,seq_hotel
13400,536.0,310,-1.24,-8.23,0.18200274723202398,7.103759568003411,0.018923212834477503,0.003444076722331201,seq_hotel
13400,536.0,311,-1.36,-2.68,0.0,4.053998026639876,0.05810377054629913,0.0,seq_hotel
13400,536.0,313,-0.57,3.19,0.0,6.309904912120309,0.0239842284810805,0.0,seq_hotel
13400,536.0,320,2.61,-2.26,1.7041310102220222,6.099458992402524,0.025667806129315376,0.04374130438933323,seq_hotel
13490,539.6,320,1.89,-8.58,1.9010276825970773,9.672279979405063,0.0034024551450385415,0.006468161419513121,seq_hotel
13490,539.6,324,1.68,1.09,1.6547280743373856,9.672279979405063,0.0034024551450385415,0.005630138050168956,seq_hotel
13500,540.0,320,1.95,-9.39,2.030547955602249,9.822464049310641,0.00329920446538369,0.0066991928822986635,seq_hotel
13500,540.0,324,1.73,0.43,1.7132297715135392,9.822464049310641,0.00329920446538369,0.005652295312405747,seq_hotel
13740,549.6,325,3.01,-6.59,1.2125644312778472,5.0295327814817945,0.012583308409318029,0.015258072204938468,seq_hotel
13740,549.6,326,1.92,-1.68,2.078761650598858,5.0295327814817945,0.012583308409318029,0.026157698958948435,seq_hotel
13750,550.0,325,3.06,-6.2,1.048287293636685,7.35653451021607,0.01176341909006481,0.012331442761838155,seq_hotel
13750,550.0,326,1.87,-2.51,2.103011233921612,3.8771381197991905,0.042350405953059514,0.08906337948042486,seq_hotel
13750,550.0,328,2.75,1.15,1.9006577808749292,7.35653451021607,0.01176341909006481,0.02235823402322436,seq_hotel
13760,550.4,325,3.13,-5.76,1.1225668131564128,6.162994402074367,0.01676087072645512,0.018815197237123334,seq_hotel
13760,550.4,326,1.83,-3.36,2.157110335611169,3.8564880396547325,0.04280516203513742,0.09233545744350576,seq_hotel
13760,550.4,328,2.73,0.39,1.8783719679553355,6.162994402074367,0.01676087072645512,0.03148314973109648,seq_hotel
13770,550.8,325,3.18,-5.31,1.1999999999998758,4.987183573922259,0.025595841603714278,0.030715009924453956,seq_hotel
13770,550.8,326,1.73,-4.23,2.1654243233138453,3.9898997481139804,0.039990437542327936,0.08659626615412007,seq_hotel
13770,550.8,328,2.66,-0.35,1.8791620472964474,4.987183573922259,0.025595841603714278,0.048098734110311306,seq_hotel
13780,551.2,325,3.13,-4.8,1.2412191587305352,3.723721257022335,0.045911955947784994,0.056986799337183085,seq_hotel
13780,551.2,326,1.74,-5.09,2.187499999999824,4.07829621288106,0.038275651427481225,0.08372798749760844,seq_hotel
13780,551.2,328,2.63,-1.11,1.947795227943484,4.07829621288106,0.038275651427481225,0.07455313119687614,seq_hotel
13790,551.6,325,3.34,-4.33,1.1402439431981857,2.571089263327899,0.09630432983398857,0.1098104287969658,seq_hotel
13790,551.6,326,1.73,-5.98,2.251700746102949,4.152023603015763,0.03692840036240343,0.0831517066484122,seq_hotel
13790,551.6,328,2.5,-1.9,2.1368785646359316,4.152023603015763,0.03692840036240343,0.07891150716071366,seq_hotel
13800,552.0,325,3.33,-3.91,1.1657883598664702,3.345265310853535,0.05688778035239495,0.06631911215346252,seq_hotel
13800,552.0,326,1.81,-6.89,2.2069492517954625,4.129891039724898,0.037325268079712794,0.0823749724615872,seq_hotel
13800,552.0,328,2.45,-2.81,2.1561322431614736,4.129891039724898,0.037325268079712794,0.0804782139913145,seq_hotel
13810,552.4,325,3.27,-3.4,1.0808705981754405,4.560219292972652,0.030613195693684314,0.03308890314149438,seq_hotel
13810,552.4,326,1.87,-7.74,2.1638001871708323,4.560219292972652,0.030613195693684314,0.06624083857189143,seq_hotel
13810,552.4,328,2.37,-3.62,2.0399525117022885,4.150228909349459,0.03696034534541589,0.07539734932076513,seq_hotel
13820,552.8,325,3.24,-3.05,0.889697982463633,5.736009065543742,0.019349086444133193,0.017214843171859732,seq_hotel
13820,552.8,326,1.87,-8.62,2.225561726845409,5.736009065543742,0.019349086444133193,0.04306258623948617,seq_hotel
13820,552.8,328,2.37,-4.44,2.062537878439875,4.2097980949209415,0.03592175847332087,0.07408998751139283,seq_hotel
13830,553.2,325,3.22,-2.69,0.8277416565570788,6.9544949493115595,0.013162819649903474,0.010895414141973168,seq_hotel
13830,553.2,326,1.91,-9.52,2.2522211259105305,6.9544949493115595,0.013162819649903474,0.029645580492062857,seq_hotel
13830,553.2,328,2.36,-5.27,2.003161563628664,4.27375712927162,0.03485462755913394,0.06981945024104948,seq_hotel
13840,553.6,325,3.07,-2.41,0.44194173824161775,3.6808966298987533,0.02349323833373612,0.01038264258613595,seq_hotel
13840,553.6,328,2.46,-6.04,2.0099751242242934,3.6808966298987533,0.02349323833373612,0.04722082463828219,seq_hotel
13850,554.0,325,3.05,-2.38,0.304394891547165,4.5211724143191,0.015572128867657683,0.0047400764778291376,seq_hotel
13850,554.0,328,2.52,-6.87,2.0112573803470455,4.5211724143191,0.015572128867657683,0.031319559112791794,seq_hotel
13860,554.4,325,2.99,-2.64,0.667083203206355,5.012943247235101,0.012666731113260487,0.008449763565187405,seq_hotel
13860,554.4,328,2.63,-7.64,2.015952008357456,5.012943247235101,0.012666731113260487,0.025535522027101354,seq_hotel
14160,566.4,329,2.39,-9.03,1.891593243802802,10.67035613276333,0.005591422293567618,0.010576696633760874,seq_hotel
14160,566.4,330,0.8,0.05,1.555032154008487,9.218161421888857,0.007491891948379589,0.011650132874087553,seq_hotel
14160,566.4,331,1.92,1.63,2.0251543151079785,10.67035613276333,0.005591422293567618,0.011323492985409411,seq_hotel
14170,566.8,329,2.49,-8.28,1.953562451010787,9.118464783065184,0.00765661258175437,0.014957670841652096,seq_hotel
14170,566.8,330,0.75,-0.57,1.5033296378371772,7.903904098608484,0.010190530630150636,0.015319726721593017,seq_hotel
14170,566.8,331,1.91,0.82,2.0509525226097387,9.118464783065184,0.00765661258175437,0.01570334888919459,seq_hotel
14180,567.2,329,2.59,-7.48,1.989228807854766,7.50461857791587,0.016955637917221482,0.03372864340049155,seq_hotel
14180,567.2,330,0.72,-1.15,1.5002083188676358,6.600439379314077,0.021919249928874764,0.03288344108663675,seq_hotel
14180,567.2,331,1.87,-0.01,2.076844060106407,7.50461857791587,0.016955637917221482,0.0352142158936964,seq_hotel
14180,567.2,332,-0.04,-6.8,0.0,7.053523941973969,0.019193717233637348,0.0,seq_hotel
14190,567.6,329,2.75,-6.71,1.9029582233986155,5.940117843948889,0.027063331686307836,0.05150038958502382,seq_hotel
14190,567.6,330,0.73,-1.77,1.57500000000009,5.337040378337042,0.03352512493158869,0.05280207176725521,seq_hotel
14190,567.6,331,1.84,-0.84,2.116194993378566,6.2494799783662,0.024450267783474297,0.05174153427015356,seq_hotel
14190,567.6,332,-0.04,-6.8,0.0,6.2494799783662,0.024450267783474297,0.0,seq_hotel
14200,568.0,329,2.85,-5.98,2.0461091124376716,4.414159036554981,0.04900895357157231,0.10027766649382888,seq_hotel
14200,568.0,330,0.72,-2.41,1.7521861345189185,4.455300214351441,0.04810801465772139,0.0842941962424923,seq_hotel
14200,568.0,331,1.77,-1.7,2.206949251795463,5.411663330252539,0.032606924737379576,0.07196182815251083,seq_hotel
14200,568.0,332,-0.04,-6.8,0.0,5.411663330252539,0.032606924737379576,0.0,seq_hotel
14210,568.4,329,2.9,-5.08,2.0795507327306275,3.40617087064052,0.08230733136970972,0.1711622712589824,seq_hotel
14210,568.4,330,0.8,-3.17,1.6663020434484008,3.725922704512266,0.06878657724122976,0.11461921421888241,seq_hotel
14210,568.4,331,1.7,-2.6,2.3016638003845395,4.546163217483507,0.046204187160162405,0.10634650501273794,seq_hotel
14210,568.4,332,-0.04,-6.8,0.14252192813740014,4.546163217483507,0.046204187160162405,0.006585109842087653,seq_hotel
14220,568.8,329,2.96,-4.32,1.937661283609527,3.9965234892341117,0.05978698354336736,0.11584692327578287,seq_hotel
14220,568.8,330,0.81,-3.74,1.4379890472460628,3.2356915798635693,0.09120888454792134,0.13115737699144153,seq_hotel
14220,568.8,331,1.7,-3.54,2.2128177737896397,3.774466849768322,0.06702860040650907,0.14832207833176675,seq_hotel
14220,568.8,332,-0.15,-6.83,0.02500000000006892,3.9965234892341117,0.05978698354336736,0.0014946745885883045,seq_hotel
14230,569.2,329,2.92,-3.53,1.9256492411649935,4.42417223896177,0.048787361280487815,0.09394734522821374,seq_hotel
14230,569.2,330,0.83,-4.32,1.5934435979976493,2.634862425251079,0.13754838437902375,0.21917559250367527,seq_hotel
14230,569.2,331,1.73,-4.37,2.2534695471648516,3.0181119926205517,0.10483364349010564,0.23623942312328985,seq_hotel
14230,569.2,332,-0.06,-6.8,0.02500000000006894,4.42417223896177,0.048787361280487815,0.0012196840320155588,seq_hotel
14240,569.6,329,2.92,-2.78,1.8751666592600247,5.094173141933832,0.03679797995234683,0.06900234513475956,seq_hotel
14240,569.6,330,0.92,-5.01,1.742932155879954,2.9954799281584243,0.10642374912808257,0.18548937450463632,seq_hotel
14240,569.6,331,1.8,-5.34,2.3375000000001336,2.794279871451677,0.12230144192512449,0.2858796204999948,seq_hotel
14240,569.6,332,-0.17,-6.83,0.1000000000000057,5.094173141933832,0.03679797995234683,0.003679797995234892,seq_hotel
14250,570.0,329,2.9,-2.03,1.8889894785308903,5.656368092689866,0.029846681728152406,0.05638006775354006,seq_hotel
14250,570.0,330,0.94,-5.71,1.5674920254981457,4.169412428628283,0.0549315266078792,0.08610472990628985,seq_hotel
14250,570.0,331,1.73,-6.24,2.275549384214852,4.36955375295922,0.05001464717704771,0.11381079958545402,seq_hotel
14250,570.0,332,-0.14,-6.8,0.16817030058843072,5.656368092689866,0.029846681728152406,0.005019325437790613,seq_hotel
14260,570.4,329,2.86,-1.27,1.9634949707092293,6.205304182713367,0.02479963170616821,0.04869395213050242,seq_hotel
14260,570.4,330,0.82,-6.26,1.4248903466583767,5.390890464478017,0.032858699200369275,0.0468200432943575,seq_hotel
14260,570.4,331,1.76,-7.16,2.2508678881712654,5.991836112578515,0.02659815605636918,0.05986893535184945,seq_hotel
14260,570.4,332,-0.07,-6.74,0.1956559480312424,6.205304182713367,0.02479963170616821,0.0048521954522959985,seq_hotel
14270,570.8,329,2.85,-0.46,1.9631368393465118,7.669765315835941,0.01623331557257459,0.031868219825258594,seq_hotel
14270,570.8,330,0.79,-6.84,1.4440611136650874,6.704326961000635,0.02124520909832188,0.03067938031057034,seq_hotel
14270,570.8,331,1.68,-8.04,2.1648109039819756,7.669765315835941,0.01623331557257459,0.03514205855928988,seq_hotel
14270,570.8,332,-0.07,-6.66,0.20000000000001156,6.8532036304198645,0.02033218766078243,0.0040664375321567215,seq_hotel
14280,571.2,329,2.82,0.3,1.9500400636908486,9.260437354682553,0.007423643820382567,0.014476402868316996,seq_hotel
14280,571.2,330,0.71,-7.41,1.5074813431680247,7.993509867386166,0.009963343240561745,0.01501955405072608,seq_hotel
14280,571.2,331,1.68,-8.89,2.1249999999995204,9.260437354682553,0.007423643820382567,0.015775243118309395,seq_hotel
14290,571.6,329,2.86,1.1,2.0024984394501923,9.398707357929599,0.003603411601241523,0.007215826108182869,seq_hotel
14290,571.6,330,0.67,-8.04,1.57817141020875,9.398707357929599,0.003603411601241523,0.005686801168293905,seq_hotel
14340,573.6,333,0.52,-4.89,1.0407329148249913,6.031401163908764,0.008750113700767798,0.009106531336850162,seq_hotel
14340,573.6,334,0.65,1.14,1.353698637068165,6.031401163908764,0.008750113700767798,0.011845016990920845,seq_hotel
14350,574.0,333,0.35,-4.51,0.5711829829398254,5.121298663425128,0.012136401063905362,0.006932105761835535,seq_hotel
14350,574.0,334,0.69,0.6,1.3569842482505865,5.121298663425128,0.012136401063905362,0.016468905074171234,seq_hotel
14360,574.4,333,0.34,-4.47,0.4177693741767334,4.549428535541579,0.015379295182646564,0.006424998523733506,seq_hotel
14360,574.4,334,0.76,0.06,1.41697300609441,4.549428535541579,0.015379295182646564,0.021792046126567977,seq_hotel
14370,574.8,333,0.14,-4.25,0.8079681305595268,3.774652301868345,0.022340671405375545,0.018050550510845954,seq_hotel
14370,574.8,334,0.78,-0.53,1.5132745950420137,3.774652301868345,0.022340671405375545,0.03380757047393637,seq_hotel
14380,575.2,333,-0.03,-3.94,0.8889952193346532,2.9567718883945036,0.03640948083314736,0.032367854399124686,seq_hotel
14380,575.2,334,0.92,-1.14,1.5291439598676033,2.9567718883945036,0.03640948083314736,0.05567533769792256,seq_hotel
14390,575.6,333,-0.19,-3.62,0.5900211860603303,6.693526723633813,0.014209216115053606,0.008383738545191487,seq_hotel
14390,575.6,334,0.96,-1.74,1.3877252069484864,4.691801359819062,0.028920173187097685,0.04013325332105121,seq_hotel
14390,575.6,335,1.09,2.95,1.6298006013007553,6.693526723633813,0.014209216115053606,0.02315818896832675,seq_hotel
14400,576.0,333,-0.31,-3.56,0.4550068680800581,6.121021156637183,0.025487287673956804,0.011596890940382553,seq_hotel
14400,576.0,334,0.94,-2.25,1.5101738310539814,4.605702986515739,0.04501730859405408,0.06798396138322198,seq_hotel
14400,576.0,335,1.32,2.34,1.547427300392582,7.7880549561491925,0.015743937866240402,0.024362599269904934,seq_hotel
14400,576.0,336,3.15,-5.23,1.6250000000000933,7.7880549561491925,0.015743937866240402,0.025583899032642122,seq_hotel
14410,576.4,333,-0.53,-3.49,0.4192627457812344,5.499245402780276,0.03157658658578625,0.013238886394355637,seq_hotel
14410,576.4,334,1.1,-2.94,1.5861214486918347,4.661812952060604,0.04394016604400654,0.06969443982147941,seq_hotel
14410,576.4,335,1.23,1.72,1.6757461024869842,6.586076221848636,0.022014958792139785,0.03689148139233981,seq_hotel
14410,576.4,336,3.15,-4.58,1.5750000000000899,6.586076221848636,0.022014958792139785,0.03467356009762214,seq_hotel
14420,576.8,333,-0.61,-3.41,0.406970514902423,4.797937056694262,0.04148224857088002,0.016882052060201342,seq_hotel
14420,576.8,334,1.09,-3.51,1.4481129962815804,4.514000443065995,0.04686495315865432,0.06786574773917482,seq_hotel
14420,576.8,335,1.28,1.0,1.7660425391251202,5.3101600729168235,0.033865395830574435,0.05980772964110494,seq_hotel
14420,576.8,336,3.15,-3.97,1.5887298385815978,5.3101600729168235,0.033865395830574435,0.05380296485141044,seq_hotel
14430,577.2,333,-0.75,-3.25,0.804382527159819,4.1777745271854965,0.0547118483396952,0.04400925483306877,seq_hotel
14430,577.2,334,0.96,-4.09,1.4219814520589242,4.433926025544404,0.04857295170075699,0.06906983639023041,seq_hotel
14430,577.2,335,1.42,0.32,1.7439628006352377,4.433926025544404,0.04857295170075699,0.08470942088317229,seq_hotel
14430,577.2,336,3.2,-3.31,1.637547709228507,4.04293210430252,0.0584222778750694,0.09566926730223117,seq_hotel
14440,577.6,333,-0.96,-2.87,0.8400148808206198,4.1053745261547085,0.05665859693198522,0.047594064549285095,seq_hotel
14440,577.6,334,0.8,-4.61,1.4036782038630597,4.262440615422109,0.052559920441611355,0.07377721472066634,seq_hotel
14440,577.6,335,1.4,-0.39,1.7365554986813243,4.262440615422109,0.052559920441611355,0.09127321885313314,seq_hotel
14440,577.6,336,3.14,-2.66,1.5665447647610586,4.1053745261547085,0.05665859693198522,0.08875822840250842,seq_hotel
14450,578.0,333,-1.15,-2.71,0.6020797289396496,4.309303888100722,0.051422968026632716,0.03096072665074729,seq_hotel
14450,578.0,334,0.43,-5.08,1.3723269471959705,4.181255792223192,0.0546207813664422,0.07495757014606817,seq_hotel
14450,578.0,335,1.58,-1.06,1.6331047884322376,3.7277338960821766,0.06871975090323632,0.11222655425994581,seq_hotel
14450,578.0,336,3.11,-2.06,1.5377032385997857,4.309303888100722,0.051422968026632716,0.07907326447296636,seq_hotel
14450,578.0,337,1.34,2.66,1.5500000000000884,5.919206027838531,0.027254892215411487,0.04224508293389021,seq_hotel
14460,578.4,333,-1.32,-2.55,0.47860474297694344,4.579082877607699,0.04554223858028289,0.02179673139031093,seq_hotel
14460,578.4,334,0.07,-5.43,1.3798777119731354,5.030159043211258,0.03774052597772442,0.05207731063480505,seq_hotel
14460,578.4,335,1.53,-1.69,1.6375477092287434,3.734836007109281,0.06845864639410512,0.11210429957956741,seq_hotel
14460,578.4,336,3.12,-1.43,1.6173377043772574,4.579082877607699,0.04554223858028289,0.0736571795976361,seq_hotel
14460,578.4,337,1.34,2.04,1.4519383595732431,5.3050636188456775,0.033930494517471835,0.049264986549206975,seq_hotel
14470,578.8,333,-1.4,-2.42,0.18582585934151802,3.634184915493431,0.07230317010678733,0.013435798718209713,seq_hotel
14470,578.8,334,-0.32,-5.89,1.460575657061169,5.7181203205249185,0.029205510569851333,0.04265685779036753,seq_hotel
14470,578.8,335,1.59,-2.37,1.7699752823131178,3.510128202786901,0.07750423330503792,0.13718057722454624,seq_hotel
14470,578.8,336,3.01,-0.77,1.5709272739371696,4.2432299018554245,0.053036915220848226,0.08331713664592388,seq_hotel
14470,578.8,337,1.28,1.5,1.4285044627160233,3.8823961673172924,0.0633536561103544,0.09050098048301752,seq_hotel
14470,578.8,338,-1.2,-0.24,0.04999999999998868,3.510128202786901,0.07750423330503792,0.0038752116652510183,seq_hotel
14480,579.2,333,-1.37,-2.41,0.19764235376054123,3.8425121990697697,0.0646756604210914,0.01278264975664198,seq_hotel
14480,579.2,334,-0.8,-6.21,1.2278665440509382,5.982081577511292,0.026684970045000946,0.03276558194725812,seq_hotel
14480,579.2,335,1.66,-3.1,1.8494931738180158,3.96531209364408,0.060731867089258394,0.11232317361480641,seq_hotel
14480,579.2,336,2.99,-0.18,1.5150288776124508,4.170431632337353,0.05490468066990784,0.08318217673100049,seq_hotel
14480,579.2,337,1.26,0.9,1.5249999999998771,4.019950248448356,0.059092181841050265,0.0901155773075944,seq_hotel
14480,579.2,338,-1.18,-0.24,0.03535533905932443,4.03053346345121,0.058782265441568685,0.0020782669253618696,seq_hotel
14490,579.6,333,-1.27,-2.33,0.17765838004440923,3.648917647741588,0.07172049168216633,0.012741746368242197,seq_hotel
14490,579.6,334,-1.12,-6.46,1.4055692796871395,6.200290315783609,0.0248397563847135,0.03491399848926578,seq_hotel
14490,579.6,335,1.83,-3.83,1.991309242684433,4.146637191749479,0.055536602104810345,0.11059054907859657,seq_hotel
14490,579.6,336,2.94,0.44,1.7960460044220379,4.411915683691157,0.04905880598774065,0.08811187247599754,seq_hotel
14490,579.6,337,1.28,0.28,1.6379293330300622,3.648917647741588,0.07172049168216633,0.11747309710555882,seq_hotel
14490,579.6,338,-1.18,-0.26,0.025000000000001465,4.179042952638797,0.054678641038419434,0.001366966025960566,seq_hotel
14500,580.0,333,-1.26,-2.32,0.017677669529665038,3.9621458832304497,0.06082896936996751,0.0010753144183524026,seq_hotel
14500,580.0,334,-1.68,-6.91,1.5637495003996889,6.668770501374298,0.02147236288833261,0.03357739673903094,seq_hotel
14500,580.0,335,1.93,-4.67,1.9914269381527532,4.317128675404521,0.051236728900253915,0.10203420215479533,seq_hotel
14500,580.0,336,2.85,1.25,1.8209286779004765,5.4439875091700936,0.03222086103692587,0.0586718898887844,seq_hotel
14500,580.0,337,1.23,-0.41,1.4633544512524106,3.138184188348415,0.09696489292981174,0.1418940076840534,seq_hotel
14500,580.0,338,-1.18,-0.26,0.0,4.303603141554761,0.05155929261656346,0.0,seq_hotel
14510,580.4,333,-1.26,-2.32,0.0,4.448156921692399,0.04826265199060816,0.0,seq_hotel
14510,580.4,334,-2.09,-7.25,1.2909541045289685,7.048985742644115,0.019218439358869348,0.024810123172973462,seq_hotel
14510,580.4,335,1.93,-5.42,1.8104730044936794,4.570886128531316,0.04570572242145081,0.08274897659491817,seq_hotel
14510,580.4,336,2.8,1.89,1.446655625918013,5.848734905943335,0.027915634741633385,0.04038431005005627,seq_hotel
14510,580.4,337,1.32,-0.89,1.5656967298938447,3.1494126436527807,0.09627471655355208,0.1507370088793533,seq_hotel
14510,580.4,338,-1.18,-0.26,0.0,4.523593704125073,0.04666638934615192,0.0,seq_hotel
14520,580.8,333,-1.26,-2.32,0.0,5.097528813062267,0.03674954814165866,0.0,seq_hotel
14520,580.8,334,-2.43,-7.62,1.3412331080015978,7.036277424888817,0.019287923427390708,0.02586960148541607,seq_hotel
14520,580.8,335,2.16,-6.1,1.776583800443839,5.097528813062267,0.03674954814165866,0.06528865190210176,seq_hotel
14520,580.8,336,2.72,2.4,1.3753408668397848,6.17404243587619,0.025051409240358355,0.034454226900192654,seq_hotel
14520,580.8,337,1.31,-1.66,1.774999999999891,4.2978715662523,0.051696901668572576,0.0917620004617107,seq_hotel
14520,580.8,338,-1.18,-0.26,0.0,4.720762650250487,0.04284962749718975,0.0,seq_hotel
14530,581.2,333,-1.26,-2.32,0.0,5.703621656456536,0.02935418069832352,0.0,seq_hotel
14530,581.2,334,-2.77,-8.08,1.4300349646071837,7.072552580221656,0.019090575129473063,0.027300189929606793,seq_hotel
14530,581.2,335,2.27,-6.8,1.922116346634496,5.703621656456536,0.02935418069832352,0.056422150562310446,seq_hotel
14530,581.2,336,2.65,2.98,1.4775930596749718,6.586205280736397,0.022014096019682097,0.03252787549370069,seq_hotel
14530,581.2,337,1.32,-2.31,1.7784297849506532,4.589400832352738,0.04533769138431968,0.08062990073877473,seq_hotel
14530,581.2,338,-1.18,-0.26,0.0,5.016622369682613,0.037944476131022274,0.0,seq_hotel
14540,581.6,335,2.54,-7.59,1.9373387029635354,11.170541616233297,0.007652845052943733,0.01482615290885092,seq_hotel
14540,581.6,336,2.65,3.58,1.5000000000000855,11.170541616233297,0.007652845052943733,0.011479267579416254,seq_hotel
14540,581.6,337,1.5,-3.07,1.7922140636654889,6.748703579206898,0.020966728698021124,0.037576866041652265,seq_hotel
14540,581.6,338,-1.18,-0.26,0.0,8.219933089752008,0.014133014913299366,0.0,seq_hotel
14550,582.0,335,2.66,-8.3,1.8001736027395736,4.705613668800277,0.014375322280099655,0.025878075699509458,seq_hotel
14550,582.0,337,1.58,-3.72,1.8456028825292803,4.705613668800277,0.014375322280099655,0.026531136237439308,seq_hotel
14800,592.0,340,2.42,-9.19,1.783605898173796,0.8205485969764373,0.4727608587313097,0.8432190560588726,seq_hotel
14800,592.0,341,1.6,-9.16,1.7507141400012574,0.8205485969764373,0.4727608587313097,0.8276691202200408,seq_hotel
14810,592.4,340,2.35,-8.48,1.7507141400012591,0.7302739212103907,0.5968683408659118,1.0449458440730433,seq_hotel
14810,592.4,341,1.62,-8.46,1.7126824720304508,0.7302739212103907,0.5968683408659118,1.0222459455109436,seq_hotel
14820,592.8,340,2.38,-7.79,1.6930925845917428,0.7599999999999998,0.5510905231713831,0.9330472782202527,seq_hotel
14820,592.8,341,1.62,-7.79,1.7272177772358184,0.7599999999999998,0.5510905231713831,0.9518533484878006,seq_hotel
14830,593.2,340,2.46,-7.13,1.7379046291438338,0.771621668954417,0.5346151934561484,0.9291102195180665,seq_hotel
14830,593.2,341,1.69,-7.08,1.8128878895286038,0.771621668954417,0.5346151934561484,0.9691974097746431,seq_hotel
14840,593.6,340,2.41,-6.4,1.7753960825687192,0.7623647421018369,0.5476770237160883,0.9723436424184386,seq_hotel
14840,593.6,341,1.65,-6.34,1.7041310102220213,0.7623647421018369,0.5476770237160883,0.9333133997006875,seq_hotel
14850,594.0,340,2.43,-5.71,1.72518114990871,0.5503635162326808,1.0508745004416982,1.81294887908175,seq_hotel
14850,594.0,341,1.88,-5.73,1.6716851527725902,0.5503635162326808,1.0508745004416982,1.7567312998156996,seq_hotel
14860,594.4,340,2.39,-5.02,1.7045893933731766,0.6000833275471,0.8839485870141366,1.5067693857115037,seq_hotel
14860,594.4,341,1.79,-5.01,1.8043350575767163,0.6000833275471,0.8839485870141366,1.5949394246450093,seq_hotel
14870,594.8,340,2.53,-4.35,1.6760258052904644,0.7523961722390669,0.5622856141738048,0.9424051992988947,seq_hotel
14870,594.8,341,1.78,-4.29,1.8073201846931894,0.7523961722390669,0.5622856141738048,1.0162301400589244,seq_hotel
14880,595.2,340,2.56,-3.69,1.719056790801154,7.006083071160375,0.012969688875008791,0.022295631735162042,seq_hotel
14880,595.2,341,1.92,-3.57,1.803208945186169,6.827503203953844,0.01365703107956231,0.02462648060735228,seq_hotel
14880,595.2,343,1.6,3.25,1.5268431484603333,7.006083071160375,0.012969688875008791,0.01980268059646938,seq_hotel
14890,595.6,340,2.65,-2.98,1.7897276329096454,5.722831467027489,0.019438296846720732,0.03478925700327652,seq_hotel
14890,595.6,341,1.97,-2.86,1.7653346000122334,5.514526271584895,0.020934553514224966,0.03695649165446903,seq_hotel
14890,595.6,343,1.57,2.64,1.552467793546866,5.722831467027489,0.019438296846720732,0.03017732981593754,seq_hotel
14900,596.0,340,2.86,-2.29,1.75044637164363,4.5009887802570665,0.03142420231935502,0.05500638093171034,seq_hotel
14900,596.0,341,2.0,-2.16,1.7089836160713572,4.196403221807933,0.03615144819177852,0.06178223265700198,seq_hotel
14900,596.0,343,1.53,2.01,1.6039502018455225,4.5009887802570665,0.03142420231935502,0.05040285565296402,seq_hotel
14910,596.4,340,2.94,-1.61,1.654633645252118,3.3094561486745824,0.05812552133006906,0.09617644324055191,seq_hotel
14910,596.4,341,2.11,-1.5,1.6194134740702573,2.928566202085929,0.07422838831313255,0.12020645219280607,seq_hotel
14910,596.4,343,1.48,1.36,1.6132750075546005,3.3094561486745824,0.05812552133006906,0.09377245086288226,seq_hotel
14920,596.8,340,3.05,-0.98,1.5674920254979308,2.3072927859289982,0.11958444893823382,0.187447670084246,seq_hotel
14920,596.8,341,2.2,-0.88,1.5538762016324206,1.7504570831642805,0.2077672962264878,0.3228446570838528,seq_hotel
14920,596.8,343,1.49,0.72,1.612693786805029,2.3072927859289982,0.11958444893823382,0.19285309780119295,seq_hotel
14930,597.2,340,3.23,-0.39,1.6033656008532908,1.8287974190707947,0.19034826502244923,0.30519786031910073,seq_hotel
14930,597.2,341,2.29,-0.27,1.5495967217310438,0.9476286192385707,0.7089307041955251,1.098556695155866,seq_hotel
14930,597.2,343,1.46,0.07,1.6374999999998638,1.8287974190707947,0.19034826502244923,0.3116952839742347,seq_hotel
14940,597.6,340,3.23,0.29,1.6405505935509292,1.9498717906570164,0.16744339094360372,0.27469935439870935,seq_hotel
14940,597.6,341,2.42,0.34,1.5811882399007033,1.3152186130069783,0.368030854646538,0.581926059287711,seq_hotel
14940,597.6,343,1.49,-0.59,1.6376908285754992,1.9498717906570164,0.16744339094360372,0.2742205056539216,seq_hotel
14950,598.0,340,3.31,0.92,1.5225903093085358,3.5382764165621654,0.0762759923439919,0.11613708677585415,seq_hotel
14950,598.0,341,2.54,0.97,1.5149773100611972,3.203248351283428,0.0930658095422747,0.14099258979902302,seq_hotel
14950,598.0,343,1.48,-1.24,1.637500000000093,5.293061495958648,0.03408454512702771,0.055813442645511045,seq_hotel
14950,598.0,344,1.66,4.05,1.156773530125993,5.293061495958648,0.03408454512702771,0.03942809958933055,seq_hotel
14960,598.4,340,3.37,1.5,1.5532224567009953,3.8851512197081854,0.06326383682368111,0.09826281205160887,seq_hotel
14960,598.4,341,2.59,1.54,1.4715000849474138,3.611592446553182,0.07321059052342699,0.10772939017427315,seq_hotel
14960,598.4,343,1.49,-1.9,1.6386923140114813,5.49440624635638,0.031632232755896175,0.05183549669210928,seq_hotel
14960,598.4,344,1.71,3.59,1.101774137471078,5.49440624635638,0.031632232755896175,0.034851575960911894,seq_hotel
14960,598.4,345,2.07,-10.06,1.5518134552839402,11.632867230395092,0.007056638003654737,0.010950585803139424,seq_hotel
14970,598.8,340,3.39,2.16,1.5301143748098367,5.0639609003229875,0.03723837272122869,0.05697896939527851,seq_hotel
14970,598.8,341,2.67,2.14,1.707748883764622,4.826561923357039,0.04099167050362824,0.0700034795462183,seq_hotel
14970,598.8,343,1.53,-2.55,1.675046641141516,5.722831467027489,0.0291574452700811,0.04884008076391693,seq_hotel
14970,598.8,344,1.71,3.17,0.9624999999999426,5.722831467027489,0.0291574452700811,0.028064041072451387,seq_hotel
14970,598.8,345,2.1,-9.44,1.5945708670358707,11.67150804309366,0.007009990585743434,0.011177926766222198,seq_hotel
14980,599.2,340,3.27,2.72,1.43178210632731,6.22299766993368,0.024658809487016934,0.03530604218684496,seq_hotel
14980,599.2,341,2.72,2.9,1.904107402432528,6.263960408559428,0.024337354820205624,0.04634093746878049,seq_hotel
14980,599.2,343,1.48,-3.24,1.818696305049177,6.22299766993368,0.024658809487016934,0.04484688570094929,seq_hotel
14980,599.2,344,1.71,2.82,0.9250844556038544,6.0643631157772875,0.025965756897784503,0.024020518084129003,seq_hotel
14980,599.2,345,2.19,-8.79,1.6652702483379545,11.619918244118587,0.007072374297256918,0.011777414502331994,seq_hotel
14990,599.6,343,1.41,-4.0,1.8503800285347836,6.437468446524612,0.015362075537935409,0.028425677772238422,seq_hotel
14990,599.6,344,1.72,2.43,1.0511898020814914,10.56485210497525,0.005703655407845118,0.005995624399313738,seq_hotel
14990,599.6,345,2.28,-8.12,1.7132297715135394,10.56485210497525,0.005703655407845118,0.009771672251174455,seq_hotel
15000,600.0,343,1.45,-4.72,1.7501785623188142,6.706713054842886,0.014153396451035602,0.024770971052601697,seq_hotel
15000,600.0,344,1.75,1.98,0.9750000000000556,9.429750792041114,0.007159450522688672,0.006980464259621853,seq_hotel
15000,600.0,345,2.36,-7.43,1.7148250639643479,9.429750792041114,0.007159450522688672,0.012277205200519186,seq_hotel
15010,600.4,343,1.43,-5.4,1.5626999872017269,8.302602001782333,0.013852971551463911,0.02164803846617854,seq_hotel
15010,600.4,344,1.72,1.65,0.9676808616481505,8.442493707430287,0.01339768895361774,0.012964687190730722,seq_hotel
15010,600.4,345,2.46,-6.76,1.7148250639643479,9.621876116433842,0.010314587397468928,0.01768771299363051,seq_hotel
15010,600.4,346,2.27,2.86,1.3400093283258154,9.621876116433842,0.010314587397468928,0.013821643330440258,seq_hotel
15020,600.8,343,1.47,-5.97,1.6891658444330597,8.346520233007286,0.013707570273358732,0.02315435951592351,seq_hotel
15020,600.8,344,1.83,1.21,1.1250694423011276,7.314540313649245,0.017848318462714306,0.020080597698858903,seq_hotel
15020,600.8,345,2.54,-6.07,1.7587282336959995,8.402148534749907,0.013526663067101045,0.02378972424380353,seq_hotel
15020,600.8,346,2.35,2.33,1.248123591636581,8.402148534749907,0.013526663067101045,0.016882947290168045,seq_hotel
15030,601.2,343,1.37,-6.75,1.9659603251333035,8.681319024203638,0.01267068078480908,0.02491005571536356,seq_hotel
15030,601.2,344,1.73,0.75,1.0872126057031093,7.5086350290848465,0.016937503255634524,0.01841466704866331,seq_hotel
15030,601.2,345,2.6,-5.36,1.7768036610721683,7.23276572273705,0.018254190812426227,0.03243411306542886,seq_hotel
15030,601.2,346,2.4,1.87,1.2390772776545447,8.681319024203638,0.01267068078480908,0.015699952652870986,seq_hotel
15040,601.6,344,1.7,0.35,1.0627940769500592,5.112778109795104,0.024353771824088346,0.025883044446034335,seq_hotel
15040,601.6,345,2.72,-4.66,1.743021801355435,6.008527273800128,0.017633724416315295,0.030735966096731203,seq_hotel
15040,601.6,346,2.4,1.34,1.3259430606176874,6.008527273800128,0.017633724416315295,0.023381314522657945,seq_hotel
15050,602.0,344,1.71,-0.1,1.0811596783084971,4.030198506277327,0.03919469123395914,0.042375719765908135,seq_hotel
15050,602.0,345,2.8,-3.98,1.711815556653325,4.803509133956133,0.027590710305134474,0.0472302071194444,seq_hotel
15050,602.0,346,2.44,0.81,1.2630568079069848,4.803509133956133,0.027590710305134474,0.0348486344858895,seq_hotel
15060,602.4,344,1.54,-0.5,1.0285001215362692,3.1439147571141306,0.06440781978992545,0.06624345048182445,seq_hotel
15060,602.4,345,2.95,-3.31,1.6694404002540248,3.6769552621700474,0.04708726126979152,0.07860937630110659,seq_hotel
15060,602.4,346,2.43,0.33,1.3380255976625426,3.6769552621700474,0.04708726126979152,0.06300396090280509,seq_hotel
15070,602.8,344,1.42,-0.87,1.0920164833919506,2.435077000835908,0.10736302151369086,0.11724218919971502,seq_hotel
15070,602.8,345,3.06,-2.67,1.7077946305101859,2.481169079285005,0.10341115824170452,0.17660502078002213,seq_hotel
15070,602.8,346,2.47,-0.26,1.3749999999999112,2.481169079285005,0.10341115824170452,0.14219034258233454,seq_hotel
15080,603.2,344,1.3,-1.34,1.2105009293675693,1.9606121493043953,0.1656138845909421,0.20047576121350877,seq_hotel
15080,603.2,345,3.16,-1.96,1.6871758948015507,1.9606121493043953,0.1656138845909421,0.2794197539262835,seq_hotel
15080,603.2,346,2.43,-0.77,1.3297673668727688,1.3960659010233005,0.3266391854117914,0.4343541295025039,seq_hotel
15090,603.6,344,1.15,-1.8,1.1763954479681384,2.188880992653552,0.1328727192284984,0.15631086205955405,seq_hotel
15090,603.6,345,3.29,-1.34,1.63372656830949,2.188880992653552,0.1328727192284984,0.21707769160712503,seq_hotel
15090,603.6,346,2.38,-1.32,1.3786315678963024,1.320340865079923,0.36518084802821177,0.5034498450828349,seq_hotel
15100,604.0,344,1.06,-2.25,1.1918997441060895,3.853790341988002,0.06429766683621216,0.07663637264869987,seq_hotel
15100,604.0,345,3.37,-0.67,1.669253201285029,4.338478996146,0.05073368213146952,0.08468736131093256,seq_hotel
15100,604.0,346,2.35,-1.87,1.4108951059523265,3.4279439902075417,0.08126507629704971,0.11465649843234985,seq_hotel
15100,604.0,347,3.77,-4.99,1.3536986370681654,3.4279439902075417,0.08126507629704971,0.11000842302455667,seq_hotel
15100,604.0,348,3.84,-8.15,1.4108951059523274,3.1607752213657965,0.09558377043705242,0.13485867391810802,seq_hotel
15100,604.0,349,3.04,-7.88,1.5380588415272904,2.9807717121577757,0.10747660760285563,0.1653053465809313,seq_hotel
15100,604.0,350,2.5,-8.95,0.8403868156986253,4.158665651383866,0.05521580031520844,0.04640263060314917,seq_hotel
15110,604.4,344,0.99,-2.74,1.2502499750050702,3.648191332701727,0.07174905205768688,0.0897042505417605,seq_hotel
15110,604.4,345,3.41,-0.01,1.6432627604860723,4.457981606063444,0.04805015993837915,0.0789590384621382,seq_hotel
15110,604.4,346,2.24,-2.44,1.4453048986287413,2.6969983314789054,0.13128346373991204,0.1897446332522436,seq_hotel
15110,604.4,347,3.81,-4.45,1.4534441853749462,3.140254766734699,0.0968370643077285,0.14074726804684773,seq_hotel
15110,604.4,348,3.77,-7.59,1.465968110158009,3.140254766734699,0.0968370643077285,0.14196004815645033,seq_hotel
15110,604.4,349,2.96,-7.27,1.5680900006059213,2.9453183189597687,0.11007961573636264,0.1726147447067325,seq_hotel
15110,604.4,350,2.63,-8.64,0.7637285185195473,4.352987479880915,0.05039605554800496,0.03848890484290664,seq_hotel
15120,604.8,344,0.86,-3.23,1.1631046814452326,3.948189458473339,0.061259777174489174,0.07125153361594017,seq_hotel
15120,604.8,345,3.48,0.64,1.6744868616980795,4.673467663309547,0.043721283007484534,0.07321071397261635,seq_hotel
15120,604.8,346,2.23,-3.02,1.437717374868808,3.672710170977285,0.07079426328149073,0.10178214236083609,seq_hotel
15120,604.8,347,3.69,-3.83,1.4108951059521724,2.9328654929948623,0.11101638728988134,0.15663247750778453,seq_hotel
15120,604.8,348,3.61,-7.0,1.5495967217310336,3.171009303045325,0.09496779395456847,0.14716178218202758,seq_hotel
15120,604.8,349,2.85,-6.64,1.552115491836747,2.9328654929948623,0.11101638728988134,0.17231025456037297,seq_hotel
15120,604.8,350,2.72,-8.38,0.8163370933626783,4.652246769035367,0.044121055774571996,0.03601765442710672,seq_hotel
15130,605.2,344,0.96,-3.67,1.1159357060331867,2.9942945746869998,0.10650802589299023,0.11885610907309498,seq_hotel
15130,605.2,345,3.57,1.32,1.6904603662906428,5.631358628253044,0.030112375002408282,0.0509037764764523,seq_hotel
15130,605.2,346,2.22,-3.59,1.4526376871056534,2.5154323684011066,0.15091975512080347,0.21923172401723554,seq_hotel
15130,605.2,347,3.67,-3.33,1.3764197215964973,2.849298159196401,0.11762390325200124,0.1618998601672129,seq_hotel
15130,605.2,348,3.55,-6.37,1.5722694584579229,3.042367499169027,0.10316871851246456,0.16220902518539054,seq_hotel
15130,605.2,349,2.79,-6.04,1.507481343168004,2.5154323684011066,0.15091975512080347,0.22750871516009508,seq_hotel
15130,605.2,350,2.76,-8.0,0.8408515029420058,4.442938216991093,0.04837609784096882,0.04067711457604816,seq_hotel
15140,605.6,344,0.93,-4.12,1.1250694423012946,3.0180291582421797,0.10483939820512402,0.11795160326984222,seq_hotel
15140,605.6,345,3.56,1.99,1.575198400202426,6.326839653413069,0.023856005499810685,0.03757794169852207,seq_hotel
15140,605.6,346,2.16,-4.18,1.5074813431682192,2.044749373395185,0.2283974308900674,0.34430486589432935,seq_hotel
15140,605.6,347,3.74,-2.73,1.4526376871058526,3.0320455141702607,0.10387234818306505,0.15088888761890143,seq_hotel
15140,605.6,348,3.47,-5.75,1.570927273937365,2.0652602741543253,0.22388335135896006,0.3517044628302924,seq_hotel
15140,605.6,349,2.73,-5.44,1.5399878246272827,2.232129028528593,0.19166057694110714,0.2951549549503455,seq_hotel
15140,605.6,350,2.85,-7.72,0.855314269727849,3.6066189152723083,0.07341264470670233,0.06279088259610315,seq_hotel
15140,605.6,351,0.82,3.36,1.7501785623188126,7.480808779804494,0.01706374194418355,0.029864595343650387,seq_hotel
15150,606.0,344,0.95,-4.57,1.2772651447527195,2.530494022913312,0.14912853461463788,0.1904766793513264,seq_hotel
15150,606.0,345,3.55,2.58,1.475211849193277,7.436464213589681,0.01726785516629667,0.025473744551474192,seq_hotel
15150,606.0,346,2.1,-4.79,1.638692314011483,1.3606248564538277,0.5158157287048951,0.845263270074944,seq_hotel
15150,606.0,347,3.74,-2.17,1.3375000000000763,3.090954545120326,0.09995077020633995,0.1336841551509873,seq_hotel
15150,606.0,348,3.42,-5.12,1.6132750075546,2.2968238939892625,0.1810155928557782,0.292027931931906,seq_hotel
15150,606.0,349,2.72,-4.81,1.6142432437524077,1.7861970775925036,0.299304077276719,0.48314958457149215,seq_hotel
15150,606.0,350,3.07,-7.39,0.8563184279227454,2.775049549107186,0.12400234499232202,0.10618549312255911,seq_hotel
15150,606.0,351,0.81,2.66,1.789072734686984,7.231355336311444,0.018261312015133566,0.03267081542588729,seq_hotel
15160,606.4,344,0.72,-5.12,1.1742683892535626,2.7892113580723854,0.12274633450536292,0.1441371405063915,seq_hotel
15160,606.4,346,2.11,-5.49,1.481395035093695,1.6743058263053383,0.34064483235878124,0.5046295633866226,seq_hotel
15160,606.4,347,3.74,-1.66,1.4000558024593956,4.16242717654015,0.0551160499689118,0.07716554556761696,seq_hotel
15160,606.4,348,3.43,-4.46,1.7016536075242605,2.6974246977441285,0.1312419645897351,0.223328362502694,seq_hotel
15160,606.4,349,2.79,-4.15,1.5291439598678291,2.286000874890471,0.18273367877671787,0.27942610116584626,seq_hotel
15160,606.4,350,3.23,-7.15,0.7661796460361407,3.0320949853195565,0.10386895868336363,0.07958228199816207,seq_hotel
15160,606.4,351,0.88,1.93,1.839582153642611,6.8800145348683674,0.02017403038266663,0.037111786258997345,seq_hotel
15170,606.8,344,0.76,-5.49,1.1377746921072045,2.9342119896149286,0.1109145208315569,0.12619573478934276,seq_hotel
15170,606.8,346,1.99,-5.97,1.364562658876302,2.46454864021792,0.15721594641938955,0.21453100986379645,seq_hotel
15170,606.8,347,3.73,-1.05,1.3880066642490516,3.624927585483605,0.07267293692980814,0.10087052076912471,seq_hotel
15170,606.8,348,3.36,-3.76,1.7286645857422773,2.735141678231678,0.12764732770369897,0.2206594148660235,seq_hotel
15170,606.8,349,2.63,-3.59,1.5934435979975698,2.665876966403364,0.1343665534271443,0.2141055243434815,seq_hotel
15170,606.8,350,3.36,-6.85,0.8381527307119315,3.09,0.10001253218455736,0.08382577695590168,seq_hotel
15170,606.8,351,0.88,1.19,1.8395821536423511,5.536506118483027,0.03115299559100027,0.05730849472170294,seq_hotel
15180,607.2,344,0.74,-6.03,1.2426031144334337,3.6106647587390337,0.0732482153388744,0.09101846050677614,seq_hotel
15180,607.2,346,2.05,-6.58,1.5899095886243457,3.7124789561693143,0.06928566359886609,0.110157940910038,seq_hotel
15180,607.2,347,3.71,-0.55,1.2380680514413294,2.938996427354072,0.110553695839329,0.13687299878743545,seq_hotel
15180,607.2,348,3.34,-3.08,1.6787737340092912,3.4311805548528045,0.08111183713168879,0.13616842169391866,seq_hotel
15180,607.2,349,2.54,-2.9,1.6033656008532293,3.6106647587390337,0.0732482153388744,0.11744366879824109,seq_hotel
15180,607.2,350,3.43,-6.51,0.7315437444198771,3.4311805548528045,0.08111183713168879,0.059336857052090845,seq_hotel
15180,607.2,351,0.95,0.46,1.97642353760511,4.271264449785333,0.05234298188149179,0.1034519014190182,seq_hotel
15190,607.6,344,0.85,-6.48,1.1581234821901132,4.457084248698918,0.04806951003500383,0.05567042834891123,seq_hotel
15190,607.6,346,1.92,-7.24,1.6817030058843097,4.948464408278592,0.03899693549519025,0.06558126364253798,seq_hotel
15190,607.6,347,3.7,-0.06,1.3101168840985888,2.779658252375641,0.12359149143226193,0.16191929965633245,seq_hotel
15190,607.6,348,3.27,-2.42,1.6343959128682082,3.090275068662982,0.09999472853372554,0.16343097562388703,seq_hotel
15190,607.6,349,2.45,-2.32,1.5924136554301112,2.5826536740337445,0.14316571843771042,0.2279790450296725,seq_hotel
15190,607.6,350,3.53,-6.29,0.6041522986797621,3.8787240169932176,0.06347367200979574,0.03834776485036337,seq_hotel
15190,607.6,351,0.94,-0.39,2.0138970306349977,3.090275068662982,0.09999472853372554,0.20137908687322253,seq_hotel
15200,608.0,347,3.84,0.49,1.3297673668729433,3.2708561570328953,0.08925827532377174,0.11869274174891216,seq_hotel
15200,608.0,348,3.2,-1.78,1.6413599544281277,2.358495283014151,0.17167274760474108,0.2817767731850693,seq_hotel
15200,608.0,349,2.44,-1.63,1.6704228506579752,2.540551121312067,0.14795018259658094,0.2471393657683487,seq_hotel
15200,608.0,351,1.01,-1.15,1.9432977769761457,3.2708561570328953,0.08925827532377174,0.1734554080134104,seq_hotel
15210,608.4,347,3.79,1.0,1.2202714861866473,4.012044366653988,0.05932529795616267,0.07239296950543228,seq_hotel
15210,608.4,348,3.18,-1.11,1.7824228594809826,2.276686188300882,0.18423198706449018,0.32837930519135194,seq_hotel
15210,608.4,349,2.32,-0.99,1.4960364300378028,2.4740654801358835,0.15600876630474955,0.23339479779715938,seq_hotel
15210,608.4,351,1.06,-1.94,1.978951742716443,4.012044366653988,0.05932529795616267,0.11740190177752034,seq_hotel
15220,608.8,347,3.73,1.46,1.290469875665301,2.422436789681002,0.10848637953164197,0.13999840470557667,seq_hotel
15220,608.8,348,3.07,-0.36,1.8235010967914187,1.9359752064528097,0.1698558624246482,0.3097323514277983,seq_hotel
15220,608.8,349,2.24,-0.45,1.373692560218505,2.422436789681002,0.10848637953164197,0.1490269324476577,seq_hotel
15230,609.2,347,3.72,2.03,1.313452035667699,2.469109151090733,0.10442381241164299,0.13715566898425444,seq_hotel
15230,609.2,348,3.02,0.34,1.645543223376231,1.8292348127017481,0.19025724645634662,0.3130765226044626,seq_hotel
15230,609.2,349,2.18,0.1,1.4401605813240739,2.469109151090733,0.10442381241164299,0.1503870583868278,seq_hotel
15240,609.6,347,3.69,2.51,1.152443057161677,2.3635777964771965,0.11395681954131952,0.1313287454966198,seq_hotel
15240,609.6,348,2.94,0.95,1.5364834037503525,1.7309246084101986,0.21248281845318298,0.32647632413541483,seq_hotel
15240,609.6,349,2.17,0.7,1.4627136596067745,2.3635777964771965,0.11395681954131952,0.16668619654843225,seq_hotel
15250,610.0,347,3.66,2.95,1.102553853560061,2.2521989254948154,0.12550661863567172,0.1383778060240528,seq_hotel
15250,610.0,348,2.87,1.56,1.5350081433009626,1.5988120589988057,0.24904928110773072,0.3822926745836172,seq_hotel
15250,610.0,349,2.16,1.27,1.4252192813740034,2.2521989254948154,0.12550661863567172,0.17887445281961317,seq_hotel
15820,632.8,354,1.55,-1.42,0.9617692030834781,4.334974048365226,0.033877169666218676,0.03258201847260291,seq_hotel
15820,632.8,355,1.19,2.9,1.4269723192827088,4.334974048365226,0.033877169666218676,0.04834178336933789,seq_hotel
15820,632.8,356,0.54,0.01,0.11180339887496409,2.962195131992489,0.07255256904788611,0.008111623816664184,seq_hotel
15830,633.2,354,1.49,-1.81,1.0137338161469431,4.153131348753613,0.03690870350277307,0.03741560085090219,seq_hotel
15830,633.2,355,1.16,2.33,1.4502155012272013,4.153131348753613,0.03690870350277307,0.053525573949920205,seq_hotel
15830,633.2,356,0.52,-0.03,0.06249999999998121,2.445240274492468,0.10647239971360406,0.006654524982098253,seq_hotel
15840,633.6,354,1.51,-2.23,1.0625735268677312,3.981318876955223,0.04016300477370884,0.04267614563200533,seq_hotel
15840,633.6,355,1.21,1.74,1.5628499608088673,3.981318876955223,0.04016300477370884,0.06276875043655722,seq_hotel
15840,633.6,356,0.51,-0.03,0.012500000000000733,2.4166091947189146,0.10901023499444885,0.0013626279374306905,seq_hotel
15850,634.0,354,1.48,-2.66,1.0651437696386947,3.7534117812997816,0.045188476257804915,0.048132223945466984,seq_hotel
15850,634.0,355,1.32,1.09,1.5572411502398322,3.7534117812997816,0.045188476257804915,0.07036935474528948,seq_hotel
15850,634.0,356,0.51,-0.03,0.0,2.8031767693101344,0.08101755865096862,0.0,seq_hotel
15860,634.4,354,1.45,-3.08,1.125277743492754,6.232599778583573,0.024582887982622655,0.02766257671762076,seq_hotel
15860,634.4,355,1.33,0.5,1.7625000000001003,3.5820106085828387,0.07442479491156999,0.13117370103164958,seq_hotel
15860,634.4,356,0.51,-0.03,0.0,3.2695565448543626,0.08932924775971678,0.0,seq_hotel
15860,634.4,357,1.27,3.15,1.640502971652385,6.232599778583573,0.024582887982622655,0.04032830078729017,seq_hotel
15870,634.8,354,1.46,-3.56,1.1891435994024289,6.060825026347485,0.025996081477213565,0.03091307389817255,seq_hotel
15870,634.8,355,1.32,-0.32,1.8750416662036038,3.2430232808291715,0.09079694771910507,0.17024806013743227,seq_hotel
15870,634.8,356,0.51,-0.03,0.0,3.655598446219169,0.071458585281543,0.0,seq_hotel
15870,634.8,357,1.36,2.5,1.6319083920366217,6.060825026347485,0.025996081477213565,0.042423223522732596,seq_hotel
15880,635.2,354,1.4,-4.03,1.1516971173011392,5.880008503395213,0.0276194784755057,0.03180927374160078,seq_hotel
15880,635.2,355,1.32,-1.0,1.8292758129925537,3.0310559216220345,0.1039401846626726,0.19013526580140658,seq_hotel
15880,635.2,356,0.51,-0.03,0.0,4.097816491742889,0.056867792506677076,0.0,seq_hotel
15880,635.2,357,1.39,1.85,1.6405505935507,5.880008503395213,0.0276194784755057,0.04531115180655166,seq_hotel
15890,635.6,354,1.41,-4.48,1.1500000000000652,5.670079364523922,0.029702506968981832,0.03415788301433104,seq_hotel
15890,635.6,355,1.22,-1.78,1.6830961053963385,2.978137001549794,0.1076668574240777,0.18121366841072803,seq_hotel
15890,635.6,356,0.51,-0.03,0.0,4.540099117860755,0.04632769720079427,0.0,seq_hotel
15890,635.6,357,1.44,1.19,1.6517036659159867,5.670079364523922,0.029702506968981832,0.04905973964756243,seq_hotel
15900,636.0,354,1.4,-4.95,1.1649168425257463,5.369739286036148,0.033118067099419515,0.038579794156011586,seq_hotel
15900,636.0,355,1.11,-2.33,1.7331780779828543,2.880138885540071,0.11511834055253299,0.1995205842194148,seq_hotel
15900,636.0,356,0.51,-0.03,0.0,4.999849997749933,0.03819947831075353,0.0,seq_hotel
15900,636.0,357,1.45,0.53,1.6267298484998363,5.4802280974426605,0.031796118874679834,0.05172369563989071,seq_hotel
15900,636.0,358,2.7,-10.16,1.4713938969562999,10.364024314907796,0.008890261500482919,0.013081076514156124,seq_hotel
15910,636.4,354,1.35,-5.41,1.1392157390065099,4.923921201644072,0.039386663582238475,0.04486990705984059,seq_hotel
15910,636.4,355,0.95,-3.14,1.7969157604073622,3.1409711873877484,0.09679289442729577,0.17392867749185373,seq_hotel
15910,636.4,356,0.51,-0.03,0.05590169943749795,5.445181356024793,0.03220673384658928,0.001800411155355526,seq_hotel
15910,636.4,357,1.38,-0.11,1.662922878548586,5.300084904980297,0.03399427069091314,0.0565298504714931,seq_hotel
15910,636.4,358,2.6,-9.58,1.400223196494125,6.648014741259227,0.021606649875246284,0.030254132353846736,seq_hotel
15910,636.4,359,3.58,-9.8,1.206492851201435,7.160481827363296,0.018624597172975217,0.022470443345701054,seq_hotel
15920,636.8,354,1.35,-5.86,1.1127808634227117,3.446926166891306,0.08037248942046515,0.08943696817273797,seq_hotel
15920,636.8,355,0.83,-3.74,1.7070625354682614,3.682241165377412,0.0704282543975818,0.12022543452053971,seq_hotel
15920,636.8,356,0.53,-0.07,0.06731456008918811,5.847777355542873,0.027924777639564635,0.0018797441223956902,seq_hotel
15920,636.8,357,1.42,-0.8,1.688657010763152,5.06048416655956,0.0372895584884461,0.06296927436977712,seq_hotel
15920,636.8,358,2.68,-9.04,1.4125553086515263,3.446926166891306,0.08037248942046515,0.11353058660041669,seq_hotel
15920,636.8,359,3.53,-9.32,1.337733624455777,4.089498746790369,0.05709935772251688,0.07638373076023947,seq_hotel
15920,636.8,360,3.77,-6.98,1.1752659273540502,2.6666083326952985,0.1342928585463481,0.15782982093650008,seq_hotel
15930,637.2,354,1.33,-6.3,1.0900831390310521,2.502179050347916,0.15252274569971927,0.16626247340598488,seq_hotel
15930,637.2,355,0.64,-4.47,2.032432348197466,3.744489284268283,0.06810612918661543,0.1384211000693928,seq_hotel
15930,637.2,356,0.53,-0.08,0.05303300858900669,6.2712359228464685,0.024280918078319284,0.0012876901369964745,seq_hotel
15930,637.2,357,1.33,-1.46,1.699310521946928,4.84,0.04076436285735999,0.06927131072397437,seq_hotel
15930,637.2,358,2.61,-8.45,1.4055692796869164,2.502179050347916,0.15252274569971927,0.21438128580902513,seq_hotel
15930,637.2,359,3.6,-8.73,1.4375543467986232,3.325327051584551,0.08635801502571684,0.12414433988112006,seq_hotel
15930,637.2,360,3.78,-6.51,1.1928170438083858,2.458983529835041,0.15792836611506833,0.18837964680286426,seq_hotel
15940,637.6,354,1.29,-6.73,1.0752906583803898,2.4904015740438328,0.15396876195988007,0.16556117141785295,seq_hotel
15940,637.6,355,0.49,-5.33,2.007991845103077,3.271895475103079,0.08920157852198181,0.17911604224246125,seq_hotel
15940,637.6,356,0.5,-0.04,0.07500000000000426,6.73648276179788,0.02104287020664017,0.0015782152654981022,seq_hotel
15940,637.6,357,1.26,-2.15,1.7338540884400686,4.572832820036176,0.04566681612140003,0.07917959583813028,seq_hotel
15940,637.6,358,2.58,-7.92,1.562699987201725,2.1868013169924696,0.19968835000342364,0.31205298199468373,seq_hotel
15940,637.6,359,3.54,-8.17,1.4620725871174263,2.6713479743380493,0.13381674283591488,0.1956497913977334,seq_hotel
15940,637.6,360,3.68,-6.03,1.0920164833921404,2.4904015740438328,0.15396876195988007,0.1681364259876698,seq_hotel
15950,638.0,354,1.35,-7.16,1.0526751635714244,2.139649504007607,0.2085864569475049,0.21957378268599861,seq_hotel
15950,638.0,355,0.35,-6.05,1.865182631808584,2.553605294480727,0.14644138977002744,0.2731399367769664,seq_hotel
15950,638.0,356,0.53,-0.02,0.05303300858899413,6.40176538151782,0.02330085593767531,0.0012357144930736496,seq_hotel
15950,638.0,357,1.19,-2.84,1.772445344714572,3.678505131164017,0.07057138644570199,0.12508392537573754,seq_hotel
15950,638.0,358,2.63,-7.2,1.5268431484603346,1.7801685313475242,0.3013346981859803,0.46009081931862683,seq_hotel
15950,638.0,359,3.45,-7.57,1.3375584099396203,2.139649504007607,0.2085864569475049,0.2789965696896437,seq_hotel
15950,638.0,360,3.54,-5.67,1.03983171715433,2.6488110540391516,0.13610354017151333,0.14152477788732803,seq_hotel
15950,638.0,361,-0.89,-6.71,0.0,3.5539414739131536,0.07560505590050845,0.0,seq_hotel
15960,638.4,354,1.35,-7.57,1.037801161109449,2.2300896842952302,0.19201127190223233,0.19926952092623884,seq_hotel
15960,638.4,355,0.3,-6.81,1.825171224844502,2.2227235545609356,0.19328603553311852,0.3527801102193199,seq_hotel
15960,638.4,356,0.53,-0.07,0.07500000000000426,6.743923190547175,0.020996463507467426,0.0015747347630601463,seq_hotel
15960,638.4,357,1.11,-3.56,1.843612282992383,3.4420488084860157,0.08060042527675178,0.14859593405462931,seq_hotel
15960,638.4,358,2.52,-6.7,1.3038404810406035,1.8056854654119585,0.29287828816174566,0.38186656812315894,seq_hotel
15960,638.4,359,3.53,-7.1,1.3625573382431324,2.2300896842952302,0.19201127190223233,0.26162636755578406,seq_hotel
15960,638.4,360,3.54,-5.21,1.0660968530110795,2.9372436058318345,0.1106856826565793,0.11800165795356221,seq_hotel
15960,638.4,361,-0.89,-6.71,0.0,3.4100146627250743,0.08212188116401264,0.0,seq_hotel
15970,638.8,354,1.33,-7.99,1.0776131031125125,2.562576828116574,0.14541780753964972,0.15670413483062004,seq_hotel
15970,638.8,355,0.33,-7.51,1.7382192755804695,2.5982494106609546,0.14145220023276486,0.24587494101786006,seq_hotel
15970,638.8,356,0.53,-0.08,0.0624999999999698,6.406777661195993,0.023264411806800337,0.0014540257379243185,seq_hotel
15970,638.8,357,1.07,-4.31,1.8436122829921302,3.09864486509829,0.09945526355517541,0.18335694549854092,seq_hotel
15970,638.8,358,2.55,-6.16,1.3752272539473824,2.1993862780330335,0.1974096414428239,0.2714831191041521,seq_hotel
15970,638.8,359,3.44,-6.48,1.4142135623730177,2.5946483384073455,0.1418451113382508,0.200599280210865,seq_hotel
15970,638.8,360,3.47,-4.82,1.1011357772771344,2.453589207671081,0.1586235541853743,0.17466607063237377,seq_hotel
15970,638.8,361,-0.89,-6.71,0.0,3.09864486509829,0.09945526355517541,0.0,seq_hotel
15980,639.2,354,1.41,-8.43,1.1209649860721753,3.047261065284693,0.10283762934279995,0.11527738174394728,seq_hotel
15980,639.2,355,0.26,-8.2,1.7750440135386814,3.2529678756483276,0.0902426485618111,0.1601846730955179,seq_hotel
15980,639.2,356,0.53,-0.02,0.037499999999964825,5.930977996924285,0.027146807060150154,0.0010180052647546759,seq_hotel
15980,639.2,357,0.99,-5.03,1.7778146697559494,2.5625963396524236,0.14541559313395547,0.25852197468480853,seq_hotel
15980,639.2,358,2.54,-5.6,1.4232994238738663,1.6514841809717704,0.3501245356571725,0.4983320498849586,seq_hotel
15980,639.2,359,3.37,-5.98,1.3264732375738892,2.5625963396524236,0.14541559313395547,0.19288989261812534,seq_hotel
15980,639.2,360,3.5,-4.33,1.140243943198004,2.6057820323273395,0.14063558100048187,0.16035886943393174,seq_hotel
15980,639.2,361,-0.89,-6.71,0.0,2.872002785513969,0.11577150217634598,0.0,seq_hotel
15990,639.6,354,1.44,-8.88,1.127497228378035,3.1839912060180073,0.0941949593157659,0.1062045555557078,seq_hotel
15990,639.6,355,0.34,-8.93,1.7961764946687087,3.3009241130325906,0.08763958283710432,0.15741615869457798,seq_hotel
15990,639.6,356,0.53,-0.05,0.08838834764832351,5.713737830877438,0.029250329543825785,0.0025853882965477014,seq_hotel
15990,639.6,357,1.15,-5.73,1.7553934744097552,2.2631835983852477,0.18643687203267717,0.3272700685555281,seq_hotel
15990,639.6,358,2.41,-5.03,1.4144897489908597,1.6726027621644057,0.34133888281075647,0.4828203506678074,seq_hotel
15990,639.6,359,3.39,-5.42,1.4138820672178534,2.2613491548188662,0.18673947602545551,0.2640275963940498,seq_hotel
15990,639.6,360,3.67,-3.93,1.1131318430447228,3.096837096135346,0.09957141084327782,0.11083610806654114,seq_hotel
15990,639.6,361,-0.89,-6.71,0.0,3.1839912060180073,0.0941949593157659,0.0,seq_hotel
16000,640.0,355,0.48,-9.62,1.7601491414082922,5.524717187331854,0.0312860892309402,0.05506818309786261,seq_hotel
16000,640.0,356,0.46,-0.03,0.24906073556465513,5.604640934083109,0.030400154671825174,0.007571484883844065,seq_hotel
16000,640.0,357,1.19,-6.42,1.826069891871715,2.6460914572251655,0.13638345261952242,0.2490457165780225,seq_hotel
16000,640.0,358,2.48,-4.47,1.482607500318358,2.338076132207846,0.17468438491043278,0.25898837925670665,seq_hotel
16000,640.0,359,3.32,-4.85,1.3433284222408932,2.6460914572251655,0.13638345261952242,0.18320776822714868,seq_hotel
16000,640.0,360,3.87,-3.52,1.1954340216005912,3.9487213120198796,0.06124327611858162,0.07321229586643148,seq_hotel
16000,640.0,361,-0.89,-6.71,0.0,4.046541733381728,0.05831809573125115,0.0,seq_hotel
16010,640.4,356,0.47,0.14,0.3377314021526766,4.490400872973369,0.047358850734308296,0.01599457106283726,seq_hotel
16010,640.4,357,1.1,-7.19,1.9381047443315418,3.633249234500711,0.07234041578359697,0.14020330303710563,seq_hotel
16010,640.4,358,2.53,-3.85,1.5013015186831247,3.633249234500711,0.07234041578359697,0.10860477607808282,seq_hotel
16010,640.4,359,3.29,-4.35,1.3880066642492086,3.5863212349146867,0.07424599069729287,0.10305392988162726,seq_hotel
16010,640.4,360,4.02,-3.04,1.0566012729502678,4.766015106984031,0.0420397914387196,0.044419297148714905,seq_hotel
16010,640.4,361,-0.89,-6.71,0.0,4.800208328812406,0.04144300228067756,0.0,seq_hotel
16010,640.4,362,1.69,2.49,1.3002403623946588,6.0008166110955266,0.02651860489509445,0.03448056043899838,seq_hotel
16010,640.4,363,2.25,2.49,1.3059957886609723,5.806358583484144,0.028324592853708936,0.03699179898248054,seq_hotel
16020,640.8,356,0.47,0.24,0.05000000000005256,3.540536682481909,0.07617863479038338,0.003808931739523173,seq_hotel
16020,640.8,358,2.53,-3.27,1.386091627562808,4.069852577182618,0.057651953280448934,0.07991088975467242,seq_hotel
16020,640.8,359,3.35,-3.74,1.5127065974602012,4.912718188538806,0.03956650390934965,0.059852511502108054,seq_hotel
16020,640.8,360,4.03,-2.69,0.8385254915623576,4.610694090915163,0.04491989832544027,0.037666479824270925,seq_hotel
16020,640.8,361,-0.89,-6.71,0.0,6.3534872314344035,0.023656313072905753,0.0,seq_hotel
16020,640.8,362,1.68,1.97,1.3536986370679573,2.1111608181282637,0.2142539058899197,0.29003522038967067,seq_hotel
16020,640.8,363,2.3,1.97,1.3671366061954575,2.5182930726982513,0.150577069373265,0.2058594235938235,seq_hotel
16020,640.8,364,1.92,3.47,1.5592466129509137,3.540536682481909,0.07617863479038338,0.11878127827612993,seq_hotel
16030,641.2,356,0.47,0.18,0.09999999999997725,2.9874403759740544,0.10699731742463385,0.010699731742460951,seq_hotel
16030,641.2,358,2.67,-2.75,1.319209043328495,3.6640005458514877,0.07113123066476265,0.09383696275604005,seq_hotel
16030,641.2,359,3.31,-3.14,1.4375543467986174,4.368981574692207,0.05002774824766199,0.07191760695397341,seq_hotel
16030,641.2,360,4.14,-2.38,1.0063082281289093,4.186693205860682,0.0544789974299635,0.05482266337398597,seq_hotel
16030,641.2,361,-0.89,-6.71,0.0,6.637002335392085,0.021678410765800807,0.0,seq_hotel
16030,641.2,362,1.61,1.41,1.4254933356560004,1.6770509831248424,0.33953054526271,0.4839985295236411,seq_hotel
16030,641.2,363,2.34,1.4,1.3999999999998733,2.2327785380552188,0.19154908602318257,0.26816872043243134,seq_hotel
16030,641.2,364,1.79,2.86,1.5431805629930608,2.9874403759740544,0.10699731742463385,0.1651161805420937,seq_hotel
16040,641.6,356,0.47,0.16,0.07500000000000426,2.4078413569004082,0.16470835996194563,0.012353126997146623,seq_hotel
16040,641.6,358,2.76,-2.24,1.3072514104028323,3.1240518561637227,0.09784416104504975,0.12790691752582314,seq_hotel
16040,641.6,359,3.36,-2.59,1.3931192518949056,3.5996110901040406,0.07369876659705585,0.1026711705872677,seq_hotel
16040,641.6,360,4.12,-1.89,1.2260199835239924,3.2893768406797053,0.08825597583654086,0.10820359004100971,seq_hotel
16040,641.6,361,-0.89,-6.71,0.0,6.95215793836705,0.019757505995993838,0.0,seq_hotel
16040,641.6,362,1.65,0.83,1.4258769231600008,1.4401388821915753,0.4604289578357628,0.6565150257326232,seq_hotel
16040,641.6,363,2.3,0.85,1.3795945962492806,1.9557607215607944,0.24965481269316922,0.3444224305191226,seq_hotel
16040,641.6,364,1.63,2.27,1.4713938969562999,1.7650495743746124,0.30651911746529237,0.45101035873886236,seq_hotel
16040,641.6,365,1.28,4.0,1.156773530125993,3.1915200140371986,0.0937510709567606,0.1084487573037444,seq_hotel
16040,641.6,366,0.64,4.11,1.370447007366653,3.431981934684389,0.08107396175670688,0.11110756826483742,seq_hotel
16050,642.0,356,0.47,0.12,0.10077822185373758,1.9366982212001953,0.25459359564662787,0.025657489864616623,seq_hotel
16050,642.0,358,2.78,-1.71,1.3072514104028325,2.2797587591672936,0.1837357201915172,0.24018877936174107,seq_hotel
16050,642.0,359,3.41,-2.03,1.325000000000075,2.8961353559528256,0.11385016674035149,0.15085147093097426,seq_hotel
16050,642.0,361,-0.89,-6.71,0.0,6.964086444035571,0.019689880275706916,0.0,seq_hotel
16050,642.0,362,1.65,0.27,1.3877252069484862,1.4312581877495059,0.46616043863869766,0.6469025911810838,seq_hotel
16050,642.0,363,2.25,0.3,1.402007489281075,1.7890779748239036,0.2983409330640377,0.4182762225148847,seq_hotel
16050,642.0,364,1.59,1.7,1.632674186725662,1.8582787734890587,0.2765347094148535,0.45149108179531316,seq_hotel
16050,642.0,365,1.33,3.54,1.285313677667902,3.285620184987912,0.08845790840007892,0.11369615956451583,seq_hotel
16050,642.0,366,0.78,3.58,1.3215166476439864,3.4224260401066378,0.08152733360807411,0.107739728601095,seq_hotel
16060,642.4,356,0.46,0.08,0.14630874888400366,1.8140837907880665,0.2901727972747187,0.042454818929435714,seq_hotel
16060,642.4,358,2.87,-1.2,1.336506640462442,1.5440207252495026,0.4005577426809447,0.5353480829817286,seq_hotel
16060,642.4,359,3.36,-1.53,1.2385096891022587,2.134338304955426,0.20962586349198137,0.25962366302124634,seq_hotel
16060,642.4,361,-0.89,-6.71,0.0,6.906178393293935,0.02002146246173883,0.0,seq_hotel
16060,642.4,362,1.63,-0.28,1.43798904724627,1.2963410045200299,0.5682413915807034,0.8171248972850303,seq_hotel
16060,642.4,363,2.24,-0.27,1.4383693023699564,1.5311760186209815,0.4073063162940379,0.5858569020187321,seq_hotel
16060,642.4,364,1.37,0.99,1.9713574003717445,1.5311760186209815,0.4073063162940379,0.8029463208444061,seq_hotel
16060,642.4,365,1.41,2.98,1.3262376295371048,3.0516389039334255,0.10254278212632185,0.13599609629335288,seq_hotel
16060,642.4,366,0.83,3.07,1.40556927968714,3.012806001056158,0.10520322337241071,0.1478704188963246,seq_hotel
16070,642.8,356,0.51,0.01,0.11524430571617941,1.9051509126575772,0.26309501282548275,0.03032020209046208,seq_hotel
16070,642.8,358,2.92,-0.65,1.3130356050007763,1.2611502686040232,0.6003958871747074,0.7883411769564197,seq_hotel
16070,642.8,359,3.45,-1.04,1.2763473273367634,1.7772169254201922,0.30233644405615695,0.3858863123275768,seq_hotel
16070,642.8,361,-0.89,-6.71,0.0,6.864284376393507,0.020266597731488593,0.0,seq_hotel
16070,642.8,362,1.68,-0.88,1.5268431484601104,1.2611502686040232,0.6003958871747074,0.9167103466963314,seq_hotel
16070,642.8,363,2.21,-0.85,1.4629806902347078,1.2544720004846663,0.6068054003630753,0.8877445834613201,seq_hotel
16070,642.8,364,1.25,0.16,1.8631290883885772,1.3934489585198304,0.49180082327412683,0.9162884195354757,seq_hotel
16070,642.8,365,1.54,2.5,1.309818689742843,2.6946242780766303,0.1315148958203239,0.17226066852504315,seq_hotel
16070,642.8,366,0.88,2.46,1.4853450777511803,2.4777812655680487,0.15554120248743716,0.23103235950221443,seq_hotel
16080,643.2,356,0.52,0.01,0.012499999999995404,1.9331063085097002,0.2555405974340689,0.0031942574679246862,seq_hotel
16080,643.2,358,2.9,-0.15,1.256234452640009,1.81289823211343,0.29055244281365916,0.36500198896123465,seq_hotel
16080,643.2,359,3.51,-0.52,1.3134520356677333,2.067075228432676,0.2234903713142137,0.2935438831547916,seq_hotel
16080,643.2,361,-0.89,-6.71,0.0,6.540581013946697,0.022322288835494166,0.0,seq_hotel
16080,643.2,362,1.69,-1.5,1.4908575552344268,1.81289823211343,0.29055244281365916,0.4331723045605625,seq_hotel
16080,643.2,363,2.27,-1.44,1.4481129962815797,1.5430165261590687,0.4010792803357437,0.5808081183934535,seq_hotel
16080,643.2,364,1.07,-0.47,1.8270536390592442,1.5430165261590687,0.4010792803357437,0.7327933586886833,seq_hotel
16080,643.2,365,1.65,1.96,1.3875563051637507,2.45246814454337,0.15876860615026306,0.22030038052585776,seq_hotel
16080,643.2,366,0.97,1.89,1.3686215693169617,2.36211769393483,0.17114661598526276,0.23423495015303772,seq_hotel
16090,643.6,356,0.52,0.01,0.0,1.8635718392377578,0.2749660682862657,0.0,seq_hotel
16090,643.6,358,3.02,0.35,1.2288841483232549,2.2141589825484527,0.19478422407983115,0.23936724531514933,seq_hotel
16090,643.6,359,3.49,0.01,1.297714336824631,2.3107790893982054,0.17883582571143924,0.2320778149636057,seq_hotel
16090,643.6,361,-0.89,-6.71,0.0,5.734047436148396,0.029043491149488346,0.0,seq_hotel
16090,643.6,362,1.76,-2.07,1.4689494545423423,2.4215697388264497,0.16284612185391747,0.23921272187164788,seq_hotel
16090,643.6,363,2.35,-2.0,1.4565048060340349,2.3107790893982054,0.17883582571143924,0.26047523963977626,seq_hotel
16090,643.6,364,0.83,-1.24,1.9433379788396126,1.6994116628998401,0.3306543139028296,0.6425730860745237,seq_hotel
16090,643.6,365,1.75,1.41,1.3753408668400045,1.8635718392377578,0.2749660682862657,0.3781720707084205,seq_hotel
16090,643.6,366,1.06,1.38,1.397542485937448,2.2141589825484527,0.19478422407983115,0.2722192287419241,seq_hotel
16100,644.0,356,0.52,0.01,0.0,1.9981241202688085,0.23918087878556596,0.0,seq_hotel
16100,644.0,358,3.06,0.82,1.1792476415071425,1.8902380802428038,0.267262708802511,0.31516891901817135,seq_hotel
16100,644.0,359,3.64,0.51,1.3050383136138928,2.485819784296521,0.154536866400947,0.2016765315190673,seq_hotel
16100,644.0,361,-0.89,-6.71,0.0,5.252142420003478,0.03461771464750307,0.0,seq_hotel
16100,644.0,362,1.8,-2.67,1.4877100692003973,2.969983164935451,0.1082588493732283,0.16105778029260087,seq_hotel
16100,644.0,363,2.38,-2.6,1.5074813431682192,3.204949297570868,0.09296705107736519,0.14014609502849493,seq_hotel
16100,644.0,364,0.7,-1.98,1.8682378060622786,1.9981241202688085,0.23918087878556596,0.44684676023439357,seq_hotel
16100,644.0,365,1.8,0.87,1.3777812779974243,1.5420765220960988,0.40156840140932376,0.5532734252971208,seq_hotel
16100,644.0,366,1.17,0.79,1.623460809505514,1.8902380802428038,0.267262708802511,0.43389053358316104,seq_hotel
16110,644.4,356,0.52,0.01,0.0,2.7202941017470885,0.12904454845288812,0.0,seq_hotel
16110,644.4,361,-0.89,-6.71,0.0,4.362499283667563,0.050176532391278214,0.0,seq_hotel
16110,644.4,362,1.78,-3.26,1.4254933356561974,3.3969986753014783,0.08275240550377588,0.11796300255515176,seq_hotel
16110,644.4,363,2.47,-3.2,1.4802871343088306,3.508005131125096,0.07759807400812378,0.11486743060137011,seq_hotel
16110,644.4,364,0.56,-2.71,1.7553934744097544,2.7202941017470885,0.12904454845288812,0.22652395826235316,seq_hotel
16110,644.4,365,1.82,0.31,1.5037972768961438,3.2723080539582456,0.08917908652889167,0.13410726747823287,seq_hotel
16110,644.4,366,1.28,0.1,1.4513463576969627,2.9007757583101803,0.11348620340499993,0.1647077879607033,seq_hotel
16110,644.4,367,3.38,-6.8,1.4769055487742766,3.884790856661398,0.06327557439578124,0.09345204692700886,seq_hotel
16110,644.4,368,4.16,-6.96,1.4020074892810739,4.3993635903389485,0.04933915071257036,0.06917385881379128,seq_hotel
16120,644.8,356,0.52,0.01,0.0,3.0305940011819468,0.1039718720182233,0.0,seq_hotel
16120,644.8,361,-0.89,-6.71,0.0,4.269379345993982,0.05238921517651101,0.0,seq_hotel
16120,644.8,362,1.83,-3.81,1.381857897904005,2.8408449447303523,0.11832494777847097,0.16350826360675907,seq_hotel
16120,644.8,363,2.48,-3.78,1.4624999999998716,2.581046299468493,0.1433440899683827,0.20964073157874127,seq_hotel
16120,644.8,364,0.5,-3.37,1.7256339414833681,3.085190431723786,0.10032459851985334,0.173123532371551,seq_hotel
16120,644.8,365,2.08,-0.3,1.5572411502396175,3.4527235626386314,0.08010281249120245,0.12473939586122851,seq_hotel
16120,644.8,366,1.22,-0.37,1.3505207329025188,3.085190431723786,0.10032459851985334,0.1354904503211833,seq_hotel
16120,644.8,367,3.35,-6.21,1.4513463576967638,2.8408449447303523,0.11832494777847097,0.17173048198294363,seq_hotel
16120,644.8,368,4.19,-6.4,1.4754766179101475,3.5039549083856665,0.07777756897068439,0.11475898441413863,seq_hotel
16120,644.8,369,-0.59,2.83,0.0,3.676424893833682,0.07065127207932555,0.0,seq_hotel
16120,644.8,371,-0.66,3.35,0.0,4.168069097315926,0.054966940191067196,0.0,seq_hotel
16130,645.2,356,0.52,0.01,0.0,3.0305940011819468,0.1039718720182233,0.0,seq_hotel
16130,645.2,361,-0.89,-6.71,0.0,4.0945329403974755,0.05695903768230455,0.0,seq_hotel
16130,645.2,362,1.89,-4.36,1.4020074892808805,1.926655132606767,0.2572547571528482,0.3606730961814273,seq_hotel
16130,645.2,363,2.47,-4.37,1.5000520824290193,2.1001190442448734,0.2165127896046643,0.3247804609189928,seq_hotel
16130,645.2,364,0.39,-4.08,2.007641651291275,2.924944443916841,0.1116184889543759,0.2240899274790002,seq_hotel
16130,645.2,365,1.94,-0.93,1.5696834872035674,3.4303644121288337,0.08115043752667303,0.12738050176496338,seq_hotel
16130,645.2,366,1.25,-0.98,1.4888124462132863,3.2170794208412077,0.09226730101176586,0.13736870612482477,seq_hotel
16130,645.2,367,3.33,-5.64,1.425219281373801,1.926655132606767,0.2572547571528482,0.36664444011937397,seq_hotel
16130,645.2,368,4.19,-5.78,1.5262802003562732,2.7030353308826736,0.13069769771041437,0.19948130824755486,seq_hotel
16130,645.2,369,-0.59,2.83,0.0,4.231040061261533,0.05334295952626691,0.0,seq_hotel
16130,645.2,371,-0.66,3.35,0.0,4.732546883021868,0.04263649857353092,0.0,seq_hotel
16140,645.6,356,0.52,0.01,0.11858541225632105,2.660112779564055,0.13494950093996377,0.016003042202750388,seq_hotel
16140,645.6,361,-0.89,-6.71,0.0,3.7792194961393815,0.06686011962551179,0.0,seq_hotel
16140,645.6,362,1.89,-4.93,1.6004393927919571,1.5305227865013966,0.40765406981915564,0.6524256319705396,seq_hotel
16140,645.6,363,2.47,-4.98,1.613710785735876,1.7812635964393366,0.30096430979588773,0.48566935283917756,seq_hotel
16140,645.6,364,0.36,-4.97,1.8750416662038205,2.1424518664371437,0.20804114475749372,0.3900858147050412,seq_hotel
16140,645.6,365,1.96,-1.55,1.5500504024064097,3.380724774364219,0.08355101874580002,0.1295082902283928,seq_hotel
16140,645.6,366,1.27,-1.56,1.4125000000000802,3.4265580397827784,0.08133082866048669,0.11487979548294397,seq_hotel
16140,645.6,367,3.37,-5.07,1.4377173748690082,1.4866068747318508,0.43209486812279263,0.6212302994918717,seq_hotel
16140,645.6,368,4.24,-5.18,1.4659148167612754,2.3632604596192954,0.17098113850516947,0.25064378432143974,seq_hotel
16140,645.6,369,-0.59,2.83,0.0,3.0305940011819468,0.1039718720182233,0.0,seq_hotel
16140,645.6,371,-0.66,3.35,0.0,3.3680855096033415,0.08417927173407723,0.0,seq_hotel
16140,645.6,372,2.03,2.2,1.4179650912488044,2.69467994388944,0.1315094622934423,0.1864758267010021,seq_hotel
16140,645.6,373,2.58,2.43,1.6081822036076308,3.19513692977312,0.09353893745176974,0.1504276545543034,seq_hotel
16150,646.0,356,0.43,0.04,0.1305038313613894,2.3010649708341573,0.18034895060366993,0.023536229035784888,seq_hotel
16150,646.0,361,-0.89,-6.71,0.0,3.4725494956875704,0.07919075668414012,0.0,seq_hotel
16150,646.0,362,1.92,-5.64,1.6625000000000947,1.8040509970618899,0.2934092234226548,0.4877928339401914,seq_hotel
16150,646.0,363,2.42,-5.66,1.5649480822060131,2.0215835377248204,0.23366195031598608,0.36566882103151915,seq_hotel
16150,646.0,364,0.4,-5.58,1.6704228506579757,2.0215835377248204,0.23366195031598608,0.39031426113713175,seq_hotel
16150,646.0,365,1.95,-2.17,1.537957249080828,2.689237810235458,0.1320422647333202,0.20307535823165956,seq_hotel
16150,646.0,366,1.25,-2.11,1.563749500399689,3.1476975712415576,0.09637965871531812,0.15071364316477123,seq_hotel
16150,646.0,367,3.31,-4.49,1.4394551920779743,1.8040509970618899,0.2934092234226548,0.42234943005930686,seq_hotel
16150,646.0,368,4.27,-4.61,1.4744702438503963,2.565813711086601,0.14505113748995546,0.21387358606559198,seq_hotel
16150,646.0,369,-0.59,2.83,0.0,2.7958898404622454,0.12216063177067571,0.0,seq_hotel
16150,646.0,371,-0.66,3.35,0.0,3.111928662421425,0.09860799233293462,0.0,seq_hotel
16150,646.0,372,1.94,1.64,1.6761656391897315,2.2000227271553356,0.1972954398775587,0.33069983709158746,seq_hotel
16150,646.0,373,2.45,1.8,1.6007810593583036,2.6791789787171743,0.1330356169617403,0.21296089585240013,seq_hotel
16150,646.0,374,0.78,1.89,2.0823664422959975,1.6724233913695419,0.3414121053097505,0.7109451110906516,seq_hotel
16160,646.4,356,0.42,0.04,0.11524430571616757,2.3930106560565085,0.1667562487647554,0.019217708112726762,seq_hotel
16160,646.4,361,-0.89,-6.71,0.0,3.3248308227637686,0.08638379470363854,0.0,seq_hotel
16160,646.4,362,1.89,-6.26,1.5262802003564964,2.737151804339686,0.1274599117126765,0.19453953958624523,seq_hotel
16160,646.4,363,2.4,-6.23,1.513790771540196,2.4827806991355486,0.1549154243131909,0.2345095396945421,seq_hotel
16160,646.4,364,0.49,-6.3,2.1468363351686874,1.9112822920751398,0.26140970669350455,0.5612038566954048,seq_hotel
16160,646.4,365,1.93,-2.78,1.5625000000000888,2.485658866377283,0.15455687603000276,0.24149511879689303,seq_hotel
16160,646.4,366,1.22,-2.81,1.564298964392765,2.960152023123137,0.10897913364352318,0.17047594589898404,seq_hotel
16160,646.4,367,3.31,-3.92,1.4125553086517462,2.3664741705752883,0.17051706341762302,0.24086478314626986,seq_hotel
16160,646.4,368,4.09,-4.01,1.6129359875705844,2.7900716836669273,0.12267064789663713,0.19785990261108585,seq_hotel
16160,646.4,369,-0.59,2.83,0.0,2.2817756243767704,0.18341105513327036,0.0,seq_hotel
16160,646.4,371,-0.66,3.35,0.0,2.5456629784792804,0.14735659196212764,0.0,seq_hotel
16160,646.4,372,1.98,0.86,1.7147339443774754,1.7623847480048163,0.30744676708028723,0.5271894076016839,seq_hotel
16160,646.4,373,2.54,1.15,1.603121954188231,1.7434735443934906,0.31415260010901463,0.5036249302000774,seq_hotel
16160,646.4,374,0.85,1.06,2.1178187481464295,1.6423458831805196,0.3540316829983212,0.7497749356916782,seq_hotel
16160,646.4,375,1.12,2.68,1.1502717070327992,1.6423458831805196,0.3540316829983212,0.4072326283461738,seq_hotel
16160,646.4,376,1.84,2.87,1.1752659273543833,1.8569868066305695,0.27691963187315044,0.3254542079560326,seq_hotel
16160,646.4,377,2.43,2.89,1.2250000000000703,1.7434735443934906,0.31415260010901463,0.384836935133565,seq_hotel
16170,646.8,356,0.34,0.02,0.1700183813591887,2.246352599215003,0.18924112850545416,0.03217447035508354,seq_hotel
16170,646.8,361,-0.89,-6.71,0.0,3.3638073666605823,0.08439352893023296,0.0,seq_hotel
16170,646.8,362,1.87,-6.86,1.513790771539975,2.764073081522991,0.12498915702037564,0.1892074324400055,seq_hotel
16170,646.8,363,2.47,-6.87,1.6663020434481475,3.3638073666605823,0.08439352893023296,0.14062510971024753,seq_hotel
16170,646.8,364,0.56,-7.29,2.21415898254834,1.9556328898850113,0.24968745157572805,0.5528477137360019,seq_hotel
16170,646.8,365,1.95,-3.42,1.5875492118355206,1.9304144632694813,0.2562537658798798,0.4068154640524872,seq_hotel
16170,646.8,366,1.19,-3.36,1.5008331019801997,2.1941968918034678,0.19834451314806778,0.29768201092876706,seq_hotel
16170,646.8,367,3.32,-3.36,1.4377173748687941,2.13,0.21048064946359238,0.3026116868074749,seq_hotel
16170,646.8,368,3.88,-3.38,1.5853331668768038,2.690074348414928,0.1319601545707693,0.2092008097472302,seq_hotel
16170,646.8,369,-0.59,2.83,0.0,2.4579056125083403,0.1580669158213252,0.0,seq_hotel
16170,646.8,371,-0.66,3.35,0.0,2.6650703555441084,0.13444790056477515,0.0,seq_hotel
16170,646.8,372,1.87,0.27,1.5364834037501227,1.5502902953963171,0.39732448138111504,0.6104824715457079,seq_hotel
16170,646.8,373,2.53,0.52,1.6517036659157296,1.882657695918193,0.2694192694253956,0.4450007949782636,seq_hotel
16170,646.8,374,0.9,0.2,2.1875357139939764,1.6611140839809888,0.3460767798178423,0.7570553156355598,seq_hotel
16170,646.8,375,1.11,2.22,1.1252777434926007,1.8061284561182243,0.29273463675281935,0.3294077714873387,seq_hotel
16170,646.8,376,1.83,2.4,1.1755982519550479,2.006090725764914,0.23728497628251968,0.27895180333292513,seq_hotel
16170,646.8,377,2.43,2.4,1.1877631287423365,1.882657695918193,0.2694192694253956,0.3200062743961824,seq_hotel
16170,646.8,378,-0.82,-2.48,0.0,2.9251495688254985,0.11160283510212962,0.0,seq_hotel
16180,647.2,356,0.29,0.0,0.10680004681649122,1.9725364381932213,0.24542642025016628,0.026211553172721606,seq_hotel
16180,647.2,361,-0.89,-6.71,0.0,3.402190470858444,0.0825000352963198,0.0,seq_hotel
16180,647.2,362,1.94,-7.47,1.3694204978747582,2.93027302482209,0.1112129107961768,0.1522972396726015,seq_hotel
16180,647.2,363,2.49,-7.56,1.5425729318250836,3.4852403073532825,0.07861509179719697,0.12126951263930022,seq_hotel
16180,647.2,364,0.69,-8.06,1.9692955593306354,2.0781963333621785,0.2211048319135362,0.4354207636338734,seq_hotel
16180,647.2,365,1.94,-4.05,1.6129359875703666,2.166887168266959,0.2033755715277446,0.32803177830979047,seq_hotel
16180,647.2,366,1.18,-4.01,1.6379293330298337,2.5181143738917022,0.15059844163310765,0.24666960505944835,seq_hotel
16180,647.2,367,3.29,-2.77,1.4633544512521997,2.447386360998198,0.15942862890484866,0.23330059376494539,seq_hotel
16180,647.2,368,3.71,-2.8,1.230980300410836,2.804460732476032,0.12141508691053678,0.1494595801595403,seq_hotel
16180,647.2,369,-0.59,2.83,0.0,2.619465594353169,0.13917011463089834,0.0,seq_hotel
16180,647.2,371,-0.66,3.35,0.0,2.90125834768295,0.1134484524195849,0.0,seq_hotel
16180,647.2,372,1.83,-0.36,1.5560868388363063,1.581518257877537,0.3817886048902015,0.5940962232873171,seq_hotel
16180,647.2,373,2.6,-0.17,1.7007351351693416,2.1153250341259615,0.21341117832909579,0.3629558892221832,seq_hotel
16180,647.2,374,0.84,-0.69,2.149309482135859,1.835211159512714,0.28353018365539545,0.6093941122022629,seq_hotel
16180,647.2,375,1.14,1.78,1.0892944964516207,1.9725364381932213,0.24542642025016628,0.2673416488623287,seq_hotel
16180,647.2,376,1.87,1.93,1.1399698460923222,2.2232633672149595,0.19319218647987457,0.22023326708770183,seq_hotel
16180,647.2,377,2.45,1.94,1.2202714861864945,2.1153250341259615,0.21341117832909579,0.2604195757484567,seq_hotel
16180,647.2,378,-0.82,-2.48,0.37500000000007505,2.717075633838705,0.12935044477499114,0.04850641679063138,seq_hotel
16190,647.6,356,0.31,0.1,0.28750000000001635,1.8020543831971332,0.29405975813000307,0.0845421804623807,seq_hotel
16190,647.6,361,-0.89,-6.71,0.0,3.1264196775225175,0.09769601090095369,0.0,seq_hotel
16190,647.6,362,1.98,-7.95,1.4125553086517462,3.1264196775225175,0.09769601090095369,0.138001018832241,seq_hotel
16190,647.6,363,2.57,-8.1,1.367136606195669,3.4409591686040097,0.08065148042696679,0.1102615912355798,seq_hotel
16190,647.6,364,0.78,-8.85,2.0571901346254986,2.7144981119905016,0.1295962079868864,0.26660404055549697,seq_hotel
16190,647.6,365,1.98,-4.71,1.6511832878273416,2.8780027797067884,0.11528928980808315,0.19036374859658994,seq_hotel
16190,647.6,366,1.16,-4.67,1.8375000000001052,3.1904858564174834,0.09381185737104801,0.1723792879193106,seq_hotel
16190,647.6,367,3.36,-2.19,1.439455192077973,2.012063617284503,0.23587828736077765,0.3395362254399315,seq_hotel
16190,647.6,368,3.71,-2.41,1.1679308626798734,2.4240668307618916,0.16251079092448598,0.18980136823922344,seq_hotel
16190,647.6,369,-0.59,2.83,0.0,2.818865019826242,0.12017740480133048,0.0,seq_hotel
16190,647.6,371,-0.66,3.35,0.0,3.1562794553081006,0.09585626108464802,0.0,seq_hotel
16190,647.6,372,1.76,-0.97,1.539328181383122,1.8020543831971332,0.29405975813000307,0.45265447270021836,seq_hotel
16190,647.6,373,2.57,-0.84,1.7147339443774754,1.9402319448973109,0.25366706297021424,0.4349715234455649,seq_hotel
16190,647.6,374,0.72,-1.51,2.0846162716434153,1.9474342094150445,0.25179424088368413,0.5248943716522296,seq_hotel
16190,647.6,375,1.16,1.35,1.1500679327762127,1.5116216457830973,0.4179123232172307,0.48062756164414494,seq_hotel
16190,647.6,376,1.89,1.49,1.1500679327762122,2.10440015206234,0.2156327556850789,0.2479923175695767,seq_hotel
16190,647.6,377,2.54,1.43,1.2904698756655226,2.270198229230214,0.1852865184041624,0.23910667036751704,seq_hotel
16190,647.6,378,-1.06,-2.3,0.5038911092686882,3.117899934250617,0.09823065418733831,0.04949755330264681,seq_hotel
16200,648.0,356,0.29,0.23,0.13462912017837023,2.3313729860320507,0.17569033145389804,0.023653034747484536,seq_hotel
16200,648.0,361,-0.89,-6.71,0.0,3.411407334224396,0.08205484404576267,0.0,seq_hotel
16200,648.0,362,1.95,-8.6,1.6262014789073034,3.2136116753584267,0.09246653612767836,0.15036921780026613,seq_hotel
16200,648.0,363,2.58,-8.65,1.4250000000000806,3.3326415948913564,0.08597935070016402,0.12252057474774067,seq_hotel
16200,648.0,364,0.98,-9.68,2.134391013849271,3.5096723493796396,0.0775243678701856,0.16546731413646928,seq_hotel
16200,648.0,365,1.99,-5.37,1.6254326347161538,3.230247668523266,0.09151657085163377,0.14875402087955863,seq_hotel
16200,648.0,366,1.18,-5.48,1.602390791910729,3.1696845268890725,0.09504719451287179,0.1523027492843737,seq_hotel
16200,648.0,367,3.35,-1.62,1.3877252069484862,1.5802847844613326,0.3823848390467192,0.530645079900072,seq_hotel
16200,648.0,368,3.8,-1.87,1.449676688092983,2.0492193635626226,0.22740210476778797,0.3296595301051404,seq_hotel
16200,648.0,369,-0.59,2.83,0.0,2.744886154287642,0.1267426282851152,0.0,seq_hotel
16200,648.0,371,-0.66,3.35,0.0,3.2614260684553313,0.08977518436305428,0.0,seq_hotel
16200,648.0,372,1.77,-1.59,1.5129648046138617,1.5802847844613326,0.3823848390467192,0.5785348032956225,seq_hotel
16200,648.0,373,2.53,-1.54,1.780317738495115,1.312173768980313,0.5546112548213336,0.9873842549274545,seq_hotel
16200,648.0,374,0.68,-2.35,2.0131210221942597,2.0195544062985773,0.23413172621766593,0.47133550001141417,seq_hotel
16200,648.0,375,1.15,0.86,1.2811127975319687,1.3709121051329294,0.5081034684215027,0.6509378558651676,seq_hotel
16200,648.0,376,1.88,1.01,1.2002603884158485,1.7710166571774528,0.3044570886502064,0.36542778347925514,seq_hotel
16200,648.0,377,2.52,0.91,1.2890160976497496,2.3313729860320507,0.17569033145389804,0.2264676654454947,seq_hotel
16200,648.0,378,-1.1,-2.19,0.42444817115876493,2.932047066470796,0.11107837226807013,0.047147011964474836,seq_hotel
16210,648.4,356,0.35,0.2,0.23251344047174166,2.1493254755853055,0.20671262848544722,0.04806346443810828,seq_hotel
16210,648.4,361,-0.89,-6.71,0.0,3.7952602018833965,0.06629614402606027,0.0,seq_hotel
16210,648.4,362,1.93,-9.25,1.6500473478056052,3.3734255586865998,0.08391297526813464,0.13846038228766291,seq_hotel
16210,648.4,363,2.57,-9.24,1.5383127932901919,3.5524217092006403,0.07566975907124354,0.11640375844448049,seq_hotel
16210,648.4,365,2.01,-6.01,1.6511832878273416,2.9832867780352594,0.10729546725296317,0.1771644823877186,seq_hotel
16210,648.4,366,1.23,-5.95,1.6766782637108173,2.6501698058803704,0.13596401437357575,0.22796790754703958,seq_hotel
16210,648.4,367,3.34,-1.08,1.32505896095238,1.7067220043111881,0.3278278205744696,0.4343911913016899,seq_hotel
16210,648.4,368,3.86,-1.26,1.4868696143240845,2.152324325003088,0.20613700130628654,0.3064988436302016,seq_hotel
16210,648.4,369,-0.59,2.83,0.0,3.1100643080167973,0.09872625056101028,0.0,seq_hotel
16210,648.4,371,-0.66,3.35,0.0,3.5786589667080597,0.07456426730731894,0.0,seq_hotel
16210,648.4,372,1.73,-2.18,1.5762395915596976,1.949897433200013,0.2511584804585288,0.3958859406547057,seq_hotel
16210,648.4,373,2.46,-2.26,1.8571231111588675,1.720465053408525,0.3226113711322204,0.5991290332522972,seq_hotel
16210,648.4,374,0.68,-3.12,2.0131210221942597,2.152881789602021,0.20603026139752142,0.41476385042752884,seq_hotel
16210,648.4,375,1.26,0.33,1.3210436215357153,1.231990259701756,0.6291538137774225,0.8311396326555333,seq_hotel
16210,648.4,376,1.91,0.53,1.2627475004925495,1.5945218719101975,0.3755868863525554,0.47427140195946854,seq_hotel
16210,648.4,377,2.49,0.4,1.3009611831258427,1.7067220043111881,0.3278278205744696,0.4264912693161284,seq_hotel
16210,648.4,378,-1.14,-1.97,0.49149008128346544,2.8776726707532254,0.11531574188520373,0.0566765433524219,seq_hotel
16210,648.4,379,3.88,-5.92,1.981161275616008,3.569103528899099,0.07496405844890466,0.14851588966198495,seq_hotel
16220,648.8,356,0.18,0.38,0.20348525745134702,2.355865021600346,0.1720562978237099,0.03501092005878325,seq_hotel
16220,648.8,361,-0.89,-6.71,0.0,3.186628312182015,0.09403912104380008,0.0,seq_hotel
16220,648.8,362,1.94,-9.92,1.6751865567751905,3.231547616854809,0.09144295727732454,0.15318401274274215,seq_hotel
16220,648.8,363,2.62,-9.88,1.604875384570496,3.356784175367848,0.08474704104999749,0.13600844009632632,seq_hotel
16220,648.8,365,2.04,-6.69,1.829275812992476,2.9300682585905746,0.11122845544726123,0.2034675232661862,seq_hotel
16220,648.8,366,1.24,-6.82,2.0001562438968405,2.9068883707497273,0.11300942704749958,0.2260365111282608,seq_hotel
16220,648.8,367,3.36,-0.56,1.3520817282988646,1.5637135287513502,0.39053233214108135,0.5280316305978995,seq_hotel
16220,648.8,368,3.95,-0.69,1.5018738295874117,2.1630071659613153,0.20410585614315646,0.3065412438069397,seq_hotel
16220,648.8,369,-0.59,2.83,0.0,3.5468295701936396,0.07590855791346361,0.0,seq_hotel
16220,648.8,371,-0.66,3.35,0.0,4.031935019317648,0.05874140550249882,0.0,seq_hotel
16220,648.8,372,1.72,-2.85,1.737679846807064,2.6977953962448673,0.1312058996924159,0.22799384767770026,seq_hotel
16220,648.8,373,2.4,-3.02,1.8249999999998656,2.5079872407968904,0.15181711582692722,0.27706623638412176,seq_hotel
16220,648.8,374,0.72,-3.96,2.241720879145963,2.8570089254323303,0.11698985097107163,0.2622585915700259,seq_hotel
16220,648.8,375,1.27,-0.19,1.3630159573532636,1.2300406497347964,0.6311498073703715,0.8602672589262549,seq_hotel
16220,648.8,376,1.9,-0.0,1.301501536687425,1.5637135287513502,0.39053233214108135,0.5082784304077412,seq_hotel
16220,648.8,377,2.48,-0.13,1.3154134331075198,1.2114866899805379,0.6506300051450378,0.8558474487505974,seq_hotel
16220,648.8,378,-1.15,-1.8,0.6823672031976663,2.9066303514551004,0.11302949145426668,0.07712761796250248,seq_hotel
16220,648.8,379,3.74,-5.14,1.934109937412919,3.0120424963801558,0.10525656480659716,0.2035777679703865,seq_hotel
16230,649.2,356,0.24,0.32,0.3204001404494163,2.386063704095094,0.16772867380102435,0.05374029064324253,seq_hotel
16230,649.2,361,-0.89,-6.71,0.0,2.901310048926174,0.11344440916073137,0.0,seq_hotel
16230,649.2,365,1.91,-7.47,1.7785615676718272,2.901310048926174,0.11344440916073137,0.20176786620051457,seq_hotel
16230,649.2,366,1.25,-7.55,1.701148509095953,2.7261694738221975,0.12848892068775192,0.21857873586331733,seq_hotel
16230,649.2,367,3.28,-0.0,1.41697300609421,1.5088074761214563,0.41947272503903915,0.5943815281730973,seq_hotel
16230,649.2,368,3.92,-0.06,1.5282751715576486,2.108577719696383,0.2147791679340034,0.32824166972134805,seq_hotel
16230,649.2,369,-0.59,2.83,0.0,4.024984472019737,0.058944455945888825,0.0,seq_hotel
16230,649.2,371,-0.66,3.35,0.0,4.5237373929086555,0.04666342483709953,0.0,seq_hotel
16230,649.2,372,1.75,-3.57,1.7625443256835929,2.1392755783208486,0.20865938130697514,0.3677714085232582,seq_hotel
16230,649.2,373,2.46,-3.72,1.7295230556426437,2.2334278586961345,0.19143772474066237,0.3310959586587457,seq_hotel
16230,649.2,374,0.57,-4.91,1.99225061174515,2.3176712450216055,0.17777378407762534,0.3541699300808993,seq_hotel
16230,649.2,375,1.23,-0.76,1.2755513513769692,1.4650938536489737,0.4448775488243055,0.5674641586001165,seq_hotel
16230,649.2,376,1.86,-0.51,1.3134520356677408,1.5088074761214563,0.41947272503903915,0.5509573046096204,seq_hotel
16230,649.2,377,2.42,-0.65,1.3021616643104295,1.195073219514185,0.6686246033828401,0.8706573263398999,seq_hotel
16230,649.2,378,-1.4,-1.49,0.7871030745714327,3.404115156689033,0.08240677067236557,0.06486262256172191,seq_hotel
16230,649.2,379,3.73,-4.38,1.8749999999998321,3.204137949589562,0.09301413904946883,0.17440151071773843,seq_hotel
16240,649.6,356,0.27,0.14,0.2971216081001347,2.369155967850154,0.1701312438403271,0.050549668757914126,seq_hotel
16240,649.6,361,-0.89,-6.71,0.0,3.166322788346128,0.0952491280872339,0.0,seq_hotel
16240,649.6,365,1.95,-8.11,1.6007810593583043,3.166322788346128,0.0952491280872339,0.1524730001624371,seq_hotel
16240,649.6,366,1.19,-8.18,1.7295230556428953,2.65452443951831,0.1355182939830231,0.2343820139050303,seq_hotel
16240,649.6,367,3.27,0.57,1.3653067420913925,2.147673159491453,0.20703082028214026,0.28266057475191747,seq_hotel
16240,649.6,368,3.87,0.53,1.4627136596067745,2.556657974778793,0.146091892993402,0.21369060743926033,seq_hotel
16240,649.6,369,-0.59,2.83,0.0,4.285907138518052,0.05198593600911167,0.0,seq_hotel
16240,649.6,371,-0.66,3.35,0.0,4.779382805342129,0.04180495386018921,0.0,seq_hotel
16240,649.6,372,1.71,-4.26,1.7126824720304508,2.1225691979297165,0.21195695260057532,0.36301495754399443,seq_hotel
16240,649.6,373,2.5,-4.4,1.7266296649832982,2.02765874840911,0.23226386597056298,0.4010336810884788,seq_hotel
16240,649.6,374,0.83,-5.55,2.040220576310431,2.0746083967823905,0.22187027382699162,0.45266429793345797,seq_hotel
16240,649.6,375,1.24,-1.21,1.3255305541556561,1.6623477373883,0.34556331278547153,0.4580547294923904,seq_hotel
16240,649.6,376,1.86,-1.05,1.339601153328932,1.98600100704909,0.24210984700354243,0.3243306302782367,seq_hotel
16240,649.6,377,2.42,-1.17,1.338434253148134,1.9365174928205526,0.25464111851720544,0.3408203952833813,seq_hotel
16240,649.6,378,-1.58,-1.34,0.3678484742390751,3.4522021957005937,0.08012700928462471,0.029474598110689403,seq_hotel
16240,649.6,379,3.74,-3.64,1.7750440135389203,2.8005892237170382,0.12175100513194341,0.2161133928018025,seq_hotel
16250,650.0,356,0.33,0.1,0.07905694150421405,2.232330620674276,0.1916259624247732,0.015149362502104014,seq_hotel
16250,650.0,361,-0.89,-6.71,0.09100137361601235,3.1618507238641103,0.09551875591923542,0.008692337994743034,seq_hotel
16250,650.0,365,1.95,-8.75,1.6897669957720003,3.4967413401622944,0.07809880091528495,0.1319687761960166,seq_hotel
16250,650.0,366,1.15,-8.93,1.763607807875763,3.014962686336267,0.10505276771742267,0.1852718813854055,seq_hotel
16250,650.0,367,3.21,1.09,1.3419319095990692,2.908367239534925,0.11289452847414137,0.15149677017859103,seq_hotel
16250,650.0,368,3.9,1.11,1.375908790581779,3.2675372989454914,0.08943968778579464,0.12306085265136463,seq_hotel
16250,650.0,369,-0.59,2.83,0.0,2.880850568842473,0.11506147006993026,0.0,seq_hotel
16250,650.0,371,-0.66,3.35,0.0,3.3974402128661514,0.08273089759251573,0.0,seq_hotel
16250,650.0,372,1.73,-4.94,1.7250452892606438,2.821435804692356,0.11995850242464313,0.20693384951439217,seq_hotel
16250,650.0,373,2.52,-5.1,1.737904629144056,2.4633310780323456,0.15737140055230264,0.2734964855147302,seq_hotel
16250,650.0,374,1.05,-6.47,2.1701454444346666,2.0094277792446285,0.23649751313868253,0.5132340007580396,seq_hotel
16250,650.0,375,1.26,-1.82,1.41448974899086,2.133377603707323,0.20981470317302134,0.29678074682579875,seq_hotel
16250,650.0,376,1.8,-1.58,1.3321153290913672,2.232330620674276,0.1916259624247732,0.2552678819979267,seq_hotel
16250,650.0,377,2.46,-1.72,1.4005021420905517,1.7821335527956375,0.30067054740282484,0.42108974570119495,seq_hotel
16250,650.0,378,-1.45,-1.2,0.4640177798317913,2.780017985553331,0.1235595081259458,0.057333808637709545,seq_hotel
16250,650.0,379,3.74,-2.96,1.750401739601612,2.4633310780323456,0.15737140055230264,0.27546317329029263,seq_hotel
16250,650.0,380,1.82,3.63,1.2905909499141035,2.895461966595313,0.11390312851740546,0.1470023468314665,seq_hotel
16250,650.0,381,-2.35,-1.05,0.16770509831249392,3.6912057650583505,0.07008658044413738,0.011753876863770572,seq_hotel
16260,650.4,356,0.21,0.16,0.1397542485937448,2.743082208028042,0.12690938381970523,0.01773612557521806,seq_hotel
16260,650.4,361,-0.87,-6.64,0.10077822185373826,3.5046397817750115,0.07774717350306307,0.007835221899792771,seq_hotel
16260,650.4,365,1.88,-9.46,1.7836058981738003,3.7271168481817156,0.06874250677047465,0.122609540531071,seq_hotel
16260,650.4,366,1.24,-9.59,1.6652702483381838,3.6269270739842563,0.07259283129486051,0.12088668219796424,seq_hotel
16260,650.4,367,3.1,1.63,1.373692560218703,3.2423756722502097,0.09083322158768876,0.12477692071570493,seq_hotel
16260,650.4,368,3.91,1.63,1.2252550754843536,3.8725314717894808,0.06367683516496328,0.07802036547665182,seq_hotel
16260,650.4,369,-0.59,2.83,0.0,2.7872746545685088,0.12291697132816384,0.0,seq_hotel
16260,650.4,371,-0.66,3.35,0.0,3.3065087327875,0.08734379022696169,0.0,seq_hotel
16260,650.4,372,1.72,-5.64,1.726629664983299,2.776346520159182,0.12388651659311271,0.21390613464111413,seq_hotel
16260,650.4,373,2.53,-5.79,1.726131875031669,3.5009141663285606,0.07791273608493293,0.13448765722713285,seq_hotel
16260,650.4,374,1.13,-7.26,1.8845589669735485,2.093895890439637,0.21780167378691997,0.4104600973569877,seq_hotel
16260,650.4,375,1.18,-2.34,1.3287682265919063,2.5919297829995314,0.14214281694993708,0.18887485880134586,seq_hotel
16260,650.4,376,1.75,-2.11,1.3630159573534752,2.0241788458533003,0.23306315343064268,0.31766879719708735,seq_hotel
16260,650.4,377,2.45,-2.29,1.3880066642492104,1.320946630261798,0.5472689887967059,0.7596130035867543,seq_hotel
16260,650.4,378,-1.41,-1.01,0.40945848385400335,2.911528808031959,0.11264948195722216,0.04612528608914309,seq_hotel
16260,650.4,379,3.77,-2.24,1.8831489585267553,2.5919297829995314,0.14214281694993708,0.2676760977013332,seq_hotel
16260,650.4,380,1.9,3.12,1.3461171011469273,2.5068306683938584,0.15195723537624078,0.20455223318296656,seq_hotel
16260,650.4,381,-2.29,-1.08,0.09519716382330458,3.6916798344385175,0.07006858117557853,0.006670330201038064,seq_hotel
16270,650.8,356,0.23,0.15,0.03952847075208791,2.8026416110519734,0.12157275278191321,0.00480558500259067,seq_hotel
16270,650.8,361,-0.85,-6.64,0.13806701271479138,3.3238531856867564,0.08643461789929148,0.011933769488499611,seq_hotel
16270,650.8,367,3.07,2.18,1.4673530590827666,3.4909167850293996,0.0783596322612212,0.11498124610710357,seq_hotel
16270,650.8,368,3.88,2.09,1.3627293384966506,3.55,0.07577303380689324,0.10325813623555195,seq_hotel
16270,650.8,369,-0.59,2.83,0.0,2.8026416110519734,0.12157275278191321,0.0,seq_hotel
16270,650.8,371,-0.66,3.35,0.0,3.3214605221197497,0.08655919168167187,0.0,seq_hotel
16270,650.8,372,1.67,-6.32,1.7254075605489467,2.5402362094891884,0.14798686749184417,0.25533766003238306,seq_hotel
16270,650.8,373,2.47,-6.48,1.7564168070248727,3.3238531856867564,0.08643461789929148,0.15181521558708844,seq_hotel
16270,650.8,374,1.28,-7.96,1.8705781191918491,2.5058531481313904,0.15207581395241063,0.28446969003766986,seq_hotel
16270,650.8,375,1.18,-2.88,1.4027317099144876,3.050639277266324,0.10260999511641151,0.14393429390396115,seq_hotel
16270,650.8,376,1.77,-2.67,1.4008925726120707,2.43232399157678,0.16140929288248743,0.226117079549643,seq_hotel
16270,650.8,377,2.49,-2.83,1.376419721596454,1.9516659550240658,0.25070350710196176,0.34507325144853684,seq_hotel
16270,650.8,378,-1.38,-0.88,0.6876136269735718,3.248630480679512,0.09048378359530135,0.06221788262025693,seq_hotel
16270,650.8,379,3.88,-1.46,2.002849532540893,3.050639277266324,0.10260999511641151,0.20551238075292813,seq_hotel
16270,650.8,380,2.01,2.57,1.4076798286541077,2.6129676614914312,0.1398631522865095,0.19688253824569707,seq_hotel
16270,650.8,381,-2.28,-1.08,0.08838834764827859,3.9002051228108505,0.06277641132762969,0.005548703268537868,seq_hotel
16280,651.2,356,0.22,0.19,0.01767766952968229,2.7614670014323908,0.1252251804491879,0.0022136893567755757,seq_hotel
16280,651.2,361,-0.86,-6.75,0.23782871988047413,3.29946965435356,0.08771686570995012,0.02086158988372489,seq_hotel
16280,651.2,367,2.92,2.79,1.4513463576967247,3.5102279128284533,0.07749983026298092,0.11247909637429175,seq_hotel
16280,651.2,368,3.93,2.72,1.4285044627160062,3.393773710782733,0.08290975268945813,0.11843695171957133,seq_hotel
16280,651.2,369,-0.59,2.83,0.0,2.802641611051973,0.12157275278191326,0.0,seq_hotel
16280,651.2,371,-0.66,3.35,0.0,3.2802438933713454,0.08874810953079663,0.0,seq_hotel
16280,651.2,372,1.69,-7.02,1.7500446422875824,2.5642542775629718,0.14522761482972477,0.2541548092449645,seq_hotel
16280,651.2,373,2.41,-7.19,1.7669270641425605,3.29946965435356,0.08771686570995012,0.1549893040046694,seq_hotel
16280,651.2,374,1.5,-8.71,1.954002302966471,3.067767918210242,0.10146736426293904,0.1982674634457207,seq_hotel
16280,651.2,375,1.25,-3.46,1.474999999999881,3.587087955431257,0.07421425473695693,0.10946602573700265,seq_hotel
16280,651.2,376,1.79,-3.23,1.3764197215964533,3.44145318143368,0.0806283274132335,0.11097841997091054,seq_hotel
16280,651.2,377,2.5,-3.39,1.3625573382429284,3.150634856659845,0.09620003612062376,0.13107806515539067,seq_hotel
16280,651.2,378,-1.66,-0.52,0.8254733490547947,3.516731437002263,0.07721345299346444,0.06373764763460006,seq_hotel
16280,651.2,379,4.09,-0.67,1.866815470259242,3.393773710782733,0.08290975268945813,0.15477720895604824,seq_hotel
16280,651.2,380,2.09,2.01,1.4018403083089224,2.6094635464018268,0.1402390346366546,0.19659273155199353,seq_hotel
16280,651.2,381,-2.36,-1.07,0.012499999999945999,4.282861193174488,0.05205990647887585,0.0006507488309831368,seq_hotel
16290,651.6,356,0.22,0.14,0.05000000000000285,2.7907884190672716,0.12260764698611695,0.006130382349306197,seq_hotel
16290,651.6,361,-0.86,-6.83,0.16298006013007477,3.440130811466332,0.08069032562012521,0.01315091412148332,seq_hotel
16290,651.6,367,2.91,3.33,1.3502314616391546,3.5106979363083917,0.07747907980132837,0.10461469116660431,seq_hotel
16290,651.6,368,3.8,3.23,1.3157697366941512,3.2221886971436047,0.09197492497484921,0.12101782281662166,seq_hotel
16290,651.6,369,-0.59,2.83,0.0,3.0813146544940846,0.10057714029715857,0.0,seq_hotel
16290,651.6,371,-0.66,3.35,0.0,3.403086834037592,0.08245658048107865,0.0,seq_hotel
16290,651.6,372,1.66,-7.72,1.8260698918717178,2.843554114132524,0.11809958922448884,0.2156581041252566,seq_hotel
16290,651.6,373,2.37,-7.89,1.9253652250937812,2.8314837100008194,0.11910863489595894,0.229327623637071,seq_hotel
16290,651.6,375,1.18,-4.06,1.454357676089427,3.440130811466332,0.08069032562012521,0.11735259445178445,seq_hotel
16290,651.6,376,1.82,-3.77,1.3764197215966558,3.9532391781929914,0.06110337523764067,0.08410389073320937,seq_hotel
16290,651.6,377,2.48,-3.92,1.3880066642492093,3.887467041660932,0.06318848485689713,0.08770603808518346,seq_hotel
16290,651.6,378,-1.73,-0.32,0.503891109268688,3.349940297975473,0.08509366861383984,0.04287794306956989,seq_hotel
16290,651.6,379,4.08,0.02,1.8135772660684666,3.5106979363083917,0.07747907980132837,0.14051429772359367,seq_hotel
16290,651.6,380,2.17,1.46,1.4001116026946647,2.3920075250717754,0.1668961425015943,0.23367322556146433,seq_hotel
16290,651.6,381,-2.29,-1.08,0.10077822185373779,4.263578309354714,0.05253187398855611,0.005294068851211305,seq_hotel
16290,651.6,382,3.29,-10.05,0.8533024082938488,2.843554114132524,0.11809958922448884,0.1007746639037706,seq_hotel
16290,651.6,383,3.84,-10.31,1.3400093283258185,3.385336024680564,0.08332355992769704,0.1116543475724294,seq_hotel
16300,652.0,356,0.22,0.15,0.027950849718748946,2.7861981264798814,0.12301197471967588,0.003438289218996205,seq_hotel
16300,652.0,361,-0.85,-6.88,0.22534695471651114,3.7065617491146696,0.06950705738222032,0.015663203712389145,seq_hotel
16300,652.0,369,-0.59,2.83,0.0,3.1554555930958688,0.09590632210340286,0.0,seq_hotel
16300,652.0,371,-0.66,3.35,0.0,3.6253827384153525,0.07265469045691161,0.0,seq_hotel
16300,652.0,372,1.64,-8.48,1.7640950229509638,2.6245761562583776,0.13862865956555545,0.2445541283779599,seq_hotel
16300,652.0,373,2.44,-8.73,1.92601434314504,1.8146349495146394,0.2899965557871094,0.5585375259086335,seq_hotel
16300,652.0,375,1.16,-4.62,1.4138820672178534,3.024516490284025,0.10439013725323004,0.14759534305675234,seq_hotel
16300,652.0,376,1.84,-4.33,1.4013943948796936,3.7065617491146696,0.06950705738222032,0.0974068006200248,seq_hotel
16300,652.0,377,2.53,-4.5,1.4144897489908606,4.078296212881061,0.057413477141221816,0.08121077487017936,seq_hotel
16300,652.0,378,-1.71,-0.12,0.46097722286467047,3.1554555930958688,0.09590632210340286,0.04421063001839121,seq_hotel
16300,652.0,379,4.14,0.78,1.9059118552547,5.155133363939288,0.03593284234861458,0.06848483022522267,seq_hotel
16300,652.0,380,2.24,0.9,1.4055692796871395,3.4254634722910127,0.08138281362826809,0.1143891827303975,seq_hotel
16300,652.0,381,-2.28,-1.08,0.012500000000001066,4.259600920274105,0.052630022737369074,0.0006578752842171695,seq_hotel
16300,652.0,382,3.26,-9.71,0.9146379064963889,2.0340353979220716,0.2308098659878114,0.21110745262580388,seq_hotel
16300,652.0,383,3.92,-9.78,1.2426031144336371,2.6245761562583776,0.13862865956555545,0.17226040412591961,seq_hotel
16310,652.4,356,0.24,0.13,0.027950849718748946,2.795442719856731,0.12219971316800464,0.0034155858184331243,seq_hotel
16310,652.4,361,-0.71,-6.73,0.38263069662537064,3.3310809056520982,0.08605993624348841,0.03292917335638095,seq_hotel
16310,652.4,369,-0.59,2.83,0.0,3.0450779957170226,0.10298513438138282,0.0,seq_hotel
16310,652.4,371,-0.66,3.35,0.0,3.504083332342426,0.07777186801030833,0.0,seq_hotel
16310,652.4,372,1.6,-9.13,1.6280740155165871,2.337733945512192,0.17473552763977526,0.2844823721378985,seq_hotel
16310,652.4,373,2.42,-9.43,1.7507141400012574,1.514001321003387,0.41659962418260704,0.7293468527756999,seq_hotel
16310,652.4,375,1.23,-5.19,1.2947007376224786,2.4769335881286763,0.15564768199103082,0.20151716868301658,seq_hotel
16310,652.4,376,1.87,-4.89,1.4000000000000794,3.1689114850370945,0.09509357284917067,0.13313100198884648,seq_hotel
16310,652.4,377,2.54,-5.05,1.3877252069484867,3.658537959349336,0.07134380223620437,0.09900559272272862,seq_hotel
16310,652.4,378,-1.81,0.04,0.5057482081036264,3.0450779957170226,0.10298513438138282,0.05208454717469553,seq_hotel
16310,652.4,380,2.27,0.34,1.4276838760734927,4.091014544095389,0.05705705280414976,0.08145943430475847,seq_hotel
16310,652.4,381,-2.28,-1.08,0.0,4.259600920274105,0.052630022737369074,0.0,seq_hotel
16310,652.4,382,3.24,-9.32,0.9645270861930769,1.650969412193939,0.35034290587789263,0.3379152221748192,seq_hotel
16310,652.4,383,3.93,-9.32,1.0750000000000597,2.337733945512192,0.17473552763977526,0.18784069221276883,seq_hotel
16320,652.8,356,0.24,0.16,0.07288689868555762,2.7960329039551732,0.12214813100250353,0.008902998449009695,seq_hotel
16320,652.8,361,-0.66,-6.64,0.03750000000005116,3.3712015662075143,0.08402372710526812,0.003150889766451853,seq_hotel
16320,652.8,369,-0.59,2.83,0.03535533905931422,2.978925980953538,0.10760983305740049,0.003804582133860594,seq_hotel
16320,652.8,371,-0.66,3.35,0.0,3.4207747660435057,0.08160606224321014,0.0,seq_hotel
16320,652.8,375,1.34,-5.64,1.262190556136295,2.23606797749979,0.19098593171027436,0.24106063935959965,seq_hotel
16320,652.8,376,1.84,-5.45,1.4005021420903525,2.7687722911066555,0.12456524941644019,0.17445389863774352,seq_hotel
16320,652.8,377,2.55,-5.61,1.4633544512521843,3.3712015662075143,0.08402372710526812,0.12295649507029292,seq_hotel
16320,652.8,378,-1.97,0.19,0.49623583103195257,2.978925980953538,0.10760983305740049,0.053399854934448814,seq_hotel
16320,652.8,380,2.31,-0.24,1.4379890472460697,4.30154623362344,0.05160861352036513,0.07421262098584049,seq_hotel
16320,652.8,381,-2.28,-1.08,0.0,4.259600920274105,0.052630022737369074,0.0,seq_hotel
16320,652.8,382,3.31,-8.94,1.194060823408758,3.7869512803837333,0.06658738292666984,0.07950938528605365,seq_hotel
16320,652.8,383,3.92,-8.92,1.0749999999998874,4.045651987010252,0.05834374994967846,0.06271953119589778,seq_hotel
16330,653.2,356,0.27,0.18,0.05590169943748047,2.811280846873894,0.12082670005584656,0.006754417870544539,seq_hotel
16330,653.2,361,-0.71,-6.7,0.11524430571612901,3.324830822763769,0.08638379470363851,0.009955240445745443,seq_hotel
16330,653.2,369,-0.61,2.85,0.0559016994374867,2.958462438497403,0.10910364564997109,0.006099079206658737,seq_hotel
16330,653.2,371,-0.66,3.35,0.012500000000002509,3.3771289581536563,0.08372903626053241,0.001046612953256865,seq_hotel
16330,653.2,375,1.37,-6.19,1.4124999999998895,2.141611542740653,0.20820443879894734,0.29408876980349014,seq_hotel
16330,653.2,376,1.84,-6.01,1.437554346798645,2.641703995530158,0.1368368524562766,0.19671041205076528,seq_hotel
16330,653.2,377,2.58,-6.22,1.5377032385995695,2.313979256605384,0.178341518078508,0.27423632992608543,seq_hotel
16330,653.2,378,-2.11,0.3,0.4508672199217506,2.958462438497403,0.10910364564997109,0.04919125739753026,seq_hotel
16330,653.2,380,2.3,-0.81,1.400892572612064,4.587951612648068,0.04536633800417932,0.06355336595666322,seq_hotel
16330,653.2,381,-2.28,-1.08,0.0,4.270105385116391,0.05237140138376925,0.0,seq_hotel
16330,653.2,382,3.41,-8.38,1.2202714861864181,2.8428506819739945,0.11815804134615698,0.14418488871835122,seq_hotel
16330,653.2,383,3.93,-8.46,1.1057378758095298,3.2203415967875215,0.09208046386432528,0.1018168565168952,seq_hotel
16340,653.6,356,0.28,0.18,0.03750000000000209,2.8208154849263005,0.12001126788379692,0.004500422545642635,seq_hotel
16340,653.6,361,-0.72,-6.71,0.017677669529664958,3.292567387313432,0.08808501600879734,0.0015571378035187668,seq_hotel
16340,653.6,369,-0.63,2.85,0.039528470752106915,2.8208154849263005,0.12001126788379692,0.004743861892467934,seq_hotel
16340,653.6,371,-0.67,3.35,0.03750000000000209,3.2882366094914763,0.08831719385446216,0.0033118947695425153,seq_hotel
16340,653.6,375,1.34,-6.77,1.3777812779974234,2.0608736011701443,0.22483745963255142,0.3097768424742308,seq_hotel
16340,653.6,376,1.85,-6.6,1.5129648046138608,2.083698634639856,0.21993865644464788,0.33275944637481175,seq_hotel
16340,653.6,377,2.57,-6.84,1.5018738295876453,1.4140014144264494,0.47760811170919887,0.7173071237748184,seq_hotel
16340,653.6,378,-2.22,0.45,0.4339138739427695,2.878906042232014,0.11521695666695286,0.04999423601125372,seq_hotel
16340,653.6,380,2.27,-1.36,1.4160353985689156,4.8410949174747655,0.04074592547219139,0.05769767281607387,seq_hotel
16340,653.6,381,-2.28,-1.08,0.0,4.262323310120902,0.05256281353145591,0.0,seq_hotel
16340,653.6,382,3.42,-7.97,1.0776131031126788,2.083698634639856,0.21993865644464788,0.23700877806575038,seq_hotel
16340,653.6,383,3.83,-8.04,1.0698276730390415,2.4482646915723794,0.15931425734924465,0.1704388012218854,seq_hotel
16340,653.6,384,1.56,3.74,1.781326752732458,3.7831204051681993,0.0667223070536174,0.11885423055863827,seq_hotel
16350,654.0,356,0.3,0.18,0.0673145600891851,2.860209782515961,0.11672815110397172,0.007857504141587783,seq_hotel
16350,654.0,361,-0.72,-6.71,0.0,3.4341956845817627,0.08096947171382789,0.0,seq_hotel
16350,654.0,369,-0.64,2.86,0.06250000000000373,2.8400704216621104,0.11838949399347538,0.007399343374592654,seq_hotel
16350,654.0,371,-0.69,3.35,0.051538820320223645,3.2824990479815837,0.08862620731256003,0.004567690174344922,seq_hotel
16350,654.0,375,1.3,-7.29,1.5387698008475057,2.1016184239771025,0.21620396181655768,0.33268812726690616,seq_hotel
16350,654.0,376,1.87,-7.22,1.4839242736744533,1.6278820596099708,0.3603508145476875,0.5347333207456748,seq_hotel
16350,654.0,377,2.64,-7.42,1.5087764082196735,1.2050726119201283,0.6575744791016196,0.9921328607158644,seq_hotel
16350,654.0,378,-2.37,0.53,0.37687033579205437,2.9020337696174385,0.11338783378272721,0.04273251099243005,seq_hotel
16350,654.0,380,2.22,-1.94,1.467832160023837,5.006086295700464,0.038104364111080306,0.055930811079501784,seq_hotel
16350,654.0,381,-2.28,-1.08,0.0,4.267692584992504,0.05243063594268839,0.0,seq_hotel
16350,654.0,382,3.47,-7.52,1.1524430571616753,1.6278820596099708,0.3603508145476875,0.4152837943680369,seq_hotel
16350,654.0,383,3.83,-7.61,1.1000000000000618,1.9984243793548957,0.23910901133068885,0.2630199124637725,seq_hotel
16350,654.0,384,1.62,3.03,1.7403753187173008,3.1408438356594552,0.09680074390529779,0.16846962552625444,seq_hotel
16360,654.4,356,0.26,0.13,0.10680004681647522,2.813485382936972,0.12063742417617798,0.012884082549834787,seq_hotel
16360,654.4,361,-0.72,-6.71,0.0,3.6695095040073133,0.07091781531427982,0.0,seq_hotel
16360,654.4,369,-0.67,2.82,0.06250000000000366,2.8462255708218205,0.11787799759923125,0.007367374849952385,seq_hotel
16360,654.4,371,-0.71,3.34,0.03952847075210706,3.353356527421443,0.0849203787062136,0.00335677270594642,seq_hotel
16360,654.4,375,1.29,-8.0,1.600195300580618,2.3871740615212795,0.16757267724552904,0.26814901063400826,seq_hotel
16360,654.4,376,1.98,-7.78,1.3612953390062783,1.6682026255823963,0.34314192337179633,0.4671175009036759,seq_hotel
16360,654.4,377,2.7,-8.04,1.5637495003996893,1.410567261778041,0.47993650226233703,0.7505004656363039,seq_hotel
16360,654.4,378,-2.52,0.48,0.30644126680329864,2.982968320314515,0.10731837791791193,0.032886779680440084,seq_hotel
16360,654.4,380,2.17,-2.53,1.4401605813242615,4.706006799825091,0.04311876181569875,0.06209794108247908,seq_hotel
16360,654.4,381,-2.28,-1.08,0.0,4.219253488473997,0.053641405146099184,0.0,seq_hotel
16360,654.4,382,3.48,-7.05,1.1907193204110518,1.6682026255823963,0.34314192337179633,0.4085857178018065,seq_hotel
16360,654.4,383,3.83,-7.16,1.2000651024007676,1.951127878945919,0.2508418026613181,0.30102649359714784,seq_hotel
16360,654.4,384,1.64,2.35,1.920489846367436,2.613962509295036,0.1397567115313447,0.26840134545765026,seq_hotel
16370,654.8,356,0.22,0.15,0.03535533905934449,2.8144271175498576,0.12055670477861029,0.004262323173325063,seq_hotel
16370,654.8,361,-0.72,-6.71,0.0,3.9331539507118203,0.061729035375693915,0.0,seq_hotel
16370,654.8,369,-0.67,2.82,0.0,2.8144271175498576,0.12055670477861029,0.0,seq_hotel
16370,654.8,371,-0.72,3.34,0.012500000000002509,3.3256127254988663,0.08634317915959494,0.0010792897394951535,seq_hotel
16370,654.8,375,1.28,-8.57,1.3400093283256442,2.7312268305653418,0.1280135206380197,0.1715393118067538,seq_hotel
16370,654.8,376,2.01,-8.3,1.3795945962490628,2.219234102117215,0.19389434691398413,0.26749559324577366,seq_hotel
16370,654.8,377,2.69,-8.67,1.575198400202428,2.2167769396130046,0.194324425337574,0.30609952391200274,seq_hotel
16370,654.8,378,-2.61,0.48,0.1463087488840013,3.0396052375267413,0.10335631424272367,0.015121933026114585,seq_hotel
16370,654.8,380,2.15,-3.09,1.437554346798624,3.940774035643252,0.06149054125651956,0.08839599487030982,seq_hotel
16370,654.8,381,-2.28,-1.08,0.0,4.219253488473997,0.053641405146099184,0.0,seq_hotel
16370,654.8,382,3.4,-6.57,1.1987623826262508,2.219234102117215,0.19389434691398413,0.23243324928436845,seq_hotel
16370,654.8,383,3.84,-6.65,1.3389594840769625,2.4640211038057287,0.15728327215327137,0.2105959289362807,seq_hotel
16370,654.8,384,1.76,1.5,2.0144012758135967,3.0880414504990052,0.10013943567023617,0.20172100697337733,seq_hotel
16380,655.2,356,0.24,0.15,0.035355339059324364,2.8208154849263005,0.12001126788379692,0.004243039066971045,seq_hotel
16380,655.2,361,-0.72,-6.71,0.0,4.054639318114497,0.05808539233650479,0.0,seq_hotel
16380,655.2,369,-0.67,2.82,0.0,2.8208154849263005,0.12001126788379692,0.0,seq_hotel
16380,655.2,371,-0.72,3.34,0.21360009363298033,3.3313210592796367,0.08604752863668795,0.0183797601736831,seq_hotel
16380,655.2,375,1.45,-9.06,1.2966302479886997,3.4767945006859406,0.0789974982463226,0.10243054574161614,seq_hotel
16380,655.2,376,2.07,-8.88,1.457737973710994,3.2723386132856125,0.08917742090653627,0.1299973128530666,seq_hotel
16380,655.2,378,-2.63,0.52,0.07905694150419383,3.0218537357059487,0.10457418837349122,0.008267315493091643,seq_hotel
16380,655.2,380,2.16,-3.68,1.487552520081101,4.180346875559491,0.05464453591934743,0.08128661711548751,seq_hotel
16380,655.2,381,-2.28,-1.08,0.0,4.219253488473997,0.053641405146099184,0.0,seq_hotel
16380,655.2,382,3.29,-6.11,1.2126932835633961,3.026763948510026,0.10423516952303404,0.12640528999167538,seq_hotel
16380,655.2,383,3.78,-6.09,1.1256248264850974,3.2723386132856125,0.08917742090653627,0.10038031893430839,seq_hotel
16380,655.2,384,1.71,0.74,1.9003700297572017,3.4052312696790508,0.08235275954253095,0.15650071610242722,seq_hotel
16380,655.2,385,0.87,4.04,1.7946099854844138,3.4052312696790508,0.08235275954253095,0.14779108460722287,seq_hotel
16390,655.6,356,0.24,0.17,0.025000000000001438,2.8129877354869497,0.12068011203874336,0.0030170028009687574,seq_hotel
16390,655.6,361,-0.72,-6.71,0.0,4.63060471212994,0.04453443668188746,0.0,seq_hotel
16390,655.6,369,-0.67,2.82,0.03535533905932929,2.8018922177699843,0.12163779310516036,0.0043005454176614916,seq_hotel
16390,655.6,371,-0.78,3.18,0.17897276329096426,3.1781283800375344,0.09454281060852154,0.01692058806390139,seq_hotel
16390,655.6,378,-2.63,0.54,0.05000000000000282,3.0066592756745814,0.10563381178665623,0.0052816905893331096,seq_hotel
16390,655.6,380,2.16,-4.28,1.5013015186831247,3.7681958547824976,0.06725188273727382,0.10096535368776861,seq_hotel
16390,655.6,381,-2.28,-1.08,0.0,4.205769846294492,0.05398590375392895,0.0,seq_hotel
16390,655.6,382,3.16,-5.63,1.2037701192504187,4.027505431405401,0.058870688162813906,0.0708667753101047,seq_hotel
16390,655.6,383,3.81,-5.75,1.0378011611094502,4.63060471212994,0.04453443668188746,0.0462178900978181,seq_hotel
16390,655.6,384,1.79,-0.02,1.8764994004796272,3.7572862547322634,0.06764299284216219,0.12693203551496504,seq_hotel
16390,655.6,385,1.1,3.36,1.6735067971180508,3.3038916447123383,0.08748221905616425,0.14640208821746115,seq_hotel
16400,656.0,356,0.24,0.17,0.11524430571616766,2.8129877354869497,0.12068011203874336,0.013907695725654305,seq_hotel
16400,656.0,361,-0.72,-6.71,0.0,4.708810890235452,0.04306742277967124,0.0,seq_hotel
16400,656.0,369,-0.65,2.84,0.03535533905932929,2.8144271175498576,0.12055670477861029,0.004262323173323231,seq_hotel
16400,656.0,371,-0.75,3.2,0.19039432764660824,3.187632350193479,0.09397988963206101,0.017893237898798705,seq_hotel
16400,656.0,378,-2.63,0.56,0.05000000000000289,3.0197350877187885,0.10472097847867833,0.005236048923934219,seq_hotel
16400,656.0,380,2.21,-4.88,1.5018738295876444,3.45453325356697,0.08001890919500682,0.12017830559213086,seq_hotel
16400,656.0,381,-2.28,-1.08,0.0,4.062622305851234,0.057857342883105754,0.0,seq_hotel
16400,656.0,382,3.04,-5.18,1.1581909384899158,4.059371872593099,0.05795003541289389,0.06711720590038343,seq_hotel
16400,656.0,383,3.76,-5.26,1.214109756158877,4.708810890235452,0.04306742277967124,0.05228857816941791,seq_hotel
16400,656.0,384,1.77,-0.76,1.9059118552547003,4.062622305851234,0.057857342883105754,0.11027099571444741,seq_hotel
16400,656.0,385,1.19,2.74,1.5488907321048415,2.7399635034065692,0.1271984520008754,0.19701650344223845,seq_hotel
16410,656.4,356,0.22,0.08,0.06250000000000358,2.893872837565604,0.11402825942460708,0.007126766214038351,seq_hotel
16410,656.4,361,-0.72,-6.71,0.0,4.878042640240038,0.040131019930464085,0.0,seq_hotel
16410,656.4,369,-0.65,2.84,0.0,2.893872837565604,0.11402825942460708,0.0,seq_hotel
16410,656.4,371,-0.72,3.32,0.17897276329096426,3.3736034147480938,0.0839041277326971,0.015016553591838828,seq_hotel
16410,656.4,380,2.22,-5.48,1.4625534178279584,3.1869264189811477,0.09402152892742303,0.13751150848221283,seq_hotel
16410,656.4,382,3.05,-4.71,1.125277743492753,3.4573544799456126,0.079888370454299,0.0898966052361267,seq_hotel
16410,656.4,383,3.76,-4.78,1.2390772776546963,3.855606307703109,0.06423711352653234,0.07959474775285137,seq_hotel
16410,656.4,384,1.67,-1.54,1.9423729044651619,3.693954520564648,0.06998231321783853,0.1359317489861237,seq_hotel
16410,656.4,385,1.25,2.13,1.4383693023699564,2.2942101037176172,0.18142828942344721,0.2609608820881783,seq_hotel
16410,656.4,386,3.44,2.78,0.5771698190307925,4.194901667500682,0.05426600019044915,0.031320697509446487,seq_hotel
16420,656.8,356,0.24,0.12,0.06250000000000534,2.8619049599873154,0.11658991008502194,0.007286869380314494,seq_hotel
16420,656.8,361,-0.72,-6.71,0.0,5.002439404930359,0.03815994223843017,0.0,seq_hotel
16420,656.8,369,-0.65,2.84,0.10752906583799296,2.8619049599873154,0.11658991008502194,0.012536804117578003,seq_hotel
16420,656.8,371,-0.72,3.34,0.07288689868553201,3.3600595232822883,0.08458190066885492,0.0061649124246805605,seq_hotel
16420,656.8,380,2.2,-6.05,1.4633544512521917,2.9936599673309594,0.10655318662702208,0.15592507994575827,seq_hotel
16420,656.8,382,3.06,-4.28,1.1392157390063289,2.4167953988701654,0.16349015709075174,0.18625056013040153,seq_hotel
16420,656.8,383,3.71,-4.27,1.2896826159950012,2.8362122628604505,0.11871180847470475,0.15310055570315478,seq_hotel
16420,656.8,384,1.66,-2.31,1.975988676586806,2.8362122628604505,0.11871180847470475,0.2345731893231582,seq_hotel
16420,656.8,385,1.23,1.59,1.4375543467986087,2.2998478210525146,0.18053989347387597,0.25953590863392817,seq_hotel
16420,656.8,386,3.21,2.76,0.5522680508593226,3.972568438680446,0.06051020248974243,0.03341785158611298,seq_hotel
16430,657.2,356,0.22,0.13,0.01250000000001672,3.2829407548720706,0.0886023602949954,0.0011075295036889238,seq_hotel
16430,657.2,361,-0.72,-6.71,0.17677669529667198,4.722975756871932,0.042809479683113535,0.007567718345750831,seq_hotel
16430,657.2,369,-0.6,2.77,0.17410485346480217,2.764416755845616,0.12495808146445589,0.021755808462611905,seq_hotel
16430,657.2,371,-0.67,3.29,0.18582585934146742,3.2829407548720706,0.0886023602949954,0.016464609741499832,seq_hotel
16430,657.2,380,2.18,-6.65,1.475211849193061,3.274202192901349,0.08907593546428975,0.13140587547487664,seq_hotel
16430,657.2,382,3.0,-3.8,1.1917030880214023,2.965619665432505,0.10857765961538753,0.129392332253794,seq_hotel
16430,657.2,383,3.7,-3.75,1.3127380736459637,3.274202192901349,0.08907593546428975,0.11693337192960392,seq_hotel
16430,657.2,384,1.62,-3.12,2.0625378784398896,3.5387144558440995,0.0762571098863144,0.15728317764087643,seq_hotel
16430,657.2,385,1.26,0.98,1.5387698008472894,2.5814143410154053,0.14330321871503401,0.22051066532290844,seq_hotel
16430,657.2,386,3.0,2.74,0.40078048854696513,3.7109836970808696,0.06934150910955836,0.027790723897512633,seq_hotel
16440,657.6,356,0.25,0.12,0.027950849718748946,3.2363559754761217,0.09117143961727821,0.002548319207384537,seq_hotel
16440,657.6,361,-0.62,-6.81,0.017677669529663705,3.6560361048545458,0.07144147790398248,0.0012629188370973739,seq_hotel
16440,657.6,369,-0.7,2.71,0.1952562418976774,3.0729301977103223,0.1011267363364403,0.01974562649243063,seq_hotel
16440,657.6,371,-0.61,3.24,0.10752906583803847,3.444778657620835,0.08047273067470373,0.008653157554886956,seq_hotel
16440,657.6,380,2.18,-7.23,1.5143583624757588,3.3095316889251873,0.08718430188545347,0.13202827663684752,seq_hotel
16440,657.6,382,2.98,-3.33,1.2148173731060021,3.981205847478877,0.06024792798431368,0.07319022960898354,seq_hotel
16440,657.6,383,3.69,-3.22,1.2752450744857573,4.284880395063554,0.052010852744053565,0.06632658378165834,seq_hotel
16440,657.6,384,1.67,-3.96,2.213382592323468,3.3095316889251873,0.08718430188545347,0.1929722161171368,seq_hotel
16440,657.6,385,1.28,0.36,1.6280740155165863,3.0729301977103223,0.1011267363364403,0.16464181170335543,seq_hotel
16440,657.6,386,2.89,2.74,0.3520031960082378,3.590125346001167,0.07408873136406023,0.026079470228344972,seq_hotel
16440,657.6,387,0.77,-9.65,1.925162330817954,5.760737799969723,0.028774988882434873,0.05539652466616903,seq_hotel
16450,658.0,356,0.24,0.14,0.039528470752107005,3.211790777743781,0.09257141208958973,0.0036592063552645924,seq_hotel
16450,658.0,361,-0.71,-6.72,0.03952847075210706,3.050983448004922,0.1025868462750574,0.0040551011525345095,seq_hotel
16450,658.0,369,-0.72,2.67,0.16298006013007538,3.453259329966402,0.080077958788375,0.013051110538423054,seq_hotel
16450,658.0,371,-0.6,3.24,0.012500000000000733,3.3563819806452306,0.08476735271598376,0.001059591908949859,seq_hotel
16450,658.0,380,2.12,-7.86,1.4758472143146273,3.050983448004922,0.1025868462750574,0.15140251130036636,seq_hotel
16450,658.0,382,2.94,-2.83,1.2589678312014887,2.976592011008563,0.10777865470495501,0.13568985916371135,seq_hotel
16450,658.0,383,3.68,-2.73,1.233959581996174,3.359121909070881,0.08462912506991253,0.1044289197959712,seq_hotel
16450,658.0,384,1.67,-4.89,2.1875000000001243,3.0022158483360255,0.10594672967185959,0.23175847115720602,seq_hotel
16450,658.0,385,1.34,-0.32,1.6854617319892855,3.359121909070881,0.08462912506991253,0.14263915171707264,seq_hotel
16450,658.0,386,2.73,2.82,0.49576330037632677,3.453259329966402,0.080077958788375,0.03969971313632427,seq_hotel
16450,658.0,387,0.78,-8.88,1.953242496465924,4.088055772613678,0.05713967392392212,0.11160763934241051,seq_hotel
16460,658.4,356,0.22,0.13,0.0375000000000022,3.2162866787648148,0.0923127902316566,0.0034617296336873255,seq_hotel
16460,658.4,361,-0.65,-6.8,0.0,3.221210952421465,0.09203076834981708,0.0,seq_hotel
16460,658.4,369,-0.57,2.7,0.20348525745125792,3.1407801578588717,0.09680466912173674,0.01969832301872044,seq_hotel
16460,658.4,371,-0.6,3.24,0.0,3.2162866787648148,0.0923127902316566,0.0,seq_hotel
16460,658.4,380,2.14,-8.41,1.652318446910373,3.221210952421465,0.09203076834981708,0.15206413622773807,seq_hotel
16460,658.4,382,2.86,-2.33,1.2326926827073215,3.5833643409511122,0.07436857276207097,0.09167359546719189,seq_hotel
16460,658.4,383,3.46,-2.26,1.2010412149465,3.88672098303956,0.06321274532663682,0.07592111244720756,seq_hotel
16460,658.4,384,1.67,-5.71,1.988482461577284,2.7406021236217417,0.12713917886689638,0.2528140273561607,seq_hotel
16460,658.4,385,1.43,-0.98,1.649668527310959,2.3998541622356973,0.16580654915551749,0.27352584576389466,seq_hotel
16460,658.4,386,2.56,2.96,0.4353518691817251,3.6721247255505904,0.0708168384850289,0.030830243003997657,seq_hotel
16460,658.4,387,0.68,-8.09,1.9782015190572595,2.5776927667974707,0.14371730883458078,0.284301798651389,seq_hotel
16470,658.8,356,0.27,0.14,0.035355339059344446,3.219767072320605,0.092113327856097,0.003256697938236867,seq_hotel
16470,658.8,361,-0.71,-6.72,0.06250000000003375,3.6971881207209347,0.0698599521955471,0.004366247012224051,seq_hotel
16470,658.8,369,-0.56,2.7,0.13462912017830642,3.0390788077968627,0.10339212413938631,0.013919590706251815,seq_hotel
16470,658.8,371,-0.6,3.24,0.0,3.219767072320605,0.092113327856097,0.0,seq_hotel
16470,658.8,380,2.05,-9.18,1.724139278016628,3.6971881207209347,0.0698599521955471,0.12044828754070672,seq_hotel
16470,658.8,382,2.83,-1.85,1.1524430571615272,3.2424836159956154,0.09082717393033583,0.10467314599761798,seq_hotel
16470,658.8,383,3.64,-1.77,1.2255738451842604,3.873628789649313,0.06364076364887516,0.07799645541561463,seq_hotel
16470,658.8,384,1.72,-6.48,2.000039062118346,2.7200919102118584,0.12906373360247772,0.25813250870779164,seq_hotel
16470,658.8,385,1.5,-1.63,1.645543223376259,2.155411793602327,0.2055468721321133,0.3382362625231855,seq_hotel
16470,658.8,386,2.46,3.04,0.379555661267169,3.6340198128243606,0.07230974008612474,0.027445571214446195,seq_hotel
16470,658.8,387,0.69,-7.3,1.8878724798035185,2.320344801963708,0.1773643496566442,0.3348412746150272,seq_hotel
16480,659.2,356,0.24,0.15,0.024999999999997857,2.997865907608277,0.10625441278166417,0.0026563603195413764,seq_hotel
16480,659.2,361,-0.65,-6.75,0.16770509831247082,4.012206375549493,0.05932050706005618,0.00994835146845234,seq_hotel
16480,659.2,369,-0.67,2.66,0.16770509831243496,2.965754541427864,0.10856778409351982,0.018207370904966953,seq_hotel
16480,659.2,371,-0.6,3.24,0.09519716382331755,3.202139909498022,0.09313025137768532,0.008865735797308255,seq_hotel
16480,659.2,380,1.98,-9.78,1.5101738310535513,2.4881519246219668,0.15424730791183391,0.23294024791891096,seq_hotel
16480,659.2,382,2.8,-1.41,1.1635747719849419,2.997865907608277,0.10625441278166417,0.12363495412481879,seq_hotel
16480,659.2,383,3.43,-1.28,1.2140454068936932,3.495854688055555,0.07813842226915733,0.09486359265779033,seq_hotel
16480,659.2,384,1.68,-7.31,2.063863185872372,2.4881519246219668,0.15424730791183391,0.3183453403191543,seq_hotel
16480,659.2,385,1.56,-2.29,1.6941535497113442,2.7741665415039525,0.12408129658931548,0.21021276906957492,seq_hotel
16480,659.2,386,2.27,3.05,0.4624999999999573,3.539901128562774,0.07620599147318803,0.03524527105634621,seq_hotel
16480,659.2,387,0.65,-6.58,1.842637376153936,3.4653859813879313,0.079518495328579,0.14652375158796185,seq_hotel
16480,659.2,388,3.45,-9.94,1.4267533073381056,3.170141952657641,0.09501976741341839,0.13556976741959223,seq_hotel
16480,659.2,389,4.0,-10.12,1.3259430606176856,3.6439676178583147,0.07191547678965034,0.0953558274002491,seq_hotel
16490,659.6,356,0.27,0.16,0.06373774391991344,3.2477838598034814,0.09053096373293504,0.005770239383232784,seq_hotel
16490,659.6,361,-0.59,-6.78,0.08003905296791484,4.395918561575043,0.049416514018835137,0.003955250983043252,seq_hotel
16490,659.6,369,-0.68,2.64,0.06250000000000352,2.7987318556803547,0.12191265796210496,0.007619541122631989,seq_hotel
16490,659.6,371,-0.67,3.27,0.012500000000000733,3.2489536777245682,0.09046578233100336,0.0011308222791376083,seq_hotel
16490,659.6,382,2.79,-0.92,1.125277743492754,2.741678318111007,0.12703938624832004,0.14295459389221396,seq_hotel
16490,659.6,383,3.36,-0.84,1.1283976471085646,3.2477838598034814,0.09053096373293504,0.10215492646671469,seq_hotel
16490,659.6,384,1.66,-8.13,1.9664768623099644,2.6239283526803856,0.13869711816287172,0.27274467373635836,seq_hotel
16490,659.6,385,1.62,-2.98,1.812887889528852,3.0338259673224504,0.10375046539600524,0.18808796224940014,seq_hotel
16490,659.6,386,2.09,3.04,0.37687033579205476,3.40687540130249,0.08227329311708412,0.03100636360375364,seq_hotel
16490,659.6,387,0.58,-5.83,1.8875413902747669,3.0338259673224504,0.10375046539600524,0.19583329769522984,seq_hotel
16490,659.6,388,3.34,-9.38,1.5350081433009612,4.496676550520395,0.0472267525161286,0.07249344969391656,seq_hotel
16490,659.6,389,4.02,-9.59,1.412721221614592,5.096194658762555,0.03676879229882994,0.051944053173696235,seq_hotel
16500,660.0,356,0.29,0.14,0.10307764064044736,3.113727669530526,0.09849408048759418,0.010152537433711532,seq_hotel
16500,660.0,361,-0.7,-6.71,0.18456028825292828,3.714000538502922,0.06922890418531313,0.012776906511875744,seq_hotel
16500,660.0,369,-0.7,2.62,0.15103807466994085,2.69979628861142,0.13101149124715283,0.01978772339760777,seq_hotel
16500,660.0,371,-0.61,3.24,0.09519716382330402,3.228002478313795,0.09164392116615853,0.008724241376664754,seq_hotel
16500,660.0,382,2.82,-0.51,1.026218787588748,3.478074179772479,0.07893937823851961,0.0810090730289432,seq_hotel
16500,660.0,383,3.36,-0.38,1.1250694423012935,3.6731594030207835,0.07077694788441918,0.07962898128411121,seq_hotel
16500,660.0,384,1.58,-8.88,1.905911855254699,3.147586376892619,0.09638646841736616,0.18370411284279078,seq_hotel
16500,660.0,385,1.53,-3.74,1.8043350575767154,3.714000538502922,0.06922890418531313,0.12491213881917988,seq_hotel
16500,660.0,386,1.97,3.02,0.32500000000001794,3.334186557467953,0.08589968862904541,0.0279173988044413,seq_hotel
16500,660.0,387,0.64,-5.07,1.9151125946012724,3.9242451503442037,0.06200962736620661,0.118755418355554,seq_hotel
16500,660.0,388,3.31,-8.72,1.5786168787898738,4.485554592243862,0.047461240869940254,0.07492311592559947,seq_hotel
16500,660.0,389,3.98,-8.99,1.633726568309488,5.149951456081892,0.03600519035334334,0.05882263607729749,seq_hotel
16510,660.4,356,0.29,0.08,0.10307764064044737,3.0600653587791227,0.10197881872611832,0.010511736029588149,seq_hotel
16510,660.4,361,-0.72,-6.71,0.025000000000001465,3.708261047984621,0.06944336920060593,0.0017360842300152498,seq_hotel
16510,660.4,369,-0.57,2.69,0.20155644370747516,2.7480356620684527,0.12645227677892026,0.025487271206272512,seq_hotel
16510,660.4,371,-0.6,3.24,0.012500000000000733,3.2829407548720706,0.0886023602949954,0.0011075295036875074,seq_hotel
16510,660.4,382,2.83,-0.1,1.08814635964108,3.295390720385065,0.08793414661234043,0.09568522152436326,seq_hotel
16510,660.4,383,3.35,0.06,1.1150252239299978,3.3452653108535353,0.08533167052859243,0.09514696503946457,seq_hotel
16510,660.4,384,1.54,-9.65,1.927595652620232,3.708261047984621,0.06944336920060593,0.1338587365743897,seq_hotel
16510,660.4,385,1.52,-4.42,1.7500446422878317,4.056316062636146,0.05803738116966833,0.10156800796839476,seq_hotel
16510,660.4,386,1.83,3.04,0.46250000000002595,3.295390720385065,0.08793414661234043,0.04066954280820973,seq_hotel
16510,660.4,387,0.66,-4.3,1.91580596616683,4.395600072800073,0.04942367535059089,0.09468617210655453,seq_hotel
16510,660.4,388,3.16,-8.13,1.5397341491310348,4.056316062636146,0.05803738116966833,0.0893621377130728,seq_hotel
16510,660.4,389,3.81,-8.3,1.590990257669821,4.505385666066781,0.0470443460625845,0.07484709626401954,seq_hotel
16520,660.8,356,0.27,0.06,0.055901699437493124,3.063233585608515,0.10176797946920864,0.005689003000648673,seq_hotel
16520,660.8,361,-0.72,-6.71,0.0,3.940012690334893,0.06151430770701392,0.0,seq_hotel
16520,660.8,369,-0.56,2.7,0.1463087488839323,2.7673995013369503,0.12468886316528979,0.01824307156947338,seq_hotel
16520,660.8,371,-0.6,3.24,0.0,3.2968621445246997,0.08785567226512948,0.0,seq_hotel
16520,660.8,382,2.79,0.36,1.0886488184900758,3.0161730719572444,0.10496846960651754,0.11427380041584675,seq_hotel
16520,660.8,383,3.3,0.51,1.1375686792452455,3.120785157616589,0.09804910604985702,0.11153759207031286,seq_hotel
16520,660.8,385,1.52,-5.14,1.8260698918714486,2.862516375499012,0.1165401096596744,0.2128103854449284,seq_hotel
16520,660.8,386,1.62,3.14,0.44808620822337275,3.0161730719572444,0.10496846960651754,0.04703492352899479,seq_hotel
16520,660.8,387,0.73,-3.54,1.8551027599568357,3.62926989902928,0.0724991389467773,0.13449335275466068,seq_hotel
16520,660.8,388,3.14,-7.5,1.5436361294034364,3.940012690334893,0.06151430770701392,0.09495570785178695,seq_hotel
16520,660.8,389,3.8,-7.73,1.4875525200810806,4.633659460944449,0.04447573721292975,0.06615999497355755,seq_hotel
16530,661.2,356,0.27,0.04,0.15051993223492424,2.9033773437154182,0.1132829147944591,0.01705133665823668,seq_hotel
16530,661.2,361,-0.72,-6.71,0.0,4.1655971960812535,0.055032195257740925,0.0,seq_hotel
16530,661.2,369,-0.68,2.65,0.19039432764654304,2.777516876636396,0.12378213498449331,0.023567416365026236,seq_hotel
16530,661.2,371,-0.6,3.24,0.0,3.3161574148402546,0.08683625917771118,0.0,seq_hotel
16530,661.2,382,2.79,0.77,1.0750726719621488,2.7335325130680266,0.12779765779173094,0.13739176943266052,seq_hotel
16530,661.2,383,3.34,0.97,1.125624826485169,3.20777181233329,0.09280351984988745,0.1044619459282425,seq_hotel
16530,661.2,385,1.47,-5.88,1.8250428077169605,2.634729587642725,0.1375622545379256,0.2510570032577709,seq_hotel
16530,661.2,386,1.5,3.18,0.2157834562703551,2.7335325130680266,0.12779765779173094,0.02757662030155578,seq_hotel
16530,661.2,387,0.77,-2.82,1.8934508839680755,4.1192839183528,0.05627661010409713,0.10655699714832945,seq_hotel
16530,661.2,388,3.05,-6.9,1.5083621083810104,3.7747847620758455,0.06701731058680414,0.1010863718947369,seq_hotel
16530,661.2,389,3.8,-7.11,1.531186223161504,4.53766459756558,0.04637742144646886,0.07101246878458799,seq_hotel
16540,661.6,356,0.18,-0.02,0.16298006013007552,2.880555501982213,0.11508504369352249,0.018756567341242664,seq_hotel
16540,661.6,361,-0.72,-6.71,0.0,4.414532817864196,0.049000654684210984,0.0,seq_hotel
16540,661.6,369,-0.7,2.64,0.02795084971874876,2.8017851452243803,0.12164709026132126,0.0034001395386172566,seq_hotel
16540,661.6,371,-0.6,3.24,0.0,3.3520143197784824,0.08498839965747347,0.0,seq_hotel
16540,661.6,382,2.78,1.22,1.1399698460924952,2.880555501982213,0.11508504369352249,0.13119347954685293,seq_hotel
16540,661.6,383,3.33,1.41,1.1150252239299976,3.459393010341554,0.07979424591401406,0.08897259691859882,seq_hotel
16540,661.6,385,1.51,-6.6,1.738219275580713,2.2327113561766105,0.1915606135509272,0.33297435091628963,seq_hotel
16540,661.6,386,1.45,3.17,0.09100137361601164,2.3603813251252435,0.171398509988759,0.01559749984471476,seq_hotel
16540,661.6,387,0.85,-2.03,1.9941320166930903,3.7798677225532638,0.06683718931025745,0.13328217910936155,seq_hotel
16540,661.6,388,2.94,-6.31,1.5026019100214987,3.681793041440543,0.07044539958034847,0.1058513919616593,seq_hotel
16540,661.6,389,3.69,-6.51,1.5297058540779223,3.8129516125962044,0.06568236684078058,0.10047470106603565,seq_hotel
16540,661.6,390,3.84,-2.7,1.1252777434927543,3.8129516125962044,0.06568236684078058,0.07391090554585687,seq_hotel
16550,662.0,356,0.14,0.05,0.32500000000001844,3.060228749619871,0.1019679293701412,0.03313957704529777,seq_hotel
16550,662.0,361,-0.72,-6.71,0.0,4.354124481454337,0.050369738931100305,0.0,seq_hotel
16550,662.0,369,-0.7,2.64,0.035355339059329444,2.7228110474287415,0.1288060831368105,0.0045539827422061115,seq_hotel
16550,662.0,371,-0.6,3.24,0.0,3.274706093682302,0.08904852416156474,0.0,seq_hotel
16550,662.0,382,2.73,1.68,1.0875000000000614,3.060228749619871,0.1019679293701412,0.11089012319003481,seq_hotel
16550,662.0,383,3.4,1.86,1.1209649860723312,3.7287665520919915,0.06868169325800845,0.07698977332638757,seq_hotel
16550,662.0,385,1.51,-7.27,1.6876851750253432,2.4601016239171907,0.15778484469049955,0.2662911432278323,seq_hotel
16550,662.0,386,1.43,3.16,0.02795084971874876,2.1925555865245467,0.19864157813146097,0.0055522008982475555,seq_hotel
16550,662.0,387,0.9,-1.23,1.860779406592945,3.4375863625514924,0.08080982132109435,0.15036925136474785,seq_hotel
16550,662.0,388,2.88,-5.71,1.4902285898479637,3.5880496094675167,0.07417447888018364,0.11053692906432362,seq_hotel
16550,662.0,389,3.56,-5.91,1.5928060930321335,3.669945503682582,0.07090096585004803,0.11293149040781972,seq_hotel
16550,662.0,390,3.83,-2.25,1.0752906583803898,3.669945503682582,0.07090096585004803,0.07623914624870368,seq_hotel
16560,662.4,356,0.08,0.22,0.43174790097928817,3.095609794531604,0.09965037969605668,0.04302384226556155,seq_hotel
16560,662.4,361,-0.72,-6.71,0.0,4.465422712353221,0.0478901533877318,0.0,seq_hotel
16560,662.4,369,-0.68,2.66,0.027950849718749157,2.555621255194126,0.14621044502562652,0.004086706176222722,seq_hotel
16560,662.4,371,-0.6,3.24,0.0,3.095609794531604,0.09965037969605668,0.0,seq_hotel
16560,662.4,382,2.78,2.09,1.042308135821708,3.1784430150625633,0.09452409389273668,0.09852323209557445,seq_hotel
16560,662.4,383,3.44,2.3,1.0761621625016058,3.7453170760297447,0.06807602681547345,0.07326084423225722,seq_hotel
16560,662.4,385,1.53,-7.95,1.739701842270781,3.3422896343674346,0.08548368157904664,0.14871611832715625,seq_hotel
16560,662.4,386,1.43,3.16,0.0,2.168432613663611,0.20308578263996346,0.0,seq_hotel
16560,662.4,387,1.01,-0.55,1.7927806614308304,3.1784430150625633,0.09452409389273668,0.16946096757017037,seq_hotel
16560,662.4,388,2.77,-5.13,1.444656100945909,3.4534909873923225,0.08006721601725321,0.11566959210507885,seq_hotel
16560,662.4,389,3.5,-5.25,1.6854617319892853,3.4249817517762047,0.08140570807308913,0.13720620572268294,seq_hotel
16560,662.4,390,3.82,-1.84,1.1217313626711805,3.4534909873923225,0.08006721601725321,0.0898139073283212,seq_hotel
16570,662.8,356,0.01,0.37,0.433913873942697,2.934109745732085,0.11092225096426671,0.04813070362234902,seq_hotel
16570,662.8,361,-0.72,-6.71,0.0,4.651505132750043,0.044135126224267886,0.0,seq_hotel
16570,662.8,369,-0.69,2.66,0.0450693909432889,2.3945980873624704,0.16653522933875792,0.007505641356898756,seq_hotel
16570,662.8,371,-0.6,3.24,0.0,2.934109745732085,0.11092225096426671,0.0,seq_hotel
16570,662.8,382,2.81,2.51,1.187763128742287,2.9284979084848257,0.11134777562661025,0.13225478235675675,seq_hotel
16570,662.8,383,3.44,2.72,1.074999999999902,3.50075706097981,0.07791972930498414,0.08376370900285032,seq_hotel
16570,662.8,385,1.58,-8.66,1.8376700601575253,4.237947616476635,0.05316921072991239,0.09770746668056624,seq_hotel
16570,662.8,386,1.43,3.16,0.0,2.057595684287853,0.22555439888309806,0.0,seq_hotel
16570,662.8,387,1.01,0.2,1.8770405563011672,2.9896488088068134,0.10683929945752653,0.20054169808858258,seq_hotel
16570,662.8,388,2.69,-4.57,1.4316184023683245,4.025878786054046,0.05891827085591243,0.08434848079304558,seq_hotel
16570,662.8,389,3.41,-4.57,1.545355946052475,4.480736546595883,0.047563363976260015,0.0735023273349715,seq_hotel
16570,662.8,390,3.61,-1.38,1.0872126057031708,3.320015060206806,0.08663458004548623,0.094190207515253,seq_hotel
16570,662.8,391,3.34,-10.19,1.4809203219616491,5.62043592615377,0.030229528940222558,0.04476752373090338,seq_hotel
16580,663.2,356,-0.15,0.48,0.4854121959735796,2.7964441707282486,0.12211220554102528,0.0592747538468462,seq_hotel
16580,663.2,361,-0.72,-6.71,0.0,4.830165628630141,0.04093052693047178,0.0,seq_hotel
16580,663.2,369,-0.71,2.68,0.03952847075210369,2.270154179786034,0.18529370897069466,0.007324376955596917,seq_hotel
16580,663.2,371,-0.6,3.24,0.0,2.7596557756357947,0.12538961074508873,0.0,seq_hotel
16580,663.2,382,2.76,3.04,1.3308831654203146,2.7713715016215343,0.12433170477851341,0.165470972817732,seq_hotel
16580,663.2,383,3.44,3.16,1.0999999999997498,3.336779884859054,0.08576621896258986,0.0943428408588274,seq_hotel
16580,663.2,385,1.55,-9.42,1.9014796869802089,5.542291944674152,0.03108798575874507,0.05911317342938376,seq_hotel
16580,663.2,386,1.43,3.16,0.0,2.0315757431117354,0.231369093245311,0.0,seq_hotel
16580,663.2,387,0.94,0.95,1.8458145221011182,2.3906902768865734,0.1670801096251132,0.30839889270028076,seq_hotel
16580,663.2,388,2.66,-3.99,1.4783859441971337,4.338525095006366,0.05073260399894661,0.07500236866456196,seq_hotel
16580,663.2,389,3.3,-4.03,1.4093992514542117,4.831438709121745,0.04090895944579795,0.057657056820678336,seq_hotel
16580,663.2,390,3.69,-0.98,1.0174262872561455,3.359672603096915,0.08460138371559191,0.0860756717304872,seq_hotel
16580,663.2,391,3.12,-9.64,1.3650206042399482,5.612886957707237,0.03031089712743805,0.041374999111950396,seq_hotel
16590,663.6,361,-0.72,-6.71,0.0,5.160193794810423,0.035862400612573876,0.0,seq_hotel
16590,663.6,369,-0.72,2.65,0.17677669529664694,2.209660607423683,0.19557810563047806,0.03457365118573445,seq_hotel
16590,663.6,371,-0.6,3.24,0.0,2.1507673049402625,0.2064355697503939,0.0,seq_hotel
16590,663.6,386,1.43,3.16,0.0,2.209660607423683,0.19557810563047806,0.0,seq_hotel
16590,663.6,387,0.87,1.67,1.6828640022296284,2.1507673049402625,0.2064355697503939,0.3474029891127015,seq_hotel
16590,663.6,388,2.61,-3.39,1.5268431484603346,3.019735087718789,0.10472097847867833,0.15989250849023215,seq_hotel
16590,663.6,389,3.28,-3.45,1.526280200356496,2.9090376415577714,0.11284250027194942,0.17222927392379891,seq_hotel
16590,663.6,390,3.69,-0.57,1.0423081358217077,3.52750620127024,0.07674247655777584,0.07998930767927644,seq_hotel
16590,663.6,391,3.04,-9.14,1.2650345845075484,5.6950592622026335,0.029442513760421167,0.03724579816177217,seq_hotel
16590,663.6,392,3.92,-4.09,0.9848857801796663,3.52750620127024,0.07674247655777584,0.07558257389752482,seq_hotel
16600,664.0,361,-0.72,-6.71,0.0,4.115883866194477,0.056369626548884166,0.0,seq_hotel
16600,664.0,369,-0.57,2.7,0.055901699437497725,2.0522183119736552,0.22673797572214177,0.012675038169885825,seq_hotel
16600,664.0,371,-0.6,3.24,0.10077822185373746,2.0315757431117354,0.231369093245311,0.023316965809174018,seq_hotel
16600,664.0,386,1.43,3.16,0.0,2.0522183119736552,0.22673797572214177,0.0,seq_hotel
16600,664.0,387,0.81,2.29,1.7429321558799544,1.7001764614298132,0.3303569011801604,0.575789665983758,seq_hotel
16600,664.0,388,2.6,-2.77,1.4750529651508277,2.8079351844371336,0.12111480227679271,0.1786507482220393,seq_hotel
16600,664.0,389,3.25,-2.81,1.5008331019804488,2.6842503609015314,0.13253340067609112,0.19891051485271555,seq_hotel
16600,664.0,390,3.61,-0.15,1.0187308280405172,3.7139736132611385,0.06922990796828764,0.07052664146970246,seq_hotel
16600,664.0,391,2.91,-8.65,1.3125595224599147,4.115883866194477,0.056369626548884166,0.07398849010424713,seq_hotel
16600,664.0,392,3.56,-4.25,0.958188394836894,4.100304866714182,0.056798790099709846,0.05442394151431865,seq_hotel
16600,664.0,393,0.75,-9.32,1.8251712248445027,2.995496619927988,0.10642256308384841,0.19423939981483895,seq_hotel
16600,664.0,394,0.25,-9.03,1.8251712248444982,2.6870057685088806,0.13226172556113186,0.2414002956424579,seq_hotel
16610,664.4,361,-0.72,-6.71,0.0,3.7015807434121983,0.06969424659358853,0.0,seq_hotel
16610,664.4,369,-0.68,2.67,0.1741048534648115,2.1661486560252508,0.20351427018272283,0.03543282218816102,seq_hotel
16610,664.4,371,-0.67,3.28,0.012500000000000733,2.1034257771549725,0.21583257810129555,0.0026979072262663527,seq_hotel
16610,664.4,386,1.43,3.16,0.0,2.1034257771549725,0.21583257810129555,0.0,seq_hotel
16610,664.4,387,0.76,3.06,1.7520077768093238,1.4468241081762498,0.4561838525540399,0.7992376573295159,seq_hotel
16610,664.4,388,2.62,-2.21,1.4125553086517448,2.6387307554959074,0.13714539323433797,0.1937254532702952,seq_hotel
16610,664.4,389,3.24,-2.25,1.3375584099396194,2.5158895047279004,0.1508649159598989,0.20179063710699668,seq_hotel
16610,664.4,390,3.6,0.24,0.9750000000000554,3.638035183996988,0.07215020880156642,0.07034645358153126,seq_hotel
16610,664.4,391,2.69,-8.15,1.33703262862213,3.7015807434121983,0.06969424659358853,0.09318348172286459,seq_hotel
16610,664.4,392,3.16,-4.19,0.92912929670746,3.987793876318083,0.06004902742030322,0.05579331061499331,seq_hotel
16610,664.4,393,0.74,-8.59,1.9353617232963,2.3803361107205006,0.16853682642982212,0.32617972283811,seq_hotel
16610,664.4,394,0.26,-8.3,1.8277376726435264,2.4346252278328175,0.1611043051846294,0.29445640781100696,seq_hotel
16610,664.4,395,2.05,3.59,1.4467636296231106,2.7376084453405674,0.1274173938957065,0.1843428512696699,seq_hotel
16620,664.8,361,-0.72,-6.71,0.0,3.4977707186149294,0.0780528394160214,0.0,seq_hotel
16620,664.8,369,-0.7,2.65,0.13975424859366886,2.1902054698132774,0.19906809642513493,0.02782061223486675,seq_hotel
16620,664.8,371,-0.61,3.24,0.10077822185374562,2.041568024827975,0.2291098029153964,0.023089278547075754,seq_hotel
16620,664.8,386,1.43,3.16,0.0,2.041568024827975,0.2291098029153964,0.0,seq_hotel
16620,664.8,387,0.63,3.68,1.583706096471276,1.657105910918189,0.3477529710675061,0.5507385003456086,seq_hotel
16620,664.8,388,2.61,-1.64,1.4258769231597974,2.548666317900403,0.14700950760524226,0.20961746437939965,seq_hotel
16620,664.8,389,3.26,-1.74,1.40673602712078,2.479354754769877,0.15534384086272976,0.21852777753291916,seq_hotel
16620,664.8,390,3.61,0.63,1.012499999999903,2.800660636349931,0.1217447962761671,0.12326660622960738,seq_hotel
16620,664.8,391,2.66,-7.61,1.1928170438084227,3.4337297505773523,0.08099144722881739,0.09660797865724383,seq_hotel
16620,664.8,392,2.82,-4.18,0.8487122598383215,3.4337297505773523,0.08099144722881739,0.06873843420514578,seq_hotel
16620,664.8,393,0.91,-7.78,1.9675889433515938,1.94982050455933,0.2511782993717113,0.49421564465363577,seq_hotel
16620,664.8,394,0.33,-7.57,1.8527007313647277,2.3303433223454437,0.17584562352478997,0.32578931531166494,seq_hotel
16620,664.8,395,2.15,3.02,1.6398361198605644,2.768754232502408,0.12456687432185916,0.2042692598511161,seq_hotel
16630,665.2,361,-0.72,-6.71,0.0,3.355964838909967,0.08478842695239706,0.0,seq_hotel
16630,665.2,369,-0.57,2.69,0.18582585934142187,2.7210659675943174,0.12897134849833503,0.023966211665125105,seq_hotel
16630,665.2,371,-0.6,3.24,0.012499999999995404,2.8844410203711917,0.1147751993451168,0.0014346899918134324,seq_hotel
16630,665.2,386,1.43,3.16,0.0,2.0544829033116825,0.2262383990502907,0.0,seq_hotel
16630,665.2,388,2.66,-1.07,1.4883400989020195,3.2344705903748756,0.09127775894696634,0.13585234877868257,seq_hotel
16630,665.2,389,3.35,-1.13,1.677982419454881,3.284585209733491,0.08851366348902738,0.14852437121613332,seq_hotel
16630,665.2,390,3.6,1.05,0.9750801249127151,2.319051530259731,0.1775622273245392,0.17313739879939158,seq_hotel
16630,665.2,391,2.6,-7.2,1.0198039027184658,2.902085457046364,0.11338379484349174,0.11562923648642273,seq_hotel
16630,665.2,392,2.49,-4.3,0.8016584372411112,3.2344705903748756,0.09127775894696634,0.07317358559229589,seq_hotel
16630,665.2,393,0.95,-7.03,1.918373334364153,1.7003823099526765,0.3302769199153917,0.6335944361216123,seq_hotel
16630,665.2,394,0.34,-6.82,1.9269876102350605,2.291724241700995,0.1818220979724623,0.3503689300598801,seq_hotel
16630,665.2,395,2.12,2.28,1.7261318750313859,2.7210659675943174,0.12897134849833503,0.22262155560875735,seq_hotel
16640,665.6,361,-0.72,-6.71,0.0,3.2215524208058444,0.09201125978487748,0.0,seq_hotel
16640,665.6,369,-0.56,2.7,0.01767766952966488,2.8634245231889737,0.11646619896470045,0.0020588509766741726,seq_hotel
16640,665.6,371,-0.6,3.24,0.0,3.1384709652950433,0.09694717345699207,0.0,seq_hotel
16640,665.6,386,1.43,3.16,0.0,2.042473990042468,0.22890659888088116,0.0,seq_hotel
16640,665.6,388,2.65,-0.45,1.5250512286478328,2.161157097482735,0.20445545723276928,0.3118050462565892,seq_hotel
16640,665.6,389,3.34,-0.4,1.6273540641176711,2.387299729820284,0.16755503554031653,0.27267136804991493,seq_hotel
16640,665.6,390,3.6,1.41,1.029714766331007,2.0885641000457706,0.21891512311762043,0.22542013484738413,seq_hotel
16640,665.6,391,2.5,-6.81,0.9514791116993073,2.5290709756746645,0.14929640388846066,0.14205240975169356,seq_hotel
16640,665.6,392,2.19,-4.3,0.741303750159179,2.591871910415328,0.14214916468953703,0.10537570886634856,seq_hotel
16640,665.6,393,0.79,-6.25,1.9783594845225798,1.79936099768779,0.29494074761447087,0.5834988254152689,seq_hotel
16640,665.6,394,0.26,-6.03,1.9394748000426383,2.3719190542680835,0.16973509750291008,0.3291969442896742,seq_hotel
16640,665.6,395,2.1,1.64,1.691245842567048,2.161157097482735,0.20445545723276928,0.3457844420350659,seq_hotel
16650,666.0,361,-0.72,-6.71,0.0,3.2005780727862274,0.09322116603877231,0.0,seq_hotel
16650,666.0,369,-0.56,2.7,0.15461646096067125,3.137036818400447,0.09703583564184251,0.015003337493303055,seq_hotel
16650,666.0,371,-0.6,3.24,0.0,3.5004285451927166,0.0779343555497733,0.0,seq_hotel
16650,666.0,386,1.43,3.16,0.0,2.3093072554339753,0.17906385991700052,0.0,seq_hotel
16650,666.0,388,2.65,0.15,1.4125553086517453,2.0332486321156105,0.23098852435871697,0.32628406632053863,seq_hotel
16650,666.0,389,3.42,0.17,1.548890732104842,1.7219175357722567,0.3220673384658927,0.4988471156634945,seq_hotel
16650,666.0,390,3.75,1.86,1.0912292380614328,2.0332486321156105,0.23098852435871697,0.2520614314368974,seq_hotel
16650,666.0,391,2.47,-6.45,0.8682777493406626,2.4964775184247108,0.15322021348940565,0.13303770212207697,seq_hotel
16650,666.0,392,1.9,-4.24,0.6791538853603448,2.28232337761326,0.1833230290941394,0.1245045474853123,seq_hotel
16650,666.0,393,0.75,-5.46,1.929054172386152,1.9296113598338915,0.2564671156876435,0.4947389595970907,seq_hotel
16650,666.0,394,0.27,-5.27,2.0263884129160594,1.9281597444195329,0.2568534236783508,0.5204848015596295,seq_hotel
16650,666.0,395,2.03,0.93,1.7632090772226514,1.9553260597659923,0.24976581972415762,0.4403893605175911,seq_hotel
16660,666.4,361,-0.72,-6.71,0.09100137361601178,3.1949491388752964,0.09354993373153328,0.008513172471256403,seq_hotel
16660,666.4,369,-0.68,2.67,0.145773797371141,3.6689508037039693,0.07093941539768905,0.010341107965809924,seq_hotel
16660,666.4,371,-0.6,3.24,0.0,4.016926685913001,0.05918117333312914,0.0,seq_hotel
16660,666.4,386,1.43,3.16,0.0,2.4848541204666326,0.15465700195179719,0.0,seq_hotel
16660,666.4,388,2.66,0.68,1.2130797583012287,1.9277447963877374,0.2569640112349637,0.311717840641024,seq_hotel
16660,666.4,389,3.49,0.83,1.2675024654809088,1.550774000297916,0.39707665954982396,0.5032956449643253,seq_hotel
16660,666.4,390,3.75,2.27,1.0131942064580297,2.4848541204666326,0.15465700195179719,0.1566975783657291,seq_hotel
16660,666.4,391,2.42,-6.12,0.8262301434830841,2.8022312538404104,0.12160836148377871,0.10047649395748524,seq_hotel
16660,666.4,392,1.65,-4.24,0.6852235036833261,2.0315757431117354,0.231369093245311,0.15853954071758616,seq_hotel
16660,666.4,393,0.69,-4.71,1.9827380058899482,2.231815404552984,0.19171444660738246,0.38011951956661644,seq_hotel
16660,666.4,394,0.2,-4.41,1.9041074024330695,2.477175811281872,0.15561724440247898,0.2963119470129964,seq_hotel
16660,666.4,395,2.06,0.23,1.7250452892606436,2.6490941848111027,0.13607444868708723,0.23473458669639902,seq_hotel
16670,666.8,361,-0.65,-6.69,0.10307764064045526,3.079561657119403,0.10069167714619524,0.010379060512360254,seq_hotel
16670,666.8,369,-0.66,2.64,0.13975424859369556,3.6696048833627852,0.07091412880969643,0.009910550786475663,seq_hotel
16670,666.8,371,-0.6,3.24,0.0,3.9054833247627627,0.06260684323870842,0.0,seq_hotel
16670,666.8,386,1.43,3.16,0.02499999999999103,2.3925091431382244,0.16682616630585978,0.004170654157644998,seq_hotel
16670,666.8,388,2.68,1.12,1.3759087905815048,1.900657780874821,0.2643403899104144,0.36370826618348173,seq_hotel
16670,666.8,389,3.51,1.18,1.312559522459602,2.194948746554233,0.19820865510219857,0.2601606576883017,seq_hotel
16670,666.8,390,3.78,2.67,0.8793641168480384,2.4005416055548796,0.16571159867965368,0.1457208336244102,seq_hotel
16670,666.8,391,2.35,-5.8,0.7509369147937316,2.591138745802702,0.14222961849141674,0.10680547090223397,seq_hotel
16670,666.8,392,1.37,-4.38,0.7830229881682209,1.7253405460951758,0.3207906673445889,0.25118646692063773,seq_hotel
16670,666.8,393,0.61,-3.88,2.0155644370744854,2.591138745802702,0.14222961849141674,0.2866729609299712,seq_hotel
16670,666.8,394,0.17,-3.75,1.7699752823131023,2.9924738929521175,0.10663766860058424,0.18874603758653014,seq_hotel
16670,666.8,395,2.04,-0.45,1.6965498076978196,3.572394155185007,0.07482601931917975,0.12694606868674774,seq_hotel
16670,666.8,396,3.84,-5.52,1.786232067789219,3.622499137335991,0.07277040644323658,0.12998483357496438,seq_hotel
16680,667.2,361,-0.64,-6.69,0.012499999999995404,3.754104420497651,0.06775770462215179,0.000846971307776586,seq_hotel
16680,667.2,369,-0.57,2.69,0.1457737973710886,3.317257903751229,0.086778653473344,0.012650053847559161,seq_hotel
16680,667.2,371,-0.6,3.24,0.0,3.5355339059327378,0.07639437268410974,0.0,seq_hotel
16680,667.2,386,1.43,3.14,0.15811388300844578,2.0500000000000003,0.2272289490901539,0.03592805147257268,seq_hotel
16680,667.2,388,2.62,1.78,1.6568041525777122,1.8071247881648906,0.29241193574160884,0.48446930939998467,seq_hotel
16680,667.2,389,3.48,1.88,1.7516064055599376,2.4062626623043464,0.16492455372987894,0.28888290474737005,seq_hotel
16680,667.2,390,3.82,2.97,0.7566372975209065,2.3960383970212162,0.16633507377658457,0.12585532070525554,seq_hotel
16680,667.2,391,2.39,-5.52,0.7336765295414052,3.0688923083093025,0.10139302604042984,0.07438968346504389,seq_hotel
16680,667.2,392,1.05,-4.42,0.8128845243943909,1.7336666346215466,0.31771681479617125,0.25826708188768643,seq_hotel
16680,667.2,393,0.49,-3.11,2.05095252260978,2.450510150968569,0.15902242440489125,0.32614744248473476,seq_hotel
16680,667.2,394,0.07,-3.0,1.9041074024328037,2.6375936002348808,0.13726367470444767,0.2613647790898672,seq_hotel
16680,667.2,395,1.92,-1.12,1.8436122829921635,2.98328677803526,0.10729546725296313,0.19781124133694628,seq_hotel
16680,667.2,396,3.76,-4.81,1.7750440135386691,3.6854986094150135,0.07030381277572331,0.12479236199649107,seq_hotel
16690,667.6,361,-0.64,-6.69,0.0,4.5161598731665835,0.04682014633238239,0.0,seq_hotel
16690,667.6,369,-0.56,2.7,0.14142135623731772,4.970090542434815,0.038658302575171534,0.00546710958001335,seq_hotel
16690,667.6,371,-0.6,3.24,0.0,5.510880147490054,0.0314433963526718,0.0,seq_hotel
16690,667.6,386,1.31,3.12,0.19405218370326136,5.076780475852782,0.03705054604311263,0.007189739367064235,seq_hotel
16690,667.6,391,2.49,-5.23,0.806419555814511,3.358719994283537,0.0846493802456672,0.06826291561768459,seq_hotel
16690,667.6,392,0.72,-4.36,0.8171979564341042,2.226971037081533,0.1925494331071041,0.1573510032476707,seq_hotel
16690,667.6,393,0.56,-2.24,2.0638631858726697,2.12602916254693,0.21126762357331239,0.43602747065976444,seq_hotel
16690,667.6,394,0.07,-2.23,1.9000411179762429,2.226971037081533,0.1925494331071041,0.36585184014651384,seq_hotel
16690,667.6,395,1.92,-1.92,1.9183733343644085,2.7191175038971744,0.12915625115659113,0.24776990818527672,seq_hotel
16690,667.6,396,3.85,-4.1,1.8128878895288516,3.1407801578588717,0.09680466912173674,0.1754960123006441,seq_hotel
16700,668.0,361,-0.64,-6.69,0.06250000000000355,4.719661004775661,0.04286963342871768,0.002679352089295007,seq_hotel
16700,668.0,369,-0.65,2.61,0.1700183813592027,4.1511685101908355,0.05541542336738037,0.009421640583256948,seq_hotel
16700,668.0,371,-0.6,3.24,0.0,4.765920687548211,0.042041457187257714,0.0,seq_hotel
16700,668.0,386,1.28,3.1,0.09013878188660494,4.6180623642389245,0.04477667027179199,0.004036114515237486,seq_hotel
16700,668.0,391,2.6,-4.91,0.7882932512714231,2.3974152748324604,0.16614407031654457,0.13097024936929685,seq_hotel
16700,668.0,392,0.4,-4.35,1.0217937658843483,2.560703028466988,0.145630704958118,0.14880454644754784,seq_hotel
16700,668.0,393,0.55,-1.46,1.7626772960472241,2.8938901153983023,0.11402689782811981,0.20099262394032333,seq_hotel
16700,668.0,394,0.06,-1.48,1.9250405839878861,2.890069203323685,0.11432860323871562,0.22008720114517644,seq_hotel
16700,668.0,395,1.8,-2.65,1.9308353114650731,2.096783250600786,0.2172022423635556,0.41938175928494814,seq_hotel
16700,668.0,396,3.73,-3.36,1.7699752823133865,3.474046631811381,0.07912251707277919,0.1400448994932381,seq_hotel
16710,668.4,361,-0.69,-6.69,0.22534695471651223,4.078357512528788,0.057411751250608545,0.012937563309266547,seq_hotel
16710,668.4,369,-0.69,2.66,0.09100137361601165,3.7138928363645607,0.06923291949187065,0.006300290773206977,seq_hotel
16710,668.4,371,-0.6,3.24,0.0,4.237605455914932,0.053177797249662935,0.0,seq_hotel
16710,668.4,391,2.65,-4.62,0.8782973585296091,2.7441027677548813,0.12681500359243197,0.1113812826771559,seq_hotel
16710,668.4,392,-0.09,-4.47,0.9500822332830472,2.7441027677548813,0.12681500359243197,0.12048468182689542,seq_hotel
16710,668.4,393,0.58,-0.83,1.6511832878273416,3.649547917208377,0.0716957218565208,0.11838277773820462,seq_hotel
16710,668.4,394,0.06,-0.69,1.8010847425927432,3.4329287787543743,0.08102924552833025,0.1459405378248769,seq_hotel
16710,668.4,395,1.8,-3.46,1.8753749625076057,2.142941903085569,0.20794600813365532,0.3899767372072601,seq_hotel
16710,668.4,396,3.72,-2.69,1.6142432437524077,3.649547917208377,0.0716957218565208,0.11573433461284054,seq_hotel
16720,668.8,361,-0.82,-6.68,0.26368778887160743,4.424047920174464,0.04879010323578199,0.012865354441060812,seq_hotel
16720,668.8,369,-0.72,2.59,0.15461646096057238,2.7406568555731305,0.12713410088286453,0.019657024745912896,seq_hotel
16720,668.8,371,-0.6,3.24,0.0,2.685609800399157,0.13239925941786787,0.0,seq_hotel
16720,668.8,391,2.89,-4.27,0.900086801369701,3.250753758745808,0.0903656205453917,0.08133690235048975,seq_hotel
16720,668.8,392,-0.36,-4.34,0.711073132666337,3.250753758745808,0.0903656205453917,0.06425656488654918,seq_hotel
16720,668.8,393,0.6,-0.14,1.6754197235318586,3.0936224721190526,0.09977845029532127,0.16717078360822446,seq_hotel
16720,668.8,394,0.11,-0.04,1.8015618224194445,3.0803895857504777,0.10063755781040512,0.18130478205275566,seq_hotel
16720,668.8,395,1.77,-4.15,2.0024984394498286,2.8994482233694057,0.1135901482789375,0.22746409466544698,seq_hotel
16720,668.8,396,3.79,-2.07,1.5625499991998886,3.7284044844946744,0.06869503334662054,0.10733942430079825,seq_hotel
16720,668.8,398,2.02,2.65,1.7613914953804533,2.7406568555731305,0.12713410088286453,0.22393292406791815,seq_hotel
16720,668.8,399,0.89,2.94,1.3002403623942886,1.6476043214315745,0.35177545809746275,0.4573926491180619,seq_hotel
16730,669.2,361,-0.9,-6.67,0.11319231422668288,4.721281605665987,0.0428402080954385,0.004849182296275359,seq_hotel
16730,669.2,369,-0.57,2.69,0.10307764064037578,2.0590531804691206,0.22523519554481963,0.023216712545933684,seq_hotel
16730,669.2,371,-0.6,3.24,0.0,2.5920069444351417,0.14213435417896436,0.0,seq_hotel
16730,669.2,391,2.98,-3.98,0.7910633666147825,3.6508903023783117,0.07164300836907285,0.05667415939484981,seq_hotel
16730,669.2,392,-0.65,-4.37,0.7480182150188014,3.6508903023783117,0.07164300836907285,0.05359027523881092,seq_hotel
16730,669.2,393,0.61,0.51,1.6173377043770274,1.960229578391266,0.24851780313633623,0.40193721322134407,seq_hotel
16730,669.2,394,0.12,0.75,1.902013735491757,2.0590531804691206,0.22523519554481963,0.42840043564241875,seq_hotel
16730,669.2,395,1.72,-5.06,2.125918918961643,3.07514227313144,0.10098129948198298,0.2146780550300792,seq_hotel
16730,669.2,396,3.71,-1.44,1.6517036659157716,3.8242646351945884,0.06529433562744426,0.10784689351938445,seq_hotel
16730,669.2,398,1.94,1.95,1.702250348802858,2.18,0.2009362971448893,0.34204388190204255,seq_hotel
16730,669.2,399,0.9,2.42,1.3134520356677375,1.7095028517086481,0.3267621333668807,0.4291863892498622,seq_hotel
16740,669.6,361,-0.91,-6.67,0.012500000000000844,4.907188604486279,0.0396557238658405,0.0004956965483230398,seq_hotel
16740,669.6,369,-0.64,2.57,0.012500000000000733,1.8086735471057238,0.29191136812624086,0.0036488921015782245,seq_hotel
16740,669.6,371,-0.6,3.24,0.0,2.117829077144801,0.2129068176561518,0.0,seq_hotel
16740,669.6,391,2.95,-3.64,0.7001115982470625,3.981205847478877,0.06024792798431368,0.04218027315217177,seq_hotel
16740,669.6,392,-0.95,-4.44,0.7054475529761631,3.981205847478877,0.06024792798431368,0.04250175336841819,seq_hotel
16740,669.6,393,0.5,1.15,1.5685383323337303,1.4567429423202984,0.44999277062879783,0.7058309100043294,seq_hotel
16740,669.6,394,0.04,1.48,1.6017568479642255,1.2847178678604887,0.5785699233876838,0.9267283368123598,seq_hotel
16740,669.6,395,1.72,-5.85,1.988128831338767,3.019437033620671,0.10474165389397525,0.20823990194871864,seq_hotel
16740,669.6,396,3.73,-0.75,1.6262014789073032,3.747385755430044,0.06800088717795982,0.11058314329580693,seq_hotel
16740,669.6,398,1.95,1.29,1.600439392791958,1.919426997830342,0.2591959335951827,0.4148273825772189,seq_hotel
16740,669.6,399,1.04,1.9,1.424396802158805,1.0955363982999378,0.7956421084414033,1.133310074926824,seq_hotel
16750,670.0,361,-0.91,-6.67,0.21286732957409282,5.0613140586215355,0.037277330924170064,0.007935125887477832,seq_hotel
16750,670.0,369,-0.58,2.69,0.30000000000001714,1.4252368224263643,0.4701076446371152,0.14103229339114262,seq_hotel
16750,670.0,371,-0.6,3.24,0.13287682265919015,1.844017353497521,0.2808286256179778,0.03731561548386414,seq_hotel
16750,670.0,391,2.97,-3.42,0.6294839156007447,4.210475032582428,0.05386531317802653,0.03390734825436453,seq_hotel
16750,670.0,392,-1.21,-4.44,0.5038911092686883,4.302650346007679,0.05158213012355624,0.025991776766400576,seq_hotel
16750,670.0,393,0.5,1.76,1.5685383323337305,1.4252368224263643,0.4701076446371152,0.7373818609364386,seq_hotel
16750,670.0,394,0.18,2.03,1.6904603662908888,1.182285921425101,0.6831661600739535,1.1548653171961554,seq_hotel
16750,670.0,395,1.68,-6.65,2.000039062118652,3.638158875035558,0.07214530292314805,0.1442934239946791,seq_hotel
16750,670.0,396,3.76,-0.14,1.612693786805262,3.3737960815674675,0.0838945450078078,0.13529621148094603,seq_hotel
16750,670.0,398,1.97,0.67,1.5258194519667998,1.964739168439414,0.2473782857238931,0.37745460035171696,seq_hotel
16750,670.0,399,1.11,1.3,1.6372614330033872,1.182285921425101,0.6831661600739535,1.1185216062221024,seq_hotel
16760,670.4,361,-0.92,-6.5,0.1789727632909655,5.170541557709405,0.03571900198437869,0.006392728487139734,seq_hotel
16760,670.4,369,-0.64,2.81,0.3225871975141168,1.3155227098001767,0.5517910889583798,0.17800074100034646,seq_hotel
16760,670.4,371,-0.67,3.32,0.301039864469824,1.5763248396190424,0.3843084588503591,0.11569216636691904,seq_hotel
16760,670.4,391,3.01,-3.14,0.6250000000000355,4.154960890309318,0.05531431028987831,0.03457144393117591,seq_hotel
16760,670.4,392,-1.35,-4.39,0.20953818267801494,4.5356476935494,0.046418676681105595,0.009726485154077216,seq_hotel
16760,670.4,393,0.61,2.4,1.5957952562908215,1.5763248396190424,0.3843084588503591,0.6132776155858394,seq_hotel
16760,670.4,394,0.12,2.83,1.7141415489977294,0.9296235797353679,1.1049868763612265,1.8941039158679953,seq_hotel
16760,670.4,395,1.71,-7.45,1.9631368393467739,4.501788533460895,0.04711955721877283,0.09250213862988116,seq_hotel
16760,670.4,396,3.75,0.54,1.6379293330300622,3.649547917208377,0.0716957218565208,0.11743252588155997,seq_hotel
16760,670.4,398,1.99,0.07,1.5790127453571372,2.7080066469637774,0.13021827261278987,0.20561631213398546,seq_hotel
16760,670.4,399,1.2,0.6,1.8209286779004763,2.4777610861420842,0.15554373602061666,0.2832340495877222,seq_hotel
16770,670.8,361,-0.97,-6.54,0.09999999999999853,5.35051399400095,0.03335649219475241,0.003335649219475192,seq_hotel
16770,670.8,369,-0.73,2.9,0.3411836015988652,1.3661991070118584,0.5116151398614371,0.17455469605043225,seq_hotel
16770,670.8,371,-0.76,3.42,0.31942330847948924,1.4436758638974334,0.45817563504048164,0.14635197720932164,seq_hotel
16770,670.8,391,2.97,-2.92,0.4543195461346474,4.160012019213406,0.055180065443834816,0.025069382288123176,seq_hotel
16770,670.8,392,-1.37,-4.39,0.025000000000004796,4.921077117867592,0.0394322029380754,0.0009858050734520743,seq_hotel
16770,670.8,393,0.63,3.03,1.5876968381903263,1.4436758638974334,0.45817563504048164,0.7274440070896175,seq_hotel
16770,670.8,394,0.12,3.4,1.5875492118354704,0.986154146165801,0.9819328108497399,1.5588666599398926,seq_hotel
16770,670.8,395,1.72,-8.22,1.9625398085132686,5.445410911951458,0.03220401849932963,0.06320166829903212,seq_hotel
16770,670.8,396,3.73,1.17,1.5882872063954792,3.6151901748040864,0.07306494908423915,0.11604812386643412,seq_hotel
16770,670.8,398,2.06,-0.59,1.6754197235318382,2.5013996082193666,0.15261781341719227,0.25569889476146596,seq_hotel
16770,670.8,399,1.25,-0.15,1.8381801462314473,3.239876540857691,0.09097340699559602,0.16722551057433765,seq_hotel
16780,671.2,361,-1.0,-6.5,0.3779054114458158,5.43323108288245,0.032348565669084416,0.012224698018857338,seq_hotel
16780,671.2,369,-0.88,2.94,0.3881043674064124,1.6772000476985445,0.33947019500582015,0.1317498652860653,seq_hotel
16780,671.2,371,-0.89,3.45,0.33354160160308266,1.5358385331798392,0.4048370606034306,0.1350300015819525,seq_hotel
16780,671.2,391,2.96,-2.78,0.4126893504804625,4.619632019977349,0.04474624706205763,0.018466299636478868,seq_hotel
16780,671.2,392,-1.37,-4.39,0.0,4.607222590672172,0.044987617296839894,0.0,seq_hotel
16780,671.2,393,0.63,3.67,1.5999999999996366,1.6772000476985445,0.33947019500582015,0.5431523120091889,seq_hotel
16780,671.2,394,0.11,4.1,1.7501785623183153,1.525024589965683,0.4105988126376456,0.7186212395917618,seq_hotel
16780,671.2,395,1.72,-9.02,1.9999999999995426,6.3620122602836915,0.023592957133043737,0.047185914266076684,seq_hotel
16780,671.2,396,3.79,1.81,1.5887298385816158,3.699310746612131,0.0697798053731757,0.11086125892678199,seq_hotel
16780,671.2,398,2.02,-1.27,1.7170559833620773,3.552365409132343,0.07567215761186216,0.1299333310013661,seq_hotel
16780,671.2,399,1.24,-0.87,1.8126724055933143,3.699310746612131,0.0697798053731757,0.12648792766762768,seq_hotel
16790,671.6,361,-1.22,-6.37,0.599087848316122,5.650522099770958,0.029908472035910728,0.017917802158416665,seq_hotel
16790,671.6,391,2.98,-2.59,0.477624329363597,5.0784741803025835,0.03702583696386602,0.01768444054899239,seq_hotel
16790,671.6,396,3.68,2.44,1.4466556259180128,5.0784741803025835,0.03702583696386602,0.053563635348099894,seq_hotel
16790,671.6,398,1.96,-1.96,1.7278961195628455,4.724235387869661,0.04278665399631568,0.07393089340931197,seq_hotel
16790,671.6,399,1.23,-1.6,1.837882613226531,4.7248386215827525,0.04277572930381837,0.0786167691555724,seq_hotel
16800,672.0,361,-1.44,-6.31,0.23584952830142794,10.580307178905533,0.008530506700749868,0.0020119159815440266,seq_hotel
16800,672.0,396,3.66,2.96,1.300961183125843,10.580307178905533,0.008530506700749868,0.01109785809007048,seq_hotel
16800,672.0,398,1.94,-2.65,1.7753960825687205,5.867750846789594,0.027734992479091856,0.04924059699745261,seq_hotel
16800,672.0,399,1.21,-2.34,1.900041117976243,5.838878316937253,0.028009962852573792,0.05322008113287735,seq_hotel
16810,672.4,361,-1.38,-6.47,0.42720018726590125,4.52815635772441,0.031048261934997774,0.013263823312911803,seq_hotel
16810,672.4,398,1.93,-3.38,1.8515196461286578,4.52815635772441,0.031048261934997774,0.057486466950796955,seq_hotel
16810,672.4,399,1.22,-3.12,1.9128676117286363,4.240577790820491,0.03540218392145594,0.06771969100781336,seq_hotel
16820,672.8,398,2.0,-4.13,1.8934508839680462,0.8032434251209281,0.4933507225415231,0.9341353617025212,seq_hotel
16820,672.8,399,1.24,-3.87,1.888989478530618,0.8032434251209281,0.4933507225415231,0.9319343241064154,seq_hotel
16830,673.2,398,2.05,-4.89,2.098287992626246,0.8127115109311541,0.48192261345009985,1.0112124331774044,seq_hotel
16830,673.2,399,1.28,-4.63,1.9750395565657466,0.8127115109311541,0.48192261345009985,0.951816224767491,seq_hotel
16840,673.6,398,2.17,-5.8,2.077596267324452,1.003045362882457,0.3163799683766929,0.6573098413556454,seq_hotel
16840,673.6,399,1.23,-5.45,1.8402190766320137,1.003045362882457,0.3163799683766929,0.5822084532710236,seq_hotel
16850,674.0,398,2.32,-6.53,1.7148250639643496,1.0519030373565808,0.28767273943406296,0.4933084238008167,seq_hotel
16850,674.0,399,1.36,-6.1,1.7660425391253616,1.0519030373565808,0.28767273943406296,0.5080422951872811,seq_hotel
16860,674.4,398,2.35,-7.16,1.660619236911433,0.9803060746521979,0.33122776918188396,0.5500432053026963,seq_hotel
16860,674.4,399,1.42,-6.85,1.8791620472967212,0.9803060746521979,0.33122776918188396,0.6224306528573549,seq_hotel
16870,674.8,398,2.47,-7.85,1.7738112216353346,1.0404806581575654,0.29402354164399647,0.521542257593085,seq_hotel
16870,674.8,399,1.46,-7.6,1.9041074024327904,1.0404806581575654,0.29402354164399647,0.5598524021338395,seq_hotel
16880,675.2,398,2.51,-8.57,1.8027756377315864,1.01,0.3120379239131366,0.5625343672789451,seq_hotel
16880,675.2,399,1.52,-8.37,1.930835311464523,1.01,0.3120379239131366,0.6024938420075643,seq_hotel
17550,702.0,408,0.99,-3.39,1.550201599792838,6.846342089028272,0.0067909875786985666,0.01052739980867181,seq_hotel
17550,702.0,409,2.49,3.29,1.7467827569564416,6.846342089028272,0.0067909875786985666,0.011862380005176032,seq_hotel
17560,702.4,408,1.0,-2.77,1.5637495003996897,5.5444837451290265,0.0103544705716346,0.016191798183296895,seq_hotel
17560,702.4,409,2.38,2.6,1.7960460044220377,5.5444837451290265,0.0103544705716346,0.018597105498089895,seq_hotel
17570,702.8,408,1.04,-2.14,1.5882872063954805,4.209049773998878,0.017967266282296362,0.0285371791700722,seq_hotel
17570,702.8,409,2.35,1.86,1.8436122829921229,4.209049773998878,0.017967266282296362,0.033124672809831786,seq_hotel
17580,703.2,408,1.04,-1.5,1.537499999999851,2.899189541923742,0.03787013981461587,0.05822533996496626,seq_hotel
17580,703.2,409,2.26,1.13,1.8152565245715049,2.899189541923742,0.03787013981461587,0.06874401838491657,seq_hotel
17590,703.6,408,1.04,-0.91,1.5250512286478328,5.462984532286358,0.031997160538777124,0.04879730899290401,seq_hotel
17590,703.6,409,2.27,0.41,1.7765838004440877,6.279052476289715,0.0242205029244638,0.043029753134211035,seq_hotel
17590,703.6,410,3.7,-2.0,1.1752659273543826,3.7206585438602127,0.06898135983120876,0.08107144183219192,seq_hotel
17590,703.6,411,3.63,-5.72,1.3252358280699308,6.279052476289715,0.0242205029244638,0.032097878249371964,seq_hotel
17600,704.0,408,1.05,-0.28,1.5750496023936142,5.541931071386579,0.031092034596144045,0.048971496728265174,seq_hotel
17600,704.0,409,2.2,-0.29,1.7784297849508592,5.101607589770111,0.03669080850795238,0.0652520266844709,seq_hotel
17600,704.0,410,3.69,-1.53,1.0625735268677312,3.6606693377031476,0.07126074837143181,0.07571978472426624,seq_hotel
17600,704.0,411,3.62,-5.19,1.3750568170080155,5.541931071386579,0.031092034596144045,0.04275331412607693,seq_hotel
17610,704.4,408,1.05,0.35,1.5129648046138613,5.595158621522717,0.030503282412568028,0.046150392715412415,seq_hotel
17610,704.4,409,2.08,-1.0,1.8249143815533864,3.933954753171419,0.061703906600631436,0.11260434655351924,seq_hotel
17610,704.4,410,3.69,-1.15,1.0733271868354641,3.470705980056507,0.07927490565602717,0.08508791147443047,seq_hotel
17610,704.4,411,3.62,-4.62,1.375000000000079,5.595158621522717,0.030503282412568028,0.04194201331728345,seq_hotel
17620,704.8,408,1.08,0.93,1.5282751715576404,3.0288776799336086,0.10408973725503015,0.15907776106082092,seq_hotel
17620,704.8,409,2.03,-1.74,1.9132759863645674,2.8373579259585844,0.11861596136329866,0.22694507047594667,seq_hotel
17620,704.8,410,3.47,-0.7,1.1625672023585636,3.393316961322652,0.08293207393668667,0.09641410918236737,seq_hotel
17620,704.8,411,3.62,-4.09,1.3249999999998865,5.62601102025227,0.030169646738006203,0.039974781927854794,seq_hotel
17620,704.8,412,2.73,3.47,1.4372282351801542,5.256814624846496,0.034556206228948,0.04966515529295238,seq_hotel
17630,705.2,408,1.13,1.57,1.5524677935466302,4.161850549935689,0.05513132374293472,0.0855896045264988,seq_hotel
17630,705.2,409,1.9,-2.52,1.9548417455127496,4.161850549935689,0.05513132374293472,0.107773013138067,seq_hotel
17630,705.2,410,3.42,-0.26,1.0900831390310501,3.274339628077698,0.08906845798096985,0.09709202426455081,seq_hotel
17630,705.2,411,3.62,-3.56,1.3250589609521912,5.702367929202745,0.02936708978538525,0.03891312547721228,seq_hotel
17630,705.2,412,2.6,2.91,1.491643389017518,5.4749337895539885,0.03185764284622708,0.04752024234125585,seq_hotel
17640,705.6,408,1.15,2.17,1.4678321600238375,5.523929760596165,0.03129500942365002,0.04593582128028256,seq_hotel
17640,705.6,409,1.92,-3.3,1.925000000000109,5.523929760596165,0.03129500942365002,0.06024289314052971,seq_hotel
17640,705.6,410,3.41,0.17,1.1274972283780322,3.2062439083762793,0.09289199013145644,0.10473546141173666,seq_hotel
17640,705.6,411,3.61,-3.03,1.2250000000000698,5.464540236836032,0.031978944535094776,0.039174207055493335,seq_hotel
17640,705.6,412,2.45,2.31,1.5250000000000872,5.464540236836032,0.031978944535094776,0.04876789041602232,seq_hotel
17650,706.0,408,1.23,2.74,1.4389666431158985,5.832195127051221,0.028074193610118387,0.04039782813733786,seq_hotel
17650,706.0,409,1.9,-4.06,1.8878724798037614,5.789930914959176,0.028485550603650954,0.05377708705669006,seq_hotel
17650,706.0,410,3.36,0.64,1.101774137471078,3.2304798405190525,0.09150341687920388,0.10081609820774134,seq_hotel
17650,706.0,411,3.62,-2.58,1.2125000000000687,4.4656130598160875,0.04788607082402062,0.05806186087412829,seq_hotel
17650,706.0,412,2.38,1.71,1.4902285898479644,4.4656130598160875,0.04788607082402062,0.07136119179744,seq_hotel
17660,706.4,409,1.89,-4.81,1.8881621355170775,6.041564366950003,0.02616209801376344,0.049398282855274665,seq_hotel
17660,706.4,410,3.36,1.05,1.0131942064580297,6.041564366950003,0.02616209801376344,0.026507286136332246,seq_hotel
17660,706.4,411,3.61,-2.06,1.2877426955724458,3.456153931757091,0.07994388100053346,0.10294714881414979,seq_hotel
17660,706.4,412,2.28,1.13,1.4881301186389082,5.952789262186256,0.02694823747100727,0.040102483824839524,seq_hotel
17670,706.8,409,1.94,-5.57,1.9260143431447607,7.15629093874753,0.018646417545547904,0.03591326764099139,seq_hotel
17670,706.8,410,3.33,1.45,0.9734763736217991,7.15629093874753,0.018646417545547904,0.01815184693327786,seq_hotel
17670,706.8,411,3.6,-1.55,1.1250694423011764,4.349252809391517,0.05048264213107274,0.05679647802829588,seq_hotel
17670,706.8,412,2.16,0.54,1.5101738310537638,6.113959437222332,0.025546198112689013,0.038579199872698,seq_hotel
17680,707.2,409,1.94,-6.35,2.037845062805166,8.255186248656052,0.014012564672402786,0.028555435734894104,seq_hotel
17680,707.2,410,3.19,1.81,0.7352720584925094,8.255186248656052,0.014012564672402786,0.010303047271437013,seq_hotel
17680,707.2,411,3.6,-1.16,0.8574125319820216,5.449009084228067,0.03216150165033905,0.02757567456236117,seq_hotel
17680,707.2,412,2.14,-0.07,1.527508183284006,6.283183906269177,0.02418866161119428,0.03694837855378695,seq_hotel
17690,707.6,409,1.91,-7.2,1.9126633917133502,9.293099590556427,0.01105732817384757,0.02114894680827888,seq_hotel
17690,707.6,410,3.15,2.01,0.5099019513593068,9.293099590556427,0.01105732817384757,0.005638153212665116,seq_hotel
17690,707.6,411,3.69,-0.87,0.7591113225344918,6.575507584970151,0.022085783768907224,0.016765568526025974,seq_hotel
17690,707.6,412,2.09,-0.68,1.5042128340099539,6.522484189325414,0.022446328369345032,0.033764055209570515,seq_hotel
17700,708.0,409,1.96,-7.88,1.812543102935865,6.610612679623576,0.007283945752737761,0.013202465636283816,seq_hotel
17700,708.0,412,2.05,-1.27,1.4758472143146277,6.610612679623576,0.007283945752737761,0.01074999104839689,seq_hotel
17710,708.4,409,1.92,-8.65,1.9275956526202342,6.791244363148774,0.006901625857717542,0.013303543999347729,seq_hotel
17710,708.4,412,2.05,-1.86,1.5166781135100031,6.791244363148774,0.006901625857717542,0.010467544886034899,seq_hotel
17750,710.0,412,1.76,-4.29,1.6132750075545992,5.254302998495613,0.011529750257493046,0.018600657933759736,seq_hotel
17750,710.0,413,0.67,-9.43,1.5767847031222348,5.254302998495613,0.011529750257493046,0.018179933836834684,seq_hotel
17760,710.4,412,1.79,-4.93,1.6636743972305144,4.020572098594926,0.01969130134140369,0.03275991388984421,seq_hotel
17760,710.4,413,0.7,-8.8,1.5524677935468656,4.020572098594926,0.01969130134140369,0.030570111145555422,seq_hotel
17770,710.8,412,1.71,-5.62,1.634395912868006,4.608340265214798,0.029977198653638102,0.0489946109587384,seq_hotel
17770,710.8,413,0.74,-8.19,1.5176564993435182,2.8018922177699843,0.08109186207010691,0.12306959151456587,seq_hotel
17770,710.8,414,2.79,-10.1,1.372953021774284,4.608340265214798,0.029977198653638102,0.04115728547584043,seq_hotel
17780,711.2,412,1.65,-6.23,1.4627136596065482,3.488624370722649,0.05230843205846772,0.0765122580845218,seq_hotel
17780,711.2,413,0.8,-7.59,1.4868696143238667,2.73001831495688,0.08541792195995991,0.12700531268095172,seq_hotel
17780,711.2,414,2.69,-9.56,1.4513463576967807,3.488624370722649,0.05230843205846772,0.07591765234488664,seq_hotel
17790,711.6,412,1.69,-6.79,1.4627136596067745,2.3556740012149384,0.11472280191155151,0.16780660942438858,seq_hotel
17790,711.6,413,0.89,-7.01,1.5083621083812262,2.6059930928534705,0.0937418677652818,0.14139668130603456,seq_hotel
17790,711.6,414,2.63,-8.95,1.6379293330300628,2.6059930928534705,0.0937418677652818,0.15354255494578037,seq_hotel
17800,712.0,412,1.63,-7.4,1.5521154918369546,8.957521978761761,0.011901333278720741,0.01847224375541716,seq_hotel
17800,712.0,413,1.0,-6.4,1.5741068896362413,8.02867984166762,0.014814367093724792,0.023319397307832616,seq_hotel
17800,712.0,414,2.66,-8.25,1.7250000000000956,9.80127542720844,0.009940453427901652,0.0171472821631313,seq_hotel
17800,712.0,415,2.19,1.54,1.4758472143146282,9.80127542720844,0.009940453427901652,0.01467059050059295,seq_hotel
17810,712.4,412,1.52,-8.02,1.5612995388458557,8.993519889342547,0.011806250213905106,0.018433093014468827,seq_hotel
17810,712.4,413,1.16,-5.78,1.559046182766975,6.805365530226867,0.020619041274617753,0.03214603759150751,seq_hotel
17810,712.4,414,2.63,-7.57,1.7001838135920273,8.532408804083405,0.013116805287648308,0.02230098003609797,seq_hotel
17810,712.4,415,2.17,0.95,1.4409740629172463,8.993519889342547,0.011806250213905106,0.01701250033854845,seq_hotel
17820,712.8,412,1.48,-8.64,1.5350081433007496,9.05195006614597,0.011654323871904928,0.017889482048038387,seq_hotel
17820,712.8,413,1.34,-5.2,1.52300073867336,5.642783001321245,0.029990567461806228,0.045675656397564116,seq_hotel
17820,712.8,414,2.68,-6.89,1.6405505935507154,7.3022804657175415,0.017908300096793936,0.029379472353279625,seq_hotel
17820,712.8,415,2.11,0.39,1.4466556259177965,9.05195006614597,0.011654323871904928,0.01685979319555934,seq_hotel
17830,713.2,412,1.38,-9.24,1.5206906325742082,9.064060900060195,0.011623201113856993,0.01767529305436843,seq_hotel
17830,713.2,413,1.5,-4.61,1.5230007386733597,4.631554814530429,0.0445161672509998,0.06779815560617952,seq_hotel
17830,713.2,414,2.71,-6.26,1.651183287827127,6.096925454686157,0.025689142741310702,0.04241748317305778,seq_hotel
17830,713.2,415,2.04,-0.2,1.3809530223724462,9.064060900060195,0.011623201113856993,0.016051094707823597,seq_hotel
17840,713.6,413,1.68,-4.03,1.5385159245195579,3.339371198294673,0.05708877561271063,0.08783199039147908,seq_hotel
17840,713.6,414,2.73,-5.57,1.7180112048529645,4.935271015861237,0.026137142754931092,0.0449039041158131,seq_hotel
17840,713.6,415,1.93,-0.7,1.3650206042401747,4.935271015861237,0.026137142754931092,0.03567773839644774,seq_hotel
17850,714.0,413,1.85,-3.43,1.593002275579131,2.1827734651126764,0.13361733075193227,0.21285271194463753,seq_hotel
17850,714.0,414,2.82,-4.89,1.6530275254817486,3.796840792026971,0.04416063903770682,0.07299875187219321,seq_hotel
17850,714.0,415,1.74,-1.25,1.5067556205305022,3.796840792026971,0.04416063903770682,0.06653929107628345,seq_hotel
17860,714.4,413,2.08,-2.82,1.6088136156809139,1.6055528642807126,0.24696243788020067,0.3973165326234187,seq_hotel
17860,714.4,414,2.81,-4.25,1.58750000000009,2.652036952985384,0.09051508855979144,0.14369270308867707,seq_hotel
17860,714.4,415,1.64,-1.87,1.5188914543180045,2.652036952985384,0.09051508855979144,0.1374825945003046,seq_hotel
17870,714.8,413,2.26,-2.21,1.5855795470425234,1.517135458685216,0.2765867716764049,0.4385503281526279,seq_hotel
17870,714.8,414,2.82,-3.62,1.6405505935506768,1.8146625030566979,0.19332516622155524,0.3171597161930557,seq_hotel
17870,714.8,415,1.45,-2.43,1.4943644133877134,1.8146625030566979,0.19332516622155524,0.28889824861375657,seq_hotel
17880,715.2,413,2.39,-1.59,1.6204262556499096,3.357156534926544,0.08472824262910893,0.13729586895128404,seq_hotel
17880,715.2,414,2.89,-2.94,1.450215501227122,4.78873678541638,0.041641795680768,0.06038957759518237,seq_hotel
17880,715.2,415,1.28,-3.01,1.4955141256436224,4.70304156902743,0.04317315103810243,0.0645660572260278,seq_hotel
17880,715.2,416,1.63,1.68,1.231361035602545,4.78873678541638,0.041641795680768,0.051276084653820074,seq_hotel
17890,715.6,413,2.52,-0.94,1.6111428397259802,2.96951174437819,0.10829322505685779,0.17447585414119052,seq_hotel
17890,715.6,414,2.84,-2.46,1.180373351952745,3.861359864089334,0.06404582521588534,0.07559798538865421,seq_hotel
17890,715.6,415,1.2,-3.6,1.516781131211838,4.805049427425279,0.04135953650308042,0.06273336456353963,seq_hotel
17890,715.6,416,1.58,1.19,1.2755513513771934,4.805049427425279,0.04135953650308042,0.05275621267883859,seq_hotel
17900,716.0,413,2.61,-0.32,1.5597475757314951,4.172792829748441,0.05484256202842673,0.08554055317074274,seq_hotel
17900,716.0,414,2.8,-2.0,1.1755982519552148,2.9181500989496754,0.11213885792561556,0.13183024535360785,seq_hotel
17900,716.0,415,1.1,-4.21,1.5685383323337294,4.8956000653648175,0.03984368685776516,0.0624963501379063,seq_hotel
17900,716.0,416,1.6,0.66,1.3502314616391544,4.8956000653648175,0.03984368685776516,0.05379819954305302,seq_hotel
17910,716.4,413,2.73,0.29,1.5592466129513565,5.395294245914674,0.032805080818139015,0.051151211153278774,seq_hotel
17910,716.4,414,2.81,-1.52,1.2515615246563703,3.747972785386788,0.0679795874332699,0.08508063609349431,seq_hotel
17910,716.4,415,1.09,-4.85,1.4877100692003982,5.395294245914674,0.032805080818139015,0.04880444905407825,seq_hotel
17910,716.4,416,1.56,0.11,1.3134520356679174,4.982218381404011,0.038470325654199694,0.05052892754331629,seq_hotel
17920,716.8,413,2.87,0.9,1.5281218047000158,2.031772625073977,0.2313242553599409,0.35349163857152016,seq_hotel
17920,716.8,414,2.75,-1.0,1.4269723192828778,1.903785702225962,0.2634724805626785,0.3759679366557383,seq_hotel
17920,716.8,415,1.08,-5.4,1.4504848327368267,5.169081156259786,0.03573918795150235,0.051839150057984895,seq_hotel
17920,716.8,416,1.56,-0.39,1.3250589609521697,2.221733557382613,0.1934583291568996,0.2563436926201842,seq_hotel
17920,716.8,417,3.71,-0.95,1.320274592650789,2.221733557382613,0.1934583291568996,0.2554181167225279,seq_hotel
17930,717.2,413,3.01,1.48,1.5026019100212888,2.977549327886945,0.10770936165392546,0.16184429254836216,seq_hotel
17930,717.2,414,2.75,-0.38,1.5379572490806064,1.8780841301709568,0.27073306264214453,0.4163758762562801,seq_hotel
17930,717.2,415,1.06,-6.01,1.5649480822058035,5.878179990439217,0.027636664212987938,0.04324994465868123,seq_hotel
17930,717.2,416,1.55,-0.95,1.3889069443269633,2.834872131155125,0.11882407248819415,0.16503557943206332,seq_hotel
17930,717.2,417,3.54,-1.45,1.2890160976495577,2.977549327886945,0.10770936165392546,0.1388391010394679,seq_hotel
17940,717.6,413,3.22,2.05,1.6693000029953626,3.972467746879765,0.06051327008341765,0.10101480193150827,seq_hotel
17940,717.6,414,2.78,0.23,1.5375508121685828,2.226858774148015,0.1925688476378576,0.296084388083956,seq_hotel
17940,717.6,415,1.15,-6.65,1.5524677935468665,5.220823689802214,0.035034290587789264,0.05438960780730495,seq_hotel
17940,717.6,416,1.51,-1.5,1.3884006086141776,3.9403806922681976,0.06150281829578736,0.08539055035335835,seq_hotel
17940,717.6,417,3.36,-1.92,1.2298373876249542,3.972467746879765,0.06051327008341765,0.07442148199603366,seq_hotel
17940,717.6,419,3.37,-9.71,1.650757401922012,8.418057970814884,0.013475582823806436,0.022244918091611603,seq_hotel
17950,718.0,413,3.48,2.73,1.8200274723202332,5.179285665031424,0.03559849612493465,0.06479024092066643,seq_hotel
17950,718.0,414,2.76,0.85,1.5258194519667998,3.198124450361493,0.09336426071092803,0.14245700511123363,seq_hotel
17950,718.0,415,1.13,-7.25,1.5375508121685821,5.299745276897749,0.033998627798021604,0.05227461778346545,seq_hotel
17950,718.0,416,1.51,-2.06,1.4035668847619,5.179285665031424,0.03559849612493465,0.0499648703082831,seq_hotel
17950,718.0,417,3.1,-2.33,1.2022115038545271,5.074248712863807,0.03708752751869551,0.04458705223249709,seq_hotel
17950,718.0,419,3.35,-9.05,1.6897669957720003,7.228118704061244,0.018277669904917956,0.030885003364945516,seq_hotel
17960,718.4,414,2.82,1.45,1.508776408219673,9.476523624198908,0.01063342770742415,0.01604346486347096,seq_hotel
17960,718.4,415,1.16,-7.88,1.5025499159762552,5.395572258806289,0.03280170026831954,0.04928619198204184,seq_hotel
17960,718.4,416,1.43,-2.62,1.359744920931941,5.266925099144661,0.03442366426529342,0.04680740264459908,seq_hotel
17960,718.4,417,2.95,-2.79,1.26737918556373,5.395572258806289,0.03280170026831954,0.04157219217116841,seq_hotel
17960,718.4,419,3.3,-8.36,1.7376798468073307,6.036928026736777,0.026202298249430562,0.04553120560807049,seq_hotel
17970,718.8,414,2.89,2.05,1.5101738310539814,9.719963991702851,0.01010746089872395,0.015264022947654264,seq_hotel
17970,718.8,415,1.2,-8.45,1.4285044627162449,5.395294245914673,0.03280508081813903,0.04686220434847869,seq_hotel
17970,718.8,416,1.38,-3.14,1.3920533394951506,5.313049971532358,0.033828565405578485,0.04709116744316565,seq_hotel
17970,718.8,417,2.84,-3.31,1.3370326286219378,5.360233203882085,0.03323563744214214,0.04443713169319301,seq_hotel
17970,718.8,419,3.33,-7.66,1.7254075605489587,4.922692352767944,0.03940633017721248,0.067991980021251,seq_hotel
17980,719.2,416,1.34,-3.73,1.4678321600236255,3.8108529229032184,0.0438364874311474,0.0643446060339096,seq_hotel
17980,719.2,417,2.7,-3.83,1.3532368602723224,3.212382293563455,0.06169154915669332,0.08348327828613931,seq_hotel
17980,719.2,419,3.33,-6.98,1.6874999999998535,3.8108529229032184,0.0438364874311474,0.07397407254005482,seq_hotel
17990,719.6,416,1.28,-4.31,1.4020074892810739,2.864000698323937,0.0776128951377728,0.10881386024794411,seq_hotel
17990,719.6,417,2.62,-4.37,1.3473353331669917,2.0658412330089644,0.14917163164411312,0.2009842100202849,seq_hotel
17990,719.6,419,3.33,-6.31,1.662546991817168,2.864000698323937,0.0776128951377728,0.12903508533752547,seq_hotel
18000,720.0,416,1.28,-4.85,1.3750568170080164,2.209886874932742,0.13035870512891748,0.17925062614385584,seq_hotel
18000,720.0,417,2.57,-4.9,1.3101168840985893,1.2909686285886268,0.38198714290626506,0.5004478054300785,seq_hotel
18000,720.0,419,3.34,-5.65,1.6879166152391298,2.209886874932742,0.13035870512891748,0.22003462432815818,seq_hotel
18010,720.4,416,1.27,-5.41,1.3645626588765412,2.0792787210953705,0.14724979700411284,0.20093157451896315,seq_hotel
18010,720.4,417,2.49,-5.41,1.3146411107219318,1.2200000000000002,0.42772088979278505,0.56229946563616,seq_hotel
18010,720.4,419,3.3,-4.96,1.726131875031668,2.0792787210953705,0.14724979700411284,0.2541725682007418,seq_hotel
18020,720.8,416,1.22,-5.94,1.3639327329453073,2.6596616326141946,0.08999685775220971,0.12274966015046146,seq_hotel
18020,720.8,417,2.51,-5.95,1.3645626588763415,1.8522418848519766,0.1855601528411976,0.2532084555424849,seq_hotel
18020,720.8,419,3.29,-4.27,1.724999999999853,2.6596616326141946,0.08999685775220971,0.15524457962254853,seq_hotel
18030,721.2,416,1.22,-6.5,1.3770439353919168,3.5850801943610686,0.04953160185855079,0.06820719194956436,seq_hotel
18030,721.2,417,2.55,-6.5,1.3630159573532774,3.0147802573321987,0.07004365460810236,0.09547061894218493,seq_hotel
18030,721.2,419,3.3,-3.58,1.7500446422875908,3.5850801943610686,0.04953160185855079,0.08668251445647888,seq_hotel
18040,721.6,416,1.16,-7.04,1.2904698756655237,4.677958956639102,0.029091579988739426,0.037541807610982206,seq_hotel
18040,721.6,417,2.54,-7.04,1.4394551920779735,4.235150528611705,0.03549297646517332,0.05109054925509505,seq_hotel
18040,721.6,419,3.28,-2.87,1.751115715765337,4.677958956639102,0.029091579988739426,0.05094272291472599,seq_hotel
18050,722.0,416,1.15,-7.53,1.3255305541556561,5.784678037713076,0.019024871792830227,0.025218048850290564,seq_hotel
18050,722.0,417,2.61,-7.65,1.511673327806064,5.51982789586777,0.02089435884167521,0.03158544496256922,seq_hotel
18050,722.0,419,3.35,-2.18,1.7272177772360786,5.784678037713076,0.019024871792830227,0.03286009677021359,seq_hotel
18060,722.4,416,1.13,-8.1,1.4258769231599995,6.972840167392337,0.01309364922959619,0.01866993227643291,seq_hotel
18060,722.4,417,2.69,-8.24,1.4884975646605039,6.782189911820518,0.013840131926483515,0.0206010026671508,seq_hotel
18060,722.4,419,3.35,-1.49,1.7250000000000985,6.972840167392337,0.01309364922959619,0.022586544921054715,seq_hotel
