ped,other,frame,t,d_min,turn_deg,lat_other,speed,turn_dir,scene
3,7,90,3.6,0.9752474281617003,9.669552866109683,-0.6641097914108348,1.1040504218557308,左,students03
3,31,220,8.8,1.141512997301391,45.311004795591,-1.074076889878771,0.7974408985455244,左,students03
4,75,340,13.6,1.0313389053044393,27.237018734205265,0.7259791085092451,0.5314115286525719,右,students03
4,75,750,30.0,0.7884733193370183,11.962463535815232,0.2712644153357895,0.39250741892795693,右,students03
4,42,800,32.0,0.45039094999621526,36.40700451994314,-0.40820630219814313,0.70154798087668,左,students03
4,45,850,34.0,0.42096360564879787,10.128180471333167,-0.3822116845431027,0.6691865886959233,左,students03
4,316,940,37.6,0.5665205276629647,15.144941912851408,-0.16408886352505292,0.7447948471755345,左,students03
4,75,1030,41.2,0.4872738296256789,8.097063139323524,0.4707232163263827,0.6826469687441582,右,students03
5,6,0,0.0,0.7814339410021591,13.05546763059752,0.7628564344091153,1.8186524661510208,右,students03
5,10,120,4.8,0.598232714708198,33.27563517990848,0.3613881768560819,1.4452609571366974,右,students03
6,5,0,0.0,1.0736926073301492,10.847755843609804,-0.7748057016357977,0.6380105652933957,左,students03
6,1,50,2.0,1.0820890134100116,65.20765328628136,-0.9605119371256972,0.48964597714327274,左,students03
7,17,0,0.0,0.7160613754618483,14.7935334678522,0.5844243473732087,1.011322640271257,右,students03
7,8,170,6.8,0.4819909541170342,18.65881820397979,-0.47754291772247554,1.0052714015867648,左,students03
7,8,230,9.2,0.42911226429615296,8.872635556564887,-0.42757700481670746,0.8104413399311606,左,students03
7,8,300,12.0,0.35796910939106874,22.455759458527154,-0.3393849672030619,0.8266477301457615,左,students03
8,7,30,1.2,0.8063279722060961,15.526189685456842,0.7511221579855213,0.9095977624516469,右,students03
8,76,260,10.4,0.6639723086064633,25.61394233131864,-0.5445549304815064,0.8938705497882514,左,students03
9,273,100,4.0,0.43910641917571885,8.453010392925876,-0.410560515391354,0.6514564676909045,左,students03
10,12,0,0.0,0.27080115430670004,17.370390260277105,-0.23122965249688332,0.6774994558668697,左,students03
10,12,260,10.4,0.4960232223207311,9.704091123328368,-0.49550474813999534,0.6288310762343399,左,students03
10,12,320,12.8,0.622134554065204,9.671671810501266,-0.6137945861839754,0.8347358392214905,左,students03
10,12,470,18.8,0.1930833767619126,25.30914201763818,0.186202928906531,0.361266792498814,右,students03
10,13,560,22.4,0.42524005455790126,39.65836507219723,-0.3315819880192761,0.7806512088674249,左,students03
11,13,50,2.0,0.2700759047277574,22.477076974142307,-0.26289694028312927,0.5213082822703767,左,students03
11,10,240,9.6,0.16670546589557797,8.826650665892288,-0.15599767020316618,0.9563223350119235,左,students03
11,23,290,11.6,0.6023379155862354,48.500424761642364,0.6012537294422864,0.845818161774912,右,students03
11,12,400,16.0,0.6895612340914611,54.216119504423176,-0.30361438438672994,0.3018223861824425,左,students03
11,12,590,23.6,0.8444952099714679,12.259857867348643,0.2787395105725976,0.3491903522977002,右,students03
12,76,40,1.6,0.33931807985564616,9.770484086546588,-0.24029506572324721,0.5260990867987423,左,students03
12,75,90,3.6,0.3619352650818797,13.75007312463751,0.3536366388442938,0.5255225789964786,右,students03
12,25,200,8.0,0.6730102220816473,17.550508421520988,0.6706901281724333,0.900631080628524,右,students03
12,13,300,12.0,0.6793426706405341,13.948609864353585,-0.1815729884587299,0.7388758284291741,左,students03
12,13,380,15.2,0.6183370032642327,16.927909917486375,-0.40701594675659625,0.5765661798794357,左,students03
12,76,470,18.8,0.27715639548314586,13.040787344120304,0.2571802611874315,0.3760335932832751,右,students03
13,12,0,0.0,0.5710048033013005,15.215042957768333,0.4099639557516478,0.4760894551072908,右,students03
13,76,90,3.6,0.310808036711111,8.411250170485346,0.3087730074790563,0.6758719576606192,右,students03
13,12,220,8.8,0.5365811379852866,26.6343801782007,0.4200230032772121,0.7768920032981445,右,students03
13,79,580,23.2,0.2428707698994509,46.445068797503495,-0.15232764914082972,0.9267114503565378,左,students03
14,16,160,6.4,0.39936544616707764,11.497123511766773,0.3851931612493015,0.5474045164734725,右,students03
15,3,120,4.8,0.8657780222211653,54.13859229013073,-0.8593257544994517,0.5512413648420809,左,students03
16,15,0,0.0,0.6742002072923734,49.02687210047151,-0.16375388446920214,0.5184641304167236,左,students03
16,15,30,1.2,0.5651220975416248,38.88766336304457,-0.2333857888375439,0.3557643488863036,左,students03
17,7,110,4.4,0.788658244880137,9.295275602758863,-0.5084413337244361,1.4300746442807657,左,students03
18,19,30,1.2,0.999118121369495,21.190798052731736,-0.6584286738841827,0.9199604224868345,左,students03
19,20,80,3.2,0.560993181214256,9.05225354844032,0.5475922024879905,0.38556300426270945,右,students03
19,20,130,5.2,0.5463235949485067,15.657860682226556,0.538172471771376,0.33593087087864687,右,students03
19,20,200,8.0,0.56271551135607,12.358936695477809,0.5627132326221957,0.6320125129433191,右,students03
19,27,450,18.0,0.22055583534122417,18.45119718097928,0.17513855245493573,0.6587543486367574,右,students03
20,28,100,4.0,0.5342681799676334,23.56758974617034,0.413126833327515,0.3207683520095938,右,students03
20,29,350,14.0,0.2033395940843621,17.359447481192916,-0.19820576799106732,1.0036854627242817,左,students03
20,27,390,15.6,0.17616173184398382,10.129388985933758,0.16955366733114596,0.951520014510794,右,students03
21,22,70,2.8,0.6852385066280233,14.238082157112103,-0.6682876405723699,0.6242470603925224,左,students03
22,21,140,5.6,0.8542852966764318,11.903130633708457,0.8341414050833573,1.1672368415572247,右,students03
23,24,10,0.4,0.8257836025872067,21.08339003407295,-0.7963115988551074,0.5956832910073919,左,students03
23,17,170,6.8,0.20336710916340403,10.798194708726157,0.16164807639436807,0.9538067014010969,右,students03
23,35,450,18.0,1.0362016639222895,8.51416532591415,1.0255917182749985,0.7460652371615971,右,students03
24,218,50,2.0,1.0472465432702684,13.892398730578037,0.39864747343814066,1.4726243918721542,右,students03
24,219,170,6.8,0.38975390943399785,20.02577776699954,0.3792360686841688,1.7577541831220385,右,students03
24,20,200,8.0,0.8165802806261474,27.647406207926792,0.6900221408258541,1.5496097581605195,右,students03
24,420,240,9.6,0.26648122670918856,9.785363880036897,-0.26057369625108445,0.6810018960119225,左,students03
25,16,70,2.8,1.176169385526715,28.863183100444303,1.1379618664941673,0.7345583971532481,右,students03
25,10,180,7.2,0.9659227653251199,12.27391894923494,0.6331649235523177,0.5129646879043722,右,students03
25,8,330,13.2,1.0362570842205647,8.32050174603225,0.9692127672877258,0.8882976555577135,右,students03
26,3,170,6.8,0.3902659781944732,9.593071453546798,-0.15271195741072519,1.188604943793008,左,students03
26,23,280,11.2,1.1314091142256446,17.35890351910939,1.014110235382362,1.2159850428783026,右,students03
26,78,320,12.8,0.7704631558692138,59.4307088840261,0.29505889229376936,1.2020058550613786,右,students03
27,30,200,8.0,0.2646088969131011,52.830232482915605,0.19593029345170293,1.1377902699188107,右,students03
27,24,230,9.2,0.16540857441215676,16.75681873886802,-0.15823325405554084,0.49348743035217413,左,students03
27,29,340,13.6,0.5434518387026479,8.270661277183507,-0.518925344811347,1.3263673361095136,左,students03
27,29,480,19.2,0.627007652879799,19.677642150073893,-0.6066425513181962,0.6765518070539683,左,students03
28,30,280,11.2,0.5056562759971278,49.47900226642389,0.35618187969504794,0.8351493006036445,右,students03
28,219,670,26.8,0.4887586996653185,38.63025638858295,-0.4697689553845384,1.0084992510010935,左,students03
29,27,290,11.6,0.5311830207495887,11.776076807055773,0.5214048440956266,0.9203785502128603,右,students03
29,27,430,17.2,0.5875723471521909,26.138542920815553,0.5792004776038294,0.9226756003169619,右,students03
30,28,200,8.0,0.6471192554912444,19.093041511763346,-0.5604727516721806,0.6551246840994384,左,students03
30,28,310,12.4,0.6165150378867945,16.965122814751226,-0.30228347022863794,0.6812476312701744,左,students03
30,220,350,14.0,0.6807598819440217,13.345211789828909,-0.46777320744000006,0.8331787527499994,左,students03
30,217,390,15.6,0.6986987825303876,34.187625420525535,-0.5774972663349169,0.8668302046097294,左,students03
30,28,500,20.0,0.6145997109104883,28.164731625790807,0.40775249977983447,0.34906790094957346,右,students03
30,28,610,24.4,0.94486899826687,14.168814861809068,-0.28941650304791844,1.13429635850705,左,students03
30,28,650,26.0,0.5066906724192312,32.92278400553093,-0.47353826268094573,0.8304757631515829,左,students03
32,31,290,11.6,1.1132150363734274,9.007298320563507,0.22940778847229082,1.5503599986842413,右,students03
32,73,320,12.8,0.6495759320874069,16.92597631558675,0.6001494515471522,1.37615836067601,右,students03
33,34,430,17.2,0.4293576973837868,12.979242350043592,0.4206123871705057,1.0948187247730876,右,students03
34,73,400,16.0,0.7497130664941813,13.158120999639834,0.26481693761238756,1.337684800608943,右,students03
34,33,430,17.2,0.675029419333512,9.090872762584524,-0.42898276408002994,1.3478221599009412,左,students03
34,79,500,20.0,0.5511956429916417,10.160961615565299,0.5338996353650085,1.436135769506529,右,students03
34,33,580,23.2,0.7425992190155358,27.164729651388825,-0.6004618527158723,1.2813024060485272,左,students03
35,36,400,16.0,0.7745482605344379,9.740053241588356,-0.4887828433133115,0.9550245891295298,左,students03
36,35,430,17.2,0.5653616111010727,12.518673300441094,0.5262977306099123,0.8940819271358341,右,students03
36,300,500,20.0,0.345055409409168,40.69914481608669,-0.3316947725273454,0.30787878357108167,左,students03
36,84,540,21.6,0.557792076901378,38.44413113182276,0.4503262864774552,0.4788581481261386,右,students03
37,233,760,30.4,1.0845774271689572,24.88702782098872,-0.8762600878347033,0.807000976093322,左,students03
38,39,660,26.4,0.3888769674724527,11.464530733028795,-0.34845259082212154,0.7354058647989966,左,students03
38,44,770,30.8,0.36277461032437136,14.175176664752144,-0.34586625695981066,0.9472601568347354,左,students03
38,42,830,33.2,0.29456880611604014,22.14342081924974,0.1600074038678403,0.9280227538034512,右,students03
38,42,860,34.4,0.45832901575502644,12.999667475424474,-0.39695733078722706,1.0484324047302422,左,students03
38,92,980,39.2,0.3982816817723287,10.911555769081247,0.3567167193835719,0.787367084326317,右,students03
39,79,600,24.0,0.5712175989430662,11.052520252159752,0.5552664708092948,0.6060068775204162,右,students03
39,82,690,27.6,0.4692686605275641,35.007744336378096,-0.3974056892045714,1.0019857665668022,左,students03
39,42,870,34.8,0.17953188751342616,14.220227455850534,-0.1743818028918414,0.9638651500753654,左,students03
39,38,940,37.6,0.48221066381631883,11.874808061579472,0.48086238395201947,0.6266557391172851,右,students03
40,302,770,30.8,0.4965270759502641,22.71611342513134,-0.2881076284537253,0.56831473724797,左,students03
41,76,630,25.2,0.8103827640266268,30.78344179246551,-0.45770967772447474,0.9943407355648316,左,students03
42,86,790,31.6,0.9985715902175527,16.41395036404461,0.3300286251041942,1.378359768140956,右,students03
42,87,860,34.4,0.1972509301832496,11.553701448078584,-0.1757915119116768,1.1883432846279571,左,students03
42,44,950,38.0,0.5050499337168008,15.931845079882976,-0.49905176034628784,1.1828427291351165,左,students03
44,45,720,28.8,1.1047040062246722,32.96616547095854,-0.9946582942168258,2.1888233019173087,左,students03
44,45,770,30.8,0.48285088244140517,15.794138143463499,0.4824621846336593,1.7366385231867465,右,students03
44,300,890,35.6,0.8638920297960514,20.8413804075916,0.72667955101607,0.9953035670090072,右,students03
45,46,770,30.8,0.359897770173571,17.445765696721566,-0.3596803304853711,1.0252501994983112,左,students03
45,46,900,36.0,0.1856411427992705,11.223679157586702,-0.18523630991807588,0.5343111928252854,左,students03
45,46,960,38.4,0.4153320872270379,17.92243105786372,-0.34192111754514554,0.4457961793257999,左,students03
45,46,1050,42.0,0.4556579041867577,8.046649641285768,-0.4511480296782631,0.6763192467700552,左,students03
45,46,1210,48.4,0.6090199156641705,12.853947486411585,-0.6002405845742392,0.48160329151892284,左,students03
46,45,750,30.0,0.5866690841606678,17.171099599540355,0.39044183287811185,0.9907397963331498,右,students03
46,88,920,36.8,0.42696144863159635,32.32119673684795,0.33985155479000007,0.604034864624996,右,students03
46,47,1060,42.4,0.5054963668988544,9.944982044589437,-0.5011855793999995,0.7211060818625024,左,students03
47,46,750,30.0,0.6815968513797288,23.7810389658014,0.6741991377231974,0.8025287119481002,右,students03
48,49,800,32.0,0.40065113885822956,13.671710364324042,-0.4003988994407426,1.0946787619700284,左,students03
48,49,910,36.4,0.6228393958249244,10.11301879793757,-0.6228370906776228,0.8269562154093952,左,students03
48,229,1040,41.6,0.5197485609286367,17.317709230395252,0.5194977692096947,0.9655470777468066,右,students03
48,49,1120,44.8,0.5968315632372145,21.71040225032766,-0.5963327834877616,1.003161449996304,左,students03
49,41,830,33.2,0.7189002827249107,9.1420115840167,0.7185543964179518,0.9443076954859532,右,students03
49,48,870,34.8,0.7382682328777039,16.592547405509265,0.6135588406117293,0.7914908995788787,右,students03
49,48,1040,41.6,0.7570289419347331,11.69860978550821,0.7146750673326295,0.865770015697973,右,students03
49,45,1140,45.6,0.6901655997669289,20.81562180568949,-0.6873810838746085,0.961444476511111,左,students03
50,235,990,39.6,0.5812140050307417,11.18361839232216,0.4298150945065524,0.8328513439897922,右,students03
51,233,970,38.8,0.738874409344899,31.754320384262627,-0.39744757453920954,1.0130367121698702,左,students03
51,228,1290,51.6,0.7172718341984782,30.403715161084676,0.6788164596226027,0.3570720544255026,右,students03
51,102,1580,63.2,0.6338847400352474,24.08507007710324,0.3518472565387689,1.524015448659943,右,students03
51,340,1670,66.8,0.8554008623463603,41.5993023374991,-0.8350089073576579,1.1179325231794357,左,students03
52,225,1190,47.6,0.3776512944342961,12.793356367057214,-0.3542678301431924,0.9095116077237322,左,students03
52,54,1270,50.8,0.41807155874241797,8.254302646402152,-0.4172165457504457,1.1329868360313236,左,students03
52,98,1360,54.4,0.4891305007926126,19.888643891489636,-0.47695273368310087,0.533226464010366,左,students03
53,54,1100,44.0,0.44580687272378766,42.00528451115679,-0.41422270605736955,1.4189820404317268,左,students03
53,55,1170,46.8,0.19883510273522567,62.659345046649264,-0.17325922797129284,0.7219335677006663,左,students03
53,52,1290,51.6,0.8596654817917092,8.617015949566621,-0.7936887349521285,1.1340834687461414,左,students03
53,52,1400,56.0,0.4818956848558758,9.739129657687414,-0.4657479438822864,0.42114423864322126,左,students03
54,55,1150,46.0,0.2732444654550701,36.63711356203788,-0.21952026852507853,1.2307348564779497,左,students03
54,55,1190,47.6,0.21754293956809104,18.587467841628893,0.16559509547021004,0.7502383233402924,右,students03
55,56,1210,48.4,0.5249969389804335,14.197795219827242,-0.5167257701561603,0.6613502012019343,左,students03
55,56,1330,53.2,0.5126832666709189,19.320458747194436,-0.5121584550041349,0.5305271868108853,左,students03
55,56,1470,58.8,0.5263247990031755,12.266466302479671,-0.5263230222550658,0.5838171139931712,左,students03
55,56,1610,64.4,0.5457701605461516,19.22349294762347,-0.542365787838477,0.3708982981252815,左,students03
55,56,1650,66.0,0.47234350756952487,22.60547840234642,-0.46159352690407524,0.3722428830256572,左,students03
56,233,1220,48.8,0.17309029612722943,8.421395250705842,-0.16807450271624086,0.7369538163482969,左,students03
56,55,1560,62.4,0.6563031408941316,23.828019888997687,0.6294581213131221,0.5476290113176209,右,students03
57,341,1210,48.4,0.8975865327947893,20.84832647943327,-0.706397580435014,0.8353160503682755,左,students03
57,233,1250,50.0,0.659693061375361,9.160424871475584,0.3733719645357253,0.6392011629142139,右,students03
58,59,1430,57.2,0.6893250262040366,11.629473336911673,-0.6817194693834693,1.0072702932348923,左,students03
58,51,1490,59.6,0.6400806358865162,12.170036983449535,0.6250796491391244,1.0489546029081434,右,students03
58,412,1540,61.6,0.5436774465069053,14.057269250076502,0.538656387364192,0.8117702261793179,右,students03
58,59,1610,64.4,0.5863146519971928,15.72696297054847,-0.5838140048024674,0.7404475301398472,左,students03
58,59,1670,66.8,0.5759420756539648,15.773881827569994,-0.5624610663806509,0.6159095091234521,左,students03
58,59,1720,68.8,0.5738960803592734,9.498954978835656,-0.5711007242275897,0.7390402866390179,左,students03
59,58,1530,61.2,0.7855251279465685,8.63382861688271,0.7095158274348266,0.96645094406901,右,students03
59,104,1680,67.2,0.6507310820034196,37.38091604037993,-0.3327223339171649,0.6269791289019885,左,students03
60,61,1450,58.0,0.7009648598523099,8.886361865426949,-0.6243301642718688,0.9941338061164368,左,students03
60,61,1700,68.0,0.9123087809794297,8.658020861083003,0.8974101780005311,1.341780968518664,右,students03
61,60,1420,56.8,0.7431909325334672,10.787515977590061,0.6833573413473324,0.9065325823771286,右,students03
61,101,1470,58.8,0.5440311827247635,29.22518622404732,-0.5291014191863177,0.890886418662445,左,students03
61,60,1510,60.4,0.5721322241027365,82.73433672877022,0.49644702931594226,0.3624667038066094,右,students03
61,60,1650,66.0,0.9021225398168278,12.37068436490452,-0.9007122521003922,0.6405981067546087,左,students03
61,425,1690,67.6,0.5579483145542203,8.543711173339801,0.5493496994538355,1.3994556734823596,右,students03
62,64,1570,62.8,0.3116978176423463,15.101347201242078,-0.30791508864865,0.5805401992423264,左,students03
63,65,1540,61.6,0.3453764467941326,21.62928640638424,-0.2360439978478408,0.785065653652853,左,students03
63,64,1620,64.8,0.6208929880513974,15.299740264204729,0.5677685785891888,0.3861743894126118,右,students03
63,106,1810,72.4,0.7473281650807772,9.809860539282681,0.6537229825032699,1.3471486296213655,右,students03
64,65,1560,62.4,0.5305482574675437,28.313989150617886,-0.500795525146933,0.5970628522141527,左,students03
64,65,1710,68.4,0.2341736209636893,19.57611439009719,-0.18865330858127471,0.3038099614960934,左,students03
64,65,1800,72.0,0.5588178091318202,22.785685051737346,-0.5191766201947742,0.5005530522345462,左,students03
64,108,1870,74.8,0.2946336491265588,9.999572634640117,0.27958585314082823,0.5909467306527543,右,students03
64,108,1950,78.0,0.23664959678865294,12.41995238572872,-0.22596550255152498,0.6462763917843856,左,students03
64,111,2020,80.8,0.3308096484164224,9.795787946200448,0.2509144703395575,0.6458505411710457,右,students03
65,64,1630,65.2,0.677258829921826,10.420817620536496,0.3069710460694638,0.3935360271499355,右,students03
65,222,1740,69.6,0.3676532490980358,13.219675270516689,-0.36580566475905246,0.3096423224667906,左,students03
65,109,1860,74.4,0.536758117431798,13.25732025450202,0.3684358404284745,0.660612106250911,右,students03
66,65,1740,69.6,0.6068872053752422,49.91715569977657,-0.5928076397473869,0.3078809769155403,左,students03
66,107,1870,74.8,0.1957275435186305,9.711767772970234,0.1952573035116138,0.5765179655373208,右,students03
66,64,1940,77.6,0.6393531190707881,9.637334224849383,-0.6372013484282897,0.7699623790926474,左,students03
67,102,1670,66.8,0.49938901024640336,10.2776274203095,0.3645489623070623,1.0916469565171198,右,students03
67,426,1860,74.4,0.8858207250451373,14.734490967965627,-0.6705235015352603,0.9044487429521768,左,students03
68,343,1740,69.6,0.403014664915184,13.579708366946221,0.37563199804230657,0.9845953833181693,右,students03
68,69,1810,72.4,0.5292837043827001,10.46760760351117,-0.528916198349201,0.8960880086570479,左,students03
68,350,1870,74.8,0.29005307431441785,25.37887406534901,0.28532156436662304,0.6649289157780676,右,students03
69,68,1850,74.0,0.675672886747356,26.408470724509243,0.5613254059278738,0.7912162407460839,右,students03
70,376,1770,70.8,0.36256630652618843,10.933593373803376,-0.25857000564098337,0.5350243610983211,左,students03
70,71,1890,75.6,0.46443376642309564,9.197074656190807,-0.4635873080628721,0.9133825582967932,左,students03
70,109,1940,77.6,0.38141584623957225,11.236886107319691,0.3526417592058399,0.9388534182456174,右,students03
70,108,2160,86.4,0.2381333917462416,18.034382488280983,0.23810392847557374,0.8060514335686958,右,students03
70,65,2190,87.6,0.4110780062260247,16.42559584136609,0.3886467044171028,0.8496447831689788,右,students03
71,314,1740,69.6,0.3568737541163392,14.400966214550976,-0.3408441709160023,0.8562849760686213,左,students03
71,70,1870,74.8,0.5126261550273383,8.537189766544685,0.512001982050062,0.8241687424703826,右,students03
71,70,1980,79.2,0.41526196556531847,15.155987406276267,0.38073216908966484,0.6852543286201271,右,students03
72,53,1460,58.4,0.27320681895089927,11.096098668659437,0.1988474188127221,1.0021211657846854,右,students03
72,103,1540,61.6,1.1012881223611186,55.708176166510015,-0.7335650165516175,0.47853684446637623,左,students03
73,10,420,16.8,0.9013012490500736,22.737780017549596,-0.8880992294635075,1.037720948753439,左,students03
74,73,250,10.0,0.5737606922212014,131.10438995899648,-0.4871854766981803,0.6021128496670268,左,students03
75,76,80,3.2,0.7153432206125399,14.323751462896439,-0.7126970192833726,0.5011722620320997,左,students03
75,76,230,9.2,0.547437046368922,12.197082611868325,-0.2038924429153292,0.4587343406856196,左,students03
75,4,540,21.6,0.46419913897006093,36.02600790550662,-0.45860212646393816,0.31557374868807997,左,students03
75,4,750,30.0,0.3396753532870726,15.171875084025686,-0.2901953920981753,0.4910229575772418,左,students03
75,235,940,37.6,0.9002201993926264,22.2631665040183,0.8998059038553856,0.8674332304984003,右,students03
75,224,1010,40.4,0.1989050704029928,29.60447169364653,-0.15591070603837828,0.7818093784507891,左,students03
75,4,1040,41.6,0.48613593243204273,12.70553636390892,-0.4724853864896854,0.7109257468850142,左,students03
76,75,150,6.0,0.6992274030276148,9.777267782733645,0.6351502858623188,0.5580676478763206,右,students03
76,75,190,7.6,0.5383259625120707,9.467004086142026,0.47427279277840434,0.6278979838630646,右,students03
76,75,270,10.8,0.39568337319141134,59.06669811368084,-0.18702579073923842,0.4298446497488322,左,students03
76,77,370,14.8,0.5434033122956509,26.376753719304986,0.5231436774300012,0.3888255709028748,右,students03
76,83,530,21.2,0.8764805040758074,70.8822368285638,0.8750513347372395,0.8465612591624957,右,students03
76,41,650,26.0,0.7470846051275057,51.121990641488225,-0.1696936069732211,0.5645728965611154,左,students03
77,78,320,12.8,0.5328755261894363,9.201552752711905,0.4261102671881585,0.616987388931155,右,students03
77,78,370,14.8,0.5974197569757672,10.48987884424173,0.5329856444173069,0.9844151764076913,右,students03
77,78,490,19.6,0.5780833943522093,17.04205266839773,0.57781419503068,0.6978576440672509,右,students03
78,77,220,8.8,0.5947405560446918,10.854448070374588,-0.594024555106476,0.6526677938799783,左,students03
79,80,560,22.4,0.2943330780224552,30.6958816272994,0.2860334347559438,1.340022255265347,右,students03
80,81,330,13.2,0.6818255426665369,16.219653144129836,-0.6537610526658832,0.8930674546856432,左,students03
80,81,610,24.4,0.6469711669645934,20.24925242534684,-0.6311355944028955,0.9501061900298261,左,students03
81,80,380,15.2,1.1060649144989965,11.287136389640807,0.9427300951446977,0.9143698076565094,右,students03
81,80,430,17.2,0.5948531796289519,10.314472600806567,0.5119766034090076,1.1622042565050905,右,students03
81,39,660,26.4,0.6650064229323952,35.079178019573106,-0.4358641287749286,0.6354690592871167,左,students03
82,74,390,15.6,0.7521613707393402,26.580499352989506,0.6673826470999619,0.3963610724187826,右,students03
82,85,760,30.4,0.26004362485076205,10.146560684288943,0.2535383666904053,0.8206364831615756,右,students03
83,84,450,18.0,0.3351825985374954,21.126433366795027,-0.3223248463445466,0.5331445975016863,左,students03
83,230,1010,40.4,0.8322636602367792,32.39452774412848,-0.19956996031190555,1.3923922342276347,左,students03
84,85,540,21.6,0.33725207397749807,18.082835440450538,-0.33136665129473425,0.3540505875689725,左,students03
84,300,600,24.0,0.4987089537792906,22.33508187727125,0.2852140346431308,0.5826978557051383,右,students03
84,300,640,25.6,0.22067881068193163,8.500154259072815,-0.21322799172919116,0.7031112315857205,左,students03
84,85,680,27.2,0.3280617905287812,36.189547428298,-0.3248114916584051,0.4454551447684036,左,students03
84,85,740,29.6,0.3470063128352629,14.891889880181452,-0.3387653397341346,0.3163929831524187,左,students03
85,84,590,23.6,0.5040659301680598,8.85734098946719,0.46562819160992114,0.6083838228186083,右,students03
85,84,780,31.2,0.6012626996860307,11.444170464288248,0.3944613677696872,0.9030427760399442,右,students03
86,48,820,32.8,1.1226733688444983,38.94896884089471,-0.789126180314313,1.159485817329523,左,students03
87,221,790,31.6,0.4462042155243766,41.35951534509809,0.44282672377734655,0.8823375168306382,右,students03
87,227,970,38.8,0.7806621760398219,8.337953752379576,0.42085234927870385,0.9558688178174399,右,students03
87,235,1030,41.2,1.110694763807746,57.84959534392112,-0.5798977493680282,0.791110101222444,左,students03
87,225,1060,42.4,0.7890471459804712,16.171109748993814,-0.37314582352286063,0.5739934076681162,左,students03
87,225,1110,44.4,0.8720366287876145,18.618896054486612,-0.7060327982715895,0.5699503518993116,左,students03
87,342,1170,46.8,0.47635601167816427,24.411751692900225,-0.20839971609300212,0.6089034996359716,左,students03
88,89,810,32.4,0.9004791128295339,12.947269480568139,0.5898742869628496,0.8674084065525044,右,students03
88,221,880,35.2,0.5037199273960081,8.458270504714477,0.46483907416765896,1.4330682790235456,右,students03
88,316,990,39.6,0.8426454814237457,12.662157684660087,0.6895763807325455,1.6698260815948778,右,students03
89,90,1000,40.0,0.7317337657633772,10.538388152575152,-0.7303271883883291,1.0729068602897387,左,students03
89,92,1260,50.4,0.3286994021538097,16.275821624285925,-0.2826227325579354,0.6818030019778136,左,students03
90,92,880,35.2,0.741599775358867,12.371384115927412,0.6908869583599895,0.840700520189536,右,students03
90,93,1050,42.0,0.24355088189430996,25.925643003448187,0.2205283378932678,0.8383076358696687,右,students03
90,92,1120,44.8,0.4530993256575792,10.040536260905611,-0.1623205537971128,0.9864627234950473,左,students03
90,89,1290,51.6,0.6783153940967277,13.397818423623818,-0.6057372870455104,0.6373799652178596,左,students03
91,49,1020,40.8,0.9527827392001655,9.286085514831285,-0.41506633887435107,1.3181653293714088,左,students03
91,228,1060,42.4,0.5898407251675806,12.328227328361919,-0.2410451138530505,1.413028074853768,左,students03
91,52,1130,45.2,0.8118033411453863,44.742812672333145,0.6835211363984781,0.7572918420464092,右,students03
92,50,1100,44.0,0.7209538077548737,10.93249940487837,0.3601880186148512,1.009035905146491,右,students03
92,233,1270,50.8,0.9433930776421952,12.928909469139796,-0.9394205242463008,0.9750366552818601,左,students03
93,95,970,38.8,1.0631279663698303,8.643446963402226,-1.0616498371559573,0.9890432236611552,左,students03
93,95,1000,40.0,1.126230603959964,12.652226342563097,-1.0895638682517024,0.9723834353692469,左,students03
93,92,1040,41.6,0.8066417676245977,15.372135902739984,0.7350670522758579,1.4224940637330459,右,students03
93,92,1080,43.2,0.2259773998698976,16.691582350059434,0.2258452100802678,1.1742159502985474,右,students03
93,52,1170,46.8,0.32812596730425875,15.043163453951763,-0.26290484437523354,0.970132466060512,左,students03
93,90,1260,50.4,0.7535562362578236,31.770069860360593,-0.7513555524163503,0.8504368055309555,左,students03
94,95,1010,40.4,0.706578848298559,11.017251122269641,0.7039394663778445,0.7088981638503149,右,students03
94,95,1140,45.6,0.5119874215583772,25.98637655551761,0.500657570757549,0.8277590334852878,右,students03
95,94,1070,42.8,0.9810578770817093,15.0503833547248,-0.38686284556564976,0.959650898425921,左,students03
95,94,1120,44.8,0.6955690172073014,19.28655498469584,-0.41318380193753657,1.0670021268854895,左,students03
95,94,1220,48.8,0.9899780701533618,11.781804100801196,-0.8576094563141875,1.1892404878405982,左,students03
95,229,1330,53.2,0.9463911730961021,24.132539569573993,0.6024604573830641,0.7913680238254592,右,students03
96,233,1390,55.6,0.8249907384890022,13.350270788155939,0.7634147411669254,0.8542588630441268,右,students03
97,100,1290,51.6,0.5789791057817216,8.695155930443377,-0.5265020622985076,0.9647090795687416,左,students03
97,61,1460,58.4,0.6843569584156636,8.02682733953091,-0.6762093725273269,1.7091474291007198,左,students03
98,99,1320,52.8,0.4331449182048666,10.122187326683445,-0.3618604709352307,0.6317078095800046,左,students03
98,99,1390,55.6,0.4022073922836897,101.75473452351092,0.2521102013603971,0.4198598496892141,右,students03
98,99,1600,64.0,0.5994260359491368,8.812880467522717,-0.587928970402172,0.7859834095924967,左,students03
99,47,1320,52.8,0.782109649171064,20.283824463641764,-0.38422524057667584,0.33632769977370935,左,students03
99,231,1410,56.4,0.2932901727403811,101.21276462990869,0.23481727464761856,0.3460253048285392,右,students03
101,100,1420,56.8,0.6870730485933245,13.38931226343476,0.6867305815571646,1.6630420969726079,右,students03
101,100,1480,59.2,0.20588940045458798,21.529326686431318,0.17062438109519792,1.635100676671853,右,students03
103,414,1630,65.2,0.9172048479275121,26.22463903028836,-0.5872503549534754,0.46314011413715417,左,students03
103,72,1710,68.4,0.7982481083815557,26.170118737395512,0.6305097033378937,0.7776489851832558,右,students03
103,72,2110,84.4,0.7897250990645899,16.74152395853929,-0.5189364963679894,0.3449934801995151,左,students03
103,72,2200,88.0,0.948277081072532,86.30483091565725,0.310815949358222,0.6417291016995412,右,students03
103,384,2400,96.0,1.108362309892656,37.530762825347466,-0.7976902432089453,1.131541666470387,左,students03
104,64,2090,83.6,0.25398298326395663,9.024781529979634,0.24476469649555288,0.9010770425413891,右,students03
105,58,1760,70.4,0.6381072414101453,33.954570696415374,0.6368355729122853,0.9196686078962493,右,students03
106,107,1760,70.4,0.6738782657374559,14.589168301137732,-0.6087321395322806,1.1158047679770056,左,students03
106,107,1800,72.0,0.5538373900877899,33.02065590073698,-0.454230985530713,1.0443797314902932,左,students03
107,108,1780,71.2,0.5489921556840233,24.317518003560536,-0.38961657838440644,1.1784106475150078,左,students03
107,108,1880,75.2,0.19530710541211327,10.35030571834875,-0.19131765645105916,0.7830890901705609,左,students03
107,106,1920,76.8,0.6805986236764173,21.071174562293095,0.6554823726002523,0.9315319700459179,右,students03
108,244,2170,86.8,0.3057668157657672,9.002004849905774,0.30565209210961897,0.5822396568557895,右,students03
109,108,1770,70.8,0.6778753202555969,9.299309491069124,0.6206346073066457,0.8184635077001104,右,students03
109,108,2060,82.4,0.5827585623375847,9.431122769515497,0.5615839091919066,0.8654639875722979,右,students03
109,113,2120,84.8,0.4303621819985056,27.755179476720627,-0.3556045173881581,0.6748090164345738,左,students03
109,113,2180,87.2,0.176590809464387,9.517354643175963,0.15942620842419503,0.8546128350498974,右,students03
110,104,1980,79.2,0.5021884853710478,75.33764232038476,-0.3985047318371081,0.7374782629988311,左,students03
110,321,2150,86.0,0.40413591463466203,33.45365148516055,0.34647973542833405,0.8569657029036788,右,students03
110,377,2230,89.2,0.8109116866420031,19.396475499798527,-0.20163285434068295,0.7848696853480612,左,students03
110,380,2280,91.2,1.035155677661675,13.492875795288882,-1.0000499772390046,0.7066826116400147,左,students03
111,112,2080,83.2,0.8229871911696284,12.24054608661072,0.7966739247535553,1.0975711365156604,右,students03
111,64,2150,86.0,0.9094584783036441,11.315476789326453,-0.2550632738564856,0.66544919817528,左,students03
112,222,1890,75.6,0.19126001668352288,24.49654509546633,0.17830921478766099,1.0756746852146128,右,students03
112,111,1970,78.8,0.7177353032850106,10.256553919425016,-0.7143864551458917,1.0982809618636378,左,students03
112,111,2100,84.0,0.7714262962405904,11.89612773446433,-0.7594522693158045,1.0904696289992635,左,students03
113,244,2180,87.2,0.7243492192652757,8.50822292903814,0.7234893335456046,1.2653796589796522,右,students03
114,116,2070,82.8,0.46603902494820504,9.037770631868739,-0.43961409326458717,0.940060628272629,左,students03
114,117,2200,88.0,0.45263637253844774,10.180362355675015,0.44671783556318684,0.7435347961473766,右,students03
114,116,2300,92.0,0.5845824501176442,14.214876823705026,-0.5329276233824818,0.8226040346766013,左,students03
114,116,2370,94.8,0.39271630091732884,16.62460606329026,-0.35365183184865095,0.4542428188313193,左,students03
115,116,2090,83.6,0.5345736040223746,10.437354923505382,0.5006019909933752,0.9333156623880269,右,students03
115,233,2140,85.6,0.3110305585957318,11.15619505528889,-0.25736313017296253,0.7926875712538715,左,students03
115,116,2440,97.6,0.4764566538696307,12.301425782271878,0.29566944894362357,0.30321649867020256,右,students03
116,115,2340,93.6,0.5541445511992235,28.14232281778675,-0.5063796016079555,0.6536139402783699,左,students03
117,246,2290,91.6,0.515851310898167,10.109777878934807,0.4478718328725435,0.8032196771406529,右,students03
117,114,2330,93.2,0.8441742738980168,23.136416328401083,-0.7001381537854464,0.7959996481204502,左,students03
118,119,2130,85.2,0.955314874470814,10.869335503014526,-0.5254157431768368,1.0499052261655237,左,students03
119,118,2050,82.0,0.7279509806998945,17.516195590503315,0.7261407386292356,1.2228569027234757,右,students03
119,118,2120,84.8,0.6237591976573105,8.762744686799692,0.6191487927840132,0.8278878494383178,右,students03
120,121,2190,87.6,0.5048671816458754,9.486666392729205,0.4535245882940583,1.3862053427313656,右,students03
120,123,2300,92.0,0.3101062602872663,13.122050596070096,0.3080089583115732,1.5418538612544956,右,students03
120,377,2360,94.4,0.5996582555394507,26.255357082511637,-0.4596955435667819,1.6092675577701276,左,students03
121,124,2210,88.4,0.46432369270730994,28.762854976494737,0.4211637542501423,1.3328079787667089,右,students03
121,140,2760,110.4,0.5678267486773861,20.50568529620068,0.5611491878934908,0.9544932783509631,右,students03
122,125,2210,88.4,0.5505470011990142,21.0561375555028,0.5388306837316352,1.272131720804881,右,students03
122,131,2360,94.4,0.8296855954126018,36.04401063191753,0.3561365337587077,1.1558322105357672,右,students03
122,131,2420,96.8,0.7447796900893194,46.420056662020784,-0.6838634432287204,0.6343589358178422,左,students03
122,252,2500,100.0,0.36965909252502016,22.140162831485753,0.24396885790187606,0.9094914012425329,右,students03
122,131,2530,101.2,0.39534304228049727,18.123139478226165,-0.39053038814025887,0.7137563606622055,左,students03
123,127,2240,89.6,1.1685284958621307,24.415339875290016,1.133715550355677,1.489646033471386,右,students03
123,122,2340,93.6,0.5919652907666566,60.95662375121333,0.5916834701668915,1.4449158201234342,右,students03
124,131,2510,100.4,0.18489348027438238,18.528890184281522,-0.18477798098422438,0.8628029867569618,左,students03
126,125,2330,93.2,0.7018899210173035,20.688927615214993,-0.6229020772500005,0.8379142177500043,左,students03
127,130,2280,91.2,0.22881664563798249,14.280025696347138,-0.2281561315930154,1.0616254715120634,左,students03
127,132,2550,102.0,0.21216113268802547,33.894282169696936,0.17878812837337324,1.0038182504216164,右,students03
127,128,2600,104.0,0.374783530807312,19.846324944860726,0.3718520564379947,0.6491802211128337,右,students03
127,132,2790,111.6,0.4359284745918322,14.746694440175759,0.41898575992001014,0.594797556300319,右,students03
128,135,2400,96.0,0.2524164965335988,12.82884514109901,0.21552581965859866,0.8903646685303955,右,students03
128,129,2570,102.8,0.2735104474011022,30.196230562548294,-0.17620239722783665,0.3619365490213862,左,students03
128,326,2680,107.2,0.21981921456661033,21.55620053848736,-0.2168269937179839,0.8953888541471929,左,students03
128,129,2800,112.0,0.46832903670924914,24.603609373461637,0.261179901222537,0.5250751288991781,右,students03
129,136,2520,100.8,0.38730530484449444,43.62144573219385,0.33926215895584033,0.5741643777484524,右,students03
129,327,2720,108.8,0.2870962576437921,46.197220984489235,0.1707369144165863,0.9656516350014007,右,students03
130,133,2350,94.0,0.6013551891106775,54.636964569352585,-0.5966142054302053,1.1207655402306604,左,students03
130,134,2560,102.4,0.21176389394934234,12.157113272249234,-0.15934542853554906,0.4817719702570543,左,students03
130,129,2720,108.8,0.3140732863176067,15.48886883246297,0.31354649419918373,0.334033318509702,右,students03
130,133,2750,110.0,0.4010882677012674,50.27034795536642,-0.3943373112925277,0.6118446524323845,左,students03
131,246,2390,95.6,0.2797155857189381,13.231579878294667,0.27695503369528307,1.6308355131188106,右,students03
131,127,2480,99.2,0.42439127770878654,22.267139987597375,-0.4235419753195708,1.0391642607865315,左,students03
131,127,2520,100.8,0.3830185428388737,17.74322639078173,0.29145372092889765,0.9624400431811995,右,students03
131,324,2570,102.8,0.6179899067078525,23.28145704399668,-0.3681470570078277,0.7902360792692283,左,students03
132,384,2310,92.4,0.49352469564337187,22.60551785307635,-0.4712962171003118,1.1307297268594527,左,students03
132,130,2390,95.6,0.7543684488061424,13.052163558523034,-0.4737047399675247,1.0412933378011215,左,students03
132,134,2440,97.6,0.4256355514933765,33.23431637210547,0.36728431657939636,0.9138635219932718,右,students03
132,134,2540,101.6,0.36394617734127965,11.166376194906832,-0.3227252116213711,0.5696613685618483,左,students03
132,130,2820,112.8,0.43433900266776737,8.873291905548854,-0.4217802904613134,0.587141844678838,左,students03
133,130,2630,105.2,0.42618753536646614,29.70503275767925,0.21615835971108305,0.41935268594430575,右,students03
133,130,2700,108.0,0.5195763385682723,53.24613065706285,0.1856191384613184,0.529386566426037,右,students03
133,325,2750,110.0,0.3283265016897873,15.282952670547644,-0.317980626591273,0.4641205914756263,左,students03
134,384,2340,93.6,0.25615264006672134,11.238488541592119,0.16037938540000063,1.1665028699999846,右,students03
134,135,2410,96.4,1.0504244172659047,16.543633454451083,0.930006520767726,1.2557267749003937,右,students03
134,136,2510,100.4,0.39263956957473806,9.483062744283927,0.3417666464269965,0.7460949411623343,右,students03
134,376,2580,103.2,0.6767110370812299,22.088343956916447,-0.632532991675932,0.6075067633471545,左,students03
134,325,2710,108.4,0.7246207781712334,15.97282426728728,0.577365143854136,0.7174074953122159,右,students03
135,246,2420,96.8,0.1689430440991593,31.030184886706536,-0.1689415747447171,1.3184282045065747,左,students03
135,248,2460,98.4,0.5549513801810404,13.834078009728188,0.550087460246411,1.0984083883439224,右,students03
135,136,2530,101.2,1.0193350670397252,19.38951171438893,-0.7225377584507049,1.3099900949145964,左,students03
136,138,2460,98.4,1.0780444297091578,25.556410225361304,1.0771660727474102,1.1760391996976909,右,students03
136,139,2530,101.2,0.9952270732620795,9.228616569005624,-0.6049319072678462,1.1904839824900146,左,students03
137,138,2560,102.4,0.6186405955801931,15.765687279139229,-0.6138724613399302,1.0234455993529052,左,students03
137,141,2730,109.2,0.3751206781863756,9.383966950602485,-0.3205201110099998,0.7308400931750034,左,students03
137,138,2840,113.6,0.7217679644242676,11.936871329868069,-0.6798370308290157,0.4758568669041645,左,students03
138,139,2540,101.6,0.5348604930914921,10.540237776680954,-0.5336383721733957,0.8883025264416077,左,students03
138,141,2660,106.4,0.19630614260928694,15.500823295441194,0.1500429967733579,0.9670884608197128,右,students03
138,141,2810,112.4,0.45124023234575783,16.199618275309376,-0.22147629413000122,0.40172527800000113,左,students03
139,141,2490,99.6,0.6819784425584497,19.537901844461203,-0.5837608829012438,1.7472763788539785,左,students03
139,140,2530,101.2,0.24138510464890042,16.715916722440113,-0.24131536089190617,1.4185864496660463,左,students03
139,138,2600,104.0,0.6074382237888688,8.858049953846574,0.6070155023523853,1.6030675610261398,右,students03
139,258,2690,107.6,1.1513773866102246,8.51333695191613,-0.8301435456543719,1.308655570700703,左,students03
140,141,2550,102.0,0.6533770295568855,12.328551353574966,0.6450157466899135,1.0265751724849406,右,students03
140,141,2740,109.6,0.6874787210593243,10.577805978772773,0.686440384173012,0.8180341034255856,右,students03
141,140,2610,104.4,0.7479238092789974,8.008808154819974,-0.5598643116191679,0.9897591420196578,左,students03
141,140,2840,113.6,0.8811170081474161,23.404931546375167,-0.4119860229662564,0.46010878614002426,左,students03
141,140,2880,115.2,0.9570664526797863,22.195000057768652,-0.38353629835935277,0.6121739344504632,左,students03
142,257,2650,106.0,0.29190092225222924,27.308729361667474,-0.2695933050520293,1.1149157357835067,左,students03
142,432,3990,159.6,0.5219854158668643,9.392888262877932,0.35236899380694653,0.731172411053783,右,students03
142,432,4070,162.8,0.7819142057223769,126.20164980694912,0.755107770559643,0.3635974796494849,右,students03
142,432,4250,170.0,0.7965437403678644,15.60069636552899,-0.7868002015978051,0.6858825473125395,左,students03
142,432,4390,175.6,0.5290604347978097,19.706009218205736,-0.40718385474690516,0.836223510788492,左,students03
142,365,4440,177.6,0.42189464416914213,9.783541008445752,-0.15102288835160943,0.7551909293406774,左,students03
143,144,2750,110.0,0.5116875473863843,10.838811363289295,0.5041011705665976,0.7873596168167383,右,students03
143,145,2870,114.8,0.649856799207526,11.917531958714562,0.6282592177154545,0.8030371704953948,右,students03
143,259,3000,120.0,0.6037256632600043,8.651878397706923,-0.49080735182577556,1.0688251411420377,左,students03
144,145,2830,113.2,0.2119020439966728,12.403437269097111,-0.16536991032047327,1.079106553717965,左,students03
144,277,2960,118.4,0.33608657969343886,10.650903295916663,-0.29718349698172364,1.5130822221125382,左,students03
145,354,2800,112.0,1.1154198123362773,26.77114576445237,-1.0885604844404022,0.86863080396725,左,students03
145,354,2840,113.6,1.0119997586082234,37.15173853316628,0.3296968060567737,0.848509401811612,右,students03
145,325,2950,118.0,0.4622535089060242,13.788270746967754,-0.33835432893773953,1.1819049292032893,左,students03
146,147,2920,116.8,0.7240674800230779,8.154851374953694,-0.7078176159607346,1.0463467077316133,左,students03
146,147,3060,122.4,0.5917463578735476,12.435354617580401,-0.5915325428814957,0.7690440231326698,左,students03
147,146,2840,113.6,0.7731926784731398,11.31637748486449,0.5619468718595851,1.1236489961652965,右,students03
147,148,3150,126.0,0.7270193134090088,23.50895534101204,-0.6847214002423322,0.7564642085362301,左,students03
148,149,3070,122.8,0.8034099945462531,10.375665953609712,-0.6719507159793403,1.3613639213180613,左,students03
148,149,3130,125.2,0.5547998924079454,13.52200492762276,-0.4928893700301507,1.2453920857469256,左,students03
150,151,3060,122.4,0.7320690212341886,21.031130043204485,0.6837630236606907,0.9718638042228066,右,students03
150,324,3100,124.0,0.4898898325397667,22.600210271583336,-0.47313721408460485,1.1666079020338926,左,students03
150,151,3140,125.6,0.6255657691070687,8.79176557626812,0.623685754263307,1.1918886524936187,右,students03
150,151,3230,129.2,0.6926881223807687,10.933477738708973,0.6921596424045843,1.0683153186878631,右,students03
151,150,3080,123.2,0.6185967243886754,13.498697483129462,-0.5920399845768084,1.1697605723440456,左,students03
151,150,3300,132.0,0.6723457728762675,9.191414453440672,-0.6704714833014936,0.9309607897575976,左,students03
151,150,3350,134.0,0.5235635919799756,16.923543920560633,-0.48716790016453027,0.7077456523676499,左,students03
152,154,3200,128.0,0.922065860562323,8.611745570046878,0.8920625147370105,1.2126726354052575,右,students03
154,153,3190,127.6,0.9359171744321639,8.544104150377649,0.5223508648164826,1.2802098107609796,右,students03
155,249,3440,137.6,0.9070204095883939,66.71947640575002,0.6354127713508566,0.39916807210415695,右,students03
155,249,3500,140.0,1.0322557632828053,11.0410217189403,0.748016026075484,0.30008850413908655,右,students03
156,158,3310,132.4,0.40661970094652133,19.429217359049517,0.40330620959381236,1.0774031337328307,右,students03
156,158,3410,136.4,0.43507023204194395,8.616353384767137,0.43200240229724923,0.8283395705287465,右,students03
156,158,3570,142.8,0.4369417088551716,25.06098965391743,0.43670648411670965,0.4658358854085184,右,students03
157,233,3310,132.4,0.5002443774477037,10.961408935963675,0.403191726116092,1.1332593613579174,右,students03
157,160,3360,134.4,0.6064224736646713,22.252558765978563,-0.5748909056928573,0.824579908317204,左,students03
158,156,3400,136.0,1.1682399060064017,9.119343705892277,-0.5783041121730114,1.1409201437382568,左,students03
158,163,3530,141.2,0.684709689680039,11.030927779740807,0.4401075869703443,0.5963456312023919,右,students03
158,164,3590,143.6,0.5635640169056351,15.48856807427427,0.1681103711417336,0.38612414431401576,右,students03
158,156,3720,148.8,0.7385028233542648,12.517837976610991,-0.30378674849261056,0.7467771280403165,左,students03
159,152,3390,135.6,1.085405889493211,11.399541806339556,-0.6440689438391372,1.0599602517999187,左,students03
160,259,3450,138.0,1.161575171762313,32.47975280154637,1.0794745033759574,0.5260410359724019,右,students03
160,358,3700,148.0,0.6447638654954303,169.9710277700812,0.6242833375269075,0.30025998131027587,右,students03
161,256,3550,142.0,1.136377090731355,13.770828478466598,-1.0873791789265366,1.4886722984489336,左,students03
161,167,3650,146.0,0.7705075777914095,11.679939063604365,-0.64042272104998,0.9333121708765397,左,students03
163,164,3450,138.0,0.3800416954038304,14.529183250143262,0.3505094355358371,0.7424890020119287,右,students03
163,164,3680,147.2,0.5240655970759386,17.0107978139514,0.5219329541089316,0.4793782390567072,右,students03
164,165,3580,143.2,0.49598927278499116,48.81582706952747,-0.41346033011970135,0.7751571848042137,左,students03
164,163,3680,147.2,0.6922952768589481,28.659110269788357,-0.3074584403474425,0.4339015701115438,左,students03
164,333,3730,149.2,0.7847246190315067,12.86060025441941,0.368665569053441,0.6312828909025676,右,students03
165,166,3520,140.8,0.7562124636662522,15.375133573859927,-0.688565067067501,0.7416264663568704,左,students03
165,167,3710,148.4,0.5559601457132138,14.887360906884851,-0.5533773471397595,0.8328942643486608,左,students03
165,167,3760,150.4,0.8473713468723634,9.618418295457047,-0.8243186072167642,1.0678628798489478,左,students03
165,168,3950,158.0,0.31903681858087307,29.60728313314948,0.20760024439446212,0.8419720236086994,右,students03
166,165,3620,144.8,0.6251515063657057,22.66622320406441,0.5231215662671432,0.5916645428430355,右,students03
166,167,3660,146.4,0.35010534197846516,8.234119299815063,-0.34776429026906114,0.8248698239948431,左,students03
167,168,3740,149.6,0.7637050099530427,14.675183455805836,-0.7367089768253876,1.0347237612271762,左,students03
167,168,3840,153.6,0.25936206953938906,18.09177410149448,0.23979476803383998,0.8357698953421485,右,students03
167,168,3870,154.8,0.2735890341818793,35.48665778646662,0.2623871303346785,0.8415204150154659,右,students03
167,168,3930,157.2,0.6841609852072766,9.882232679331707,0.5777210628457531,0.8601063975310042,右,students03
168,336,3840,153.6,0.9926979322776627,9.972945850739137,0.9106928997065871,0.9252579807452197,右,students03
168,430,3950,158.0,0.3404252060771225,19.304462897450094,-0.30110692811113166,0.8534545871326785,左,students03
169,329,3750,150.0,0.8925532247747006,31.956246795589976,0.29528447776211475,0.6203081494539546,右,students03
169,171,3820,152.8,1.028466977957828,22.04559075838074,-0.6308295148362959,0.6067396105248316,左,students03
169,360,3930,157.2,0.39334159835465193,36.53408265458748,-0.365988490332828,0.8186171375164855,左,students03
169,364,4170,166.8,1.045412037474872,21.345768755747116,-1.045409102310654,0.827442348763054,左,students03
169,180,4240,169.6,0.7044803940256754,9.900594408560039,-0.44530212270813563,0.49206193737575576,左,students03
169,180,4280,171.2,0.338019395818481,34.49793889034072,-0.20541332300441062,0.5019005157278835,左,students03
171,172,3930,157.2,0.7966516094661357,8.073677916930336,-0.7660398103541978,0.7691373911662593,左,students03
171,360,4000,160.0,0.7428360732368587,8.009733880888149,0.7118946559360846,0.7840048214463475,右,students03
171,286,4030,161.2,0.8030652802101869,10.667931534536308,0.7011915078834349,0.7517576643646868,右,students03
171,172,4120,164.8,0.7685424777890303,16.632825490036964,-0.5787565653791865,0.9076546846686543,左,students03
172,171,3950,158.0,0.7299898523032068,8.282719932712268,0.7055090386081507,0.7722117580396294,右,students03
172,173,4010,160.4,0.6231891105463845,8.285744104922628,-0.48198912510107983,0.8191158125290079,左,students03
172,171,4050,162.0,0.8176654659532477,25.84253563102172,0.7845963695230076,0.9292455749188859,右,students03
172,176,4110,164.4,0.3801964266514166,18.83204188091176,-0.3800449772747199,0.7137370641036197,左,students03
173,333,3930,157.2,0.4829732459066555,12.840047130531843,-0.3494324792371841,1.0886647861501482,左,students03
175,430,3990,159.6,0.4291614064658036,20.830457482093095,0.42793205628215486,1.5214590357874471,右,students03
176,287,4020,160.8,0.17818395623083397,15.719719208031279,0.17542845619564307,1.186655544790753,右,students03
176,177,4170,166.8,0.7898249977360319,24.63002846030284,0.7894225698556778,1.0868925746693496,右,students03
177,287,4050,162.0,0.27956486733131114,17.31426008152357,0.2609433035730168,1.2112766668340056,右,students03
177,176,4250,170.0,0.7081497498774895,21.36459677433001,-0.5476929250554256,1.0663198537917398,左,students03
178,185,4240,169.6,0.9619162866184493,15.815138119242988,-0.8028813968614319,1.2335407571467776,左,students03
178,188,4300,172.0,1.1383581983656545,9.529670307487152,-0.9650818711145228,1.1478666968550217,左,students03
179,363,4100,164.0,1.0671881863851087,9.189959263806799,-1.061381061981241,1.179820871144902,左,students03
179,263,4660,186.4,0.47087269649196994,12.260976828747204,0.4571913454518619,0.7313756697519269,右,students03
180,288,4090,163.6,0.9014957203679337,8.426252224108936,-0.5858577615121461,0.785560720144185,左,students03
180,288,4130,165.2,0.7209943267850365,25.34937943004462,-0.3925000964647365,0.7184617073361013,左,students03
180,288,4160,166.4,0.8963986490311391,14.491576735976423,-0.28575294879161933,0.7087287148096634,左,students03
180,432,4290,171.6,0.36292493179592533,71.89483504587612,0.1507272423315775,0.47164097912811404,右,students03
181,365,4450,178.0,0.8708421195018133,9.747404619883355,-0.24603377823048275,0.737961578546577,左,students03
182,181,4260,170.4,0.41043727763978366,17.61596825966518,0.3520262327460355,1.3814445323221485,右,students03
183,184,4390,175.6,0.8779468772973639,16.319775962378458,-0.8779318533995202,1.1557455400404057,左,students03
183,191,4490,179.6,0.480100523966861,27.301275671693276,0.4404355645724688,0.9353402610390059,右,students03
184,183,4300,172.0,0.8321537719837725,14.714381877755415,0.6110546130551829,0.9402777664426366,右,students03
184,183,4440,177.6,0.8076519201822078,9.228068701273543,0.8013898777809259,1.4171224419007546,右,students03
185,183,4360,174.4,0.49456024132067067,10.911703213919992,0.47013064343254224,1.4444817285555607,右,students03
186,187,4260,170.4,0.5764441920572811,13.204980243603217,0.31924221273681885,1.3147859107691364,右,students03
187,194,4530,181.2,0.5962092929122284,38.11916087353862,-0.5928554827004935,0.8174406293738199,左,students03
189,190,4750,190.0,0.5235602586409147,8.831481302303843,-0.5103357767733636,0.8868686563161042,左,students03
190,201,4680,187.2,0.9174949630701664,16.926115295819812,-0.6126623576734173,1.1425477878719104,左,students03
190,189,4730,189.2,0.8127550575100069,23.436424454827602,0.6717425846432188,0.7692227159262507,右,students03
191,192,4470,178.8,1.0351045307750009,14.448587216405315,-0.7010716196453393,1.2444907930046083,左,students03
191,190,4610,184.4,0.6470192390614941,24.042945171558642,0.6466677293640005,1.1191088295290226,右,students03
191,192,4720,188.8,0.38492290866134093,16.75233348211748,-0.37441919863484735,0.9955832991305427,左,students03
191,192,4860,194.4,0.16713791183752838,8.479159236759415,-0.1635516900006773,0.9683260187958571,左,students03
192,200,4590,183.6,1.0532797786657362,13.000234155219772,0.7912862195329389,1.220713371829007,右,students03
192,366,4700,188.0,0.3632096123668055,22.654793812555567,0.33072073882215425,0.7561869448119928,右,students03
192,198,4740,189.6,0.38516292059988744,23.999745376958003,-0.38293094167559977,0.9190483162925728,左,students03
192,198,4770,190.8,0.27037306176319315,17.11774247265319,0.24170674974568623,0.7058877184103917,右,students03
192,363,4850,194.0,0.20303314385465795,16.66438064937023,-0.17914381705673185,0.867462772799219,左,students03
193,263,4610,184.4,0.307323187621889,13.344683562021487,0.3001236016797212,0.9707065820301022,右,students03
193,402,4820,192.8,1.0562386365321206,29.326855077061225,1.0562153149207945,0.7910104870543498,右,students03
193,291,4870,194.8,1.1451377928762192,44.80920616827399,-1.1436211777322645,0.44393439475040186,左,students03
194,195,4510,180.4,1.0897505977363975,9.962895833924676,-0.6308195705454029,1.3232825268128143,左,students03
194,198,4560,182.4,0.3856336074140655,12.809809051223255,0.3549356522835442,0.9429514803525451,右,students03
195,198,4560,182.4,0.5675518046829705,9.296502393396395,0.42774408514779166,0.9323055411680671,右,students03
195,194,4640,185.6,0.5625390305416601,18.77040592571865,0.48175205847354763,0.8018996532772751,右,students03
196,197,4650,186.0,0.7665676425684357,10.595462977744859,-0.5825207844005782,0.8163184039155978,左,students03
197,196,4570,182.8,0.7909384531628668,22.403056520623238,0.7314256256626683,1.2225600618811934,右,students03
198,362,4870,194.8,1.030094427595257,17.24143010770888,-0.21220154373348044,0.664093520068228,左,students03
198,362,4920,196.8,0.9560621955835972,11.88905336987304,-0.2570033657835683,0.6211741996109252,左,students03
202,203,4740,189.6,0.4015729458461165,8.552079664501804,-0.3971437362137123,1.0366961827912176,左,students03
203,206,4830,193.2,0.9139191069747151,8.557655400609804,0.7876263014289184,0.7091130003297763,右,students03
203,295,5290,211.6,0.8222031608053162,10.789193365788435,0.8205684736894951,0.3625250177939508,右,students03
204,205,4950,198.0,1.1151548701398695,18.150109410000567,1.0222627354247018,1.21255530021877,右,students03
204,269,5150,206.0,0.8918170403708505,13.805583219701703,-0.8468773629078415,1.246343469987728,左,students03
204,292,5280,211.2,0.4830122265827616,12.405480537357107,-0.36821989502791574,1.1952881238860573,左,students03
204,298,5340,213.6,1.1281070508151636,17.157763049372562,1.0735950653810435,1.2624523151622025,右,students03
205,206,4980,199.2,0.709958691516321,9.612740826479097,-0.6871103602009785,0.8878483814767508,左,students03
205,206,5150,206.0,0.590512616596532,9.886265520894,-0.5760806183082552,0.8806758523015427,左,students03
205,266,5220,208.8,0.4437774505443384,23.937778443035427,-0.21960571961042688,0.6823185623682094,左,students03
205,206,5330,213.2,0.4963627499488253,9.717178723732104,-0.4952023379460554,0.43481533454987265,左,students03
206,264,4870,194.8,0.552544763411881,13.440758759416155,0.5408331871771295,0.7095926182768558,右,students03
206,266,5240,209.6,0.48066228335721817,34.05480967334614,-0.18612215056273443,0.8329001693269441,左,students03
206,205,5300,212.0,0.5799765449033819,9.858032896600434,0.5074963360144807,0.5024256764025633,右,students03
208,209,5010,200.4,0.7022641726790239,29.133619596197974,-0.6951923119332315,0.6269913586519388,左,students03
208,209,5170,206.8,0.6596527009655222,11.775378336858779,-0.6547692780591903,1.3096281967596421,左,students03
208,209,5220,208.8,0.7046248172923825,27.364493528618027,-0.7025756190991769,1.2779333284950227,左,students03
209,208,5070,202.8,0.6781394222355253,9.058639597580878,0.660817716719753,1.0996260069822006,右,students03
209,267,5170,206.8,0.4945100236116644,12.31122774850428,-0.4789550126670151,1.3876406772273704,左,students03
210,204,5100,204.0,0.2681167549928204,23.812976920346216,-0.267490795345965,0.9423429788127259,左,students03
211,210,4990,199.6,0.43556739685032764,10.001245722576925,-0.3913127926978511,0.7759491423057104,左,students03
211,210,5050,202.0,0.5033409818555288,11.808535960733224,-0.3663738853021145,0.6048159659334205,左,students03
211,210,5110,204.4,0.47197586062186825,14.346234547425865,-0.4516235355028497,0.9705421153017858,左,students03
212,292,5060,202.4,1.1637404202739734,127.00488846535342,0.8742371981330006,0.6188077346046532,右,students03
214,215,50,2.0,0.2131232163313304,9.505615015462837,-0.20784598097239665,0.6627856492194099,左,students03
216,215,0,0.0,0.46220740960348794,21.116354998675007,-0.44907798857352543,0.7729982414197651,左,students03
217,17,130,5.2,0.49016310573946914,17.289198764801654,-0.4831157456645536,0.3569140539613009,左,students03
217,27,360,14.4,0.5842669803906169,23.109030239927222,0.5775897138839801,0.7509962914115244,右,students03
217,411,420,16.8,0.7920341744030727,94.51841523946592,-0.765841027468626,1.2971108039899948,左,students03
217,219,510,20.4,0.8484816708242465,34.43214973572657,-0.6274569918892324,0.49694019698402103,左,students03
217,219,600,24.0,0.17211083145516595,10.083695408133536,-0.15671817554469203,1.2326770050133975,左,students03
217,220,680,27.2,0.23278373578257477,30.795197838984336,-0.23278188841021455,1.0793571408782927,左,students03
217,88,770,30.8,0.44359148727894276,23.832505878073334,-0.36354105360384686,0.7406664350821975,左,students03
219,220,200,8.0,0.4235992386563484,38.15355956513855,0.3987196593938709,0.8841875386275623,右,students03
219,37,520,20.8,1.1676571404556932,9.486330151536379,-0.35354274366501004,0.7087960249852651,左,students03
219,220,650,26.0,0.9761437313395583,15.444963960376413,-0.6345911952976804,1.2107616394704843,左,students03
219,220,720,28.8,0.8677278231277505,10.612026424515193,-0.867536684260384,1.1359337259292561,左,students03
220,217,140,5.6,0.7275023225250511,12.299206512155251,-0.658613112005325,0.47237460027106865,左,students03
220,20,270,10.8,1.0446139645418815,13.8184466191245,0.9173641944709933,1.1016546323052607,右,students03
220,217,380,15.2,0.6272711264038715,29.933963566522493,-0.5598522596664036,0.4647666841125755,左,students03
220,219,640,25.6,0.7057527007386258,13.250597215962244,0.70118249156,0.5261627740624988,右,students03
220,217,750,30.0,0.6611759818102856,11.634287157935432,-0.5142387614260013,1.0330903182845237,左,students03
221,38,870,34.8,0.5564364327587583,19.425989027094943,0.23914369785419265,0.655830728478416,右,students03
221,90,910,36.4,0.5165081276738975,12.3119182718751,-0.48860955907991155,0.8928962468041833,左,students03
221,90,960,38.4,0.28290401446995217,8.623388516367498,0.24762976698172928,0.9083246640666199,右,students03
221,91,1080,43.2,0.5956546703076214,15.448628041850924,0.58374796929736,0.8328061129075731,右,students03
222,40,720,28.8,0.37200470234042543,46.35428860862032,-0.3548674106103801,0.5590398987383391,左,students03
222,340,1370,54.8,0.663650642564223,11.589533749905058,0.6527035604832511,0.3299895615818305,右,students03
222,340,1480,59.2,0.5682050599043031,29.407977259368295,0.547234840972549,0.34361711747130375,右,students03
222,340,1710,68.4,0.6135738630605055,11.610588658630775,0.6117160258829071,0.36346390170872256,右,students03
223,224,940,37.6,0.18709460461967295,21.126518531613357,-0.17262801412804268,0.5286101606602951,左,students03
223,226,1140,45.6,0.46687297877606115,9.559499377758982,0.450904048070193,0.3328274511572039,右,students03
225,226,900,36.0,0.48124420238378224,24.090997290092645,-0.20978326125003796,0.5294062655532943,左,students03
225,308,940,37.6,0.3338234966926662,78.14017188812383,0.1691641886343738,0.5361559601626366,右,students03
225,87,1050,42.0,0.3835224184357708,11.67656592104396,-0.355301666223604,0.34498908709392,左,students03
225,223,1110,44.4,0.6470090158924399,62.565424344280544,0.4832370038733237,0.47602273332595035,右,students03
225,56,1190,47.6,0.3813384679125207,17.77741752187012,0.3482074603857601,0.9579017055485485,右,students03
225,231,1330,53.2,0.6689820511460569,18.912941280219798,-0.34892062718000005,1.193337171574993,左,students03
225,99,1390,55.6,0.5779023644744976,25.364588163845895,0.446311551474064,0.9714399437118924,右,students03
226,224,790,31.6,0.5003281921540292,31.478171899546055,-0.49723871934585384,0.4012753628197138,左,students03
226,225,900,36.0,0.21000225799405298,16.309850562506284,0.20205055881095768,0.5832063485158561,右,students03
227,228,1030,41.2,0.4454871240632298,20.091476565901303,-0.1831738263209427,1.1449201489690837,左,students03
228,319,990,39.6,0.6148918715999376,32.38055611418059,-0.24630209360897432,0.6903462193413951,左,students03
228,230,1100,44.0,0.2846440965442986,28.921598043629274,0.22751462603673595,1.196779788702942,右,students03
228,95,1130,45.2,0.47621700267979783,17.075710168009664,-0.4533495184797514,1.0695567321899386,左,students03
228,94,1160,46.4,0.5965208999925197,38.81487464326062,-0.34729331886039655,1.3684110675033854,左,students03
228,51,1260,50.4,0.21583974064262534,12.277608324467963,0.16507663172725495,0.6108285549265645,右,students03
229,230,1040,41.6,0.6963541236300214,16.08690693458064,0.6864317803364399,1.3378019389051257,右,students03
229,95,1140,45.6,0.7614041366653439,20.779071480562123,0.5915957595473643,1.122455337908878,右,students03
229,53,1210,48.4,0.8445515104567815,16.36488941541961,0.8362490403583646,0.36297461532384884,右,students03
229,95,1340,53.6,0.8517210977556352,117.43065015855092,-0.6778755746413014,0.906563427831264,左,students03
230,229,1000,40.0,0.8275626146601527,14.778628447786076,-0.8251900157902394,0.7729450248165324,左,students03
230,94,1080,43.2,0.5546476661534544,8.065336486251908,0.4957287660633184,1.1710739753828114,右,students03
230,95,1210,48.4,0.9649627167315149,31.5987459112539,-0.960912368548664,1.4205452076444822,左,students03
230,94,1270,50.8,0.29899084802695497,16.769887454500434,-0.28860505238314843,1.4762933534157638,左,students03
231,311,1150,46.0,1.0236569737562549,9.901414697413458,0.6957993002378284,0.9023277211926414,右,students03
231,232,1260,50.4,1.141152583009043,18.673673639567255,1.1410998710610993,0.7813433907322506,右,students03
231,99,1460,58.4,0.717138844747584,11.337356408829976,0.7168084611401876,0.7071232959498381,右,students03
232,233,980,39.2,0.7472616562641974,29.052294633895315,-0.7393567190857591,1.13389647140554,左,students03
232,317,1060,42.4,0.5011268898081447,74.08494381933372,-0.40230862667799155,0.5991627300863559,左,students03
232,233,1150,46.0,0.742699059838298,20.911920013308475,-0.7348926589789772,0.8416853010952491,左,students03
232,233,1310,52.4,0.2998244235707854,16.865081753617545,0.24812264846695237,0.5071128372184042,右,students03
232,233,1580,63.2,0.8994716486297549,45.40756038984978,0.6724953809121725,0.6583700056930577,右,students03
232,238,2130,85.2,0.5590247420231368,8.461232500131814,0.5522587765299996,0.7211060818625015,右,students03
232,233,2180,87.2,0.4649181848612987,27.091446845897934,-0.24766069854625078,0.4622669266840154,左,students03
232,238,2490,99.6,0.5010005891405688,29.897040323253208,0.26128704674395725,0.5838557991552623,右,students03
232,233,2540,101.6,0.5634403068362683,28.443542552496297,-0.5558656881138385,0.3656175767794855,左,students03
233,232,650,26.0,0.749349656187054,8.145066654034053,0.6854373413782845,0.8457275919123843,右,students03
233,37,750,30.0,0.6369334791432838,10.733732080650611,-0.3080867120723136,1.0712755495001403,左,students03
233,232,870,34.8,0.7056221764459445,12.490323154022576,0.7043927116990862,0.7376840698772658,右,students03
233,221,1180,47.2,0.3639844194811277,28.051182591096534,-0.1659253727909879,1.11412011137665,左,students03
233,57,1250,50.0,0.28221757752413956,8.705207513267709,-0.24463554689378375,0.9236466391943591,左,students03
233,232,2120,84.8,0.4459900235632612,16.4251054062683,0.43015585022666347,0.9214409683627647,右,students03
233,139,2520,100.8,0.21355655359395712,26.470577018277396,-0.2132601536889745,0.42888585433666654,左,students03
234,37,830,33.2,0.3634453124512684,12.107097371200638,0.3629711112185465,1.0819588938045255,右,students03
234,233,890,35.6,0.9070487460113925,22.759718075640905,0.7421495137125595,1.49872512496024,右,students03
235,227,920,36.8,0.8888892398009107,18.619383476681975,-0.23349603466840418,0.9524286126768302,左,students03
236,237,1840,73.6,0.7446316919974205,28.54172525886895,-0.7235684475162072,0.3936361621984047,左,students03
236,70,1930,77.2,0.2544880019823184,42.56639249534089,0.19546301233343755,1.1385248425766967,右,students03
237,71,1720,68.8,0.5883183973402212,15.443870377681236,0.5503138371716313,0.6312916881817625,右,students03
237,236,1760,70.4,0.4243407963495944,9.391965918699611,0.4239765216454186,1.2000847220457178,右,students03
237,236,1870,74.8,0.6059147111387695,10.678780171786684,0.6055013031305412,0.8365215559359809,右,students03
237,236,2070,82.8,0.6268000918820256,9.84744670828772,0.49256048489566345,0.4764226739900836,右,students03
238,239,1800,72.0,0.6220274430824115,18.871409100384483,0.34223159840240774,1.9172815875980413,右,students03
238,425,1840,73.6,0.5902418773138536,8.473553311261924,-0.44009512905634596,1.8395818720578292,左,students03
238,232,2110,84.4,0.5652242442412048,12.311237992150666,-0.5072077737728617,0.8210973857167964,左,students03
238,232,2610,104.4,0.5635185893552656,31.907969473197,-0.5572883793101259,0.44804589481272944,左,students03
241,240,1840,73.6,0.696003590780277,9.390690334683512,-0.6957993501466486,0.7630232421434473,左,students03
243,245,2120,84.8,0.35770835037357135,11.56553148979603,-0.21351093884162173,0.5288272475073975,左,students03
243,321,2260,90.4,0.6630349943966912,9.46934826657673,0.5979678285397576,0.5819373056352051,右,students03
243,323,2340,93.6,0.5485807757123103,8.094605561015698,-0.5450931161492941,0.3865878606622585,左,students03
243,376,2410,96.4,0.5261713465735044,20.02675827858485,-0.5258293513403,0.5903135340086189,左,students03
243,245,2460,98.4,0.3971755052153728,15.677014041591406,-0.17842084262982155,0.5798675878675067,左,students03
243,245,2500,100.0,0.2617998195749565,14.023093884501662,0.18880024610561075,0.605429038264697,右,students03
244,245,2090,83.6,0.4926531348408872,38.6719383998832,-0.35827953415772806,0.4339681353317737,左,students03
244,245,2220,88.8,0.45232843289555386,15.698492271184904,-0.45008467841686006,0.5679480213029557,左,students03
244,245,2410,96.4,0.4825371403966394,10.22987966446459,-0.4118083363440615,0.43724950868765694,左,students03
244,245,2460,98.4,0.5124525851730031,13.478308479612025,-0.5124311573616659,0.6498122932852416,左,students03
245,244,2010,80.4,0.6126182143592828,16.122643124101188,0.5860059693556786,0.641782819419203,右,students03
245,244,2340,93.6,0.5011893349930658,12.670466384435286,0.49808397890206724,0.872289693315609,右,students03
245,376,2470,98.8,0.30878135426132247,24.53167617117802,-0.29876788145365646,0.7947370857038182,左,students03
246,112,2210,88.4,0.7391141405271581,9.804366081031333,0.7043820964471501,0.8017041173244176,右,students03
246,137,2480,99.2,0.703895305566015,9.892550666825173,0.651962404506979,0.9797239875633788,右,students03
247,246,2220,88.8,0.8155295949078679,11.740769618618799,0.7644377444885317,0.8223273405036617,右,students03
247,246,2380,95.2,0.8535454887110909,11.54712701032696,0.8365462632399308,1.1012231947613136,右,students03
248,249,2560,102.4,0.7496740433944142,27.676874495008093,-0.6836909580403303,0.7139884518663331,左,students03
249,250,2380,95.2,0.48795767694256365,11.731069676191197,-0.4878024267353784,1.3165179133658955,左,students03
249,248,2510,100.4,0.6867262720079027,10.080580530107511,0.6823977201830912,1.171315464734724,右,students03
249,248,3690,147.6,0.7100289947095713,15.206929731313494,0.6867658739042021,0.5561274907456194,右,students03
250,249,2340,93.6,1.1646273130529607,11.879378713732649,0.32946286394129204,1.1264299619156501,右,students03
251,252,2400,96.0,0.5653517297699522,10.01137864265013,0.5533836142113727,0.8741961021023728,右,students03
251,252,2450,98.0,0.4269558665169265,12.79628426122676,0.425879761824262,1.0874435339423743,右,students03
251,252,2560,102.4,0.2412579841017311,14.630903882767853,0.17638155025039126,0.9699412974885199,右,students03
251,252,2590,103.6,0.17006792540849391,42.571275930286845,-0.1638437432896622,0.8796659391994455,左,students03
252,251,2350,94.0,0.43381281945376404,10.088143566905785,-0.3764932180202284,1.0269478632021565,左,students03
252,251,2490,99.6,0.7569925461363544,12.888809807634914,-0.27800722914392206,0.9942683031432914,左,students03
252,326,2570,102.8,0.29185230555984204,14.351271835111874,0.2822881240022229,0.8346260445699089,右,students03
253,254,2630,105.2,0.6393505760926476,12.267997542042082,-0.6074363238271614,0.8064238021180059,左,students03
253,254,2670,106.8,0.29032063651515233,14.560121651764433,-0.28981634902679787,0.8258958170358551,左,students03
253,238,2860,114.4,0.38754346745478724,26.662644898169987,-0.3847416988581247,0.8314653477910617,左,students03
253,254,2910,116.4,0.38479037158451473,9.53552735539904,0.37282455606023934,0.6006363601244175,右,students03
254,253,2550,102.0,0.7247500092377115,15.22513391964884,0.5432534018333682,0.7949858872591178,右,students03
254,139,2630,105.2,0.7857400927036113,18.842635552959052,-0.703439698672679,0.8520343942012131,左,students03
254,253,2770,110.8,0.8954480410873236,8.498426107910063,-0.6706539519049846,0.914736404238657,左,students03
254,253,2870,114.8,0.6741544354439384,14.234249862756712,-0.3792893804310404,0.7215048408961108,左,students03
256,322,2670,106.8,0.3861615203586221,45.02795842070225,0.3543802407730773,0.3850273661868651,右,students03
256,121,2800,112.0,0.5181342076646998,13.379368558887677,-0.259632033648138,0.570292000179776,左,students03
256,261,3360,134.4,0.3964532710334001,14.44513584381059,0.3446256358425388,1.2128939027245336,右,students03
257,258,2890,115.6,0.5194329014675991,15.402829063853318,-0.519416998675751,0.8530524876887374,左,students03
258,257,2750,110.0,0.5913966319205121,18.396924241204175,0.5807236274802465,0.7636695257963159,右,students03
258,376,2850,114.0,0.7343263461538592,19.12844716577405,-0.21519647122902877,0.8340099468375272,左,students03
258,324,2890,115.6,0.5247113962098073,15.80553917031446,0.3600695213980855,0.7064925053692881,右,students03
259,328,3000,120.0,0.43035595049731223,22.68327449086982,0.2051640483380331,0.6535553178057155,右,students03
259,328,3030,121.2,0.24836174811712175,9.071579379626769,-0.24753101104324962,0.6689376584324602,左,students03
259,329,3280,131.2,1.1200152453368735,19.16605622740707,-0.1924512559322915,0.39621521161230394,左,students03
259,238,3460,138.4,1.1822759349484813,17.13543870062327,-0.959768790626236,0.626501086364649,左,students03
260,152,3290,131.6,0.46595182462945406,15.223103596287132,-0.46154694016583264,1.1916530834533658,左,students03
260,256,3340,133.6,1.1515169607182716,16.7473155330498,-1.0580453524193547,1.2016507360842545,左,students03
260,259,3410,136.4,1.0814355177796744,13.852366300784155,0.9087799791812889,1.0616623688732758,右,students03
260,238,3520,140.8,0.8168814984912575,10.305911727088557,-0.5923429637996562,0.5904067009092367,左,students03
261,159,3240,129.6,0.4746291924737376,28.821630554288845,0.4736449202469955,0.8522618363964809,右,students03
261,159,3270,130.8,0.5147959598296845,31.268275828609347,0.4984986990477254,0.8151913749850744,右,students03
262,167,3550,142.0,0.7489007690758637,8.440332393073305,-0.3529464500348738,0.9435707959046198,左,students03
263,193,4530,181.2,1.1139601839074844,10.920344708331328,-0.9397103986903438,0.42435531553733,左,students03
263,193,4570,182.8,0.7581615720840523,8.175226570239403,-0.6950651317602392,0.48381186424003914,左,students03
263,179,4650,186.0,0.42468289175570756,13.00715421658657,0.3113763101059153,0.661594536938424,右,students03
263,198,4750,190.0,0.5389194122396239,65.91592746929535,-0.46745496588595004,0.7237667580975368,左,students03
264,267,5100,204.0,0.517233799310135,37.58685681974163,0.24293704275424913,0.8936355804431284,右,students03
264,265,5150,206.0,1.0884916837399097,41.09666096090223,-0.8911283925318527,1.2511178467018518,左,students03
265,264,4940,197.6,0.7700460928494937,19.429673684666653,0.5897793141382028,0.8530223724601599,右,students03
265,264,4980,199.2,0.6145412762421186,9.486235489592588,0.6109310590282658,0.6096488001346866,右,students03
265,267,5060,202.4,0.2093353531105253,30.955531067226957,0.15211094387558047,0.7552297507514223,右,students03
265,264,5200,208.0,0.8105092532144501,11.834741008449384,0.7429759710520218,0.5980734175068401,右,students03
266,209,4960,198.4,0.324625405229033,8.017856467659954,0.2681198595906772,0.7673701917021648,右,students03
266,208,5060,202.4,0.6433242941245007,8.430189019970555,-0.5691178985415905,1.096750387397188,左,students03
266,296,5210,208.4,1.0457437119443602,26.089854568016364,0.39798467371461776,0.6069430235697465,右,students03
268,271,5140,205.6,0.3442834110157536,9.153051007044041,0.33918236669420104,0.7423175131502462,右,students03
268,269,5320,212.8,0.6425871651144215,13.760054694745634,0.6422084831055397,0.8750857272339995,右,students03
269,268,5190,207.6,0.5700583611107151,9.674728616077061,-0.5437477405733088,0.9281531887751228,左,students03
269,268,5240,209.6,0.6642616622905735,10.079467020346044,-0.6608398397981761,0.9047513111924947,左,students03
270,271,5140,205.6,0.7703876795637346,13.365506051219654,-0.7675612036014896,0.3519309597163025,左,students03
270,294,5290,211.6,1.1407347410710582,14.000710276920074,0.891476305621262,0.986291389351333,右,students03
271,270,5200,208.0,0.7264169928597464,26.317054370227225,0.7009438317600001,0.4425028929874937,右,students03
271,270,5340,213.6,1.1644124863015666,8.989672837349332,1.1643274865670727,0.6658693141577364,右,students03
273,274,110,4.4,0.45360023769322155,10.418344205255835,-0.44350208694847143,0.744791307376308,左,students03
274,273,110,4.4,0.5837020384440459,8.07288566309478,0.4720321814422903,0.32865637320192986,右,students03
275,226,860,34.4,0.4746676074319122,36.054881460472075,0.44526689556169285,0.7822601915099354,右,students03
276,376,1850,74.0,0.7056358917059904,159.35285312307275,0.5349528081565108,1.4973485428535873,右,students03
277,143,2850,114.0,0.24875355680503747,27.232080942872614,-0.24087938650621143,0.842149851685413,左,students03
277,145,2990,119.6,0.22339954582030783,9.57593383263233,0.19926145797353093,1.1579784575488603,右,students03
278,360,3810,152.4,0.5209732555956481,40.33600944757029,-0.5152932066097694,0.41019622711694903,左,students03
279,281,3770,150.8,0.2743657028688495,21.248438806126387,-0.26219574455334016,0.6981715767261143,左,students03
279,278,3830,153.2,0.6383780841650322,8.728527606552007,-0.627926088434482,0.3799795602508622,左,students03
280,262,3720,148.8,0.5138312900193974,14.521117015849313,0.48750869087423626,0.5195032380300755,右,students03
280,281,3750,150.0,0.4749104256405448,19.650778872200362,-0.46976955620736865,0.5949070909970514,左,students03
281,285,3720,148.8,0.8618996763338945,22.15585998850895,0.8134914890554051,0.6772440430889896,右,students03
282,178,4020,160.8,0.8277064183703223,9.490442002431053,-0.663118422974941,0.6979698215567125,左,students03
283,285,3780,151.2,0.2443220852929117,30.648045218350234,0.22527436082472277,0.8250163290449777,右,students03
283,285,3890,155.6,0.48142684166450006,9.345759064603953,-0.481366293148515,0.7508645183158746,左,students03
283,285,3920,156.8,0.41911118389778435,8.288299676695601,-0.40750234640905275,0.7901653011831631,左,students03
284,285,3790,151.6,0.6529966184190946,22.209864507863244,0.43030758859219675,0.5385610059924194,右,students03
285,262,3770,150.8,0.45778355964221923,22.818502391834443,0.4401059173337325,0.6143508574311805,右,students03
285,362,3930,157.2,0.6343743053548361,10.637050693982246,-0.6253837428762526,0.6830305540193148,左,students03
286,175,3920,156.8,0.4045060446398833,11.864908986315186,-0.2853270776612624,0.6954501194261472,左,students03
287,174,4090,163.6,1.0025489293779353,21.39362114183723,0.725239915318604,1.4142359826125448,右,students03
288,180,4160,166.4,0.46466045008767076,11.08092580292896,0.42892167148532084,0.7845530676504868,右,students03
292,295,5200,208.0,0.6258408821111742,13.745476894347348,0.6250008228036353,0.5828471849327764,右,students03
292,295,5300,212.0,0.4568320759888505,56.19087597993912,0.3810275098555765,0.609684510056348,右,students03
293,294,5130,205.2,0.7968846557014522,11.19091268771578,0.7589639054083791,1.1789677678683521,右,students03
293,297,5320,212.8,0.3024497583748684,9.885617574117049,-0.2610837863392079,1.1328414502411306,左,students03
294,293,5330,213.2,0.6024953064193264,8.62280700181637,-0.5815080289221417,1.040604683085392,左,students03
295,292,5130,205.2,0.7370309694489664,8.223623371054401,-0.46467622954930016,0.8203459802483996,左,students03
295,203,5270,210.8,0.5818556748959394,24.857384391551562,0.5678060819429991,0.802352466993416,右,students03
296,266,5260,210.4,1.0372512170404071,12.133920812926362,0.8956112847235931,1.2006938933447084,右,students03
297,266,5240,209.6,1.0170730430395363,17.06480435461407,-0.9106681105178529,1.1317250940721821,左,students03
298,204,5360,214.4,1.1770264969594482,54.56816874412374,1.1754593010245244,0.9022380636402001,右,students03
300,74,540,21.6,0.4395308089905998,16.95662238635319,0.42660384397700385,0.7414624691098736,右,students03
300,301,770,30.8,0.5400873984698709,18.052856794052957,0.5302311802598731,0.5800775254997741,右,students03
300,301,910,36.4,0.5133890993864502,16.169723474763487,0.48934020630425756,0.554159342280578,右,students03
300,318,1010,40.4,0.8141992464801167,20.05353659644834,-0.28676573291822804,0.9267134562227285,左,students03
300,318,1070,42.8,0.2602927048429049,10.845295484409661,0.25708951239990374,0.7071989380276879,右,students03
301,300,730,29.2,0.5469280520300719,10.692847935146887,-0.46642728248884335,0.6381017016708225,左,students03
301,75,830,33.2,0.5134188854447871,34.45273193923947,0.45414435242123724,0.8441386466576187,右,students03
301,300,880,35.2,0.5629299893706677,18.98706972578944,-0.48411515802014304,0.30753787353488415,左,students03
301,300,1000,40.0,0.5754086157413496,11.647327716520408,-0.5697459855067056,0.8349210272296466,左,students03
302,40,630,25.2,0.3483827271023407,8.558956646550996,0.34811537160411665,0.3690443560460979,右,students03
302,223,870,34.8,0.24772464375734699,92.0350471145108,-0.15876910973259112,0.4007203774871161,左,students03
303,304,710,28.4,0.5900396152928117,14.255332655912184,-0.5746052782882305,0.5470526753840486,左,students03
304,222,730,29.2,0.525293263493978,10.841593782983807,-0.27546188232235336,0.7951961116064357,左,students03
306,312,820,32.8,0.15922223299955426,82.46061803211978,-0.1585215142693806,0.5313356376626526,左,students03
307,312,830,33.2,0.35009882870291914,46.438790686275865,-0.34233539456987294,0.4498055772856497,左,students03
308,225,980,39.2,0.21393875711383514,39.2171646125347,0.20145941350038937,0.8836823165176845,右,students03
309,308,950,38.0,0.42897306732566093,14.646186143944902,0.4241220642995269,0.7291070344982675,右,students03
310,376,1120,44.8,0.37648517701973877,25.958118395043357,-0.37644723874561004,0.7454707940673486,左,students03
311,87,1180,47.2,0.4253561712836333,9.231421358364685,-0.17765503301219598,0.6722512492968465,左,students03
312,342,1140,45.6,0.30589603757975325,15.37264617686452,-0.2091630426317986,0.6534568854741656,左,students03
313,342,1240,49.6,0.3169811724683017,19.56819223749079,0.3071699805832944,0.5840533850913942,右,students03
313,93,1270,50.8,0.36524459484699573,68.48048726483574,0.29501594723304325,0.5896259243508146,右,students03
314,71,1820,72.8,0.4495886803243729,10.112825818745165,0.43617290267192754,0.8746166823638579,右,students03
315,79,420,16.8,0.8726455233665302,12.886425191026177,0.21265614508473635,0.6770127354378221,右,students03
316,317,570,22.8,0.400697783687407,65.128529542584,-0.1748588595450405,0.7444643419088868,左,students03
316,87,880,35.2,0.4045236039731613,102.80464161579482,-0.3251788481132085,0.6643878504260897,左,students03
316,235,1030,41.2,1.1865196556000508,46.958567494441695,1.1765692002588164,1.1227778494454097,右,students03
316,232,1100,44.0,0.7871172519192849,18.225421673483083,-0.7587164278318224,1.2823321959184726,左,students03
317,316,650,26.0,0.9070735773092925,14.603641694885653,0.7395323769759874,0.41080811523971206,右,students03
317,39,830,33.2,0.5326030132831588,48.04498762922174,-0.24636771942622476,0.5623206237115113,左,students03
317,88,940,37.6,0.6419190219269671,27.02605039989936,0.45459369581765796,0.8775042839009968,右,students03
318,319,1070,42.8,0.613897502680207,12.947866002870597,-0.575474108692448,1.3294128501010178,左,students03
319,318,1040,41.6,0.777120030098224,10.772586965214145,0.7645518661505295,1.1140767711104589,右,students03
320,345,1840,73.6,1.0705628524858453,61.59122994713182,0.6914181618570232,0.6602154183741306,右,students03
321,427,2060,82.4,1.08014301929758,8.555684083229778,0.706869221609975,0.48775807170259183,右,students03
321,323,2230,89.2,0.802799003976635,12.959812095451241,-0.7855200225215859,0.476829200993484,左,students03
321,244,2270,90.8,0.7264095192532578,10.367642697747158,-0.44852881570348513,0.6398364593840349,左,students03
321,245,2310,92.4,0.37162478958584266,18.194798361300286,-0.2571993868734346,0.517945734607873,左,students03
321,131,2400,96.0,0.34502866421722433,52.94380187156156,0.34323698461493735,0.5029786770954503,右,students03
321,135,2490,99.6,0.9043358369672,13.230092060616585,-0.1841551132449159,0.6552723198854136,左,students03
322,118,2220,88.8,1.1341435843355223,11.49215234339681,0.8591595808338693,0.624587598199728,右,students03
322,243,2350,94.0,0.4660086398860926,8.784445780730664,0.15152664358028653,0.5028967869313549,右,students03
322,243,2390,95.6,0.2945582776022645,32.181924474250025,0.26716733623898237,0.47433186190067606,右,students03
322,133,2450,98.0,0.54806416066596,52.52640520987438,0.20091587364823535,0.9049578622294727,右,students03
322,133,2530,101.2,0.20273169760740287,36.74087255538004,-0.19350257718059036,0.5737703432227513,左,students03
322,142,2670,106.8,0.8547184071987537,10.289661634054141,0.8273056948021391,0.9903814809343598,右,students03
323,244,2290,91.6,1.053563257732532,42.96051709284333,-0.742746074286647,0.8918873741290224,左,students03
323,245,2360,94.4,0.40319069912507616,13.27680510519113,0.1793656807399281,0.9649200929654113,右,students03
323,136,2440,97.6,1.167898122149524,37.82969064508484,-1.1446829108306185,0.7223081503638421,左,students03
324,325,2550,102.0,0.3367833117470933,49.30018096512754,0.31550802989819077,0.5553580405194791,右,students03
324,325,2760,110.4,0.83323136901,116.63626482807763,0.3127717685993084,0.3178976678781394,右,students03
324,325,2870,114.8,0.23084183082671494,24.892480931815584,-0.2140975199883992,0.3339383645836141,左,students03
324,258,2960,118.4,0.2780284811953454,20.336021295650767,0.2402194395630643,0.9305830941964841,右,students03
324,325,3010,120.4,0.46727416481881834,11.025036624645168,-0.3846501918624162,0.593709130960416,左,students03
324,150,3120,124.8,0.331941372666642,10.868507420982098,-0.3301800419598382,0.8088319062219304,左,students03
325,324,2480,99.2,0.6667668298142412,9.09442087341506,-0.6621853821936469,0.40707417942735696,左,students03
325,133,2770,110.8,0.6170797930757609,44.981286724433886,-0.31248766895330615,0.44849333650375606,左,students03
325,324,2970,118.8,0.6378059737780207,16.49381746186043,0.4066850679119938,0.7581193660152106,右,students03
325,324,3120,124.8,0.5601981258447825,15.039432303197174,-0.4204981595916541,0.7668403240228299,左,students03
326,252,2570,102.8,0.6331028975251477,45.74026524541884,0.4107264517992052,0.49162180943268113,右,students03
326,133,2670,106.8,0.24200449042356498,45.466838697442256,0.23971077194907414,0.7230154364965352,右,students03
326,327,2950,118.0,0.34282879243606984,8.282788909645404,0.2663646356833408,0.7602736672963195,右,students03
327,324,2660,106.4,0.5713777786288665,21.35064285181258,-0.5461800908324996,0.38187698333102343,左,students03
327,324,2700,108.0,0.4895713345657404,62.50874014078617,0.26047792626270105,0.306889093661518,右,students03
327,257,2760,110.4,0.4507371553114409,119.52075573419427,0.4156071123831328,0.8218476369575519,右,students03
328,259,3000,120.0,0.9794087282415213,20.993470989397963,-0.25083823832477187,0.8046373005497907,左,students03
328,393,3240,129.6,1.1407943106187615,24.407930672803758,0.615460540240637,0.729809779277483,右,students03
329,330,3120,124.8,0.16567946282735907,25.52963154662956,-0.16154649199937515,0.4978695532062381,左,students03
329,332,3830,153.2,0.28335739012007743,17.33527060759181,0.2268422287642698,0.7332181138119959,右,students03
330,331,3160,126.4,0.17377268029159848,16.34935357005719,-0.1698208195400463,0.6524391241430325,左,students03
330,329,3370,134.8,0.765060166520833,41.03459930158937,0.6284476090892379,0.30607708592045946,右,students03
330,156,3460,138.4,1.1497679378277639,14.305155602099092,0.516973061575268,1.1711979713802805,右,students03
331,332,3680,147.2,0.29403166872939196,19.001059378746078,0.2917575261473639,0.8545377367243172,右,students03
331,332,3790,151.6,0.34454883977823514,21.656195897107523,0.31891129136971086,0.4464781684235606,右,students03
332,329,3560,142.4,0.8588922575061915,16.108310612737768,0.31505914267829316,0.36711474383436593,右,students03
332,329,3620,144.8,0.4087144273220914,23.93342511545771,0.4084186838148083,0.3032703143043005,右,students03
332,331,3670,146.8,0.45294712372858814,21.847589184832884,-0.44849065180881553,0.49619986801579763,左,students03
333,162,3670,146.8,0.5793972895984765,22.260136358005184,0.2381948990310649,0.4531670119601655,右,students03
333,336,3850,154.0,0.6009682413446599,8.959885632365825,0.25323215780410596,0.5720017804171696,右,students03
333,173,3920,156.8,0.9089569399564809,27.847180381234125,-0.6320754691545243,0.7580675744247458,左,students03
334,158,3800,152.0,0.919907961821259,10.3355892483832,0.7883969447030121,0.42982772212018766,右,students03
335,360,3870,154.8,0.5562856724237607,34.995448419423724,0.48067396423574216,0.7464416988949211,右,students03
335,336,4030,161.2,0.5656630643450461,8.016964014393409,0.40766280699599056,0.8830095414375172,右,students03
336,335,3730,149.2,0.26406499431505376,19.566929866037015,0.2629220878508708,0.30913324942424014,右,students03
336,335,3780,151.2,0.15867321500368403,28.523984929490723,0.15154973166360092,0.8491155758507889,右,students03
336,335,3890,155.6,0.45754364654471974,25.207304401270875,-0.42202565883039406,0.664050361903459,左,students03
336,335,3950,158.0,0.5208928157736631,8.952161374170544,-0.501729507596257,1.0493820585599554,左,students03
337,404,5200,208.0,1.187765475249116,78.11227987752272,-0.7375625162133473,0.30683097554492905,左,students03
338,339,5310,212.4,0.5695796755266151,17.817216780687176,0.5610708906817081,1.0209553636969888,右,students03
340,343,1390,55.6,0.5900669721766244,24.579769107833556,0.2355216415365305,0.31111474574750986,右,students03
340,63,1540,61.6,0.7760123368030294,85.39072238888775,0.6756828256952206,0.48104343710762876,右,students03
340,236,1730,69.2,0.4350063991819363,14.43117175262492,0.3547247996126362,0.30570859436277964,右,students03
340,347,1810,72.4,0.20494970771399,21.592946179663784,0.20494157014636122,0.3706858783111621,右,students03
341,340,970,38.8,0.8713304456092464,96.65751325890773,0.8712995708996341,0.4465550253883831,右,students03
341,308,1010,40.4,0.7733087497274967,116.75020267700111,0.26751230687240024,0.6427466192046005,右,students03
341,90,1200,48.0,0.8051849169044626,8.779697644717118,-0.333289657444915,0.8270709074584858,左,students03
341,229,1310,52.4,1.1739861278528698,16.157827220451708,-1.0455961878996995,0.9580743002555977,左,students03
342,343,1190,47.6,0.22827074575556155,53.73785912750145,-0.1983852417747022,0.7700363843975759,左,students03
343,340,1450,58.0,0.22426860317459504,17.219154789849085,-0.22069248705523273,0.5220131762701569,左,students03
343,340,1630,65.2,0.44377425229937306,57.67917450849343,0.3406178174132317,0.31832388211431134,右,students03
343,340,1810,72.4,0.36768657731899224,55.66442169856899,0.2976361825932627,0.6590195658019347,右,students03
344,313,1290,51.6,0.425210769342678,20.082771178696703,0.1761264610625458,0.708853361354635,右,students03
345,346,1530,61.2,0.5949250129804804,55.04515599753586,0.5701901691279598,0.33970352334150705,右,students03
345,346,1640,65.6,0.6601985282082974,30.954156525294792,0.6323820890666741,0.5477186764777383,右,students03
345,346,1790,71.6,0.5321127295952004,36.0775896447966,0.5206995527838131,0.745818219105654,右,students03
346,345,1560,62.4,0.46750836260695505,11.887021040752728,-0.43579095044280614,0.35022187884791195,左,students03
346,232,1800,72.0,0.4549326358263221,65.666680359265,0.37054375427036784,0.932128878959158,右,students03
346,345,1880,75.2,0.47382376831778716,10.212296570092064,-0.45469741238190364,0.6464060420989831,左,students03
346,345,1950,78.0,0.35017224384551315,17.67668022744033,-0.3095498178836704,0.3491995042730883,左,students03
346,345,2000,80.0,0.5377480188180508,9.124513730748248,-0.454740529895413,0.6724164797443622,左,students03
347,348,1530,61.2,0.9985974084145588,41.19304387284245,0.9933931249920348,0.592062419506415,右,students03
347,236,1760,70.4,0.2811717336383552,20.730133143310695,0.23535696244992368,0.7371007352770483,右,students03
347,70,1850,74.0,0.8875256247225322,15.661871007018703,0.4214250632926378,0.5720859178896511,右,students03
348,349,1580,63.2,0.23937038947210743,11.49239249614277,0.23490062238277037,0.588896740199885,右,students03
348,349,1670,66.8,0.31424037419364775,8.281911207964868,0.2938798451877784,0.5727485614995816,右,students03
349,348,1650,66.0,0.6063608979985013,11.022282792242976,-0.2552431287120444,0.6907827984178274,左,students03
350,352,2050,82.0,0.24626237503792067,27.459914006383713,-0.22243286409137297,0.49397194621640167,左,students03
351,350,1950,78.0,1.014404394087375,9.212874342198262,-0.6773864503838367,0.5474499508062078,左,students03
352,353,1980,79.2,0.6121143841087272,11.050210562990458,0.5986059463120772,0.7515086008488352,右,students03
352,353,2110,84.4,0.6616747794111902,15.27531938132094,0.6208265933668455,0.6403518343842937,右,students03
353,352,2030,81.2,0.5034900032416256,14.108350568386584,-0.48020935076003346,0.7727075697444332,左,students03
353,351,2090,83.6,0.6098107336608098,15.26585051736302,0.18905839964731477,0.6093301686251315,右,students03
354,357,2850,114.0,0.2971775551520617,28.045874250455228,0.19991603045680867,0.8290532659825626,右,students03
354,355,2940,117.6,0.5338521864910604,9.503194844860246,0.23169439963679417,0.5953566298053569,右,students03
354,355,3270,130.8,0.5068322248113344,18.419574807596234,-0.47577821785867874,0.35643189558345034,左,students03
355,254,2980,119.2,1.1755388115189405,28.831204648502535,1.108921547991439,0.5833178866794222,右,students03
355,354,3290,131.6,0.6705862754429333,15.614449965550733,0.4401753969148364,0.3226894768717667,右,students03
355,354,3330,133.2,0.9448884371399694,24.376388708775522,0.2550281583117036,0.6520032379113654,右,students03
355,354,3360,134.4,0.8310035424591986,21.807940467226274,0.4110553002592596,0.9168708900182903,右,students03
355,155,3400,136.0,0.47755563746911106,12.085170784395359,-0.4735646368617206,0.9919948135911898,左,students03
356,357,2920,116.8,0.5146263874357605,8.176040292972687,0.33643569378641425,0.518166378698048,右,students03
357,356,2900,116.0,0.3430346197099907,28.501113639068336,-0.34132401294735126,0.4386047053271485,左,students03
357,356,2970,118.8,0.520014268238325,18.719379926161082,-0.5165613021642111,0.34836350610421474,左,students03
358,359,3470,138.8,0.45721461768705357,19.64143021720625,-0.4390684543630048,0.3675584253721645,左,students03
358,160,3740,149.6,0.8820922690711124,21.230751999680365,0.5230901260441416,0.6112001958950686,右,students03
359,394,3440,137.6,0.5147335955354465,17.320239825387603,0.4486789054810379,0.8060393169731553,右,students03
360,361,3930,157.2,0.38027307687764844,8.481156068524484,-0.33218310768045284,1.3732178032425568,左,students03
360,171,3980,159.2,0.6222780885089669,15.089537743023357,0.5823529522393304,0.5764755206249774,右,students03
360,361,4030,161.2,0.6246986889352518,11.190071675937133,-0.6198598536325676,0.6634944205363973,左,students03
361,360,3720,148.8,0.4075208623948299,15.916295502836306,0.3212649300815915,0.704333466978484,右,students03
361,166,3840,153.6,0.18484987594676544,30.49957618485064,0.1568241024223622,0.5249984037580618,右,students03
361,432,4010,160.4,0.5085491578387866,9.079515779303165,-0.4983831953351764,1.264183685435954,左,students03
362,363,3940,157.6,0.4453314507225171,15.812838523952166,0.44387091619999985,0.4913408626249929,右,students03
362,363,4040,161.6,0.4793348632989414,10.017273111484315,0.4666478630100457,0.3020455697410055,右,students03
362,363,4170,166.8,0.5907806459631058,9.305004793510307,0.58814207107542,0.6583517555811826,右,students03
362,363,4290,171.6,0.5673906994085699,12.144960227842802,0.566121025528778,0.5594330280999135,右,students03
362,198,4830,193.2,0.36892471357629586,15.167776415290604,-0.3232577835766213,0.5035755446603701,左,students03
363,181,4280,171.2,0.5628600007983885,9.214044612518933,0.3658105065636125,0.5850120286486566,右,students03
363,191,4750,190.0,0.5484693423341208,9.281948715332106,-0.5257517743129839,0.62100796354467,左,students03
364,362,4050,162.0,0.611356345383254,14.894386596974726,0.6113485137174326,0.6514434949644445,右,students03
364,182,4210,168.4,0.994128291299868,8.095628324880352,0.9822368593619678,0.9507221539430695,右,students03
364,187,4320,172.8,0.7334830934050146,13.577599981316382,-0.7225127839915672,1.0330934222624273,左,students03
365,142,4430,177.2,0.4761851911467133,9.569031553977368,0.15464138677007955,0.4113417895102262,右,students03
365,367,4490,179.6,1.0398342333013462,23.806811547853158,0.5813513061307933,0.8059737659099641,右,students03
365,366,4520,180.8,0.2518041773099244,21.160668414048757,0.1595386420371228,0.8943843939547331,右,students03
366,401,4600,184.0,0.31143188946128497,18.89046049452142,0.3033666844320285,1.0813085858098028,右,students03
366,200,4720,188.8,0.9606674826314718,19.70639885614969,0.9267393640744105,1.58438129667735,右,students03
367,368,4630,185.2,0.4825533100275531,9.832581294486914,0.4622553285981338,0.6895167868422474,右,students03
368,367,4580,183.2,0.5892779926261023,12.671698787517727,-0.5537376370290006,0.8960713786688174,左,students03
372,291,5050,202.0,0.4552884424436887,14.595553187430227,-0.39138014388107434,0.5988773708788216,左,students03
372,373,5100,204.0,0.7579273574067957,17.469643176822302,0.6474732930654554,0.5539604585974423,右,students03
375,371,5190,207.6,0.5925957160768325,19.170718459799104,0.5903838423114645,0.543011281355469,右,students03
375,405,5320,212.8,1.013552534610382,22.618460655868944,-0.8051606588360867,0.328544797446237,左,students03
376,343,1280,51.2,0.5087775565189586,40.137572713318775,-0.49835245633243036,0.3785847399415546,左,students03
376,343,1340,53.6,0.5513379472799207,11.538346047551983,-0.5461897151861145,0.4225151673535666,左,students03
376,123,2170,86.8,1.190259872663583,34.61844870431037,0.8049387843173821,0.5421621715490664,右,students03
376,145,2970,118.8,0.41307839138943453,9.82655394063761,0.41243798220129146,0.3875147864151823,右,students03
377,127,2300,92.0,1.080914190730939,51.4195333033573,0.917189355839295,1.5942102688842554,右,students03
377,124,2390,95.6,0.4297054831019635,32.602132009651996,-0.19538471040341832,1.830303796661091,左,students03
378,379,2210,88.4,0.6329167730175714,17.56569799279555,-0.6119362361765548,0.48325811078078046,左,students03
379,378,2150,86.0,0.509537141218521,15.325993751826047,0.49630533467956794,0.6902485122284755,右,students03
379,378,2220,88.8,0.5476913294049784,12.347918805660157,0.5008002872959052,0.41327857020081976,右,students03
380,383,2370,94.8,0.20012081233494475,10.831656988982218,0.20009912768532565,0.9375974555344998,右,students03
381,383,2460,98.4,0.3962597985057002,8.836663093774064,-0.39610222285783947,0.511879278378214,左,students03
382,383,2350,94.0,0.5746423265646687,15.298971400297319,0.5539273544879598,0.6867378955658051,右,students03
384,137,2400,96.0,0.47427615298639514,9.71201654445261,-0.19396969285880092,1.1194263981682193,左,students03
384,386,2450,98.0,1.0190102959107994,46.94047976994216,0.9890589248999305,1.0739961974453784,右,students03
387,388,3010,120.4,0.19234523993864322,11.65845882154943,-0.18984911021484996,0.7864171109218621,左,students03
387,389,3090,123.6,0.44514269994794464,13.467787841243108,0.4211070355975614,0.7334623442066877,右,students03
388,387,3090,123.6,0.8282702525198438,22.340949012094825,0.526649623038651,0.6450150488291034,右,students03
391,392,3240,129.6,0.5430503830657746,16.70684730731017,0.5135795086193785,0.5809816944758607,右,students03
392,391,3140,125.6,0.43475832921882224,15.18166084965003,-0.43471726731204396,0.3736322256315185,左,students03
392,391,3260,130.4,0.42707528695538893,8.109488296698146,-0.41938585608784174,0.6341567181661274,左,students03
393,395,3290,131.6,0.31961438856595836,44.986370917893225,0.2958032948200683,0.5541629627152537,右,students03
394,393,3410,136.4,0.34518423865487285,30.06866048325122,0.3086864664842409,0.42355163909511456,右,students03
396,233,3360,134.4,1.0820059316986173,8.038147000372078,1.0504573378857711,1.1445437618551355,右,students03
396,259,3420,136.8,0.5716598622116947,8.466720514079014,0.377622255733874,1.2789832719378258,右,students03
396,159,3450,138.0,0.6445791042485567,8.47944032432008,0.5263767493610342,1.5159686757267181,右,students03
396,164,3540,141.6,0.296160369264138,47.79097439881801,-0.17952836374479988,1.035980846097914,左,students03
397,259,3590,143.6,0.8136648955100912,17.311541724453065,0.7971154349005526,0.7475779594863204,右,students03
398,358,3780,151.2,1.1415559162530031,69.15498814227118,0.5884471567132549,0.584155778849903,右,students03
399,360,3770,150.8,0.6430112277919068,21.822429188266767,0.25566998745217784,0.37952475372224787,右,students03
399,283,3810,152.4,0.83264088325498,20.204401258725852,0.16557642451279503,0.5544217366915174,右,students03
400,366,4550,182.0,0.41014998872758535,9.43886259171245,-0.16885439295482124,0.9867743597282964,左,students03
401,402,4580,183.2,0.4133811023154233,9.49667834689373,-0.38645917191153406,0.8412787118843562,左,students03
401,402,4750,190.0,0.16960001607596376,14.275666728662628,0.16471941014464558,0.5553874872890165,右,students03
402,401,4670,186.8,0.9693152283131269,18.208395670922584,0.3955992203532046,0.8078011103361064,右,students03
402,193,4780,191.2,0.2460354788748634,19.245607432991164,0.16114762899082252,0.6048640615966947,右,students03
402,193,4820,192.8,1.0562386365321206,20.74872126502237,0.37069844771918087,0.45397848833677595,右,students03
405,404,5300,212.0,0.6988182575704364,8.961223465429299,0.3098416244060443,0.606943830140501,右,students03
406,407,5280,211.2,0.30494590592609944,64.7196681724912,-0.2531347618037409,0.8054147069419088,左,students03
406,375,5340,213.6,1.061182577734319,8.487515901589148,-0.65221608340046,0.7216535140541229,左,students03
409,7,10,0.4,0.794420523134876,34.184389789347335,0.6032269722850948,0.39395114213134663,右,students03
409,24,140,5.6,0.6460130737949714,18.624319660442296,-0.5513041373400005,0.45092149737500264,左,students03
410,28,480,19.2,1.0244707722212656,48.84851498163334,-0.5541510189479756,0.7200141424432103,左,students03
411,45,790,31.6,0.35551683569025505,28.05539721703778,-0.35406255950366516,0.6165048476349005,左,students03
411,50,900,36.0,0.7847461481373351,33.91707332831348,0.43560261569071845,0.6300340113084532,右,students03
412,413,1510,60.4,0.5055519707061236,8.769896354648722,0.3980914222601081,0.6530898393549515,右,students03
412,103,1660,66.4,0.4950050516095785,32.443161220665615,-0.1559496877903061,0.410366188413758,左,students03
413,51,1530,61.2,0.6628706762886772,9.82502946281241,-0.15789618138654932,0.8875549812658212,左,students03
413,412,1650,66.0,0.9317940589443092,20.89499062456599,-0.44910230197354917,0.501890534548752,左,students03
414,413,1490,59.6,0.31676954247983974,12.085199242298017,-0.2973878062698448,0.859619007644209,左,students03
414,413,1590,63.6,0.40933197035147767,11.42946546544266,-0.4015977796466911,0.4299583819539016,左,students03
414,412,1670,66.8,0.2742210517169324,23.604247887240433,-0.2618728331266004,0.8488391307223366,左,students03
415,416,3270,130.8,0.8145603055142483,13.438235189056059,-0.7938021951854298,0.6161134069159644,左,students03
416,330,3470,138.8,0.9661277787460677,19.551969330988925,-0.8375853909974917,0.8993529312797777,左,students03
417,418,4300,172.0,0.6462972767355845,20.386740564167383,-0.6070998547206461,0.44980557737534616,左,students03
417,418,4340,173.6,0.45162939942605257,8.264751758067604,-0.4350162705291399,0.7307774148413221,左,students03
417,192,4500,180.0,0.440385454518911,10.455229497092631,0.27999302279825794,0.69966588549446,右,students03
418,183,4400,176.0,0.2175525740293047,10.016571653590717,0.19824628941620215,1.2955241173345189,右,students03
419,37,380,15.2,0.7489563168620128,12.538968706002663,-0.7488193888280141,0.904623512299992,左,students03
420,419,280,11.2,0.7939266424231013,50.22341188570351,-0.5327035714609775,0.4726063644562931,左,students03
420,10,440,17.6,0.6759822936584211,14.93332869444373,0.5487711220464752,0.8929762820734614,右,students03
421,67,1750,70.0,0.6922321882948682,9.586705076653516,0.692006345885775,0.8149123502459397,右,students03
421,423,1830,73.2,0.6975505955118737,26.28127036239198,-0.6456572533441698,1.113391759094935,左,students03
421,423,1900,76.0,0.2604729687309394,15.754956779524662,-0.25036882694659157,0.5174685165618629,左,students03
422,423,1690,67.6,0.42322521922773804,9.185074836095396,-0.1718366495367174,0.7345317663629004,左,students03
422,67,1800,72.0,0.5553172645469774,12.489345117427433,0.3161316449209517,1.1150404399796274,右,students03
423,426,1710,68.4,0.6787136068993249,23.780266068119772,0.6713423753953219,0.44956079817139266,右,students03
423,426,1780,71.2,0.5160422404937688,8.069063826354665,-0.2513598485252869,0.9777999439900055,左,students03
423,426,1960,78.4,0.46839558882432836,42.32410700154048,-0.40953348453846594,0.40478389030035467,左,students03
424,425,1800,72.0,0.7532598978905244,43.25419041815519,0.7527952767486807,0.5198632868736737,右,students03
425,63,1810,72.4,0.9091828912913824,11.964154030207283,-0.820253960051853,0.7915672121306244,左,students03
425,66,1930,77.2,0.34415521810784505,10.788880974129313,-0.3245924411585431,1.0533034869243638,左,students03
425,64,1980,79.2,0.26870071332170675,12.249922018046504,-0.20193904219301487,0.9994968898102219,左,students03
426,425,1770,70.8,0.680294863971608,15.364382704332456,0.5655935036804639,0.5215259956561866,右,students03
427,428,2030,81.2,0.34305566113172414,9.361361304742275,-0.33602373802184043,0.7174516816713943,左,students03
428,429,2080,83.2,0.6186143356795888,15.346981268086267,-0.5602581217999987,0.7878756637500022,左,students03
430,431,3890,155.6,0.5538421718079596,13.085581353914392,-0.5518717200943788,0.4016591174583474,左,students03
430,175,4000,160.0,0.8428957079785089,17.065558717593603,0.7164357542783066,1.2146447981201647,右,students03
431,432,3910,156.4,0.673392165846679,12.228895517216529,-0.5886503599665374,0.38588826972026735,左,students03
432,142,3950,158.0,0.46814325348494495,33.17315049154223,-0.4509716933775198,0.4062750323752603,左,students03
432,364,4230,169.2,0.48584691792629914,23.584758523103858,-0.4788993767770739,0.45337757311113464,左,students03
433,204,4800,192.0,1.0431335806053073,9.926107501637944,-0.6864780810830999,0.9970352971665855,左,students03
434,294,5150,206.0,0.9390862327569504,131.51334976345692,0.8201013964540629,1.6075564317176272,右,students03
434,204,5290,211.6,1.077121506387471,25.593192548252716,-0.9423911192929397,1.3114830620607678,左,students03
434,203,5320,212.8,0.595485180808435,29.18473822892804,0.45130192914130274,0.5921664838257149,右,students03
