ped,other,frame,t,d_min,turn_deg,lat_other,speed,turn_dir,scene
2,6,70,2.8,0.4816637831516916,9.891375585168106,0.25929871400916155,2.0632574366762846,右,seq_eth
3,6,80,3.2,0.9436630754670865,10.637565610650114,0.9212409689714397,2.087537424814224,右,seq_eth
4,5,100,4.0,0.7766595135579037,11.373025189029647,-0.7706230993437335,2.571295879512896,左,seq_eth
5,4,150,6.0,0.6640783086353595,11.014105675066588,0.6179061007455211,2.5786685033171657,右,seq_eth
6,3,140,5.6,0.8935882720806039,8.63846008768013,-0.8921059967729531,1.9510013454634019,左,seq_eth
6,3,170,6.8,0.7003570517957246,16.025867448449674,-0.6669739773492335,1.7288905402020118,左,seq_eth
11,16,400,16.0,0.4780167361086847,11.493454522606498,-0.47779518132157595,1.8553975315279503,左,seq_eth
12,14,270,10.8,0.30886890422960983,11.064073316439504,-0.2742326506721041,1.7257244855422367,左,seq_eth
12,15,380,15.2,0.4940647730814246,9.074007141629579,-0.42601888224116485,1.8209286779003737,左,seq_eth
13,18,290,11.6,0.3420526275297423,17.788978186283146,-0.2885302105978928,1.3308831654206137,左,seq_eth
13,11,430,17.2,0.8521150157109078,11.073051432749736,-0.794417379805261,1.7706372440452036,左,seq_eth
15,20,320,12.8,0.331209903233584,22.370945672806045,-0.3247429291257983,1.782948751366681,左,seq_eth
15,18,440,17.6,0.684105255059482,8.035710710534744,-0.6599999999999995,2.3249999999999957,左,seq_eth
18,20,330,13.2,0.2699999999999996,8.90420109844672,-0.2669859289148622,1.8456028825291748,左,seq_eth
18,20,360,14.4,0.8125269226308753,8.947860715949844,-0.7477069912588196,2.116637959122909,左,seq_eth
18,20,390,15.6,0.7083078426785908,10.93849475598654,-0.7020613309103058,2.1095023109728968,左,seq_eth
23,24,500,20.0,0.8769264507357504,11.97756083290085,0.7147023199074019,2.655301301170935,右,seq_eth
33,34,810,32.4,0.9399999999999995,10.57888447920962,0.9291954107945802,2.149709282670575,右,seq_eth
40,38,1210,48.4,0.7278049189171505,23.294563253894438,0.38890872965260115,2.492551403682589,右,seq_eth
41,44,1330,53.2,0.3584689665786987,22.830127011058266,-0.2585867942530112,2.445020449812238,左,seq_eth
41,44,1420,56.8,0.1702938636592648,15.688490014167456,-0.16830659534615924,2.2600124446559917,左,seq_eth
41,42,1480,59.2,0.38209946349085583,13.044625166320827,0.3560660088464425,2.2362426634871193,右,seq_eth
42,44,1490,59.6,0.7481310045707229,24.658704147455268,-0.6666631901022811,2.3203246001368076,左,seq_eth
44,42,1460,58.4,1.1448143954370944,15.875596684433845,0.9680622679801599,2.4527089615362123,右,seq_eth
46,47,1440,57.6,0.7300684899377595,8.224409884464364,0.7146473390412535,2.360779797016241,右,seq_eth
57,58,2130,85.2,1.046231331972045,8.634141277018585,-0.46788887569593207,2.924305473099569,左,seq_eth
59,60,2230,89.2,0.5590169943749475,8.915591078941588,0.5406892735305083,2.4829418035870803,右,seq_eth
61,62,2400,96.0,1.1954078801814887,14.671121489960171,-1.175610048718033,2.5916331723451544,左,seq_eth
70,71,3480,139.2,0.6449806198638846,10.5538895157257,0.6038536743838887,2.0385733369198027,右,seq_eth
70,71,3510,140.4,0.7223572523343278,8.004505159375583,0.6342333966966199,2.0512953224730657,右,seq_eth
72,71,3440,137.6,0.5700877125495688,12.675430175885282,-0.5630938048839425,2.2886950430321313,左,seq_eth
73,72,3440,137.6,0.7810889834071406,11.49504586483107,-0.7180290086485643,2.382389819068206,左,seq_eth
74,75,3440,137.6,0.8000624975587842,10.891874469946202,-0.7119771568093757,1.7714753738056606,左,seq_eth
74,75,3540,141.6,0.9219544457292886,14.907654143420984,-0.8865410646530254,2.365936653843428,左,seq_eth
75,76,3520,140.8,0.8544588931013595,9.46989433743272,-0.6236967313783979,2.4270609798685108,左,seq_eth
78,80,3580,143.2,0.5672741841473136,8.46816467629074,0.3129564005178512,2.5830275356643457,右,seq_eth
84,85,3970,158.8,1.0804628637764468,17.11048913103062,1.0767574777164046,2.2160282601989096,右,seq_eth
85,84,3870,154.8,0.751664818918646,9.114928927922165,-0.7444384001099524,1.973971251057161,左,seq_eth
85,84,3970,158.8,1.0804628637764468,9.396951443695542,-1.0767610029276433,1.9862810727589013,左,seq_eth
86,87,3970,158.8,0.5420332093147062,14.358386345345309,-0.49298194520063665,3.0140556149481457,左,seq_eth
87,91,4010,160.4,0.45486261662176625,19.483458129198624,-0.30907009613407177,2.73724313863416,左,seq_eth
88,89,3990,159.6,0.8657944328765348,10.8688778840216,0.8517313487517721,2.7056653525518994,右,seq_eth
90,89,4000,160.0,0.8850988645343523,12.09214482186755,-0.8586413070538583,3.352098223501167,左,seq_eth
93,94,4110,164.4,0.6060528029800708,8.53893380142648,0.4541760862846089,2.2425222964331613,右,seq_eth
95,87,4040,161.6,0.4386342439892261,16.410817803891177,0.41964118675973977,2.9566926201415917,右,seq_eth
103,106,4350,174.0,0.9347192091746055,8.78656244050569,-0.9283827980708526,1.990288923749486,左,seq_eth
104,105,4390,175.6,0.6103277807866851,10.801855708439575,-0.6103110510009684,2.4895092387857938,左,seq_eth
106,107,4330,173.2,0.655515064662895,28.36819836718334,-0.6472982760466931,2.329297104278423,左,seq_eth
107,109,4370,174.8,0.5412023651093919,10.739329422911169,-0.27645259083424895,2.5203236399320397,左,seq_eth
109,110,4340,173.6,0.7224956747275384,8.377717378040273,0.69817274316603,2.4127266732889234,右,seq_eth
109,110,4460,178.4,0.502891638427206,8.371539112536254,0.4831969383215112,2.263052418747708,右,seq_eth
111,103,4380,175.2,0.8402380615040003,13.939482869922386,0.6834301064948799,2.142501458575967,右,seq_eth
114,118,4740,189.6,1.0519030373565812,16.58589794193054,-1.0031343020921697,2.385273831240313,左,seq_eth
117,118,4830,193.2,0.3535533905932726,14.083327872048415,0.20425578608028894,2.6296684676970847,右,seq_eth
122,121,5500,220.0,0.7308214556237387,8.008798838473552,0.7272706003533211,2.152396919715289,右,seq_eth
126,127,5640,225.6,0.965660395791398,14.932158420094026,0.9564018706211902,2.245133626312666,右,seq_eth
126,127,5780,231.2,1.0523307464861043,10.659127089627361,1.051125141508483,2.1893206708931947,右,seq_eth
127,126,5720,228.8,1.0604244433244647,10.694072356528409,-1.0431833264765689,2.351096818508377,左,seq_eth
130,131,6080,243.2,1.179915251193915,20.266547413778113,-1.0603834290362084,2.5225545088263694,左,seq_eth
130,131,6120,244.8,0.9741663102366044,37.15130201304228,-0.7107076232537707,2.513867786897363,左,seq_eth
131,133,6070,242.8,0.8450443775329195,10.83475911429261,-0.5748202889325369,2.7101948730673047,左,seq_eth
135,130,6090,243.6,1.0104454463255303,14.019439544413814,0.911464898550612,2.3784514394874323,右,seq_eth
136,138,6090,243.6,1.1868024266911483,12.939766300214075,1.0573963587457649,2.6282717705746883,右,seq_eth
136,141,6180,247.2,0.6870953354520754,27.153099462021885,0.5011533362251144,2.7005207831084066,右,seq_eth
137,139,6180,247.2,1.1036756769993628,13.846489967718867,-1.0617479209712817,2.3891028650939634,左,seq_eth
138,139,6160,246.4,0.8602325267042629,10.599191875942523,0.8188042492860736,2.737528538663989,右,seq_eth
139,138,6200,248.0,0.7505997601918082,9.567127449795294,-0.7499006830792719,2.5588388479933264,左,seq_eth
140,130,6160,246.4,0.8132035415564791,30.537878024900607,0.808289785387986,2.709733612368528,右,seq_eth
141,143,6290,251.6,1.1788129622633097,16.42647379190609,-1.173742991761917,3.20704790266683,左,seq_eth
142,143,6350,254.0,0.21999999999999975,8.972626614896427,-0.21778888860545637,2.563262081801197,左,seq_eth
143,142,6340,253.6,0.7655716818169286,18.458807151550616,-0.5971675372207719,1.7070167691033133,左,seq_eth
145,146,6610,264.4,0.9610411021387173,8.164975009321836,0.9588762122198041,2.9044416416928955,右,seq_eth
150,151,6680,267.2,0.4657252408878009,13.453490645735144,-0.1965905766066645,2.8689065861404175,左,seq_eth
151,147,6640,265.6,0.7463243262818117,15.202490098733307,0.6141861701551132,2.550122546074959,右,seq_eth
152,155,6730,269.2,0.5375872022286242,12.548760115226457,0.4817909675454317,3.0918491635265397,右,seq_eth
154,153,6760,270.4,0.8668333173107731,12.097334369056256,-0.8507097268427375,2.962526371190603,左,seq_eth
160,163,7100,284.0,0.3780211634287159,34.9061254941239,0.3461136355463552,2.5739378877511307,右,seq_eth
161,164,7110,284.4,0.935200513259055,8.496147075538971,0.659911162973945,3.002108633943766,右,seq_eth
162,159,7050,282.0,1.183089176689568,8.937914388551576,1.099269527304027,3.025645592266389,右,seq_eth
164,166,7120,284.8,1.1859595271340415,15.24471453038933,-1.0997758522660972,2.9526471174185254,左,seq_eth
166,163,7100,284.0,0.7582216034906946,15.658384819719146,0.7380701747219146,3.0867661071096855,右,seq_eth
167,166,7150,286.0,1.0893117092916975,8.729272596921362,-1.0784784478784835,2.344274941213301,左,seq_eth
170,172,7380,295.2,0.5234500931320963,11.84369979110545,0.1586150474396735,2.5549278365542474,右,seq_eth
171,198,8210,328.4,0.505371150739731,15.590100340982076,-0.3197902034357011,1.1253471686550567,左,seq_eth
172,168,7380,295.2,0.9261209424259879,21.67235282763761,0.89801328298951,2.8170518720818776,右,seq_eth
176,174,7620,304.8,0.9503683496413373,8.33074309481492,-0.9244067903831413,3.47547209023459,左,seq_eth
176,183,7660,306.4,0.6865857557508748,9.318892501841674,0.6715523742238038,3.5376987576671337,右,seq_eth
177,184,7620,304.8,0.3176476034853713,8.369298284786112,0.2909059709756786,2.708349358926888,右,seq_eth
177,184,7680,307.2,0.29206163733020485,11.769398000653553,0.23085452547373198,2.62502976173601,右,seq_eth
179,180,7720,308.8,0.5507267925205748,10.818037666059524,-0.21122897132500318,2.2156051656375326,左,seq_eth
181,180,7620,304.8,0.7155417527999324,8.463241667828385,-0.5982271875450733,2.5675864152936994,左,seq_eth
181,180,7700,308.0,0.5323532661682464,11.112701654048124,-0.48249008806697025,2.616115918685708,左,seq_eth
183,184,7710,308.4,0.8508818954473061,11.398039594846551,0.7856498716668162,2.950423698386351,右,seq_eth
184,183,7730,309.2,0.8591274643497325,8.866790984688436,-0.7572959875944868,2.667219994676152,左,seq_eth
185,186,7710,308.4,1.0165136496870077,11.324330206978743,0.9677280630220387,2.6648757006659216,右,seq_eth
186,190,7780,311.2,0.5923681287847952,13.391710652455572,-0.5897593555523427,2.4760098949721283,左,seq_eth
193,192,7950,318.0,0.6718630812896329,13.882366040731625,0.6685242520826197,2.475789015647477,右,seq_eth
195,196,8240,329.6,0.21023796041628628,11.114029587381424,-0.1579641801394882,2.3011546014989874,左,seq_eth
196,203,8250,330.0,0.17888543819998276,22.879629946201106,-0.17092773868247227,2.2933667936029334,左,seq_eth
197,198,8130,325.2,0.40804411526206347,11.236944259345393,-0.23643794478489316,2.3251344047170854,左,seq_eth
197,202,8170,326.8,0.43416586692184733,11.263569825774738,0.33897149372300117,1.7711666353000477,右,seq_eth
197,202,8280,331.2,0.33837848631377243,25.214052915386958,-0.32711466047273086,2.2652607465808154,左,seq_eth
198,201,8160,326.4,0.45694638635183515,13.62822683984055,-0.4553064858793323,2.4626269002834715,左,seq_eth
198,201,8250,330.0,0.4534313619501854,16.9242824938529,0.25285389520440993,2.41641521680374,右,seq_eth
200,205,8190,327.6,0.33286633954186484,8.30355873630154,0.19540408603833231,2.2005681084665056,右,seq_eth
204,206,8230,329.2,0.16643316977093212,9.489761390399934,0.15145223671513078,2.791309056697225,右,seq_eth
206,207,8240,329.6,0.3280243893371343,9.178506426560517,0.27819139767774514,3.089599488607073,右,seq_eth
208,211,8370,334.8,0.3920459156782537,10.192104823860916,0.2209748563183049,2.9177527739682905,右,seq_eth
208,209,8410,336.4,0.7467261881037789,13.82770296927572,-0.6744797072296372,2.8484919255633705,左,seq_eth
209,195,8310,332.4,1.1067971810589325,15.479801375809899,1.058716693856247,3.6662310347273137,右,seq_eth
211,210,8410,336.4,0.8864536084872124,9.023365953901248,0.8460452324413257,2.6158471381179313,右,seq_eth
212,214,8560,342.4,0.3623534186398682,17.780485324541587,0.3530973747822495,1.9799779039170968,右,seq_eth
213,214,8460,338.4,0.47434164902525716,8.034044248400505,0.23622591536382892,2.8225099645527942,右,seq_eth
214,213,8510,340.4,0.8807383266328307,14.521870805973435,0.8471340511718264,3.1430975963211627,右,seq_eth
214,212,8560,342.4,0.3623534186398682,11.10188771111197,-0.28127739208982866,3.3756712295481703,左,seq_eth
215,221,8630,345.2,0.9752948272189287,10.904899803963588,-0.7211816214020403,2.438012766578525,左,seq_eth
216,214,8520,340.8,1.1947384651043922,43.20608773094432,-0.18363967276099374,0.7433034373659667,左,seq_eth
217,218,8520,340.8,0.9932270636667119,12.054188913259992,-0.9896819035782503,3.193450328406746,左,seq_eth
217,218,8580,343.2,1.0231324449942933,8.838054117428584,-1.0219607745729027,3.289020560896459,左,seq_eth
219,221,8700,348.0,0.7892401408950253,11.204180387528567,-0.728677201891951,2.8500274121490348,左,seq_eth
220,221,8680,347.2,1.1497825881443848,8.270732075083998,-1.0535923634919042,3.076854115813715,左,seq_eth
227,228,8920,356.8,0.8000624975587842,9.39617574395524,0.7995397450488546,3.341453650733441,右,seq_eth
230,231,9030,361.2,0.790569415042095,14.436641470524876,-0.7863439924729254,2.2924127573366477,左,seq_eth
231,230,8920,356.8,1.0748953437428221,10.449360606266879,1.0389017188629168,2.564968323391132,右,seq_eth
231,230,9010,360.4,1.0542295765154757,10.220515238023324,0.7886399576891853,2.0413307546793806,右,seq_eth
231,230,9180,367.2,1.0195096860746342,13.926059412385143,0.29599268897098385,0.6676685180536028,右,seq_eth
235,234,9050,362.0,0.682495421230062,82.82148620678186,-0.6773677859462481,1.8741664813992378,左,seq_eth
236,241,9160,366.4,0.7060453243241548,21.18242415284027,-0.6921146855780024,2.0430140112098876,左,seq_eth
237,243,9180,367.2,0.39115214431215894,16.93075616028443,0.193067975573873,2.227842285710502,右,seq_eth
237,238,9260,370.4,0.4045985664828789,13.746646798025694,-0.3413026651694251,2.1055358581605557,左,seq_eth
238,243,9140,365.6,0.8352843827104632,18.64231723820828,-0.31492565168618003,2.6879360111432744,左,seq_eth
238,244,9230,369.2,0.539073278877742,12.01709063368483,0.3251708855531449,2.1161949933784103,右,seq_eth
238,246,9340,373.6,1.1182575731914357,70.55996517182642,0.6001856123157409,0.9013878188659504,右,seq_eth
244,238,9300,372.0,1.1086027241532475,9.834869258202133,-1.0424789803781285,3.0353129986874565,左,seq_eth
247,248,9440,377.6,0.8348652585896718,53.6525417911127,0.2926667227813453,1.3005407529177344,右,seq_eth
249,248,9360,374.4,0.7685050422736331,16.39285261172273,-0.6856349405483768,2.6617663308411665,左,seq_eth
250,256,9490,379.6,0.25612496949731417,18.26782711104792,0.22822367834004303,2.455923960549306,右,seq_eth
250,257,9550,382.0,0.28425340807103755,27.418730521762768,-0.2459550512454187,2.266674325967581,左,seq_eth
252,254,9490,379.6,0.29681644159311665,11.441043868767593,0.15522518625250317,1.9753559805765775,右,seq_eth
254,260,9510,380.4,1.1237882362794156,8.792782804866988,1.1039479805831198,2.787948394429115,右,seq_eth
254,275,9540,381.6,0.5124451190127577,19.24457545001752,0.4729634908402785,1.532359292072122,右,seq_eth
255,257,9470,378.8,0.2061552812808826,27.8653279646918,-0.20022142902020346,2.3036994704170413,左,seq_eth
255,260,9530,381.2,0.4304648650006174,22.17065334358807,-0.4134241483115623,2.2452728119317635,左,seq_eth
255,260,9570,382.8,0.3499999999999995,25.26913465824299,-0.15876476182881372,1.559697486694113,左,seq_eth
256,261,9530,381.2,0.32984845004941316,11.64299590629156,-0.27681959773036857,1.9290541723860215,左,seq_eth
256,257,9580,383.2,0.4651881339845211,15.008680478176274,-0.26005641742357144,1.7707696066964045,左,seq_eth
257,261,9490,379.6,0.31320919526731633,22.226207910290952,-0.3004552731502757,2.450031887547566,左,seq_eth
257,261,9610,384.4,0.3067572330035594,8.79099272270193,0.3045879100707198,2.6601515464348537,右,seq_eth
258,259,9470,378.8,0.9013878188659974,14.245242257781229,-0.8025327894847161,2.3908680432011824,左,seq_eth
259,264,9470,378.8,0.6826419266350402,21.753699790684408,-0.6531533436321549,2.5545302895054394,左,seq_eth
259,287,9660,386.4,0.7430343195303971,17.5494267703981,-0.7158095664138466,1.1308873728183113,左,seq_eth
260,262,9600,384.0,0.6545991139621261,16.083919424057484,0.6305048548980232,2.324327859834024,右,seq_eth
261,259,9540,381.6,0.43139309220246,9.313790787095513,0.22316850004800198,2.546842407766876,右,seq_eth
261,262,9660,386.4,1.1543396380615194,12.627292324727591,1.1326393382651097,3.029980404227094,右,seq_eth
262,268,9590,383.6,0.5731491952362837,8.171605990152557,0.5125858850762527,2.761000724375094,右,seq_eth
263,264,9540,381.6,0.7665507158694713,9.440536051271778,0.7659300309477955,2.2534695471649764,右,seq_eth
263,264,9620,384.8,0.7414849964766647,9.801470558938348,0.7246261795711897,2.3391371272329926,右,seq_eth
263,264,9700,388.0,0.44821869662029984,70.0168934781002,0.42461575588522976,0.4389262466520115,右,seq_eth
264,263,9520,380.8,0.8982204629154257,17.983810276134506,-0.8800000000000008,2.2500000000001283,左,seq_eth
266,265,9650,386.0,0.45099889135118704,11.444164346513418,-0.45078138334179757,2.4366023988334002,左,seq_eth
267,268,9590,383.6,0.6747592163134936,9.398874881101705,0.6353605367867385,2.5259280472728647,右,seq_eth
267,263,9730,389.2,0.46957427527495615,45.00000000000006,0.4454772721475254,0.5656854249492793,右,seq_eth
268,267,9520,380.8,0.58309518948453,9.450488186910178,-0.5465148780571415,1.5004166088124509,左,seq_eth
268,262,9580,383.2,0.53851648071345,15.289008158597113,0.40708418648354705,2.4153480598041717,右,seq_eth
268,267,9660,386.4,0.47539457296018944,19.392654477028657,-0.4091291012714705,1.7182840277439582,左,seq_eth
272,263,9520,380.8,1.006230589874905,9.237634028401288,0.7942703473096447,3.186887195995672,右,seq_eth
272,267,9590,383.6,0.21189620100417117,38.52899619938563,-0.20240043692763077,3.8024868507332648,左,seq_eth
275,287,9700,388.0,0.7043436661176129,10.575313344327583,-0.3196130508797728,1.544445693444827,左,seq_eth
276,280,9640,385.6,0.4272001872658761,8.084214011669388,0.32255213075648015,2.6534470505363004,右,seq_eth
279,281,9660,386.4,0.6113100686231169,34.80607791738555,0.3003076923076946,1.62499999999999,右,seq_eth
281,287,9650,386.0,0.21189620100417117,10.097230979389792,-0.20718407230404642,1.4992706560192042,左,seq_eth
296,295,9940,397.6,0.921954445729289,67.01128319791826,-0.16737850579551883,0.4480862082232914,左,seq_eth
300,294,9940,397.6,0.5300943312279431,21.23365306622364,-0.507084092973196,2.3780572427929147,左,seq_eth
303,304,10080,403.2,0.654599113962125,8.079471031820049,0.578231649774016,1.8870032458901553,右,seq_eth
304,303,9990,399.6,0.4535416188179429,9.779622724775777,-0.4531290440916024,1.990602923739414,左,seq_eth
305,310,9960,398.4,0.7294518489934751,15.124871626176628,-0.15831352188519612,3.0738056623670555,左,seq_eth
306,310,9990,399.6,0.8309632964216883,16.618591344893645,-0.7428466131543391,2.9551861193503504,左,seq_eth
307,314,10050,402.0,0.32649655434628994,11.005595921976749,-0.24893806339254307,2.116490314175925,左,seq_eth
308,314,10070,402.8,0.3905124837953326,10.760264543460892,-0.38825699179908474,2.3054961505064107,左,seq_eth
308,313,10100,404.0,0.31144823004794825,14.473080834353595,-0.3114003112492882,2.219410113070713,左,seq_eth
309,314,10100,404.0,0.3935733730830881,19.764400943015858,-0.22539506141317667,2.232746346990757,左,seq_eth
310,312,10060,402.4,0.5189412298131654,8.09016107131714,-0.4191682991797573,2.0886598574205086,左,seq_eth
311,315,10110,404.4,0.532634959423431,12.635478229469243,-0.38731126024196294,2.4682990094394763,左,seq_eth
312,313,10150,406.0,0.5069516742254618,9.716685817785105,-0.26659925104570004,1.8515618407172896,左,seq_eth
313,314,10130,405.2,0.7690253571892152,15.305035234342483,0.7689376275493176,2.173778392569005,右,seq_eth
314,313,10090,403.6,1.003045362882457,9.729290369650698,-0.9792116667332252,2.2715977306732564,左,seq_eth
314,315,10170,406.8,0.6324555320336752,8.52848218178508,-0.5621210109810846,2.1303242124145907,左,seq_eth
319,324,10460,418.4,0.27018512172212583,8.743694460648726,0.21739412258695107,1.6766782637107043,右,seq_eth
319,321,10540,421.6,0.3124099870362663,52.62756405501467,0.22791470848787937,2.1411518512240186,右,seq_eth
319,323,10580,423.2,0.6830812543175221,43.173863247512315,0.30587327487196236,2.0506858608767224,右,seq_eth
320,324,10500,420.0,0.26627053911388643,10.973138912569965,-0.24482907042603677,1.6179655435145397,左,seq_eth
320,324,10550,422.0,0.40999999999999986,8.045099574164482,-0.33671269662288916,1.7269916039171518,左,seq_eth
321,324,10480,419.2,0.7158910531638183,9.450436312623538,0.6013918363647965,1.9569188153829384,右,seq_eth
321,327,10540,421.6,0.3162277660168388,28.441654578755333,-0.3067514631530679,2.131204178393009,左,seq_eth
321,322,10580,423.2,0.9055385138137417,24.866705216946855,-0.8179092844706636,2.1267639737403736,左,seq_eth
322,323,10550,422.0,0.6109828148156055,26.653470519716734,-0.5760506395403492,2.1883926750015728,左,seq_eth
324,320,10530,421.2,0.9451454914456295,19.189900759426337,0.32469213137134767,2.2194101130707,右,seq_eth
324,325,10560,422.4,0.49091750834534287,10.577642087979854,-0.4733033360834157,1.466554209703742,左,seq_eth
325,329,10520,420.8,0.4518849411078001,8.47249588670573,0.3025456987540269,2.0385350131895748,右,seq_eth
326,328,10510,420.4,0.25495097567963926,13.830937928208328,0.17950770566591667,2.4407030237208174,右,seq_eth
326,328,10580,423.2,0.41048751503547554,9.453531815411992,0.404447955714909,2.228964165256972,右,seq_eth
327,328,10530,421.2,0.5818075283115544,8.119522067526532,-0.3819485005072163,2.059505401789441,左,seq_eth
328,329,10650,426.0,0.774144689318476,20.285384408964745,-0.35794426907176463,2.1253308565963356,左,seq_eth
329,328,10500,420.0,0.8802272433866157,12.568504547727883,0.7899835202484615,2.4418230894150943,右,seq_eth
329,328,10580,423.2,0.6080296045424105,15.331535161987517,0.4926048610982224,2.1662900313669473,右,seq_eth
330,331,10590,423.6,0.6158733636065126,11.963468154698205,0.5237301868007109,3.2877138713701504,右,seq_eth
333,332,10690,427.6,0.7930952023559341,9.070982835391106,-0.7122702094318178,3.0732718721258214,左,seq_eth
334,335,10610,424.4,0.30610455730027947,15.962752219146381,-0.27479068953753466,1.534804547816952,左,seq_eth
334,336,10660,426.4,0.590084739677277,8.42831399914516,0.5893969591530721,2.4928021381569527,右,seq_eth
337,336,10610,424.4,0.8095677859203634,10.31410393467624,-0.6969680484022878,2.407929608605494,左,seq_eth
338,337,10610,424.4,0.9000555538409841,13.490751541616817,-0.8794580977272793,2.795755711788616,左,seq_eth
340,341,10890,435.6,0.737563556583431,8.695316963634667,-0.7013805158891214,3.264989471652198,左,seq_eth
342,348,11160,446.4,0.3534119409414457,19.628711465153685,-0.25116898418824174,2.210663079259206,左,seq_eth
342,356,11220,448.8,0.3832753579347361,16.0210189113385,-0.33622880449154713,2.130617574789005,左,seq_eth
345,348,11110,444.4,0.3080584360149876,21.816130909334447,-0.15913949436665248,2.621128096831548,左,seq_eth
345,348,11170,446.8,0.37576588456111865,39.67974050664907,-0.26729043054350143,2.4392942114471916,左,seq_eth
346,342,11130,445.2,0.7532595834106594,9.596311437482399,0.7305401584286257,2.7041634565979327,右,seq_eth
346,347,11170,446.8,0.7338937252763509,8.918977521449591,-0.721243522158011,2.950979710197898,左,seq_eth
347,346,11090,443.6,0.8486459803710851,28.267500902557686,0.7969742404283415,3.205561573266246,右,seq_eth
348,353,11200,448.0,0.6628725367670617,10.40075430019067,0.43734204635119717,2.7349874314155174,右,seq_eth
349,353,11230,449.2,0.737563556583431,11.314727049757323,-0.5074778906338995,2.9912633200705954,左,seq_eth
351,352,11160,446.4,1.0770329614269007,27.44616680159976,1.007042736777621,2.919439158468377,右,seq_eth
352,353,11160,446.4,0.8860022573334675,17.921092187149412,0.8739920041915148,2.5638106404332754,右,seq_eth
352,353,11200,448.0,0.6809552114493287,10.686864740989165,0.6791189224034332,2.73387316823602,右,seq_eth
353,342,11180,447.2,0.351283361405006,10.223074628116763,0.21264762716907104,2.8262718375980214,右,seq_eth
353,352,11290,451.6,0.7021395872616785,11.007927779206767,-0.6539271858577804,2.2204307014630693,左,seq_eth
354,355,11260,450.4,0.5412023651093927,26.294050008873114,-0.21334260310910919,2.67000117041168,左,seq_eth
355,356,11340,453.6,1.141271221051333,69.05517863847467,-0.9023323275285213,2.3133106687169946,左,seq_eth
357,358,11290,451.6,0.8405355435673139,10.418749282551573,0.8287604269558477,1.2357310589282409,右,seq_eth
357,366,11460,458.4,0.43185645763378394,10.544563478486879,0.33070746046502303,1.1985668525368023,右,seq_eth
358,357,11550,462.0,0.6107372593840992,8.437057455764375,-0.6091338288164501,1.1333716292550058,左,seq_eth
360,361,11470,458.8,0.7256031973468696,12.506694625101744,-0.7176896143916461,2.663233467047101,左,seq_eth
361,362,11530,461.2,0.601414998150195,9.780826996155241,0.5232897297488435,2.9560583975963244,右,seq_eth
365,364,11520,460.8,0.7788452991448301,12.962195693866107,-0.7731127457395088,2.7313286601944875,左,seq_eth
366,365,11470,458.8,0.7905694150420949,14.29318725002858,-0.7903744036872967,3.118142475898011,左,seq_eth
23,24,560,22.4,0.8381527307120106,12.779155102916206,0.8025028132475934,1.8270963986610003,右,seq_hotel
24,25,540,21.6,0.5770615218501403,11.837827052508544,-0.5764525661106991,0.6791538853603052,左,seq_hotel
24,25,570,22.8,0.5277309920783505,10.126267015967414,-0.5225219416206875,0.8128845243944549,左,seq_hotel
24,25,720,28.8,0.7694153624668538,10.779234613819,-0.7625571524820497,1.0877873183669677,左,seq_hotel
25,24,500,20.0,0.9489467845985886,25.167870149781635,0.5727564927611031,0.7778174593052047,右,seq_hotel
25,24,680,27.2,0.8962700485902672,8.762971839107252,0.8236141472874985,0.9978883955633505,右,seq_hotel
27,24,620,24.8,1.035760590097924,18.29621839303431,1.035713620023751,1.2165525060596418,右,seq_hotel
36,42,1090,43.6,1.0210778618695053,8.541271190741469,0.9070338235644465,1.452261167972212,右,seq_hotel
37,39,1070,42.8,1.1403946685248927,27.95096902789055,-0.2203886571967616,0.37604022391228376,左,seq_hotel
42,38,1110,44.4,0.8052949770115295,24.262033631941733,-0.7639980506595406,1.3316460678423565,左,seq_hotel
53,52,1490,59.6,0.8700000000000001,8.892790611442479,0.8537871422904035,1.821443452320171,右,seq_hotel
54,53,1530,61.2,0.8709190547921205,8.119546433340759,0.7830533095072109,1.6916153522594815,右,seq_hotel
56,57,1720,68.8,0.3794733192202059,11.096143244142809,0.3005102624578934,0.8285906709588291,右,seq_hotel
59,60,1840,73.6,0.7655063683601854,34.84720254235097,-0.733542790054072,1.3271209439986804,左,seq_hotel
59,63,1930,77.2,0.3962322551231791,26.314030748039613,0.3791498483562035,0.8558621384311871,右,seq_hotel
60,63,1860,74.4,0.2899999999999999,17.440761767415523,0.2205471804932663,1.093303480283495,右,seq_hotel
60,59,1940,77.6,0.8668333173107734,35.076194238120365,0.49436276800990914,0.7775160770042019,右,seq_hotel
62,61,1860,74.4,0.6293647591023825,9.042885598554221,0.6047115972560168,1.450484832736975,右,seq_hotel
63,61,1930,77.2,0.9688137075826291,10.837836593484838,0.8437798511136737,1.4467636296230328,右,seq_hotel
68,69,2150,86.0,0.5341348144429454,8.715018235552463,0.42870460703778623,1.8631710200622764,右,seq_hotel
71,72,2860,114.4,0.7912016177940995,11.290173038254807,-0.7865468280238301,1.5227955378185252,左,seq_hotel
71,72,2900,116.0,0.7792945527847607,11.532216889469765,-0.7774828061418168,1.5934435979977215,左,seq_hotel
72,71,2810,112.4,0.9297311439335566,8.508703316270442,0.8799999999999991,1.462500000000007,右,seq_hotel
75,76,2860,114.4,0.608276253029822,16.19031096693803,-0.5513463593993536,1.167596355766846,左,seq_hotel
76,75,2840,113.6,0.9780081799248922,32.790514438927204,0.3979842101181088,1.1036870027321914,右,seq_hotel
89,90,3420,136.8,0.5787054518492113,8.221580370380707,-0.5599718798511811,1.227293770863384,左,seq_hotel
90,89,3470,138.8,0.5961543424315551,10.65504352818408,0.5842115639855056,1.3507521053102511,右,seq_hotel
90,89,3500,140.0,0.6395310782127791,11.319297589908217,0.6056488877572561,1.3029413839463193,右,seq_hotel
90,89,3530,141.2,0.7446475676452589,15.708637829015402,0.7083521505796191,1.3520817282990236,右,seq_hotel
91,90,3490,139.6,1.0701868995647446,12.328434709966928,-0.5682833641746118,1.2003254766937013,左,seq_hotel
96,97,4020,160.8,0.8450443775329198,12.37968304907082,-0.5617701728549717,0.8344159634139514,左,seq_hotel
96,97,4140,165.6,1.0043903623591774,11.00851020193113,-0.8010814905804488,1.1755982519551318,左,seq_hotel
96,97,4170,166.8,0.9060905032059434,16.390868947224504,-0.6761892871883379,1.2250637738501875,左,seq_hotel
97,96,4000,160.0,0.7550496672405067,11.880768232529249,0.7518354916457423,0.9303897032964069,右,seq_hotel
98,99,4040,161.6,0.8360023923410745,73.00917670801391,-0.7868648204039068,0.4705382556179611,左,seq_hotel
100,97,4090,163.6,0.8858893836140038,15.64487989837582,-0.721001154945448,1.643547991389337,左,seq_hotel
106,107,4580,183.2,0.6168468205316459,9.420447683912215,-0.5863578812892651,0.6376225372428463,左,seq_hotel
106,107,4620,184.8,0.608276253029822,17.205614336444853,-0.6082408381432935,0.5713197441013296,左,seq_hotel
106,107,4760,190.4,0.6082762530298218,8.94331931335364,-0.6066078212889784,0.5275236961502221,左,seq_hotel
106,107,4790,191.6,0.6280127387243033,8.258777837015884,-0.6172330270846235,0.48766023007827214,左,seq_hotel
106,107,4890,195.6,0.6726812023536857,8.615648184164172,-0.653451065064914,0.41720798170696,左,seq_hotel
106,107,4950,198.0,0.45177427992306085,13.971097640953644,-0.4509549769079439,0.5055937104039103,左,seq_hotel
107,106,4460,178.4,0.7502666192761077,10.738897100905518,0.747621431526711,0.5659615711335796,右,seq_hotel
107,106,4520,180.8,0.8202438661763953,16.128309747407855,0.7883977254224697,0.5942432162002551,右,seq_hotel
107,106,4590,183.6,0.6432728814430159,9.350940244015874,0.5820738923946477,0.6942847038499306,右,seq_hotel
107,106,4770,190.8,0.6082762530298218,13.1291663203491,0.5839716755384524,0.5287071495639324,右,seq_hotel
107,106,4890,195.6,0.7278049189171506,8.836045754380251,0.6699259660589372,0.5590169943749395,右,seq_hotel
110,112,4690,187.6,0.5692099788303083,9.094123049534602,0.21631596427686123,1.6538307803399732,右,seq_hotel
110,104,4750,190.0,1.0340696301506975,8.750095048787585,-0.9721867524874339,1.6524602869660505,左,seq_hotel
112,110,4720,188.8,0.9079647570252933,11.309247076813335,0.907917388886251,1.5364834037503066,右,seq_hotel
113,114,5260,210.4,0.931343116150004,14.241311474092356,0.9050339756967335,0.9536934780106101,右,seq_hotel
113,114,5300,212.0,0.9222797840135063,8.159283459820813,0.8921227353753314,0.9415744792633107,右,seq_hotel
114,113,5300,212.0,0.9222797840135063,12.101436463728533,-0.9175128781477457,1.0144271782636598,左,seq_hotel
119,120,5720,228.8,0.7963039620647382,8.37711491233182,-0.6374499353977627,1.4005021420905124,左,seq_hotel
120,119,5840,233.6,0.7446475676452589,9.721091869596762,0.7381020496963147,1.5492437671328338,右,seq_hotel
132,130,6760,270.4,0.9964436762808022,9.771634155123706,-0.8061951071708632,1.5799525309323617,左,seq_hotel
137,132,6810,272.4,0.7783315488916018,13.2294894758341,-0.5470053253377287,1.2694117732241028,左,seq_hotel
137,138,6910,276.4,0.831865373723417,8.091901535300224,-0.7616328104598022,1.2397706441112042,左,seq_hotel
142,143,6890,275.6,0.5288667128870942,18.083445383047717,0.51,0.9500000000000515,右,seq_hotel
142,143,6980,279.2,0.71449282711585,12.450363372193408,0.7091816049324948,1.2750612730374695,右,seq_hotel
143,142,6920,276.8,0.5502726596879044,17.267703847701,-0.5502607597150699,1.3125595224598126,左,seq_hotel
143,142,6990,279.6,0.5984145720150872,9.04506773164485,-0.5966305664201969,1.3806701271483874,左,seq_hotel
143,146,7070,282.8,0.6675327707311454,9.51122180823063,-0.6469358001543928,1.268673027221731,左,seq_hotel
144,143,6920,276.8,0.6350590523722971,23.070412249799745,-0.15752411292824403,0.3023346655611775,左,seq_hotel
145,142,7030,281.2,1.0822661410207748,18.22525374088599,-1.0402145751715117,1.221743119481334,左,seq_hotel
146,148,7070,282.8,0.16643316977093223,19.04566903761753,0.15464461523136708,1.5664948930653906,右,seq_hotel
148,140,7030,281.2,0.8881441324469808,17.30068990718854,-0.8678260725646483,1.9059118552545389,左,seq_hotel
150,145,7040,281.6,0.9577577981932592,13.009722454504754,-0.9173025315708107,0.43660622991434095,左,seq_hotel
150,148,7120,284.8,1.074243920159663,8.080581381600581,-0.8773623982984117,0.6388466169590138,左,seq_hotel
150,152,7240,289.6,1.128716084761797,49.54060561331778,-0.860906176969716,0.6281172263200416,左,seq_hotel
156,157,7520,300.8,0.6935416353759878,10.881056692570525,-0.6810725740028565,1.832220306076749,左,seq_hotel
156,157,7590,303.6,0.8200609733428361,9.763240815150994,-0.8195610910933194,1.650426081349878,左,seq_hotel
157,160,7550,302.0,0.3687817782917155,8.102031697418568,-0.291966455080757,1.7022503488031162,左,seq_hotel
158,160,7580,303.2,0.8579627031520662,10.302969539136768,0.8251075897216607,1.6319083920367468,右,seq_hotel
158,160,7610,304.4,0.518941229813165,17.861760929728405,0.42854478440935856,1.6337265683093842,右,seq_hotel
164,165,8050,322.0,0.6847627326307993,8.331911822070424,-0.6173813183986796,1.352081728299073,左,seq_hotel
174,175,9390,375.6,0.8477027781009097,8.447527247909562,0.8099999999999975,1.3624999999999794,右,seq_hotel
175,174,9300,372.0,0.6928924880528002,9.606338516322865,-0.6475427238951392,1.2375631297029557,左,seq_hotel
175,174,9410,376.4,0.6260990336999412,8.502999595207598,-0.497346671638996,1.1963486114005406,左,seq_hotel
179,174,9380,375.2,0.5345091205957108,20.405201041077362,-0.5323076923076925,0.48749999999998944,左,seq_hotel
181,175,9440,377.6,0.2507987240796889,9.050721677182878,0.23000000000000106,1.3000000000000007,右,seq_hotel
181,182,9570,382.8,0.6637017402418046,10.182291408632977,-0.572578737532888,1.637547709228629,左,seq_hotel
187,192,9430,377.2,0.722011080247388,14.336718549098293,0.4770580509584672,1.4927428613126783,右,seq_hotel
187,190,9550,382.0,0.32572994949804657,8.941696352787801,-0.3159266300438556,1.7037183599410812,左,seq_hotel
189,186,9460,378.4,0.5656854249492381,79.82448915695386,-0.23476238156096935,0.44300112866669583,左,seq_hotel
190,193,9500,380.0,0.6860029154456998,9.078131809186118,0.6675394346382488,1.4667672787461017,右,seq_hotel
190,193,9580,383.2,0.3753664875824694,20.929660273720117,-0.19023265108403412,1.465968110157888,左,seq_hotel
192,196,9530,381.2,0.3360059523282288,10.44240671703389,-0.25225863567518103,1.5470233514720757,左,seq_hotel
192,196,9560,382.4,0.43046486500061787,13.02566200039172,-0.34274631180765225,1.547427300392467,左,seq_hotel
194,195,9570,382.8,0.5249761899362676,9.90830272015475,-0.5061324911504519,1.5262802003563951,左,seq_hotel
196,200,9640,385.6,0.9219544457292886,15.33971481466935,0.8976184706872483,1.5206906325745468,右,seq_hotel
200,206,9730,389.2,0.7424284477308236,8.260914408861254,0.6772431725646098,1.402007489280983,右,seq_hotel
201,200,9640,385.6,0.6258594091327538,10.912839370024756,0.5883867255052202,1.4357054015361013,右,seq_hotel
201,200,9730,389.2,0.8499999999999999,13.893818173004206,0.826302524544715,1.354679390114116,右,seq_hotel
201,200,9770,390.8,0.7045565981523414,13.566650967934208,0.6917142987171232,1.4543576760893138,右,seq_hotel
203,206,9720,388.8,0.83168503653727,10.261374717234787,0.8236803418836276,1.47356922131263,右,seq_hotel
204,180,9630,385.2,0.9546203433826456,62.94438578660004,0.38475692177013665,0.6686039560158379,右,seq_hotel
205,195,9630,385.2,1.149826073804208,8.773360853797783,-1.1140078127823267,1.2589678312013097,左,seq_hotel
211,201,9750,390.0,1.1030865786510138,55.96291095685302,-1.0018333878376688,0.4776243293635975,左,seq_hotel
213,203,9770,390.8,0.8052949770115296,15.393482704287976,0.474187016803004,0.8050621094052768,右,seq_hotel
214,215,9830,393.2,0.22803508501982747,25.671450451797057,0.22678780340838142,1.4484905936870587,右,seq_hotel
219,224,10140,405.6,1.0241581909060729,11.387437708469406,-0.9028744548414185,0.9334077351297099,左,seq_hotel
221,225,10040,401.6,0.2102379604162864,8.042150518818573,0.210220334896569,1.653027525481746,右,seq_hotel
223,227,10070,402.8,0.33286633954186484,10.075856950872804,0.30399459371928356,1.074854641335291,右,seq_hotel
223,227,10110,404.4,0.4428317965096905,9.379051480067744,0.4326296588599076,1.1057378758096204,右,seq_hotel
223,227,10210,408.4,0.37947331922020544,16.17444691178133,0.3327269150519667,1.118033988749874,右,seq_hotel
224,227,10080,403.2,1.1742657280190032,16.237627487397788,1.155767784813975,1.0097184013377063,右,seq_hotel
224,219,10130,405.2,0.8683317338436964,14.44553637022264,-0.7684114261904728,1.2252550754842488,左,seq_hotel
224,223,10180,407.2,0.872066511224918,12.646798433905502,0.4031977092308602,1.1430496489654183,右,seq_hotel
224,227,10240,409.6,0.7816009211867655,17.851434642241145,0.7104022193216748,1.212693283563484,右,seq_hotel
224,227,10280,411.2,0.5393514624064718,16.78474588025466,0.5123774688870917,1.1473474844178484,右,seq_hotel
224,227,10310,412.4,0.5930430001273095,9.740402956654123,0.5930393042947122,1.1940608234089158,右,seq_hotel
225,220,10090,403.6,0.296141857899217,38.863665447021674,0.22554374604629512,1.5052512248790757,右,seq_hotel
231,232,10260,410.4,0.6811754546370563,14.26013170647505,-0.6592950840335867,0.8933784192602052,左,seq_hotel
231,232,10330,413.2,0.5408326913195983,12.934299841508789,-0.4935412292949579,0.9155770038614851,左,seq_hotel
231,232,10430,417.2,0.5385164807134503,24.345270451134127,-0.5117570732421992,0.821678921477227,左,seq_hotel
231,232,10580,423.2,0.3324154027718933,20.35275158375069,0.20587978883030067,0.9368330961275455,右,seq_hotel
232,231,10260,410.4,0.9180958555619342,15.723554165207076,0.6596665410493878,1.1718041645256942,右,seq_hotel
232,231,10380,415.2,0.6168468205316455,13.383905105417625,0.5768014291256782,0.8375932783875303,右,seq_hotel
232,231,10490,419.6,0.6166036003787198,9.133383455268472,0.6059154613688936,0.9382497002397414,右,seq_hotel
232,231,10520,420.8,0.5656854249492381,19.913780023055665,0.5329450729654103,0.9438120840506302,右,seq_hotel
235,236,10400,416.0,0.6413267497929587,11.59912007263597,0.599559401986215,0.8631338250816535,右,seq_hotel
235,236,10430,417.2,0.7085901495222747,10.794542061894873,0.7085596352860898,0.8363798479159964,右,seq_hotel
235,236,10460,418.4,0.7416872656315465,15.983518790868175,0.715280296641652,0.8800745707040787,右,seq_hotel
235,236,10620,424.8,0.5885575587824865,13.130110263557128,0.5885483745531792,0.8363798479160076,右,seq_hotel
235,236,10650,426.0,0.5600892785976175,24.347542224638516,0.5399344372596887,0.7950039308079374,右,seq_hotel
236,235,10400,416.0,0.6578753681359414,11.26779083737614,-0.616746826880391,0.8625905749543545,左,seq_hotel
236,235,10430,417.2,0.7085901495222747,9.936196260787256,-0.6952551788107889,0.9757208873442955,左,seq_hotel
236,235,10470,418.8,0.6040695324215583,10.854362088592325,-0.602722322435959,1.0137338161470142,左,seq_hotel
236,235,10500,420.0,0.6618912297349167,11.815619074133906,-0.6573903155480737,0.9132702228804427,左,seq_hotel
236,235,10540,421.6,0.750066663703967,11.780412640153315,-0.7483669523779818,0.926350365682424,左,seq_hotel
236,235,10570,422.8,0.750066663703967,11.402918768956198,-0.7406888825350897,0.9514791116992383,左,seq_hotel
236,240,10660,426.4,0.30528675044947484,13.894485680299454,0.27501726498728785,0.8544918080356192,右,seq_hotel
236,235,10710,428.4,0.694262198308391,21.257612988842652,-0.6538284304135439,0.896259588512142,左,seq_hotel
240,243,10670,426.8,0.38288379438153297,13.602145857322654,0.27597736203581097,1.2052619009990948,右,seq_hotel
240,243,10700,428.0,0.21095023109728994,18.55174262055715,0.19424047535849323,1.1879604370517394,右,seq_hotel
243,252,10620,424.8,0.7641989269817118,10.896859860734423,-0.5675856882564163,1.7001838135919107,左,seq_hotel
253,252,10670,426.8,0.5630275304103702,11.128838430384377,0.5034674587728729,1.0450029904263323,右,seq_hotel
257,255,10810,432.4,0.2624880949681338,18.655702047446823,-0.20892587688869774,1.6842097553451991,左,seq_hotel
259,261,10990,439.6,0.9654014708917735,22.536165993681806,-0.9638801627551353,1.5505039503335427,左,seq_hotel
265,267,11430,457.2,1.1081967334368028,9.407238074139627,1.0974350759597138,1.4888124462133785,右,seq_hotel
267,268,11460,458.4,0.49769468552517204,9.10191521316301,0.47703792612954243,1.7089836160712246,右,seq_hotel
268,269,11370,454.8,0.5322593352868505,9.045122290481203,0.5180622904754548,1.6378339354158886,右,seq_hotel
277,278,11830,473.2,1.0647065323364933,12.46425315264122,1.0642180227754086,1.4108951059522346,右,seq_hotel
284,285,12440,497.6,0.49040799340956914,9.630768332152456,0.4891581646953763,1.7862320677897265,右,seq_hotel
285,284,12550,502.0,0.5315072906367325,10.471063809720476,-0.5099578725099428,1.9432977769761475,左,seq_hotel
288,289,12610,504.4,0.777946013551069,43.232970554105805,-0.7751772787261689,1.1932754292282848,左,seq_hotel
289,291,12610,504.4,0.855102333057278,16.793250423678046,-0.8205461671427866,1.4191766979484806,左,seq_hotel
290,291,12500,500.0,1.0084641788382966,8.365886124032613,0.9300000000000002,1.6250000000000933,右,seq_hotel
291,285,12530,501.2,1.1692732785794775,11.295218072297644,1.0979549693838844,1.877581556151394,右,seq_hotel
295,291,12600,504.0,1.091146186356347,16.053735421907902,1.0684572056194257,1.7675017680331622,右,seq_hotel
299,300,12860,514.4,0.40311288741492735,16.268709202680867,-0.22087576635278183,1.853417451628313,左,seq_hotel
300,301,12810,512.4,0.7494664769020694,8.909015102506032,-0.6006018295370591,1.7326370797141397,左,seq_hotel
304,302,13020,520.8,1.1907980517283356,9.963227612164133,0.9707731364788876,1.6095418602818274,右,seq_hotel
307,316,13200,528.0,1.1822859214251011,13.465208094811715,0.4933783678716337,0.9125856124222509,右,seq_hotel
315,317,13190,527.6,0.49658836071740575,16.47042843960861,0.34761220717250735,1.1748005149812266,右,seq_hotel
315,317,13320,532.8,0.9449338601193203,20.139485819902802,0.9308997840314681,0.8243368546898964,右,seq_hotel
316,319,13200,528.0,0.8973850901368934,12.171086366528073,-0.32784352765661384,1.5876476309308332,左,seq_hotel
317,315,13230,529.2,0.48301138702933283,12.068145012270008,-0.44204422777903324,1.0768153277139814,左,seq_hotel
330,331,14210,568.4,0.9730878685915264,11.43268465965258,0.8729659821995693,1.6663020434484008,右,seq_hotel
335,337,14460,578.4,0.8271033792700886,8.699787146618007,-0.203887189434785,1.6375477092287434,左,seq_hotel
340,341,14840,593.6,0.7623647421018369,13.305051245933328,0.7585631247149879,1.7753960825687192,右,seq_hotel
343,345,15010,600.4,1.170683561001862,8.222413789696105,1.1704901868435127,1.5626999872017269,右,seq_hotel
344,346,14980,599.2,0.5614267539047281,9.37013160184813,0.5604893659806549,0.9250844556038544,右,seq_hotel
346,349,15150,606.0,0.620322496770833,8.957089051563685,0.6203116907967237,1.638692314011483,右,seq_hotel
348,350,15110,604.4,0.6965629906907196,8.783815562400662,0.44322246541229593,1.465968110158009,右,seq_hotel
349,350,15100,604.0,0.24839484696748446,10.134559942659507,0.1675813649262399,1.5380588415272904,右,seq_hotel
354,355,15930,637.2,1.0113851887386922,10.990955353904496,-0.9948782447583694,1.0900831390310521,左,seq_hotel
355,357,15840,633.6,0.21095023109728986,16.32500597478878,0.19259686313344612,1.5628499608088673,右,seq_hotel
356,387,16550,662.0,0.8828363381737296,32.871612064291156,-0.8607692307692308,0.32500000000001844,左,seq_hotel
359,358,15970,638.8,0.94578010129205,9.077053800930855,0.8358002153624987,1.4142135623730177,右,seq_hotel
359,358,16050,642.0,0.7066116330771808,16.699244233993625,0.6300000000000003,1.325000000000075,右,seq_hotel
360,359,15930,637.2,0.34132096331752004,18.07693291736402,0.3356549959427662,1.1928170438083858,右,seq_hotel
363,362,16040,641.6,0.6503076195155643,10.094439972738343,-0.6462043287381536,1.3795945962492806,左,seq_hotel
365,372,16110,644.4,0.5728001396647875,13.458684608615016,0.2836153559742611,1.5037972768961438,右,seq_hotel
366,365,16070,642.8,0.6612110101926616,8.357315093748468,0.6601159654323606,1.4853450777511803,右,seq_hotel
367,368,16200,648.0,0.5147815070493498,8.07911235321825,-0.4454231982708232,1.3877252069484862,左,seq_hotel
368,367,16150,646.0,0.9674709297958255,14.737167504483324,0.936946680180172,1.4744702438503963,右,seq_hotel
368,379,16240,649.6,0.551543289325507,13.320957794846152,-0.20125264987212496,1.4627136596067745,左,seq_hotel
369,371,16760,670.4,0.5108815909777918,39.53090502988803,-0.272019474660537,0.3225871975141168,左,seq_hotel
375,376,16200,648.0,0.7452516353554683,8.638738905447497,0.741152536942291,1.2811127975319687,右,seq_hotel
375,376,16310,652.4,0.6630987860040162,10.90315351165242,0.5555337840625891,1.2947007376224786,右,seq_hotel
376,375,16250,650.0,0.5909314681077663,8.48073206056074,-0.5123430269851864,1.3321153290913672,左,seq_hotel
378,381,16230,649.2,0.9708243919473798,11.064029350753316,0.36288131659942346,0.7871030745714327,右,seq_hotel
380,367,16270,650.8,0.9362157870918437,8.218917433673482,0.9340724881005423,1.4076798286541077,右,seq_hotel
382,383,16320,652.8,0.610327780786685,21.67830034476208,-0.5967032717528435,1.194060823408758,左,seq_hotel
382,383,16560,662.4,0.6926037828369118,10.894789617951773,-0.6368078471120904,1.042308135821708,左,seq_hotel
383,382,16450,658.0,0.746726188103779,12.83656453676764,0.7429335720356639,1.233959581996174,右,seq_hotel
383,382,16480,659.2,0.6432728814430159,18.664901362192523,0.6407297417237627,1.2140454068936932,右,seq_hotel
389,388,16540,661.6,0.7762087348130012,8.963058181532915,0.6962122797405533,1.5297058540779223,右,seq_hotel
389,392,16580,663.2,0.21260291625469288,10.0373642740837,0.15751391933188488,1.4093992514542117,右,seq_hotel
390,389,16560,662.4,0.7102816342831901,14.191096549024024,0.6628146673456152,1.1217313626711805,右,seq_hotel
392,395,16680,667.2,0.7689603370785776,11.38211882336293,-0.29201564659734813,0.8128845243943909,左,seq_hotel
393,394,16640,665.6,0.5738466694161428,9.342289325990691,0.4979504522343108,1.9783594845225798,右,seq_hotel
393,394,16670,666.8,0.4588027898781784,8.4075434316116,0.4204777502574181,2.0155644370744854,右,seq_hotel
394,393,16620,664.8,0.6168468205316455,8.361755186961318,-0.5904893226841071,1.8527007313647277,左,seq_hotel
398,399,16780,671.2,0.8561541917201597,9.987252275025924,-0.7638801604078538,1.7170559833620773,左,seq_hotel
410,411,17610,704.4,0.9135097153287426,12.72435568542241,0.31048314445714725,1.0733271868354641,右,seq_hotel
1,2,10,0.4,0.5042305905863667,10.891599634408749,-0.49211650701,1.2838371687500025,左,zara01
1,9,100,4.0,0.6018751416377708,12.267384833548647,0.595604666705499,1.3526841900044593,右,zara01
1,2,150,6.0,0.5696691493598163,8.285947803826133,-0.5683160034782118,1.364487857436379,左,zara01
2,1,90,3.6,0.611094410645518,10.444144394046248,0.6109998843145836,1.3291398920714048,右,zara01
4,3,240,9.6,0.7594030946832797,19.217150191026604,0.7588564057010881,0.756220225069066,右,zara01
6,7,10,0.4,0.22947567872438282,22.997549407736358,-0.15587755739318995,1.221883505636687,左,zara01
8,16,520,20.8,0.6444893433199035,9.89478642255088,0.5611211666379077,0.3313454952515705,右,zara01
8,27,1470,58.8,0.7927124228193644,12.698215806252392,0.7926645335763304,0.40074156638669606,右,zara01
8,34,1900,76.0,0.8525627300038519,22.986087094109735,0.8335481787020262,0.47847188588688616,右,zara01
9,7,100,4.0,0.55460630770908,10.203795860300374,0.549625470241442,1.0701675818640388,右,zara01
10,11,300,12.0,0.7757772058139291,8.253634182028378,-0.7757342542345868,1.2419906810001455,左,zara01
10,11,370,14.8,1.1756125952008991,11.346738234978915,-1.171602899484109,1.2023288214558285,左,zara01
14,15,530,21.2,0.8543502753674626,8.865043909837965,-0.7816553271508263,1.5227584593666688,左,zara01
14,15,630,25.2,0.5293762619779151,9.617067324498976,-0.5275852189850174,1.3784015308766766,左,zara01
15,18,670,26.8,0.48155914079879647,25.790715726208532,-0.18514801764345404,1.0815233409169653,左,zara01
16,17,490,19.6,0.7890080953505837,51.929908969979806,-0.5199192103001956,0.35923701885727644,左,zara01
16,18,600,24.0,0.5931797379847769,18.2001352429439,-0.4942210365742599,0.33117144343654614,左,zara01
17,16,570,22.8,0.39238160354156615,21.1059737558692,0.3597438591447059,0.46977501328086485,右,zara01
17,19,790,31.6,0.20285252427896183,16.255994842103718,0.17877010709478727,0.7762611252093387,右,zara01
18,20,580,23.2,0.5558681347516508,55.6456568221102,-0.35138756893023626,0.4313491062824802,左,zara01
20,12,640,25.6,0.33982993407926,56.312361146505225,-0.327517778343341,0.8024982872301917,左,zara01
20,18,760,30.4,1.0607920607615018,26.734687017617546,0.9840114447609879,0.907621274419989,右,zara01
21,19,980,39.2,1.1358362803259274,31.201469714728177,0.29963572107063,1.1548018740902029,右,zara01
24,25,1090,43.6,0.5908022973364261,8.845787347671603,-0.5244724621759879,1.3918314983437718,左,zara01
28,29,1700,68.0,0.7429602143310029,12.038224896357889,0.741537837413283,1.2601599851231726,右,zara01
30,31,1650,66.0,0.7272203163501297,8.795304653042649,0.7260065478604447,1.5461245862306587,右,zara01
30,28,1680,67.2,0.4621607414112053,10.733596844811359,-0.4163367825210892,1.4092449620369365,左,zara01
31,30,1580,63.2,0.7352520971880053,8.841029935342931,-0.6504094291639229,1.6836007361927778,左,zara01
31,30,1640,65.6,0.7793195749862148,8.299640887949096,-0.7728940700581927,1.5484374462899047,左,zara01
32,30,1710,68.4,0.7059522220443871,8.02587825387755,-0.15706360405840128,1.2127733296128795,左,zara01
33,32,1670,66.8,0.8045557004407704,12.797728047140538,-0.801831370131184,1.18906973525731,左,zara01
33,32,1750,70.0,0.601300130918325,16.47052510079604,-0.5780171586318775,1.1572521218710585,左,zara01
33,32,1990,79.6,0.786794535441473,8.425957395176113,-0.5702696431893485,0.9582081736419343,左,zara01
34,35,1840,73.6,1.1460989848169736,9.623824928907965,-1.1323180436374747,0.5471839124627725,左,zara01
34,35,1900,76.0,0.7751711437730048,12.619230357365382,-0.7390940729504341,0.4098774553882987,左,zara01
35,34,2000,80.0,0.7654047512621006,10.8852158285965,0.4938749889308998,0.44181927851542074,右,zara01
35,34,2060,82.4,0.7190614742168324,12.280053403577455,0.7023343932493555,0.376274508302749,右,zara01
35,34,2100,84.0,0.8423314035586864,9.880137999116982,0.8396686200628675,0.7794161059773156,右,zara01
35,34,2300,92.0,1.1453076267518052,10.4045194682474,1.0873422744174062,0.7814029737953301,右,zara01
38,39,2630,105.2,0.8398143581483686,9.939705617408379,-0.8395602321150715,1.3082922575060858,左,zara01
41,40,2990,119.6,0.9649375172946839,13.170825737205405,0.3680347421401078,1.0962861667743886,右,zara01
41,43,3160,126.4,0.5703143814618293,11.731589170352237,0.5654294688428406,0.9491075576581512,右,zara01
45,44,3150,126.0,0.8253331830783357,13.073413214641619,0.823536526778454,1.3189648102539457,右,zara01
47,46,3130,125.2,0.7360778380636732,8.54224134404501,0.7095706769339993,1.0965863239234763,右,zara01
49,50,3270,130.8,0.8746018327174091,20.1032129719365,-0.8636929874317509,1.3528847717239212,左,zara01
50,49,3440,137.6,0.6585031654769118,21.869287857594657,0.5429249301957481,1.0884178502857458,右,zara01
54,59,3610,144.4,0.2931269618773099,62.27778992991756,-0.2773322268237952,0.3099895458567625,左,zara01
54,55,3720,148.8,0.7426089541538478,8.476465265206457,0.7164279385877966,1.1511086341224777,右,zara01
55,54,3800,152.0,0.8403112862842563,8.49758882867161,-0.808925248157577,1.112292900606594,左,zara01
56,57,3620,144.8,1.0048401590303553,31.28603448333439,-0.9995182231177789,1.0311389309996521,左,zara01
56,54,3750,150.0,1.0076857667747325,15.016154129711737,-0.9431656169224365,1.1822466978031465,左,zara01
58,59,3690,147.6,0.4538834229210629,11.536760320678837,0.4516529156322627,1.2549130856351642,右,zara01
59,58,3650,146.0,1.198712697840974,15.622493218248053,-0.3301143112998351,1.3610053652625045,左,zara01
59,58,3680,147.2,1.1819717939893613,8.090070631544052,-0.2679752233677522,1.3365110163319949,左,zara01
59,58,3740,149.6,0.9752113060836958,10.073865577797562,-0.6071312297620104,1.11885989991678,左,zara01
59,58,3780,151.2,0.7035516826596755,17.27701750832307,-0.3647982092108152,1.1995022259034684,左,zara01
59,58,3890,155.6,1.1608505216919573,8.41792135602904,-0.9371306163385263,1.1912430097987035,左,zara01
61,62,3830,153.2,0.6051064725554867,10.696628168985086,-0.5918799899433818,1.1132937717811258,左,zara01
62,61,3760,150.4,0.6656610282695806,13.34776139926447,0.6648229649785024,1.1104616380504462,右,zara01
62,61,3890,155.6,0.4962103921136555,8.356903490920303,0.45727365167079015,1.1556221815006538,右,zara01
63,64,3810,152.4,0.6335297322974168,25.00908004216177,-0.5827953517479824,1.1450862620001048,左,zara01
63,64,3920,156.8,0.2426405030639346,10.97433140911997,0.22384437145215105,0.7671266128707622,右,zara01
65,66,4010,160.4,0.7605567730988233,11.69373798517779,0.7185747730515163,0.8574730318572117,右,zara01
65,66,4130,165.2,0.7487188298495011,12.564331542255928,0.7361994284101312,0.6405486744735424,右,zara01
65,66,4470,178.8,0.8244817286947917,8.508669309365246,0.8153603696430418,0.9370038008140202,右,zara01
68,70,4510,180.4,0.6788538370670432,8.825677784467018,0.6585436122104582,1.01237782951849,右,zara01
68,70,4680,187.2,0.6919225791804238,10.032609483554552,0.6824123518789211,0.8447777079042983,右,zara01
70,68,4510,180.4,0.6788538370670432,9.028055372425968,-0.6726134931662675,1.023776429822283,左,zara01
70,68,4590,183.6,0.8944739290917034,8.672192681172334,-0.8924119471340036,0.70362404446296,左,zara01
70,68,4730,189.2,0.9646184740472665,11.304827409736419,-0.6589718895395614,0.6959630165181675,左,zara01
73,74,4800,192.0,1.0649797632724447,10.856499823332854,-1.0220789071203633,1.4032635660943218,左,zara01
73,74,4830,193.2,0.7397315963577596,18.939652558753153,-0.6754313562364479,1.4311836741162962,左,zara01
76,82,5230,209.2,0.5173764369847147,9.094531401223804,0.15683809390713846,0.783003309480756,右,zara01
76,78,5430,217.2,0.9106105552928021,21.26848201103394,-0.8709758126894898,0.6727610400635666,左,zara01
77,78,5060,202.4,0.492227275063313,11.62081745318548,0.48817925236817594,0.7078092983636188,右,zara01
77,82,5100,204.0,0.549934490184068,37.51531463044691,0.4217631041344861,0.597758310341156,右,zara01
77,78,5250,210.0,0.7877416864088631,21.190427534618863,0.7876745517348337,0.5654639839044255,右,zara01
78,82,5070,202.8,0.24209041791841493,29.68520896743675,0.22529967030914955,0.9824725871576617,右,zara01
78,82,5190,207.6,0.4597694468008228,10.86985784527593,0.363387667876604,0.8093177460439632,右,zara01
78,81,5240,209.6,0.2138731497118051,11.34536047029303,0.17980910353453175,0.6030894634254923,右,zara01
78,77,5400,216.0,0.822689326385325,10.110473941170738,-0.7852767475226868,0.5852117007320762,左,zara01
78,89,5570,222.8,0.7593298065204244,17.107294314181615,-0.759290853278745,0.6975785417343344,左,zara01
79,80,5240,209.6,0.3817520510377741,11.061098845442359,-0.37476425554409676,1.1839602072108961,左,zara01
79,80,5280,211.2,0.6717513430494683,15.137717589658422,-0.6412720618692784,1.1365636260842487,左,zara01
80,84,5150,206.0,1.0626881549726335,17.447486742000763,0.9058804491995204,1.2097402649691695,右,zara01
80,84,5290,211.6,0.283452500277085,10.179114641844734,-0.27965486401973033,0.8057483408685011,左,zara01
81,82,5260,210.4,1.0342403740433044,37.862010332677755,0.8967975013521249,0.8513194265257634,右,zara01
81,82,5320,212.8,0.9233136747813014,9.909490728371907,0.9022717074029777,0.7825385250849796,右,zara01
81,76,5470,218.8,0.8785322664517031,15.312011196023178,-0.8606613739979012,1.1584227246438121,左,zara01
82,81,5100,204.0,0.8492192459703978,32.54263486313192,-0.8012278078069431,0.6326595477825748,左,zara01
82,81,5170,206.8,0.837699041086884,13.771089602454595,-0.8366419911608654,0.9723394475249434,左,zara01
82,79,5240,209.6,0.8572921672957167,17.909971417445803,0.6694549337225246,0.7802355788033457,右,zara01
82,83,5330,213.2,0.6509306280904782,8.507277009819603,0.5688961728368641,0.9013346546957274,右,zara01
82,81,5430,217.2,0.6643714533427668,12.149606705628628,-0.6570654947517268,1.0529860624030718,左,zara01
83,84,5130,205.2,0.9317245341188641,24.127394880368627,-0.6966374626376701,1.1059318568736063,左,zara01
83,84,5290,211.6,0.6665427649007971,12.197478272841806,-0.637163949140979,1.155724355178493,左,zara01
83,84,5330,213.2,0.5678164008265505,19.410758090726944,-0.494867456429052,1.1125904419780768,左,zara01
84,83,5180,207.2,0.6279611741199247,10.923618813715592,0.5572864565288642,1.1185671978569165,右,zara01
84,83,5380,215.2,0.5757859286606654,15.855298943380944,0.5745672251752452,1.3732178032923688,右,zara01
85,86,5270,210.8,0.6261569350077715,14.163471339544031,0.5223132956386731,0.40669654096142954,右,zara01
86,87,5340,213.6,0.21594266764922218,9.017324017265537,0.21008648236661798,1.1571503984048992,右,zara01
86,87,5410,216.4,0.26437012035939395,12.124594093280507,0.20120507593130865,1.0369702390328375,右,zara01
87,88,5330,213.2,0.6244481954573283,9.927483056145974,0.6053330806984865,1.2561002262062277,右,zara01
87,88,5440,217.6,0.665439508353614,14.848473561986424,0.6527522982891892,1.0375981591341994,右,zara01
88,87,5370,214.8,0.6281321482205939,10.131486975627382,-0.6156203756699611,1.1589554154740282,左,zara01
88,87,5480,219.2,0.5991702200326547,15.289210782954115,-0.5965833386559487,0.9077521739207067,左,zara01
88,87,5520,220.8,0.5387538803713913,8.480909452356627,-0.5385548689159212,1.1133964005750254,左,zara01
89,77,5620,224.8,0.8053321828587885,48.089236242886415,0.44839114889752274,0.7440943883357415,右,zara01
91,94,5520,220.8,0.2208761921747505,11.29293117958457,-0.16703823178106667,0.9536846445137901,左,zara01
91,93,5590,223.6,0.18180199710302747,11.661330016028728,0.18169304174217848,0.8780439999431736,右,zara01
92,83,5420,216.8,0.261402571162164,9.017648689536571,0.25161665802208194,1.1347730570206478,右,zara01
92,94,5460,218.4,0.5451472191239886,8.71409496412079,-0.5450426874620372,1.1178606050841347,左,zara01
92,93,5520,220.8,0.5504911455229194,15.899681591375156,-0.5491172695318577,0.8761119215865113,左,zara01
92,93,5660,226.4,0.7581550009086107,10.176755613347268,-0.7029723355350888,0.807767693834285,左,zara01
93,94,5390,215.6,0.3770753212756552,15.262810303408287,0.3651325267972096,1.1069747972932642,右,zara01
93,94,5520,220.8,0.2393348289077455,8.998354608650374,-0.23653761322565653,0.9365200660443311,左,zara01
94,88,5510,220.4,0.3784266276178822,12.543328657310383,0.17651021567657368,1.0696911329703207,右,zara01
94,95,5540,221.6,0.7508107540207597,13.078703848381593,-0.7371265494375479,1.113662407110805,左,zara01
94,95,5610,224.4,0.784373549303765,10.548751968965064,-0.7614479080921427,1.2759360220491736,左,zara01
95,94,5470,218.8,0.5990063597574015,8.16930927641414,0.5819797264038098,1.0167982442484118,右,zara01
95,94,5670,226.8,0.897586748059647,9.714463765509379,0.6735353524930161,1.0650291198234072,右,zara01
98,96,5710,228.4,0.6885631760118959,12.594559568056923,-0.611408192628139,1.2224311812703204,左,zara01
99,100,6080,243.2,0.8852676113796962,11.825578565862429,-0.8748887540415262,1.1972409062677447,左,zara01
100,105,6130,245.2,0.6881647531844243,15.665998928413671,-0.6679863445619224,1.1460491148686147,左,zara01
103,104,6150,246.0,0.9631853089803949,8.713210300412385,0.9615697949947882,1.2510427886956141,右,zara01
103,105,6210,248.4,0.7981975491681411,8.514083774764828,-0.5875971400047226,1.245677802941023,左,zara01
103,104,6250,250.0,0.8906679965957516,12.242062788587361,0.8895358639038057,1.367655848712697,右,zara01
104,103,6070,242.8,1.0106781838468692,13.058437478074552,-0.9449214085641179,1.1054265089416762,左,zara01
104,103,6300,252.0,1.0102235960276058,12.11457376904417,-0.9724423575213822,1.2778934348257218,左,zara01
105,106,6200,248.0,0.8808263432148625,11.711178830053086,0.8714905223307222,1.5874722493672146,右,zara01
106,105,6300,252.0,1.1496458805524967,9.336308483696257,-1.0522562479785296,1.4677223258375345,左,zara01
111,113,6550,262.0,0.29516412950174453,9.654227736865892,0.2196238834210797,0.5524911000039509,右,zara01
111,113,6670,266.8,0.38116972742359057,11.668448293468373,0.3657079017035792,0.9725895487627239,右,zara01
112,113,6510,260.4,0.7627657797595818,26.37985756870546,-0.7426784586127301,1.1637181608829947,左,zara01
112,113,6780,271.2,0.6706236832002269,8.250674677881193,-0.667849765576541,1.0562960345019015,左,zara01
114,115,6640,265.6,0.7694445684863165,16.548872254915864,0.6749158385573951,1.1116395350928474,右,zara01
114,115,6670,266.8,0.5904348626567186,26.414079900650336,0.3195611264723077,1.101556983125466,右,zara01
114,116,6800,272.0,0.9180365291225709,10.698037057032849,-0.9069253590774097,1.2299293725785048,左,zara01
115,114,6700,268.0,0.490300264929972,8.36689362601615,-0.49015073159249756,1.203081757152863,左,zara01
116,117,6580,263.2,0.9038231934686571,9.280146508778529,0.7837940412624811,1.083690748477334,右,zara01
117,118,6680,267.2,0.7568636068949277,11.37455065313199,-0.7377192187167283,1.1199679803824745,左,zara01
117,118,6710,268.4,0.7270962952466361,11.106287143849897,-0.6943375572702281,1.1278178102860419,左,zara01
118,117,6610,264.4,0.9240877170062799,10.253903841869288,0.8003746675657998,1.1021233157364134,右,zara01
118,117,6830,273.2,0.7412910914520369,19.671353233052884,0.6980236732471664,1.2093928085076877,右,zara01
122,125,7200,288.0,0.17006407155884687,17.354304647892604,0.15371793423673805,1.2653002803809805,右,zara01
125,119,7010,280.4,0.5243424224098434,10.71684050910298,-0.5125282949696528,1.392112849518317,左,zara01
125,124,7050,282.0,0.7301834113059468,9.461351686440338,0.6914371149211864,1.3526676185632562,右,zara01
125,124,7200,288.0,0.8053718112580963,10.746236080007861,0.7920789761651723,1.3000520025742108,右,zara01
126,129,7340,293.6,0.4349554957568761,8.109301965426312,0.4058290452218077,0.7632049342938202,右,zara01
126,129,7590,303.6,0.6571163709758617,8.18233342885506,0.657017583543944,0.9183074047757793,右,zara01
127,130,7330,293.2,1.0017038796017954,24.47449985109415,-0.7901567833365823,1.1743418275161375,左,zara01
127,130,7500,300.0,0.8413827781507522,11.763364465575677,0.798091769485827,0.9951556675072047,右,zara01
128,127,7620,304.8,0.807682741950438,11.533013871368354,0.7468043807178091,0.993965077410205,右,zara01
129,128,7330,293.2,0.8691880189499892,10.122521879828184,0.7322624352445884,0.8819536896055721,右,zara01
129,126,7530,301.2,0.778142675961116,8.377903780691838,-0.6688164157337997,0.9014404923489457,左,zara01
129,128,7620,304.8,0.6859796192369505,10.439003679531254,0.6855223059816082,0.8362521122476672,右,zara01
129,128,7650,306.0,0.6162614224660397,15.468640109062136,0.5904416921400124,0.7334347501566783,右,zara01
133,134,7710,308.4,1.0160846529119738,10.677154207151148,1.0133090034762517,1.2334323444207784,右,zara01
133,134,7930,317.2,1.008411972951711,9.724862438575627,1.0031404314745225,1.0439775417359722,右,zara01
134,132,7800,312.0,0.8109155143125203,12.146844913098022,0.8039587397944291,1.2907839995108614,右,zara01
134,133,7850,314.0,0.8166746393617871,8.013348083094769,-0.7998666640916791,1.1488238068156247,左,zara01
137,138,8040,321.6,0.7582396543064387,8.021721218044007,0.698783009398104,0.9841026451130095,右,zara01
138,137,8010,320.4,0.7407700768853355,8.945247482254558,-0.500629582883813,0.9889456588660958,左,zara01
139,144,8660,346.4,0.49394378035759545,12.706478482255335,0.4736344830763951,0.763445405423579,右,zara01
141,142,8580,343.2,0.5459112943898222,19.541744258935296,-0.5163355911063493,1.8049000967465303,左,zara01
143,147,8650,346.0,0.43008892984776476,19.93026837470086,-0.4133192381065439,1.1986219988769586,左,zara01
143,147,8760,350.4,0.37392411711483464,15.144244587444433,-0.3369892526681115,0.9074488737811716,左,zara01
143,144,8840,353.6,0.42262002765017764,10.648935258147617,0.4080102021318028,0.8938336148802402,右,zara01
143,147,8870,354.8,0.3024533909604608,13.201682802101203,-0.18323686332290756,0.9599269424967682,左,zara01
144,143,8840,353.6,0.6653880874489589,10.299405693995368,-0.43519001269359847,1.033291774437845,左,zara01
144,147,8910,356.4,0.7124585744797343,9.820210305179302,-0.7035662864371749,1.0678103750884826,左,zara01
147,144,8760,350.4,0.8656914847265315,10.90164173681228,0.8244922964694823,1.0399519301249383,右,zara01
148,140,8620,344.8,0.8945332004613763,28.306987135489464,-0.16365981663607176,0.34692380595922895,左,zara01
1,2,100,4.0,0.7018128314523153,10.315200672768924,-0.6417334499773759,0.7621474798187465,左,zara02
1,6,250,10.0,0.2912876472302207,8.146797156097364,0.22896574606911094,1.1795245746733123,右,zara02
2,1,0,0.0,0.5737241754008349,10.859836708096509,0.5117380718431692,0.8836883804929131,右,zara02
2,1,210,8.4,0.758505443169107,8.070213783676536,0.7579813019505279,1.2181437010524698,右,zara02
3,1,150,6.0,1.089285328015945,11.744252906617334,1.031370665733644,1.6440653039387356,右,zara02
5,6,320,12.8,0.7586641072835115,8.731523860797154,0.737647601384371,1.5440870201968266,右,zara02
6,5,210,8.4,0.6446560719436811,8.66694144688472,-0.6199951465294149,2.0288448618967774,左,zara02
6,7,320,12.8,0.42009707951753217,19.017180058119493,0.3821155376241461,1.5525147185542967,右,zara02
6,10,360,14.4,0.3184841049780135,20.323898682580392,0.25316704900924,1.2263619710989009,右,zara02
7,8,380,15.2,1.1823185269823393,13.317770360804303,-1.1228817306525278,1.045301035732347,左,zara02
9,12,410,16.4,0.39914190622909895,8.121828458043439,0.19469924829602278,1.1909237525640737,右,zara02
10,11,510,20.4,1.1816838583515226,8.719479861239762,-1.1700220382498918,1.1197247224899871,左,zara02
10,14,590,23.6,0.7382664882059631,9.207191892828888,0.36705496050530184,0.7888101767658355,右,zara02
10,16,670,26.8,0.9897722853592967,8.340119070751712,0.6321892626786118,1.08219528086914,右,zara02
11,10,550,22.0,0.9467073443376939,13.76319307379481,0.7616496010863949,1.0286513637887045,右,zara02
11,10,620,24.8,0.3883654243256076,8.2699346032621,0.38833444154981983,1.287015755044451,右,zara02
11,10,680,27.2,0.27270461581192146,19.217578902291308,0.1526943470659073,1.3303719341847222,右,zara02
12,13,460,18.4,0.8065274972728788,8.014501758730319,0.8051962199403051,1.2989555185021646,右,zara02
12,13,560,22.4,0.49924851428783334,15.858462918306827,0.461469634488316,0.8631698966429008,右,zara02
12,13,700,28.0,1.0544440303839362,12.616236973816854,0.8420182399705607,1.418749073777535,右,zara02
13,12,530,21.2,0.5902161694508224,8.483140706864361,-0.5885311236134547,1.1290033059088722,左,zara02
13,12,630,25.2,0.6374786746477122,8.176192790396414,-0.6323257705417156,1.2529409408640115,左,zara02
14,15,660,26.4,0.4050811328431124,9.340558204067406,-0.17843616522167216,1.3567684720923028,左,zara02
14,17,730,29.2,0.7321098263726342,16.356371126768096,0.6765069319543179,1.2992394335310928,右,zara02
15,16,790,31.6,0.45298409445636584,9.886183559020225,0.43035740057320593,1.1800893042698188,右,zara02
16,15,630,25.2,0.38874512814082796,9.518229900469663,-0.33610804663182225,1.2570386435197107,左,zara02
17,18,610,24.4,0.9892360478877755,39.81726317036086,-0.5331889291425664,0.8498873094302233,左,zara02
17,18,720,28.8,0.3938437502822283,10.896782467369775,-0.39381903217983055,1.162989473819772,左,zara02
17,18,840,33.6,0.5491026669520349,18.289893022609164,-0.5400429116132274,1.2728228977448446,左,zara02
20,21,1170,46.8,0.9394824817974398,15.880621376780141,0.42100764651123196,0.9575638488156488,右,zara02
20,21,1250,50.0,0.6762569169915998,11.271639571416387,0.670070863493229,0.9029406353803726,右,zara02
21,20,1430,57.2,0.6956285917563709,18.129054457978384,-0.5775829032610398,1.2021817698811592,左,zara02
23,24,1440,57.6,0.9115754880182997,23.801803250736867,0.4101506792607111,0.9960212125984429,右,zara02
24,25,1190,47.6,1.0022473700479437,16.47782693866094,-0.581097761203023,0.9922667135708599,左,zara02
24,25,1420,56.8,0.5062970349837737,8.141907934642717,-0.5021066814969302,0.8711157763277865,左,zara02
24,25,1560,62.4,0.45792383799844844,28.10869308320744,-0.45775626331216096,0.8938671099068891,左,zara02
25,24,1310,52.4,0.42740500162537903,10.25894345962962,0.3648638435767484,0.9983773790369408,右,zara02
25,24,1450,58.0,0.5005896611611353,13.979791098744869,0.49771918670459686,0.906352666967354,右,zara02
27,28,1350,54.0,0.6931805151951771,10.256081315092757,0.6616256020804445,1.5099188708312068,右,zara02
27,28,1380,55.2,0.8224271760221069,9.659484110910597,0.7583763213867482,1.5687210133983511,右,zara02
28,27,1220,48.8,0.8334835957714165,8.06694987948319,-0.7775798130188863,1.3932631127724924,左,zara02
28,23,1340,53.6,0.6071120012977944,11.52685127680553,0.5864958170472796,1.5465915219803699,右,zara02
30,31,1510,60.4,0.6139615953080025,8.85200147613034,-0.5430205609612992,1.3158582907814633,左,zara02
31,30,1370,54.8,0.7380424320461431,10.218024503472265,0.6818308934589246,1.4288222369109544,右,zara02
33,34,1550,62.0,0.4112697558383783,14.668390532148436,-0.4111907285683107,0.9921301007539822,左,zara02
33,36,1750,70.0,0.3512466035902689,21.243597220591482,0.16379139360183273,1.2774572917346534,右,zara02
33,38,1790,71.6,0.44168242871884106,17.450089060983004,0.43539015153732863,1.1164392525995965,右,zara02
34,35,1530,61.2,0.6819488850627327,12.863668692432583,-0.5799503238357296,1.4012902910067955,左,zara02
34,33,1790,71.6,0.8902142260776923,21.898313894400133,0.4777000938052483,1.060727696503046,右,zara02
35,34,1710,68.4,0.8142460936579294,23.704613444610544,0.4481705003502605,1.4654751116142268,右,zara02
36,37,1750,70.0,1.0945482217071125,27.307104638429223,-0.6202779951716786,1.1556739542846048,左,zara02
38,40,1600,64.0,1.068376414948511,12.126126247398162,-0.49631727210039445,0.42831089375349407,左,zara02
41,44,2070,82.8,0.6959089110231723,11.086215226291984,-0.542827429323703,0.47322081666599075,左,zara02
41,49,2180,87.2,0.8844491438251945,50.89539690427628,-0.2786964544703975,1.0126503827129547,左,zara02
41,48,2220,88.8,0.5911172843928357,15.041332881192659,-0.44550722460506426,1.0854014925391176,左,zara02
42,38,1930,77.2,0.7430703363635298,10.479362624977796,0.7402997319804613,1.6373043055655374,右,zara02
43,44,2100,84.0,0.8816611571665832,20.71694407892494,-0.7572347917099204,1.4918127642499235,左,zara02
44,43,2020,80.8,0.436574525767662,11.845583356717384,0.4355263505227037,1.6372599121209037,右,zara02
44,43,2190,87.6,0.7085021068564629,64.61518381597568,0.6246790511930203,0.9715880336970203,右,zara02
44,43,2610,104.4,0.4129806295579713,25.63341433272251,-0.3609254757031744,0.3761977617084362,左,zara02
45,46,2100,84.0,0.4193460364963398,8.219221890590347,-0.40386586129824303,1.2678540534509137,左,zara02
45,46,2250,90.0,0.5629997162145163,8.341908837946107,-0.5610036652287046,1.1270694447004808,左,zara02
46,45,2080,83.2,0.7032121605535387,8.158243054457785,0.3926902739071,1.4277375623661104,右,zara02
46,47,2130,85.2,0.25757669351358187,13.189003097825093,-0.23455650039494907,1.231773299408193,左,zara02
47,41,2150,86.0,1.0979641093234414,12.224618786637677,1.058052514350471,0.8747321588494722,右,zara02
48,49,2190,87.6,0.7420652800422894,21.292085212395705,0.33553482921809924,0.3170582188148748,右,zara02
48,49,2220,88.8,0.8879707176001905,29.603119920873723,0.3892555584332902,0.7098338893524042,右,zara02
48,49,2350,94.0,1.0937874526323261,8.230936320411615,0.9246601075709753,1.1886017440504462,右,zara02
49,48,2170,86.8,0.5421606762924485,19.070219351680123,-0.330725052840739,0.7418493752205543,左,zara02
49,48,2460,98.4,0.7938063180711927,11.29018257702171,-0.7772036680625528,1.0531850604458448,左,zara02
51,50,2470,98.8,0.4097415002159691,9.62154189711515,-0.4077908281604731,1.1716364022685364,左,zara02
52,53,2560,102.4,0.37952236993636895,16.078856696746584,-0.3709740335180487,1.1282122244640616,左,zara02
54,52,2520,100.8,1.0516522988009396,8.837657071433739,-0.6224056659486346,1.1902663344905657,左,zara02
56,57,3200,128.0,0.7252203174180918,34.87428187817275,0.718451151427412,1.1685163787185868,右,zara02
57,61,3200,128.0,0.669394137890611,28.659844126054736,0.6552079311290963,1.3033411878370764,右,zara02
58,59,3090,123.6,0.8559420589003167,9.330385783950618,-0.8519284597808344,0.8951730153412452,左,zara02
58,59,3340,133.6,0.7256884375879421,21.508601414051725,-0.7255745906125924,1.1978271245762635,左,zara02
59,58,3030,121.2,1.0082672978878322,8.457915746040868,0.904779209638025,1.0076496296150295,右,zara02
59,58,3200,128.0,0.7529736906963134,9.522118182789853,0.719843655966301,0.9898114927365661,右,zara02
60,63,3200,128.0,0.21919120962962196,11.722085064109223,-0.21480745634548976,1.2297473178239078,左,zara02
61,62,3200,128.0,0.5345584697934068,10.155547088107795,-0.44520061882807266,1.1733640709626632,左,zara02
69,70,4030,161.2,0.6531984664614847,9.63719116081063,0.6452180587470143,1.3412591152587003,右,zara02
69,70,9600,384.0,0.7371189706720507,11.789338376090996,0.7352436925995337,0.7321665193248919,右,zara02
70,69,3950,158.0,0.7725767164798699,14.272804146917878,-0.6793002857368504,1.5425524572522695,左,zara02
70,71,4080,163.2,0.3847354523750148,75.65112063778203,0.2740378165793463,0.5465390574134796,右,zara02
70,112,9560,382.4,0.3979721032582966,18.199789586971946,0.39582903848565165,0.34437432797345435,右,zara02
71,70,4080,163.2,1.1417494167607323,34.93146223843263,0.6012019977284226,1.0007776479856971,右,zara02
71,69,6350,254.0,0.3922772648780787,24.102471461114845,0.28879214768226136,0.5677655732749106,右,zara02
75,73,4450,178.0,0.9035831746211281,8.533275267618308,0.8576886708807203,1.4871603882837239,右,zara02
76,79,4460,178.4,0.20177569355152358,8.397320421937025,-0.15614283583613897,1.3632430495123526,左,zara02
76,79,4530,181.2,0.2810756714528573,15.046381158919075,0.19267522342162954,1.2585074561659184,右,zara02
76,79,4720,188.8,1.0751086724908032,12.184243338763594,-1.021761285965356,0.6951356470052944,左,zara02
76,77,4910,196.4,0.8295411866053495,48.11793767889915,-0.3538824717764442,0.3570293614284288,左,zara02
76,77,5450,218.0,0.5811698349467046,11.963008803868377,-0.5749650047200475,0.7188202478125966,左,zara02
77,78,4630,185.2,0.21695039717398923,9.54828201563862,-0.16274914886023936,1.163884810195059,左,zara02
77,78,4670,186.8,0.682079597118999,17.108858222658142,-0.671103856512043,1.0973338975905873,左,zara02
77,79,4730,189.2,0.7093866829368776,43.695645607193,0.22864454237250686,0.48141893997401,右,zara02
77,78,4880,195.2,0.3529627317469951,27.406062643978515,-0.3281261635119748,0.6848606999890154,左,zara02
77,76,4930,197.2,0.5588016773872123,18.66685324601525,0.5198775244818433,0.41728618018484204,右,zara02
79,84,4590,183.6,0.9573823387449333,9.10971021070759,0.707893966621477,1.4159932532900483,右,zara02
82,84,4560,182.4,0.1763220508447861,19.11001244346835,0.1744153949901746,1.583022792607071,右,zara02
83,82,4570,182.8,1.1732150328668935,15.556269795022388,1.162478694039784,1.7339258136963063,右,zara02
85,83,4590,183.6,1.1698402854193415,45.986517933923096,0.9667249506574134,2.003686695557481,右,zara02
86,87,4930,197.2,0.361390159564268,14.393535508016527,-0.3284179545428429,1.3501362432625044,左,zara02
87,86,4870,194.8,0.8669344545856321,9.831141035764404,0.8214939737697927,1.4404728505435342,右,zara02
87,88,4960,198.4,0.2639760984547128,27.795913148556338,-0.20626055531247095,1.2939933883163979,左,zara02
88,44,4840,193.6,1.1497820692353233,38.10418452893765,0.9479863154108159,0.8779611542454294,右,zara02
88,87,4970,198.8,0.7374787274304839,12.740908512321539,-0.7290954728525285,0.43164208617629324,左,zara02
89,93,4850,194.0,0.27290801695093425,19.979877735710573,0.24595000333136285,1.0971745771018089,右,zara02
89,93,4900,196.0,0.2892290871458161,11.709706552672486,-0.2861667914989775,0.7809136988656228,左,zara02
89,94,5090,203.6,0.31273864919801053,8.213729405260779,-0.2461910461700581,1.2773250732929,左,zara02
89,93,5130,205.2,0.41554543828133417,10.877642402117914,0.31831092895811053,0.9579918295033695,右,zara02
90,94,4820,192.8,0.4193516192730599,10.157087173646374,0.29237454239461547,0.8830602556749673,右,zara02
90,94,5000,200.0,0.27589797218315765,11.04832780936934,0.18882491890841027,1.0679089877121632,右,zara02
91,92,4880,195.2,0.887834368333213,13.183977726739556,-0.6625337030084191,1.8330980688717027,左,zara02
91,92,4970,198.8,0.5219725459791652,9.005964171363843,-0.4095661498502297,1.5679116209426691,左,zara02
92,91,5060,202.4,0.48566934931843214,9.226288611866067,0.2000361661162678,1.405128212544948,右,zara02
93,77,4870,194.8,0.37333023316577774,10.852432939296222,0.29474828948552306,1.111590468113637,右,zara02
93,94,4960,198.4,0.6164990737001358,24.277402183335766,-0.6056692912644139,0.6020953986278722,左,zara02
94,93,5030,201.2,0.7759880483712772,10.558164215322847,0.6762195398093169,1.2402136942239022,右,zara02
94,93,5090,203.6,0.7368177941953751,11.521425766047315,0.7366924862862987,1.2174990420844631,右,zara02
96,97,5120,204.8,1.1672591089568305,26.670126064072747,-1.0780038761111062,2.3095336267565534,左,zara02
96,97,5160,206.4,0.9588299963994227,18.454880925910203,-0.9558162821360977,1.6898412094930204,左,zara02
96,97,5190,207.6,0.2082229086516743,10.91825866667898,0.2056182510380876,1.5660274274734476,右,zara02
98,99,5210,208.4,1.0827780284444788,9.553292016836792,1.0822263850121687,1.103567707440791,右,zara02
99,98,5190,207.6,1.0847700181629893,9.100308395586154,-1.0765988131542001,1.0590942119446505,左,zara02
99,98,5340,213.6,0.9741137411443713,10.726139426588276,-0.9081399045520259,1.3421314753565354,左,zara02
99,98,5390,215.6,0.720898609846129,21.030523659859,-0.6301862312238852,1.1115585589649057,左,zara02
100,102,5390,215.6,0.28812046104666,8.207153909015773,-0.2712050853587498,1.0335288466547925,左,zara02
102,100,5550,222.0,0.3931105168071819,9.069216200221263,0.3022898806640803,1.0119759230009575,右,zara02
104,105,5610,224.4,0.7013575530265407,11.156695863374892,-0.6955099873203795,0.9959389487549637,左,zara02
105,104,5400,216.0,0.7593513119388696,12.676008630296877,0.4797261970995864,0.6757116848382719,右,zara02
105,104,5490,219.6,0.7418203032495555,10.703881581765302,0.6470318735904576,0.7863669502958576,右,zara02
105,104,5740,229.6,0.5833016239698534,9.311356218594256,0.5694881829804477,0.922216675233226,右,zara02
106,111,5680,227.2,0.8845265991663362,58.05822551746155,0.43691656745595037,0.9272506467693005,右,zara02
106,113,5800,232.0,0.8545179729681279,162.2724980381895,-0.8047428856050334,0.6083838228309016,左,zara02
106,119,6060,242.4,1.0538516256227755,24.466973108999582,-0.6440520858555263,0.5257791798908462,左,zara02
107,108,5570,222.8,0.6593880252742191,12.994311382032919,-0.6570262614506789,1.2704525395145183,左,zara02
107,108,5750,230.0,0.22599104655804952,8.384349886367005,0.1806301998535121,1.1675586147685395,右,zara02
108,112,5610,224.4,0.2671747163385466,12.175236829217084,-0.17083446940564317,1.1477549855880367,左,zara02
108,107,5650,226.0,1.1678037485197077,10.160811374531818,0.16810508227971843,0.9920004745144534,右,zara02
109,110,5570,222.8,0.32914239610920837,12.645382970229775,0.31617586823740335,1.3011807508723543,右,zara02
109,110,5710,228.4,0.3736897392778569,13.274712284193242,0.2833871189376343,1.1778290650825431,右,zara02
110,109,5630,225.2,0.18883585857429924,16.68323731962539,-0.1613440448290609,1.212901098956582,左,zara02
111,112,5600,224.0,0.8479266067398145,8.904501178450346,0.747388533329755,1.3318464206967269,右,zara02
111,112,5700,228.0,0.33561032085725645,14.065971230626445,0.32529426833900515,0.6038813690802797,右,zara02
111,112,5780,231.2,0.36667517892817375,25.64137583041216,0.3615529869283138,0.3005743074081286,右,zara02
111,112,9640,385.6,0.8231075159472294,12.65821588309447,0.8230319980589043,1.3989433985000168,右,zara02
111,112,9670,386.8,0.5658492151023787,23.874085113259298,0.46562797245031246,1.2756608902076418,右,zara02
112,111,5660,226.4,0.9661646006167133,17.352239826064363,-0.3201196613739732,1.143292513541663,左,zara02
112,70,9570,382.8,0.5350517504553075,45.17374323026408,0.5032469989751287,0.5600819080420785,右,zara02
112,111,9640,385.6,1.1314616287075316,10.032122873404404,-0.791466015181898,1.6006248001939698,左,zara02
115,105,5850,234.0,1.1578909978057264,19.848032568474054,-1.0144233235277342,0.7833007645235599,左,zara02
115,113,5900,236.0,0.9780914679439289,30.712598348122697,-0.8135933426359265,0.9692251535766826,左,zara02
116,71,5960,238.4,0.97905042950434,10.890593597389596,0.5927785648698958,1.6631964468309972,右,zara02
116,115,6030,241.2,0.4905424033882192,9.770127785865498,0.4503892225760369,1.633610858578442,右,zara02
117,122,6210,248.4,1.1556719013182273,37.54612330708963,0.5736373139097609,1.3508614935463472,右,zara02
118,119,6020,240.8,0.9490161204205454,65.85035978070277,-0.3331707013489092,0.6387159096662298,左,zara02
120,121,6280,251.2,0.46279781466042297,9.260283048410173,-0.4604285158509856,1.1304360414777903,左,zara02
121,120,6230,249.2,0.9280387676672609,10.694983090262468,0.6517575109240176,1.2541690329172714,右,zara02
122,123,6250,250.0,0.777479151539152,36.200039302270454,-0.5333932275232147,0.6636792129000659,左,zara02
122,123,6330,253.2,0.986071610030296,9.710996377568392,-0.7612297848760465,0.6898270643571067,左,zara02
122,123,6410,256.4,0.8101287363001565,14.250063856640992,-0.27828059148216483,0.6620945283242753,左,zara02
123,122,6400,256.0,0.3984210976376008,13.026274523798264,0.38043300844808847,0.7356155294619094,右,zara02
123,122,6480,259.2,0.7074797243534187,10.7262800276402,0.7017962954185588,0.85160445491937,右,zara02
124,125,6390,255.6,0.9401481386875647,55.493148757117396,0.3052458838300005,1.052325548249982,右,zara02
127,128,6710,268.4,0.8933960953954686,9.353393440944501,-0.8887204626166055,1.4191578701980976,左,zara02
128,127,6570,262.8,0.7974590742970713,10.520017086996376,0.7594936075837839,1.4236829936906479,右,zara02
128,127,6650,266.0,0.7138693823772345,9.793690389462853,0.7130468557415186,1.3475343714474088,右,zara02
130,131,6750,270.0,1.0969910031597199,34.04055170848261,-0.5157566106128112,0.8072777922008681,左,zara02
130,131,6890,275.6,0.7905739776889795,13.094932618687835,-0.6570567526780516,0.6676912013326668,左,zara02
130,131,7010,280.4,0.5679385549435759,28.997787266647777,-0.5608505293200006,0.65770346757499,左,zara02
130,147,7660,306.4,0.8380290819144174,20.21367781317801,-0.7998677553022884,0.7916424762260329,左,zara02
131,130,6920,276.8,0.5944320478567101,17.546337524462018,0.5311429548446983,0.6754809449473808,右,zara02
131,134,7020,280.8,0.3430565486574235,15.058720997132497,-0.27630616309528744,0.6501183584221637,左,zara02
131,130,7560,302.4,0.43803349556465554,25.91651296533368,0.42984928912175413,0.30533132304581473,右,zara02
131,147,7650,306.0,0.42975532766206626,26.391989874615604,-0.29642105632265014,0.9802367586025155,左,zara02
132,131,7010,280.4,1.1002316904258116,10.678117937471711,-0.6360532767033356,1.5703178911890507,左,zara02
132,135,7080,283.2,0.7070767618675082,8.764304522031097,-0.6623849089058766,1.6315943910027537,左,zara02
133,134,7020,280.8,0.635866866594511,11.885758071581733,0.6337701661421236,1.3351240380471008,右,zara02
133,134,7060,282.4,0.38764209099666325,13.258927901424357,0.3806739832856219,1.3113842908146285,右,zara02
135,70,7120,284.8,1.0417069312234613,13.127240312827553,-0.97856466740732,1.2989218264469717,左,zara02
136,134,7100,284.0,1.1029344788509545,21.02067849794878,1.102413916292782,1.2015260266958958,右,zara02
137,138,7160,286.4,1.0717594270306838,9.527892853131618,1.0288931307609872,1.0396826948880995,右,zara02
137,138,7210,288.4,0.5433235001475558,9.559417696499594,0.5284966347833192,1.3566102349757378,右,zara02
139,140,7430,297.2,0.8219745811968728,14.663293816027135,-0.798397594894171,1.1061225601919704,左,zara02
140,130,7430,297.2,1.1225770688501335,10.377226925181844,0.6306204635215127,1.2079574462740297,右,zara02
140,139,7520,300.8,0.707223144200932,14.278027659923993,0.52159046705749,1.1583176370675496,右,zara02
141,142,7390,295.6,0.7273953966260231,8.816945935012285,0.7194796861930299,1.5079054559877587,右,zara02
144,147,7490,299.6,0.4783220150595129,11.054415968035187,-0.46345640932866067,1.1673406093457621,左,zara02
144,145,7640,305.6,0.5902488370264379,18.24992087457673,0.5828494767832627,0.7561058454486022,右,zara02
144,145,7730,309.2,0.5324503875337081,21.936289560777766,0.5311989547255568,0.954412942268142,右,zara02
145,144,7680,307.2,0.5966145022386115,9.025268767245876,-0.49875698594207735,0.7610203132452892,左,zara02
145,151,7860,314.4,0.3611357926120385,15.263726929944738,0.3500140955864331,1.1284762696085602,右,zara02
146,148,7530,301.2,0.4794781985176565,17.423447147362026,0.46088346508207634,0.8929308652334202,右,zara02
146,148,7620,304.8,0.5327363993275924,15.2860980911679,0.4122490450580278,0.31622734509053324,右,zara02
147,144,7570,302.8,0.9178924383947978,15.888850574467,0.6254512049426975,1.2361352066744844,右,zara02
147,144,7690,307.6,0.5156327558707046,14.608559966072107,0.5052787276747344,1.5691011551955711,右,zara02
147,131,7750,310.0,1.195461958830504,23.402637125031077,0.3291061307509925,1.5118526202796352,右,zara02
148,146,7630,305.2,0.3551566685661188,9.151315894346425,-0.3503295672730359,0.6729985197329157,左,zara02
148,146,7720,308.8,0.7123709316029928,9.06632867519454,-0.7085050228994036,1.0871211013118054,左,zara02
150,154,7760,310.4,0.3755994632272727,11.497283838743385,-0.36395968093873765,1.1457600463695015,左,zara02
151,150,7680,307.2,0.5460795020867658,8.100870210891742,0.5149615911593891,1.0531885951296205,右,zara02
151,150,7840,313.6,0.6466894362838421,30.8339394224013,0.5620607315143624,0.9725697914261332,右,zara02
152,153,7840,313.6,0.5392333503390901,10.873978321273967,-0.5320704279472281,0.8551943570152604,左,zara02
153,152,7730,309.2,0.6419744651994495,10.281042847591578,0.6166513463410496,1.2044564628469945,右,zara02
153,144,7760,310.4,0.6048414200745681,9.674341237827093,-0.5998795863485873,0.9967656210946968,左,zara02
153,152,7790,311.6,0.6880768743490212,14.072196580803222,0.6858954576892815,0.9135869464811024,右,zara02
153,157,7890,315.6,0.4780219490800014,11.121194422231923,-0.4320135871831962,0.747619809700532,左,zara02
153,152,7930,317.2,0.6841967041313645,10.703060615536344,0.5281616598445842,0.8642260950881575,右,zara02
156,158,7810,312.4,0.8061940112483611,9.788369219039538,-0.802031310426173,1.1431933279148698,左,zara02
157,158,7880,315.2,0.27846244862693936,27.758466880295316,0.15424690677502448,1.2517946061483392,右,zara02
157,158,7930,317.2,0.23242343881978222,9.763848848972202,0.22938683949402108,0.9646156337709249,右,zara02
157,158,8020,320.8,0.34186162123716884,10.383691275567543,0.2977821594630176,0.9664041013600363,右,zara02
159,154,7910,316.4,0.6369538779097594,14.658556017459546,0.5738932027338488,1.3635127438470978,右,zara02
159,157,8000,320.0,0.4841940956152149,8.436635259383678,-0.42596372628816975,1.1806937474883332,左,zara02
162,163,8220,328.8,0.6142479221522857,14.208144109933926,0.579134275921013,1.4935709896801566,右,zara02
163,162,8190,327.6,0.6084948147565749,8.76094294319617,-0.5135567164527755,1.550974758152653,左,zara02
163,162,8350,334.0,0.7612632442479658,11.760571356257913,-0.6738960009636948,1.4778721683878773,左,zara02
164,169,8480,339.2,0.7322096489637181,15.250183664290432,-0.7271117827631798,1.080313115910756,左,zara02
165,169,8270,330.8,0.8441790856861582,24.074206716907952,-0.8356102428814622,1.9451576801725685,左,zara02
165,164,8470,338.8,0.2604932797060875,9.531253879585392,0.23309070518114106,1.3202378528294756,右,zara02
167,166,8560,342.4,1.0971094171697435,54.43908772061536,-0.5173292862930401,0.6178006392618729,左,zara02
167,166,8600,344.0,0.6612213913727755,19.812923317945433,-0.644365139191648,0.4124552188169998,左,zara02
168,171,8360,334.4,0.7398300741863836,15.617685428132518,0.6880305871605038,1.053231749962246,右,zara02
168,171,8590,343.6,0.8554987559675153,13.3193408460385,0.7348922322020051,1.0271587294578235,右,zara02
169,171,8360,334.4,0.3098804134890277,13.806539774073428,-0.3086208815700159,1.407670390648367,左,zara02
169,171,8400,336.0,0.36177476317961044,10.078529179536872,0.3399261438955419,1.2308317760507668,右,zara02
169,168,8450,338.0,0.5381861212181335,11.64317613511696,-0.4568533519216222,1.1279749343889736,左,zara02
169,168,8560,342.4,0.6138320205287562,15.27812223867818,0.523112309856431,0.8312179777360046,右,zara02
169,168,8680,347.2,1.1800962787573486,131.37275673448175,-0.7708308750828293,0.3101873707116968,左,zara02
169,201,10290,411.6,0.23016816822505634,42.70466568266636,0.21153554329161223,0.46622029780586766,右,zara02
171,167,8380,335.2,0.7306466805777847,29.400622399565805,0.5426840929319945,1.3740293274638202,右,zara02
171,168,8490,339.6,1.1135034687745025,10.829775829474244,-1.1133285518631912,1.1204339321296057,左,zara02
172,173,8460,338.4,0.9057918336320081,8.772059219613169,-0.7785877139203133,1.0052178539012275,左,zara02
172,171,8560,342.4,0.6639294988739711,8.144549757604238,0.6498723891404873,1.2014373757028431,右,zara02
172,173,8650,346.0,0.8793054503980873,8.415829001319594,-0.859455351088293,1.3604900449393125,左,zara02
172,173,8730,349.2,1.0490414538604504,34.3223646100802,-0.6623962324465372,0.42097458884692607,左,zara02
173,172,8580,343.2,1.0641885652457364,8.9952382002881,1.0360589187953968,1.2726548182970538,右,zara02
173,172,8610,344.4,0.894535456923874,13.184630134139923,0.8758873184605719,1.2581553145728115,右,zara02
173,172,8710,348.4,1.1023361949876604,13.230584584244525,0.974459722633923,0.6573465630999163,右,zara02
175,176,8880,355.2,0.6752389687246027,10.502559334416588,0.5192420370358272,1.2681076383340744,右,zara02
175,176,8930,357.2,0.6538078377778253,10.55595781766695,0.5377673247184608,1.2873771981938222,右,zara02
175,176,9020,360.8,1.0161518271797985,13.532939117955806,0.9317897923391437,1.1996870833347575,右,zara02
176,175,8800,352.0,0.6417991110328947,16.792492268109044,-0.5680024703585462,1.4590102952723816,左,zara02
176,175,8950,358.0,0.5029748825406455,13.544755065579068,-0.47539375903680436,1.2656697427021804,左,zara02
177,178,8920,356.8,0.49547900883890006,10.092643692393409,-0.4953417887547055,1.2202741980036305,左,zara02
177,178,9000,360.0,0.42525856313606625,15.492744792309765,-0.4230689913491644,1.0029873901999964,左,zara02
178,177,8950,358.0,0.5081644774729398,14.47791724173885,0.3953381167182865,1.1827992557419071,右,zara02
178,177,9690,387.6,0.4366630704459023,9.886777970966932,0.4355778093744173,0.9502536733513756,右,zara02
179,169,9130,365.2,1.128199035507273,37.327204959235644,-0.3817961797259365,0.5814555780716711,左,zara02
180,182,9230,369.2,0.17670232446121759,14.332387190549127,-0.1763330842255228,1.1980675180235059,左,zara02
181,182,9320,372.8,0.2707712844398743,40.98845357636628,0.26014382978171424,1.176118599194796,右,zara02
183,184,9290,371.6,0.656746151077754,21.966421490697996,-0.6566829251463205,0.9866183277065722,左,zara02
183,180,9370,374.8,0.6634628724764633,21.853643702896306,0.4335311758959948,1.1282871266396304,右,zara02
183,184,9420,376.8,0.69837236602963,10.668741704599825,-0.6116837998308152,1.0599817385752028,左,zara02
184,183,9340,373.6,0.6402635450971992,8.074913314673267,0.6390115418472042,1.1085048238837696,右,zara02
184,183,9430,377.2,0.5250639067318539,9.623801548856562,0.4587041350500005,0.9905014221749884,右,zara02
184,183,9570,382.8,0.5673292072083619,8.13634453831412,0.5045756903200347,0.9188487999611132,右,zara02
187,188,9810,392.4,0.3714418716513457,11.18398488593499,-0.3708854812164828,1.0645191807102392,左,zara02
188,187,9750,390.0,0.7348293865227189,13.071690003974481,0.3315631663198698,1.2579897710251993,右,zara02
188,187,9930,397.2,1.155710442867757,8.526981408426536,0.3030364272779254,0.9444073520424976,右,zara02
189,190,9910,396.4,0.5882615673001119,13.47384902596707,0.5746966987707937,1.176343612041025,右,zara02
189,190,10040,401.6,0.5155022213503382,10.961460991848412,0.471782048700519,1.2078812519758744,右,zara02
190,189,9980,399.2,0.6165130223725375,13.312433624474977,-0.5853943526215283,1.08559878856879,左,zara02
190,189,10010,400.4,0.5093948434918684,16.3104231912763,-0.39538881453475827,1.0239929933021563,左,zara02
190,189,10100,404.0,0.7329403269121147,10.675720735715515,-0.6768163092282808,1.3902256368912573,左,zara02
191,195,9950,398.0,0.25765140859891134,9.344576946579963,0.2576322379358494,1.4563896947758883,右,zara02
191,192,10020,400.8,0.5951508185707731,11.871482840644632,-0.5910954670793392,1.2479504131018955,左,zara02
191,192,10050,402.0,0.7363134387556781,8.298486934290509,-0.7318902099623633,1.228216180361855,左,zara02
192,195,9890,395.6,0.3459889170916331,10.809278986042187,0.18305206638000016,1.3764418170000763,右,zara02
192,191,10090,403.6,0.6030521641765147,8.554637819786421,0.5510420784022088,1.2294110156690796,右,zara02
194,195,10060,402.4,0.27074309862688595,9.85442070386057,-0.2706720923162054,1.4575330475349542,左,zara02
197,198,10170,406.8,0.2701049637508672,14.568562773971223,0.2525686175750125,0.8932327338493912,右,zara02
198,200,10150,406.0,0.20479127670258787,23.683049299664503,-0.19883174798029055,0.99726167498622,左,zara02
199,200,10340,413.6,1.0453429087527173,8.04317097671975,0.6576226899606382,1.4522854930880011,右,zara02
200,197,10220,408.8,1.008061258404906,9.921251131811545,0.5605553470936646,1.2656767574192875,右,zara02
200,197,10300,412.0,0.4542143259371497,8.109805374623647,0.45302690693684095,1.1374770340126796,右,zara02
200,202,10410,416.4,0.5313440418447049,8.863780939347635,0.3248979392183919,1.184752255407093,右,zara02
202,201,10250,410.0,0.39743111698490824,22.177551797556646,-0.3180344060821565,1.0749404336007415,左,zara02
3,7,90,3.6,0.9752474281617003,9.669552866109683,-0.6641097914108348,1.1040504218557308,左,students03
3,31,220,8.8,1.141512997301391,45.311004795591,-1.074076889878771,0.7974408985455244,左,students03
4,75,340,13.6,1.0313389053044393,27.237018734205265,0.7259791085092451,0.5314115286525719,右,students03
4,75,750,30.0,0.7884733193370183,11.962463535815232,0.2712644153357895,0.39250741892795693,右,students03
4,42,800,32.0,0.45039094999621526,36.40700451994314,-0.40820630219814313,0.70154798087668,左,students03
4,45,850,34.0,0.42096360564879787,10.128180471333167,-0.3822116845431027,0.6691865886959233,左,students03
4,316,940,37.6,0.5665205276629647,15.144941912851408,-0.16408886352505292,0.7447948471755345,左,students03
4,75,1030,41.2,0.4872738296256789,8.097063139323524,0.4707232163263827,0.6826469687441582,右,students03
5,6,0,0.0,0.7814339410021591,13.05546763059752,0.7628564344091153,1.8186524661510208,右,students03
5,10,120,4.8,0.598232714708198,33.27563517990848,0.3613881768560819,1.4452609571366974,右,students03
6,5,0,0.0,1.0736926073301492,10.847755843609804,-0.7748057016357977,0.6380105652933957,左,students03
6,1,50,2.0,1.0820890134100116,65.20765328628136,-0.9605119371256972,0.48964597714327274,左,students03
7,17,0,0.0,0.7160613754618483,14.7935334678522,0.5844243473732087,1.011322640271257,右,students03
7,8,170,6.8,0.4819909541170342,18.65881820397979,-0.47754291772247554,1.0052714015867648,左,students03
7,8,230,9.2,0.42911226429615296,8.872635556564887,-0.42757700481670746,0.8104413399311606,左,students03
7,8,300,12.0,0.35796910939106874,22.455759458527154,-0.3393849672030619,0.8266477301457615,左,students03
8,7,30,1.2,0.8063279722060961,15.526189685456842,0.7511221579855213,0.9095977624516469,右,students03
8,76,260,10.4,0.6639723086064633,25.61394233131864,-0.5445549304815064,0.8938705497882514,左,students03
9,273,100,4.0,0.43910641917571885,8.453010392925876,-0.410560515391354,0.6514564676909045,左,students03
10,12,0,0.0,0.27080115430670004,17.370390260277105,-0.23122965249688332,0.6774994558668697,左,students03
10,12,260,10.4,0.4960232223207311,9.704091123328368,-0.49550474813999534,0.6288310762343399,左,students03
10,12,320,12.8,0.622134554065204,9.671671810501266,-0.6137945861839754,0.8347358392214905,左,students03
10,12,470,18.8,0.1930833767619126,25.30914201763818,0.186202928906531,0.361266792498814,右,students03
10,13,560,22.4,0.42524005455790126,39.65836507219723,-0.3315819880192761,0.7806512088674249,左,students03
11,13,50,2.0,0.2700759047277574,22.477076974142307,-0.26289694028312927,0.5213082822703767,左,students03
11,10,240,9.6,0.16670546589557797,8.826650665892288,-0.15599767020316618,0.9563223350119235,左,students03
11,23,290,11.6,0.6023379155862354,48.500424761642364,0.6012537294422864,0.845818161774912,右,students03
11,12,400,16.0,0.6895612340914611,54.216119504423176,-0.30361438438672994,0.3018223861824425,左,students03
11,12,590,23.6,0.8444952099714679,12.259857867348643,0.2787395105725976,0.3491903522977002,右,students03
12,76,40,1.6,0.33931807985564616,9.770484086546588,-0.24029506572324721,0.5260990867987423,左,students03
12,75,90,3.6,0.3619352650818797,13.75007312463751,0.3536366388442938,0.5255225789964786,右,students03
12,25,200,8.0,0.6730102220816473,17.550508421520988,0.6706901281724333,0.900631080628524,右,students03
12,13,300,12.0,0.6793426706405341,13.948609864353585,-0.1815729884587299,0.7388758284291741,左,students03
12,13,380,15.2,0.6183370032642327,16.927909917486375,-0.40701594675659625,0.5765661798794357,左,students03
12,76,470,18.8,0.27715639548314586,13.040787344120304,0.2571802611874315,0.3760335932832751,右,students03
13,12,0,0.0,0.5710048033013005,15.215042957768333,0.4099639557516478,0.4760894551072908,右,students03
13,76,90,3.6,0.310808036711111,8.411250170485346,0.3087730074790563,0.6758719576606192,右,students03
13,12,220,8.8,0.5365811379852866,26.6343801782007,0.4200230032772121,0.7768920032981445,右,students03
13,79,580,23.2,0.2428707698994509,46.445068797503495,-0.15232764914082972,0.9267114503565378,左,students03
14,16,160,6.4,0.39936544616707764,11.497123511766773,0.3851931612493015,0.5474045164734725,右,students03
15,3,120,4.8,0.8657780222211653,54.13859229013073,-0.8593257544994517,0.5512413648420809,左,students03
16,15,0,0.0,0.6742002072923734,49.02687210047151,-0.16375388446920214,0.5184641304167236,左,students03
16,15,30,1.2,0.5651220975416248,38.88766336304457,-0.2333857888375439,0.3557643488863036,左,students03
17,7,110,4.4,0.788658244880137,9.295275602758863,-0.5084413337244361,1.4300746442807657,左,students03
18,19,30,1.2,0.999118121369495,21.190798052731736,-0.6584286738841827,0.9199604224868345,左,students03
19,20,80,3.2,0.560993181214256,9.05225354844032,0.5475922024879905,0.38556300426270945,右,students03
19,20,130,5.2,0.5463235949485067,15.657860682226556,0.538172471771376,0.33593087087864687,右,students03
19,20,200,8.0,0.56271551135607,12.358936695477809,0.5627132326221957,0.6320125129433191,右,students03
19,27,450,18.0,0.22055583534122417,18.45119718097928,0.17513855245493573,0.6587543486367574,右,students03
20,28,100,4.0,0.5342681799676334,23.56758974617034,0.413126833327515,0.3207683520095938,右,students03
20,29,350,14.0,0.2033395940843621,17.359447481192916,-0.19820576799106732,1.0036854627242817,左,students03
20,27,390,15.6,0.17616173184398382,10.129388985933758,0.16955366733114596,0.951520014510794,右,students03
21,22,70,2.8,0.6852385066280233,14.238082157112103,-0.6682876405723699,0.6242470603925224,左,students03
22,21,140,5.6,0.8542852966764318,11.903130633708457,0.8341414050833573,1.1672368415572247,右,students03
23,24,10,0.4,0.8257836025872067,21.08339003407295,-0.7963115988551074,0.5956832910073919,左,students03
23,17,170,6.8,0.20336710916340403,10.798194708726157,0.16164807639436807,0.9538067014010969,右,students03
23,35,450,18.0,1.0362016639222895,8.51416532591415,1.0255917182749985,0.7460652371615971,右,students03
24,218,50,2.0,1.0472465432702684,13.892398730578037,0.39864747343814066,1.4726243918721542,右,students03
24,219,170,6.8,0.38975390943399785,20.02577776699954,0.3792360686841688,1.7577541831220385,右,students03
24,20,200,8.0,0.8165802806261474,27.647406207926792,0.6900221408258541,1.5496097581605195,右,students03
24,420,240,9.6,0.26648122670918856,9.785363880036897,-0.26057369625108445,0.6810018960119225,左,students03
25,16,70,2.8,1.176169385526715,28.863183100444303,1.1379618664941673,0.7345583971532481,右,students03
25,10,180,7.2,0.9659227653251199,12.27391894923494,0.6331649235523177,0.5129646879043722,右,students03
25,8,330,13.2,1.0362570842205647,8.32050174603225,0.9692127672877258,0.8882976555577135,右,students03
26,3,170,6.8,0.3902659781944732,9.593071453546798,-0.15271195741072519,1.188604943793008,左,students03
26,23,280,11.2,1.1314091142256446,17.35890351910939,1.014110235382362,1.2159850428783026,右,students03
26,78,320,12.8,0.7704631558692138,59.4307088840261,0.29505889229376936,1.2020058550613786,右,students03
27,30,200,8.0,0.2646088969131011,52.830232482915605,0.19593029345170293,1.1377902699188107,右,students03
27,24,230,9.2,0.16540857441215676,16.75681873886802,-0.15823325405554084,0.49348743035217413,左,students03
27,29,340,13.6,0.5434518387026479,8.270661277183507,-0.518925344811347,1.3263673361095136,左,students03
27,29,480,19.2,0.627007652879799,19.677642150073893,-0.6066425513181962,0.6765518070539683,左,students03
28,30,280,11.2,0.5056562759971278,49.47900226642389,0.35618187969504794,0.8351493006036445,右,students03
28,219,670,26.8,0.4887586996653185,38.63025638858295,-0.4697689553845384,1.0084992510010935,左,students03
29,27,290,11.6,0.5311830207495887,11.776076807055773,0.5214048440956266,0.9203785502128603,右,students03
29,27,430,17.2,0.5875723471521909,26.138542920815553,0.5792004776038294,0.9226756003169619,右,students03
30,28,200,8.0,0.6471192554912444,19.093041511763346,-0.5604727516721806,0.6551246840994384,左,students03
30,28,310,12.4,0.6165150378867945,16.965122814751226,-0.30228347022863794,0.6812476312701744,左,students03
30,220,350,14.0,0.6807598819440217,13.345211789828909,-0.46777320744000006,0.8331787527499994,左,students03
30,217,390,15.6,0.6986987825303876,34.187625420525535,-0.5774972663349169,0.8668302046097294,左,students03
30,28,500,20.0,0.6145997109104883,28.164731625790807,0.40775249977983447,0.34906790094957346,右,students03
30,28,610,24.4,0.94486899826687,14.168814861809068,-0.28941650304791844,1.13429635850705,左,students03
30,28,650,26.0,0.5066906724192312,32.92278400553093,-0.47353826268094573,0.8304757631515829,左,students03
32,31,290,11.6,1.1132150363734274,9.007298320563507,0.22940778847229082,1.5503599986842413,右,students03
32,73,320,12.8,0.6495759320874069,16.92597631558675,0.6001494515471522,1.37615836067601,右,students03
33,34,430,17.2,0.4293576973837868,12.979242350043592,0.4206123871705057,1.0948187247730876,右,students03
34,73,400,16.0,0.7497130664941813,13.158120999639834,0.26481693761238756,1.337684800608943,右,students03
34,33,430,17.2,0.675029419333512,9.090872762584524,-0.42898276408002994,1.3478221599009412,左,students03
34,79,500,20.0,0.5511956429916417,10.160961615565299,0.5338996353650085,1.436135769506529,右,students03
34,33,580,23.2,0.7425992190155358,27.164729651388825,-0.6004618527158723,1.2813024060485272,左,students03
35,36,400,16.0,0.7745482605344379,9.740053241588356,-0.4887828433133115,0.9550245891295298,左,students03
36,35,430,17.2,0.5653616111010727,12.518673300441094,0.5262977306099123,0.8940819271358341,右,students03
36,300,500,20.0,0.345055409409168,40.69914481608669,-0.3316947725273454,0.30787878357108167,左,students03
36,84,540,21.6,0.557792076901378,38.44413113182276,0.4503262864774552,0.4788581481261386,右,students03
37,233,760,30.4,1.0845774271689572,24.88702782098872,-0.8762600878347033,0.807000976093322,左,students03
38,39,660,26.4,0.3888769674724527,11.464530733028795,-0.34845259082212154,0.7354058647989966,左,students03
38,44,770,30.8,0.36277461032437136,14.175176664752144,-0.34586625695981066,0.9472601568347354,左,students03
38,42,830,33.2,0.29456880611604014,22.14342081924974,0.1600074038678403,0.9280227538034512,右,students03
38,42,860,34.4,0.45832901575502644,12.999667475424474,-0.39695733078722706,1.0484324047302422,左,students03
38,92,980,39.2,0.3982816817723287,10.911555769081247,0.3567167193835719,0.787367084326317,右,students03
39,79,600,24.0,0.5712175989430662,11.052520252159752,0.5552664708092948,0.6060068775204162,右,students03
39,82,690,27.6,0.4692686605275641,35.007744336378096,-0.3974056892045714,1.0019857665668022,左,students03
39,42,870,34.8,0.17953188751342616,14.220227455850534,-0.1743818028918414,0.9638651500753654,左,students03
39,38,940,37.6,0.48221066381631883,11.874808061579472,0.48086238395201947,0.6266557391172851,右,students03
40,302,770,30.8,0.4965270759502641,22.71611342513134,-0.2881076284537253,0.56831473724797,左,students03
41,76,630,25.2,0.8103827640266268,30.78344179246551,-0.45770967772447474,0.9943407355648316,左,students03
42,86,790,31.6,0.9985715902175527,16.41395036404461,0.3300286251041942,1.378359768140956,右,students03
42,87,860,34.4,0.1972509301832496,11.553701448078584,-0.1757915119116768,1.1883432846279571,左,students03
42,44,950,38.0,0.5050499337168008,15.931845079882976,-0.49905176034628784,1.1828427291351165,左,students03
44,45,720,28.8,1.1047040062246722,32.96616547095854,-0.9946582942168258,2.1888233019173087,左,students03
44,45,770,30.8,0.48285088244140517,15.794138143463499,0.4824621846336593,1.7366385231867465,右,students03
44,300,890,35.6,0.8638920297960514,20.8413804075916,0.72667955101607,0.9953035670090072,右,students03
45,46,770,30.8,0.359897770173571,17.445765696721566,-0.3596803304853711,1.0252501994983112,左,students03
45,46,900,36.0,0.1856411427992705,11.223679157586702,-0.18523630991807588,0.5343111928252854,左,students03
45,46,960,38.4,0.4153320872270379,17.92243105786372,-0.34192111754514554,0.4457961793257999,左,students03
45,46,1050,42.0,0.4556579041867577,8.046649641285768,-0.4511480296782631,0.6763192467700552,左,students03
45,46,1210,48.4,0.6090199156641705,12.853947486411585,-0.6002405845742392,0.48160329151892284,左,students03
46,45,750,30.0,0.5866690841606678,17.171099599540355,0.39044183287811185,0.9907397963331498,右,students03
46,88,920,36.8,0.42696144863159635,32.32119673684795,0.33985155479000007,0.604034864624996,右,students03
46,47,1060,42.4,0.5054963668988544,9.944982044589437,-0.5011855793999995,0.7211060818625024,左,students03
47,46,750,30.0,0.6815968513797288,23.7810389658014,0.6741991377231974,0.8025287119481002,右,students03
48,49,800,32.0,0.40065113885822956,13.671710364324042,-0.4003988994407426,1.0946787619700284,左,students03
48,49,910,36.4,0.6228393958249244,10.11301879793757,-0.6228370906776228,0.8269562154093952,左,students03
48,229,1040,41.6,0.5197485609286367,17.317709230395252,0.5194977692096947,0.9655470777468066,右,students03
48,49,1120,44.8,0.5968315632372145,21.71040225032766,-0.5963327834877616,1.003161449996304,左,students03
49,41,830,33.2,0.7189002827249107,9.1420115840167,0.7185543964179518,0.9443076954859532,右,students03
49,48,870,34.8,0.7382682328777039,16.592547405509265,0.6135588406117293,0.7914908995788787,右,students03
49,48,1040,41.6,0.7570289419347331,11.69860978550821,0.7146750673326295,0.865770015697973,右,students03
49,45,1140,45.6,0.6901655997669289,20.81562180568949,-0.6873810838746085,0.961444476511111,左,students03
50,235,990,39.6,0.5812140050307417,11.18361839232216,0.4298150945065524,0.8328513439897922,右,students03
51,233,970,38.8,0.738874409344899,31.754320384262627,-0.39744757453920954,1.0130367121698702,左,students03
51,228,1290,51.6,0.7172718341984782,30.403715161084676,0.6788164596226027,0.3570720544255026,右,students03
51,102,1580,63.2,0.6338847400352474,24.08507007710324,0.3518472565387689,1.524015448659943,右,students03
51,340,1670,66.8,0.8554008623463603,41.5993023374991,-0.8350089073576579,1.1179325231794357,左,students03
52,225,1190,47.6,0.3776512944342961,12.793356367057214,-0.3542678301431924,0.9095116077237322,左,students03
52,54,1270,50.8,0.41807155874241797,8.254302646402152,-0.4172165457504457,1.1329868360313236,左,students03
52,98,1360,54.4,0.4891305007926126,19.888643891489636,-0.47695273368310087,0.533226464010366,左,students03
53,54,1100,44.0,0.44580687272378766,42.00528451115679,-0.41422270605736955,1.4189820404317268,左,students03
53,55,1170,46.8,0.19883510273522567,62.659345046649264,-0.17325922797129284,0.7219335677006663,左,students03
53,52,1290,51.6,0.8596654817917092,8.617015949566621,-0.7936887349521285,1.1340834687461414,左,students03
53,52,1400,56.0,0.4818956848558758,9.739129657687414,-0.4657479438822864,0.42114423864322126,左,students03
54,55,1150,46.0,0.2732444654550701,36.63711356203788,-0.21952026852507853,1.2307348564779497,左,students03
54,55,1190,47.6,0.21754293956809104,18.587467841628893,0.16559509547021004,0.7502383233402924,右,students03
55,56,1210,48.4,0.5249969389804335,14.197795219827242,-0.5167257701561603,0.6613502012019343,左,students03
55,56,1330,53.2,0.5126832666709189,19.320458747194436,-0.5121584550041349,0.5305271868108853,左,students03
55,56,1470,58.8,0.5263247990031755,12.266466302479671,-0.5263230222550658,0.5838171139931712,左,students03
55,56,1610,64.4,0.5457701605461516,19.22349294762347,-0.542365787838477,0.3708982981252815,左,students03
55,56,1650,66.0,0.47234350756952487,22.60547840234642,-0.46159352690407524,0.3722428830256572,左,students03
56,233,1220,48.8,0.17309029612722943,8.421395250705842,-0.16807450271624086,0.7369538163482969,左,students03
56,55,1560,62.4,0.6563031408941316,23.828019888997687,0.6294581213131221,0.5476290113176209,右,students03
57,341,1210,48.4,0.8975865327947893,20.84832647943327,-0.706397580435014,0.8353160503682755,左,students03
57,233,1250,50.0,0.659693061375361,9.160424871475584,0.3733719645357253,0.6392011629142139,右,students03
58,59,1430,57.2,0.6893250262040366,11.629473336911673,-0.6817194693834693,1.0072702932348923,左,students03
58,51,1490,59.6,0.6400806358865162,12.170036983449535,0.6250796491391244,1.0489546029081434,右,students03
58,412,1540,61.6,0.5436774465069053,14.057269250076502,0.538656387364192,0.8117702261793179,右,students03
58,59,1610,64.4,0.5863146519971928,15.72696297054847,-0.5838140048024674,0.7404475301398472,左,students03
58,59,1670,66.8,0.5759420756539648,15.773881827569994,-0.5624610663806509,0.6159095091234521,左,students03
58,59,1720,68.8,0.5738960803592734,9.498954978835656,-0.5711007242275897,0.7390402866390179,左,students03
59,58,1530,61.2,0.7855251279465685,8.63382861688271,0.7095158274348266,0.96645094406901,右,students03
59,104,1680,67.2,0.6507310820034196,37.38091604037993,-0.3327223339171649,0.6269791289019885,左,students03
60,61,1450,58.0,0.7009648598523099,8.886361865426949,-0.6243301642718688,0.9941338061164368,左,students03
60,61,1700,68.0,0.9123087809794297,8.658020861083003,0.8974101780005311,1.341780968518664,右,students03
61,60,1420,56.8,0.7431909325334672,10.787515977590061,0.6833573413473324,0.9065325823771286,右,students03
61,101,1470,58.8,0.5440311827247635,29.22518622404732,-0.5291014191863177,0.890886418662445,左,students03
61,60,1510,60.4,0.5721322241027365,82.73433672877022,0.49644702931594226,0.3624667038066094,右,students03
61,60,1650,66.0,0.9021225398168278,12.37068436490452,-0.9007122521003922,0.6405981067546087,左,students03
61,425,1690,67.6,0.5579483145542203,8.543711173339801,0.5493496994538355,1.3994556734823596,右,students03
62,64,1570,62.8,0.3116978176423463,15.101347201242078,-0.30791508864865,0.5805401992423264,左,students03
63,65,1540,61.6,0.3453764467941326,21.62928640638424,-0.2360439978478408,0.785065653652853,左,students03
63,64,1620,64.8,0.6208929880513974,15.299740264204729,0.5677685785891888,0.3861743894126118,右,students03
63,106,1810,72.4,0.7473281650807772,9.809860539282681,0.6537229825032699,1.3471486296213655,右,students03
64,65,1560,62.4,0.5305482574675437,28.313989150617886,-0.500795525146933,0.5970628522141527,左,students03
64,65,1710,68.4,0.2341736209636893,19.57611439009719,-0.18865330858127471,0.3038099614960934,左,students03
64,65,1800,72.0,0.5588178091318202,22.785685051737346,-0.5191766201947742,0.5005530522345462,左,students03
64,108,1870,74.8,0.2946336491265588,9.999572634640117,0.27958585314082823,0.5909467306527543,右,students03
64,108,1950,78.0,0.23664959678865294,12.41995238572872,-0.22596550255152498,0.6462763917843856,左,students03
64,111,2020,80.8,0.3308096484164224,9.795787946200448,0.2509144703395575,0.6458505411710457,右,students03
65,64,1630,65.2,0.677258829921826,10.420817620536496,0.3069710460694638,0.3935360271499355,右,students03
65,222,1740,69.6,0.3676532490980358,13.219675270516689,-0.36580566475905246,0.3096423224667906,左,students03
65,109,1860,74.4,0.536758117431798,13.25732025450202,0.3684358404284745,0.660612106250911,右,students03
66,65,1740,69.6,0.6068872053752422,49.91715569977657,-0.5928076397473869,0.3078809769155403,左,students03
66,107,1870,74.8,0.1957275435186305,9.711767772970234,0.1952573035116138,0.5765179655373208,右,students03
66,64,1940,77.6,0.6393531190707881,9.637334224849383,-0.6372013484282897,0.7699623790926474,左,students03
67,102,1670,66.8,0.49938901024640336,10.2776274203095,0.3645489623070623,1.0916469565171198,右,students03
67,426,1860,74.4,0.8858207250451373,14.734490967965627,-0.6705235015352603,0.9044487429521768,左,students03
68,343,1740,69.6,0.403014664915184,13.579708366946221,0.37563199804230657,0.9845953833181693,右,students03
68,69,1810,72.4,0.5292837043827001,10.46760760351117,-0.528916198349201,0.8960880086570479,左,students03
68,350,1870,74.8,0.29005307431441785,25.37887406534901,0.28532156436662304,0.6649289157780676,右,students03
69,68,1850,74.0,0.675672886747356,26.408470724509243,0.5613254059278738,0.7912162407460839,右,students03
70,376,1770,70.8,0.36256630652618843,10.933593373803376,-0.25857000564098337,0.5350243610983211,左,students03
70,71,1890,75.6,0.46443376642309564,9.197074656190807,-0.4635873080628721,0.9133825582967932,左,students03
70,109,1940,77.6,0.38141584623957225,11.236886107319691,0.3526417592058399,0.9388534182456174,右,students03
70,108,2160,86.4,0.2381333917462416,18.034382488280983,0.23810392847557374,0.8060514335686958,右,students03
70,65,2190,87.6,0.4110780062260247,16.42559584136609,0.3886467044171028,0.8496447831689788,右,students03
71,314,1740,69.6,0.3568737541163392,14.400966214550976,-0.3408441709160023,0.8562849760686213,左,students03
71,70,1870,74.8,0.5126261550273383,8.537189766544685,0.512001982050062,0.8241687424703826,右,students03
71,70,1980,79.2,0.41526196556531847,15.155987406276267,0.38073216908966484,0.6852543286201271,右,students03
72,53,1460,58.4,0.27320681895089927,11.096098668659437,0.1988474188127221,1.0021211657846854,右,students03
72,103,1540,61.6,1.1012881223611186,55.708176166510015,-0.7335650165516175,0.47853684446637623,左,students03
73,10,420,16.8,0.9013012490500736,22.737780017549596,-0.8880992294635075,1.037720948753439,左,students03
74,73,250,10.0,0.5737606922212014,131.10438995899648,-0.4871854766981803,0.6021128496670268,左,students03
75,76,80,3.2,0.7153432206125399,14.323751462896439,-0.7126970192833726,0.5011722620320997,左,students03
75,76,230,9.2,0.547437046368922,12.197082611868325,-0.2038924429153292,0.4587343406856196,左,students03
75,4,540,21.6,0.46419913897006093,36.02600790550662,-0.45860212646393816,0.31557374868807997,左,students03
75,4,750,30.0,0.3396753532870726,15.171875084025686,-0.2901953920981753,0.4910229575772418,左,students03
75,235,940,37.6,0.9002201993926264,22.2631665040183,0.8998059038553856,0.8674332304984003,右,students03
75,224,1010,40.4,0.1989050704029928,29.60447169364653,-0.15591070603837828,0.7818093784507891,左,students03
75,4,1040,41.6,0.48613593243204273,12.70553636390892,-0.4724853864896854,0.7109257468850142,左,students03
76,75,150,6.0,0.6992274030276148,9.777267782733645,0.6351502858623188,0.5580676478763206,右,students03
76,75,190,7.6,0.5383259625120707,9.467004086142026,0.47427279277840434,0.6278979838630646,右,students03
76,75,270,10.8,0.39568337319141134,59.06669811368084,-0.18702579073923842,0.4298446497488322,左,students03
76,77,370,14.8,0.5434033122956509,26.376753719304986,0.5231436774300012,0.3888255709028748,右,students03
76,83,530,21.2,0.8764805040758074,70.8822368285638,0.8750513347372395,0.8465612591624957,右,students03
76,41,650,26.0,0.7470846051275057,51.121990641488225,-0.1696936069732211,0.5645728965611154,左,students03
77,78,320,12.8,0.5328755261894363,9.201552752711905,0.4261102671881585,0.616987388931155,右,students03
77,78,370,14.8,0.5974197569757672,10.48987884424173,0.5329856444173069,0.9844151764076913,右,students03
77,78,490,19.6,0.5780833943522093,17.04205266839773,0.57781419503068,0.6978576440672509,右,students03
78,77,220,8.8,0.5947405560446918,10.854448070374588,-0.594024555106476,0.6526677938799783,左,students03
79,80,560,22.4,0.2943330780224552,30.6958816272994,0.2860334347559438,1.340022255265347,右,students03
80,81,330,13.2,0.6818255426665369,16.219653144129836,-0.6537610526658832,0.8930674546856432,左,students03
80,81,610,24.4,0.6469711669645934,20.24925242534684,-0.6311355944028955,0.9501061900298261,左,students03
81,80,380,15.2,1.1060649144989965,11.287136389640807,0.9427300951446977,0.9143698076565094,右,students03
81,80,430,17.2,0.5948531796289519,10.314472600806567,0.5119766034090076,1.1622042565050905,右,students03
81,39,660,26.4,0.6650064229323952,35.079178019573106,-0.4358641287749286,0.6354690592871167,左,students03
82,74,390,15.6,0.7521613707393402,26.580499352989506,0.6673826470999619,0.3963610724187826,右,students03
82,85,760,30.4,0.26004362485076205,10.146560684288943,0.2535383666904053,0.8206364831615756,右,students03
83,84,450,18.0,0.3351825985374954,21.126433366795027,-0.3223248463445466,0.5331445975016863,左,students03
83,230,1010,40.4,0.8322636602367792,32.39452774412848,-0.19956996031190555,1.3923922342276347,左,students03
84,85,540,21.6,0.33725207397749807,18.082835440450538,-0.33136665129473425,0.3540505875689725,左,students03
84,300,600,24.0,0.4987089537792906,22.33508187727125,0.2852140346431308,0.5826978557051383,右,students03
84,300,640,25.6,0.22067881068193163,8.500154259072815,-0.21322799172919116,0.7031112315857205,左,students03
84,85,680,27.2,0.3280617905287812,36.189547428298,-0.3248114916584051,0.4454551447684036,左,students03
84,85,740,29.6,0.3470063128352629,14.891889880181452,-0.3387653397341346,0.3163929831524187,左,students03
85,84,590,23.6,0.5040659301680598,8.85734098946719,0.46562819160992114,0.6083838228186083,右,students03
85,84,780,31.2,0.6012626996860307,11.444170464288248,0.3944613677696872,0.9030427760399442,右,students03
86,48,820,32.8,1.1226733688444983,38.94896884089471,-0.789126180314313,1.159485817329523,左,students03
87,221,790,31.6,0.4462042155243766,41.35951534509809,0.44282672377734655,0.8823375168306382,右,students03
87,227,970,38.8,0.7806621760398219,8.337953752379576,0.42085234927870385,0.9558688178174399,右,students03
87,235,1030,41.2,1.110694763807746,57.84959534392112,-0.5798977493680282,0.791110101222444,左,students03
87,225,1060,42.4,0.7890471459804712,16.171109748993814,-0.37314582352286063,0.5739934076681162,左,students03
87,225,1110,44.4,0.8720366287876145,18.618896054486612,-0.7060327982715895,0.5699503518993116,左,students03
87,342,1170,46.8,0.47635601167816427,24.411751692900225,-0.20839971609300212,0.6089034996359716,左,students03
88,89,810,32.4,0.9004791128295339,12.947269480568139,0.5898742869628496,0.8674084065525044,右,students03
88,221,880,35.2,0.5037199273960081,8.458270504714477,0.46483907416765896,1.4330682790235456,右,students03
88,316,990,39.6,0.8426454814237457,12.662157684660087,0.6895763807325455,1.6698260815948778,右,students03
89,90,1000,40.0,0.7317337657633772,10.538388152575152,-0.7303271883883291,1.0729068602897387,左,students03
89,92,1260,50.4,0.3286994021538097,16.275821624285925,-0.2826227325579354,0.6818030019778136,左,students03
90,92,880,35.2,0.741599775358867,12.371384115927412,0.6908869583599895,0.840700520189536,右,students03
90,93,1050,42.0,0.24355088189430996,25.925643003448187,0.2205283378932678,0.8383076358696687,右,students03
90,92,1120,44.8,0.4530993256575792,10.040536260905611,-0.1623205537971128,0.9864627234950473,左,students03
90,89,1290,51.6,0.6783153940967277,13.397818423623818,-0.6057372870455104,0.6373799652178596,左,students03
91,49,1020,40.8,0.9527827392001655,9.286085514831285,-0.41506633887435107,1.3181653293714088,左,students03
91,228,1060,42.4,0.5898407251675806,12.328227328361919,-0.2410451138530505,1.413028074853768,左,students03
91,52,1130,45.2,0.8118033411453863,44.742812672333145,0.6835211363984781,0.7572918420464092,右,students03
92,50,1100,44.0,0.7209538077548737,10.93249940487837,0.3601880186148512,1.009035905146491,右,students03
92,233,1270,50.8,0.9433930776421952,12.928909469139796,-0.9394205242463008,0.9750366552818601,左,students03
93,95,970,38.8,1.0631279663698303,8.643446963402226,-1.0616498371559573,0.9890432236611552,左,students03
93,95,1000,40.0,1.126230603959964,12.652226342563097,-1.0895638682517024,0.9723834353692469,左,students03
93,92,1040,41.6,0.8066417676245977,15.372135902739984,0.7350670522758579,1.4224940637330459,右,students03
93,92,1080,43.2,0.2259773998698976,16.691582350059434,0.2258452100802678,1.1742159502985474,右,students03
93,52,1170,46.8,0.32812596730425875,15.043163453951763,-0.26290484437523354,0.970132466060512,左,students03
93,90,1260,50.4,0.7535562362578236,31.770069860360593,-0.7513555524163503,0.8504368055309555,左,students03
94,95,1010,40.4,0.706578848298559,11.017251122269641,0.7039394663778445,0.7088981638503149,右,students03
94,95,1140,45.6,0.5119874215583772,25.98637655551761,0.500657570757549,0.8277590334852878,右,students03
95,94,1070,42.8,0.9810578770817093,15.0503833547248,-0.38686284556564976,0.959650898425921,左,students03
95,94,1120,44.8,0.6955690172073014,19.28655498469584,-0.41318380193753657,1.0670021268854895,左,students03
95,94,1220,48.8,0.9899780701533618,11.781804100801196,-0.8576094563141875,1.1892404878405982,左,students03
95,229,1330,53.2,0.9463911730961021,24.132539569573993,0.6024604573830641,0.7913680238254592,右,students03
96,233,1390,55.6,0.8249907384890022,13.350270788155939,0.7634147411669254,0.8542588630441268,右,students03
97,100,1290,51.6,0.5789791057817216,8.695155930443377,-0.5265020622985076,0.9647090795687416,左,students03
97,61,1460,58.4,0.6843569584156636,8.02682733953091,-0.6762093725273269,1.7091474291007198,左,students03
98,99,1320,52.8,0.4331449182048666,10.122187326683445,-0.3618604709352307,0.6317078095800046,左,students03
98,99,1390,55.6,0.4022073922836897,101.75473452351092,0.2521102013603971,0.4198598496892141,右,students03
98,99,1600,64.0,0.5994260359491368,8.812880467522717,-0.587928970402172,0.7859834095924967,左,students03
99,47,1320,52.8,0.782109649171064,20.283824463641764,-0.38422524057667584,0.33632769977370935,左,students03
99,231,1410,56.4,0.2932901727403811,101.21276462990869,0.23481727464761856,0.3460253048285392,右,students03
101,100,1420,56.8,0.6870730485933245,13.38931226343476,0.6867305815571646,1.6630420969726079,右,students03
101,100,1480,59.2,0.20588940045458798,21.529326686431318,0.17062438109519792,1.635100676671853,右,students03
103,414,1630,65.2,0.9172048479275121,26.22463903028836,-0.5872503549534754,0.46314011413715417,左,students03
103,72,1710,68.4,0.7982481083815557,26.170118737395512,0.6305097033378937,0.7776489851832558,右,students03
103,72,2110,84.4,0.7897250990645899,16.74152395853929,-0.5189364963679894,0.3449934801995151,左,students03
103,72,2200,88.0,0.948277081072532,86.30483091565725,0.310815949358222,0.6417291016995412,右,students03
103,384,2400,96.0,1.108362309892656,37.530762825347466,-0.7976902432089453,1.131541666470387,左,students03
104,64,2090,83.6,0.25398298326395663,9.024781529979634,0.24476469649555288,0.9010770425413891,右,students03
105,58,1760,70.4,0.6381072414101453,33.954570696415374,0.6368355729122853,0.9196686078962493,右,students03
106,107,1760,70.4,0.6738782657374559,14.589168301137732,-0.6087321395322806,1.1158047679770056,左,students03
106,107,1800,72.0,0.5538373900877899,33.02065590073698,-0.454230985530713,1.0443797314902932,左,students03
107,108,1780,71.2,0.5489921556840233,24.317518003560536,-0.38961657838440644,1.1784106475150078,左,students03
107,108,1880,75.2,0.19530710541211327,10.35030571834875,-0.19131765645105916,0.7830890901705609,左,students03
107,106,1920,76.8,0.6805986236764173,21.071174562293095,0.6554823726002523,0.9315319700459179,右,students03
108,244,2170,86.8,0.3057668157657672,9.002004849905774,0.30565209210961897,0.5822396568557895,右,students03
109,108,1770,70.8,0.6778753202555969,9.299309491069124,0.6206346073066457,0.8184635077001104,右,students03
109,108,2060,82.4,0.5827585623375847,9.431122769515497,0.5615839091919066,0.8654639875722979,右,students03
109,113,2120,84.8,0.4303621819985056,27.755179476720627,-0.3556045173881581,0.6748090164345738,左,students03
109,113,2180,87.2,0.176590809464387,9.517354643175963,0.15942620842419503,0.8546128350498974,右,students03
110,104,1980,79.2,0.5021884853710478,75.33764232038476,-0.3985047318371081,0.7374782629988311,左,students03
110,321,2150,86.0,0.40413591463466203,33.45365148516055,0.34647973542833405,0.8569657029036788,右,students03
110,377,2230,89.2,0.8109116866420031,19.396475499798527,-0.20163285434068295,0.7848696853480612,左,students03
110,380,2280,91.2,1.035155677661675,13.492875795288882,-1.0000499772390046,0.7066826116400147,左,students03
111,112,2080,83.2,0.8229871911696284,12.24054608661072,0.7966739247535553,1.0975711365156604,右,students03
111,64,2150,86.0,0.9094584783036441,11.315476789326453,-0.2550632738564856,0.66544919817528,左,students03
112,222,1890,75.6,0.19126001668352288,24.49654509546633,0.17830921478766099,1.0756746852146128,右,students03
112,111,1970,78.8,0.7177353032850106,10.256553919425016,-0.7143864551458917,1.0982809618636378,左,students03
112,111,2100,84.0,0.7714262962405904,11.89612773446433,-0.7594522693158045,1.0904696289992635,左,students03
113,244,2180,87.2,0.7243492192652757,8.50822292903814,0.7234893335456046,1.2653796589796522,右,students03
114,116,2070,82.8,0.46603902494820504,9.037770631868739,-0.43961409326458717,0.940060628272629,左,students03
114,117,2200,88.0,0.45263637253844774,10.180362355675015,0.44671783556318684,0.7435347961473766,右,students03
114,116,2300,92.0,0.5845824501176442,14.214876823705026,-0.5329276233824818,0.8226040346766013,左,students03
114,116,2370,94.8,0.39271630091732884,16.62460606329026,-0.35365183184865095,0.4542428188313193,左,students03
115,116,2090,83.6,0.5345736040223746,10.437354923505382,0.5006019909933752,0.9333156623880269,右,students03
115,233,2140,85.6,0.3110305585957318,11.15619505528889,-0.25736313017296253,0.7926875712538715,左,students03
115,116,2440,97.6,0.4764566538696307,12.301425782271878,0.29566944894362357,0.30321649867020256,右,students03
116,115,2340,93.6,0.5541445511992235,28.14232281778675,-0.5063796016079555,0.6536139402783699,左,students03
117,246,2290,91.6,0.515851310898167,10.109777878934807,0.4478718328725435,0.8032196771406529,右,students03
117,114,2330,93.2,0.8441742738980168,23.136416328401083,-0.7001381537854464,0.7959996481204502,左,students03
118,119,2130,85.2,0.955314874470814,10.869335503014526,-0.5254157431768368,1.0499052261655237,左,students03
119,118,2050,82.0,0.7279509806998945,17.516195590503315,0.7261407386292356,1.2228569027234757,右,students03
119,118,2120,84.8,0.6237591976573105,8.762744686799692,0.6191487927840132,0.8278878494383178,右,students03
120,121,2190,87.6,0.5048671816458754,9.486666392729205,0.4535245882940583,1.3862053427313656,右,students03
120,123,2300,92.0,0.3101062602872663,13.122050596070096,0.3080089583115732,1.5418538612544956,右,students03
120,377,2360,94.4,0.5996582555394507,26.255357082511637,-0.4596955435667819,1.6092675577701276,左,students03
121,124,2210,88.4,0.46432369270730994,28.762854976494737,0.4211637542501423,1.3328079787667089,右,students03
121,140,2760,110.4,0.5678267486773861,20.50568529620068,0.5611491878934908,0.9544932783509631,右,students03
122,125,2210,88.4,0.5505470011990142,21.0561375555028,0.5388306837316352,1.272131720804881,右,students03
122,131,2360,94.4,0.8296855954126018,36.04401063191753,0.3561365337587077,1.1558322105357672,右,students03
122,131,2420,96.8,0.7447796900893194,46.420056662020784,-0.6838634432287204,0.6343589358178422,左,students03
122,252,2500,100.0,0.36965909252502016,22.140162831485753,0.24396885790187606,0.9094914012425329,右,students03
122,131,2530,101.2,0.39534304228049727,18.123139478226165,-0.39053038814025887,0.7137563606622055,左,students03
123,127,2240,89.6,1.1685284958621307,24.415339875290016,1.133715550355677,1.489646033471386,右,students03
123,122,2340,93.6,0.5919652907666566,60.95662375121333,0.5916834701668915,1.4449158201234342,右,students03
124,131,2510,100.4,0.18489348027438238,18.528890184281522,-0.18477798098422438,0.8628029867569618,左,students03
126,125,2330,93.2,0.7018899210173035,20.688927615214993,-0.6229020772500005,0.8379142177500043,左,students03
127,130,2280,91.2,0.22881664563798249,14.280025696347138,-0.2281561315930154,1.0616254715120634,左,students03
127,132,2550,102.0,0.21216113268802547,33.894282169696936,0.17878812837337324,1.0038182504216164,右,students03
127,128,2600,104.0,0.374783530807312,19.846324944860726,0.3718520564379947,0.6491802211128337,右,students03
127,132,2790,111.6,0.4359284745918322,14.746694440175759,0.41898575992001014,0.594797556300319,右,students03
128,135,2400,96.0,0.2524164965335988,12.82884514109901,0.21552581965859866,0.8903646685303955,右,students03
128,129,2570,102.8,0.2735104474011022,30.196230562548294,-0.17620239722783665,0.3619365490213862,左,students03
128,326,2680,107.2,0.21981921456661033,21.55620053848736,-0.2168269937179839,0.8953888541471929,左,students03
128,129,2800,112.0,0.46832903670924914,24.603609373461637,0.261179901222537,0.5250751288991781,右,students03
129,136,2520,100.8,0.38730530484449444,43.62144573219385,0.33926215895584033,0.5741643777484524,右,students03
129,327,2720,108.8,0.2870962576437921,46.197220984489235,0.1707369144165863,0.9656516350014007,右,students03
130,133,2350,94.0,0.6013551891106775,54.636964569352585,-0.5966142054302053,1.1207655402306604,左,students03
130,134,2560,102.4,0.21176389394934234,12.157113272249234,-0.15934542853554906,0.4817719702570543,左,students03
130,129,2720,108.8,0.3140732863176067,15.48886883246297,0.31354649419918373,0.334033318509702,右,students03
130,133,2750,110.0,0.4010882677012674,50.27034795536642,-0.3943373112925277,0.6118446524323845,左,students03
131,246,2390,95.6,0.2797155857189381,13.231579878294667,0.27695503369528307,1.6308355131188106,右,students03
131,127,2480,99.2,0.42439127770878654,22.267139987597375,-0.4235419753195708,1.0391642607865315,左,students03
131,127,2520,100.8,0.3830185428388737,17.74322639078173,0.29145372092889765,0.9624400431811995,右,students03
131,324,2570,102.8,0.6179899067078525,23.28145704399668,-0.3681470570078277,0.7902360792692283,左,students03
132,384,2310,92.4,0.49352469564337187,22.60551785307635,-0.4712962171003118,1.1307297268594527,左,students03
132,130,2390,95.6,0.7543684488061424,13.052163558523034,-0.4737047399675247,1.0412933378011215,左,students03
132,134,2440,97.6,0.4256355514933765,33.23431637210547,0.36728431657939636,0.9138635219932718,右,students03
132,134,2540,101.6,0.36394617734127965,11.166376194906832,-0.3227252116213711,0.5696613685618483,左,students03
132,130,2820,112.8,0.43433900266776737,8.873291905548854,-0.4217802904613134,0.587141844678838,左,students03
133,130,2630,105.2,0.42618753536646614,29.70503275767925,0.21615835971108305,0.41935268594430575,右,students03
133,130,2700,108.0,0.5195763385682723,53.24613065706285,0.1856191384613184,0.529386566426037,右,students03
133,325,2750,110.0,0.3283265016897873,15.282952670547644,-0.317980626591273,0.4641205914756263,左,students03
134,384,2340,93.6,0.25615264006672134,11.238488541592119,0.16037938540000063,1.1665028699999846,右,students03
134,135,2410,96.4,1.0504244172659047,16.543633454451083,0.930006520767726,1.2557267749003937,右,students03
134,136,2510,100.4,0.39263956957473806,9.483062744283927,0.3417666464269965,0.7460949411623343,右,students03
134,376,2580,103.2,0.6767110370812299,22.088343956916447,-0.632532991675932,0.6075067633471545,左,students03
134,325,2710,108.4,0.7246207781712334,15.97282426728728,0.577365143854136,0.7174074953122159,右,students03
135,246,2420,96.8,0.1689430440991593,31.030184886706536,-0.1689415747447171,1.3184282045065747,左,students03
135,248,2460,98.4,0.5549513801810404,13.834078009728188,0.550087460246411,1.0984083883439224,右,students03
135,136,2530,101.2,1.0193350670397252,19.38951171438893,-0.7225377584507049,1.3099900949145964,左,students03
136,138,2460,98.4,1.0780444297091578,25.556410225361304,1.0771660727474102,1.1760391996976909,右,students03
136,139,2530,101.2,0.9952270732620795,9.228616569005624,-0.6049319072678462,1.1904839824900146,左,students03
137,138,2560,102.4,0.6186405955801931,15.765687279139229,-0.6138724613399302,1.0234455993529052,左,students03
137,141,2730,109.2,0.3751206781863756,9.383966950602485,-0.3205201110099998,0.7308400931750034,左,students03
137,138,2840,113.6,0.7217679644242676,11.936871329868069,-0.6798370308290157,0.4758568669041645,左,students03
138,139,2540,101.6,0.5348604930914921,10.540237776680954,-0.5336383721733957,0.8883025264416077,左,students03
138,141,2660,106.4,0.19630614260928694,15.500823295441194,0.1500429967733579,0.9670884608197128,右,students03
138,141,2810,112.4,0.45124023234575783,16.199618275309376,-0.22147629413000122,0.40172527800000113,左,students03
139,141,2490,99.6,0.6819784425584497,19.537901844461203,-0.5837608829012438,1.7472763788539785,左,students03
139,140,2530,101.2,0.24138510464890042,16.715916722440113,-0.24131536089190617,1.4185864496660463,左,students03
139,138,2600,104.0,0.6074382237888688,8.858049953846574,0.6070155023523853,1.6030675610261398,右,students03
139,258,2690,107.6,1.1513773866102246,8.51333695191613,-0.8301435456543719,1.308655570700703,左,students03
140,141,2550,102.0,0.6533770295568855,12.328551353574966,0.6450157466899135,1.0265751724849406,右,students03
140,141,2740,109.6,0.6874787210593243,10.577805978772773,0.686440384173012,0.8180341034255856,右,students03
141,140,2610,104.4,0.7479238092789974,8.008808154819974,-0.5598643116191679,0.9897591420196578,左,students03
141,140,2840,113.6,0.8811170081474161,23.404931546375167,-0.4119860229662564,0.46010878614002426,左,students03
141,140,2880,115.2,0.9570664526797863,22.195000057768652,-0.38353629835935277,0.6121739344504632,左,students03
142,257,2650,106.0,0.29190092225222924,27.308729361667474,-0.2695933050520293,1.1149157357835067,左,students03
142,432,3990,159.6,0.5219854158668643,9.392888262877932,0.35236899380694653,0.731172411053783,右,students03
142,432,4070,162.8,0.7819142057223769,126.20164980694912,0.755107770559643,0.3635974796494849,右,students03
142,432,4250,170.0,0.7965437403678644,15.60069636552899,-0.7868002015978051,0.6858825473125395,左,students03
142,432,4390,175.6,0.5290604347978097,19.706009218205736,-0.40718385474690516,0.836223510788492,左,students03
142,365,4440,177.6,0.42189464416914213,9.783541008445752,-0.15102288835160943,0.7551909293406774,左,students03
143,144,2750,110.0,0.5116875473863843,10.838811363289295,0.5041011705665976,0.7873596168167383,右,students03
143,145,2870,114.8,0.649856799207526,11.917531958714562,0.6282592177154545,0.8030371704953948,右,students03
143,259,3000,120.0,0.6037256632600043,8.651878397706923,-0.49080735182577556,1.0688251411420377,左,students03
144,145,2830,113.2,0.2119020439966728,12.403437269097111,-0.16536991032047327,1.079106553717965,左,students03
144,277,2960,118.4,0.33608657969343886,10.650903295916663,-0.29718349698172364,1.5130822221125382,左,students03
145,354,2800,112.0,1.1154198123362773,26.77114576445237,-1.0885604844404022,0.86863080396725,左,students03
145,354,2840,113.6,1.0119997586082234,37.15173853316628,0.3296968060567737,0.848509401811612,右,students03
145,325,2950,118.0,0.4622535089060242,13.788270746967754,-0.33835432893773953,1.1819049292032893,左,students03
146,147,2920,116.8,0.7240674800230779,8.154851374953694,-0.7078176159607346,1.0463467077316133,左,students03
146,147,3060,122.4,0.5917463578735476,12.435354617580401,-0.5915325428814957,0.7690440231326698,左,students03
147,146,2840,113.6,0.7731926784731398,11.31637748486449,0.5619468718595851,1.1236489961652965,右,students03
147,148,3150,126.0,0.7270193134090088,23.50895534101204,-0.6847214002423322,0.7564642085362301,左,students03
148,149,3070,122.8,0.8034099945462531,10.375665953609712,-0.6719507159793403,1.3613639213180613,左,students03
148,149,3130,125.2,0.5547998924079454,13.52200492762276,-0.4928893700301507,1.2453920857469256,左,students03
150,151,3060,122.4,0.7320690212341886,21.031130043204485,0.6837630236606907,0.9718638042228066,右,students03
150,324,3100,124.0,0.4898898325397667,22.600210271583336,-0.47313721408460485,1.1666079020338926,左,students03
150,151,3140,125.6,0.6255657691070687,8.79176557626812,0.623685754263307,1.1918886524936187,右,students03
150,151,3230,129.2,0.6926881223807687,10.933477738708973,0.6921596424045843,1.0683153186878631,右,students03
151,150,3080,123.2,0.6185967243886754,13.498697483129462,-0.5920399845768084,1.1697605723440456,左,students03
151,150,3300,132.0,0.6723457728762675,9.191414453440672,-0.6704714833014936,0.9309607897575976,左,students03
151,150,3350,134.0,0.5235635919799756,16.923543920560633,-0.48716790016453027,0.7077456523676499,左,students03
152,154,3200,128.0,0.922065860562323,8.611745570046878,0.8920625147370105,1.2126726354052575,右,students03
154,153,3190,127.6,0.9359171744321639,8.544104150377649,0.5223508648164826,1.2802098107609796,右,students03
155,249,3440,137.6,0.9070204095883939,66.71947640575002,0.6354127713508566,0.39916807210415695,右,students03
155,249,3500,140.0,1.0322557632828053,11.0410217189403,0.748016026075484,0.30008850413908655,右,students03
156,158,3310,132.4,0.40661970094652133,19.429217359049517,0.40330620959381236,1.0774031337328307,右,students03
156,158,3410,136.4,0.43507023204194395,8.616353384767137,0.43200240229724923,0.8283395705287465,右,students03
156,158,3570,142.8,0.4369417088551716,25.06098965391743,0.43670648411670965,0.4658358854085184,右,students03
157,233,3310,132.4,0.5002443774477037,10.961408935963675,0.403191726116092,1.1332593613579174,右,students03
157,160,3360,134.4,0.6064224736646713,22.252558765978563,-0.5748909056928573,0.824579908317204,左,students03
158,156,3400,136.0,1.1682399060064017,9.119343705892277,-0.5783041121730114,1.1409201437382568,左,students03
158,163,3530,141.2,0.684709689680039,11.030927779740807,0.4401075869703443,0.5963456312023919,右,students03
158,164,3590,143.6,0.5635640169056351,15.48856807427427,0.1681103711417336,0.38612414431401576,右,students03
158,156,3720,148.8,0.7385028233542648,12.517837976610991,-0.30378674849261056,0.7467771280403165,左,students03
159,152,3390,135.6,1.085405889493211,11.399541806339556,-0.6440689438391372,1.0599602517999187,左,students03
160,259,3450,138.0,1.161575171762313,32.47975280154637,1.0794745033759574,0.5260410359724019,右,students03
160,358,3700,148.0,0.6447638654954303,169.9710277700812,0.6242833375269075,0.30025998131027587,右,students03
161,256,3550,142.0,1.136377090731355,13.770828478466598,-1.0873791789265366,1.4886722984489336,左,students03
161,167,3650,146.0,0.7705075777914095,11.679939063604365,-0.64042272104998,0.9333121708765397,左,students03
163,164,3450,138.0,0.3800416954038304,14.529183250143262,0.3505094355358371,0.7424890020119287,右,students03
163,164,3680,147.2,0.5240655970759386,17.0107978139514,0.5219329541089316,0.4793782390567072,右,students03
164,165,3580,143.2,0.49598927278499116,48.81582706952747,-0.41346033011970135,0.7751571848042137,左,students03
164,163,3680,147.2,0.6922952768589481,28.659110269788357,-0.3074584403474425,0.4339015701115438,左,students03
164,333,3730,149.2,0.7847246190315067,12.86060025441941,0.368665569053441,0.6312828909025676,右,students03
165,166,3520,140.8,0.7562124636662522,15.375133573859927,-0.688565067067501,0.7416264663568704,左,students03
165,167,3710,148.4,0.5559601457132138,14.887360906884851,-0.5533773471397595,0.8328942643486608,左,students03
165,167,3760,150.4,0.8473713468723634,9.618418295457047,-0.8243186072167642,1.0678628798489478,左,students03
165,168,3950,158.0,0.31903681858087307,29.60728313314948,0.20760024439446212,0.8419720236086994,右,students03
166,165,3620,144.8,0.6251515063657057,22.66622320406441,0.5231215662671432,0.5916645428430355,右,students03
166,167,3660,146.4,0.35010534197846516,8.234119299815063,-0.34776429026906114,0.8248698239948431,左,students03
167,168,3740,149.6,0.7637050099530427,14.675183455805836,-0.7367089768253876,1.0347237612271762,左,students03
167,168,3840,153.6,0.25936206953938906,18.09177410149448,0.23979476803383998,0.8357698953421485,右,students03
167,168,3870,154.8,0.2735890341818793,35.48665778646662,0.2623871303346785,0.8415204150154659,右,students03
167,168,3930,157.2,0.6841609852072766,9.882232679331707,0.5777210628457531,0.8601063975310042,右,students03
168,336,3840,153.6,0.9926979322776627,9.972945850739137,0.9106928997065871,0.9252579807452197,右,students03
168,430,3950,158.0,0.3404252060771225,19.304462897450094,-0.30110692811113166,0.8534545871326785,左,students03
169,329,3750,150.0,0.8925532247747006,31.956246795589976,0.29528447776211475,0.6203081494539546,右,students03
169,171,3820,152.8,1.028466977957828,22.04559075838074,-0.6308295148362959,0.6067396105248316,左,students03
169,360,3930,157.2,0.39334159835465193,36.53408265458748,-0.365988490332828,0.8186171375164855,左,students03
169,364,4170,166.8,1.045412037474872,21.345768755747116,-1.045409102310654,0.827442348763054,左,students03
169,180,4240,169.6,0.7044803940256754,9.900594408560039,-0.44530212270813563,0.49206193737575576,左,students03
169,180,4280,171.2,0.338019395818481,34.49793889034072,-0.20541332300441062,0.5019005157278835,左,students03
171,172,3930,157.2,0.7966516094661357,8.073677916930336,-0.7660398103541978,0.7691373911662593,左,students03
171,360,4000,160.0,0.7428360732368587,8.009733880888149,0.7118946559360846,0.7840048214463475,右,students03
171,286,4030,161.2,0.8030652802101869,10.667931534536308,0.7011915078834349,0.7517576643646868,右,students03
171,172,4120,164.8,0.7685424777890303,16.632825490036964,-0.5787565653791865,0.9076546846686543,左,students03
172,171,3950,158.0,0.7299898523032068,8.282719932712268,0.7055090386081507,0.7722117580396294,右,students03
172,173,4010,160.4,0.6231891105463845,8.285744104922628,-0.48198912510107983,0.8191158125290079,左,students03
172,171,4050,162.0,0.8176654659532477,25.84253563102172,0.7845963695230076,0.9292455749188859,右,students03
172,176,4110,164.4,0.3801964266514166,18.83204188091176,-0.3800449772747199,0.7137370641036197,左,students03
173,333,3930,157.2,0.4829732459066555,12.840047130531843,-0.3494324792371841,1.0886647861501482,左,students03
175,430,3990,159.6,0.4291614064658036,20.830457482093095,0.42793205628215486,1.5214590357874471,右,students03
176,287,4020,160.8,0.17818395623083397,15.719719208031279,0.17542845619564307,1.186655544790753,右,students03
176,177,4170,166.8,0.7898249977360319,24.63002846030284,0.7894225698556778,1.0868925746693496,右,students03
177,287,4050,162.0,0.27956486733131114,17.31426008152357,0.2609433035730168,1.2112766668340056,右,students03
177,176,4250,170.0,0.7081497498774895,21.36459677433001,-0.5476929250554256,1.0663198537917398,左,students03
178,185,4240,169.6,0.9619162866184493,15.815138119242988,-0.8028813968614319,1.2335407571467776,左,students03
178,188,4300,172.0,1.1383581983656545,9.529670307487152,-0.9650818711145228,1.1478666968550217,左,students03
179,363,4100,164.0,1.0671881863851087,9.189959263806799,-1.061381061981241,1.179820871144902,左,students03
179,263,4660,186.4,0.47087269649196994,12.260976828747204,0.4571913454518619,0.7313756697519269,右,students03
180,288,4090,163.6,0.9014957203679337,8.426252224108936,-0.5858577615121461,0.785560720144185,左,students03
180,288,4130,165.2,0.7209943267850365,25.34937943004462,-0.3925000964647365,0.7184617073361013,左,students03
180,288,4160,166.4,0.8963986490311391,14.491576735976423,-0.28575294879161933,0.7087287148096634,左,students03
180,432,4290,171.6,0.36292493179592533,71.89483504587612,0.1507272423315775,0.47164097912811404,右,students03
181,365,4450,178.0,0.8708421195018133,9.747404619883355,-0.24603377823048275,0.737961578546577,左,students03
182,181,4260,170.4,0.41043727763978366,17.61596825966518,0.3520262327460355,1.3814445323221485,右,students03
183,184,4390,175.6,0.8779468772973639,16.319775962378458,-0.8779318533995202,1.1557455400404057,左,students03
183,191,4490,179.6,0.480100523966861,27.301275671693276,0.4404355645724688,0.9353402610390059,右,students03
184,183,4300,172.0,0.8321537719837725,14.714381877755415,0.6110546130551829,0.9402777664426366,右,students03
184,183,4440,177.6,0.8076519201822078,9.228068701273543,0.8013898777809259,1.4171224419007546,右,students03
185,183,4360,174.4,0.49456024132067067,10.911703213919992,0.47013064343254224,1.4444817285555607,右,students03
186,187,4260,170.4,0.5764441920572811,13.204980243603217,0.31924221273681885,1.3147859107691364,右,students03
187,194,4530,181.2,0.5962092929122284,38.11916087353862,-0.5928554827004935,0.8174406293738199,左,students03
189,190,4750,190.0,0.5235602586409147,8.831481302303843,-0.5103357767733636,0.8868686563161042,左,students03
190,201,4680,187.2,0.9174949630701664,16.926115295819812,-0.6126623576734173,1.1425477878719104,左,students03
190,189,4730,189.2,0.8127550575100069,23.436424454827602,0.6717425846432188,0.7692227159262507,右,students03
191,192,4470,178.8,1.0351045307750009,14.448587216405315,-0.7010716196453393,1.2444907930046083,左,students03
191,190,4610,184.4,0.6470192390614941,24.042945171558642,0.6466677293640005,1.1191088295290226,右,students03
191,192,4720,188.8,0.38492290866134093,16.75233348211748,-0.37441919863484735,0.9955832991305427,左,students03
191,192,4860,194.4,0.16713791183752838,8.479159236759415,-0.1635516900006773,0.9683260187958571,左,students03
192,200,4590,183.6,1.0532797786657362,13.000234155219772,0.7912862195329389,1.220713371829007,右,students03
192,366,4700,188.0,0.3632096123668055,22.654793812555567,0.33072073882215425,0.7561869448119928,右,students03
192,198,4740,189.6,0.38516292059988744,23.999745376958003,-0.38293094167559977,0.9190483162925728,左,students03
192,198,4770,190.8,0.27037306176319315,17.11774247265319,0.24170674974568623,0.7058877184103917,右,students03
192,363,4850,194.0,0.20303314385465795,16.66438064937023,-0.17914381705673185,0.867462772799219,左,students03
193,263,4610,184.4,0.307323187621889,13.344683562021487,0.3001236016797212,0.9707065820301022,右,students03
193,402,4820,192.8,1.0562386365321206,29.326855077061225,1.0562153149207945,0.7910104870543498,右,students03
193,291,4870,194.8,1.1451377928762192,44.80920616827399,-1.1436211777322645,0.44393439475040186,左,students03
194,195,4510,180.4,1.0897505977363975,9.962895833924676,-0.6308195705454029,1.3232825268128143,左,students03
194,198,4560,182.4,0.3856336074140655,12.809809051223255,0.3549356522835442,0.9429514803525451,右,students03
195,198,4560,182.4,0.5675518046829705,9.296502393396395,0.42774408514779166,0.9323055411680671,右,students03
195,194,4640,185.6,0.5625390305416601,18.77040592571865,0.48175205847354763,0.8018996532772751,右,students03
196,197,4650,186.0,0.7665676425684357,10.595462977744859,-0.5825207844005782,0.8163184039155978,左,students03
197,196,4570,182.8,0.7909384531628668,22.403056520623238,0.7314256256626683,1.2225600618811934,右,students03
198,362,4870,194.8,1.030094427595257,17.24143010770888,-0.21220154373348044,0.664093520068228,左,students03
198,362,4920,196.8,0.9560621955835972,11.88905336987304,-0.2570033657835683,0.6211741996109252,左,students03
202,203,4740,189.6,0.4015729458461165,8.552079664501804,-0.3971437362137123,1.0366961827912176,左,students03
203,206,4830,193.2,0.9139191069747151,8.557655400609804,0.7876263014289184,0.7091130003297763,右,students03
203,295,5290,211.6,0.8222031608053162,10.789193365788435,0.8205684736894951,0.3625250177939508,右,students03
204,205,4950,198.0,1.1151548701398695,18.150109410000567,1.0222627354247018,1.21255530021877,右,students03
204,269,5150,206.0,0.8918170403708505,13.805583219701703,-0.8468773629078415,1.246343469987728,左,students03
204,292,5280,211.2,0.4830122265827616,12.405480537357107,-0.36821989502791574,1.1952881238860573,左,students03
204,298,5340,213.6,1.1281070508151636,17.157763049372562,1.0735950653810435,1.2624523151622025,右,students03
205,206,4980,199.2,0.709958691516321,9.612740826479097,-0.6871103602009785,0.8878483814767508,左,students03
205,206,5150,206.0,0.590512616596532,9.886265520894,-0.5760806183082552,0.8806758523015427,左,students03
205,266,5220,208.8,0.4437774505443384,23.937778443035427,-0.21960571961042688,0.6823185623682094,左,students03
205,206,5330,213.2,0.4963627499488253,9.717178723732104,-0.4952023379460554,0.43481533454987265,左,students03
206,264,4870,194.8,0.552544763411881,13.440758759416155,0.5408331871771295,0.7095926182768558,右,students03
206,266,5240,209.6,0.48066228335721817,34.05480967334614,-0.18612215056273443,0.8329001693269441,左,students03
206,205,5300,212.0,0.5799765449033819,9.858032896600434,0.5074963360144807,0.5024256764025633,右,students03
208,209,5010,200.4,0.7022641726790239,29.133619596197974,-0.6951923119332315,0.6269913586519388,左,students03
208,209,5170,206.8,0.6596527009655222,11.775378336858779,-0.6547692780591903,1.3096281967596421,左,students03
208,209,5220,208.8,0.7046248172923825,27.364493528618027,-0.7025756190991769,1.2779333284950227,左,students03
209,208,5070,202.8,0.6781394222355253,9.058639597580878,0.660817716719753,1.0996260069822006,右,students03
209,267,5170,206.8,0.4945100236116644,12.31122774850428,-0.4789550126670151,1.3876406772273704,左,students03
210,204,5100,204.0,0.2681167549928204,23.812976920346216,-0.267490795345965,0.9423429788127259,左,students03
211,210,4990,199.6,0.43556739685032764,10.001245722576925,-0.3913127926978511,0.7759491423057104,左,students03
211,210,5050,202.0,0.5033409818555288,11.808535960733224,-0.3663738853021145,0.6048159659334205,左,students03
211,210,5110,204.4,0.47197586062186825,14.346234547425865,-0.4516235355028497,0.9705421153017858,左,students03
212,292,5060,202.4,1.1637404202739734,127.00488846535342,0.8742371981330006,0.6188077346046532,右,students03
214,215,50,2.0,0.2131232163313304,9.505615015462837,-0.20784598097239665,0.6627856492194099,左,students03
216,215,0,0.0,0.46220740960348794,21.116354998675007,-0.44907798857352543,0.7729982414197651,左,students03
217,17,130,5.2,0.49016310573946914,17.289198764801654,-0.4831157456645536,0.3569140539613009,左,students03
217,27,360,14.4,0.5842669803906169,23.109030239927222,0.5775897138839801,0.7509962914115244,右,students03
217,411,420,16.8,0.7920341744030727,94.51841523946592,-0.765841027468626,1.2971108039899948,左,students03
217,219,510,20.4,0.8484816708242465,34.43214973572657,-0.6274569918892324,0.49694019698402103,左,students03
217,219,600,24.0,0.17211083145516595,10.083695408133536,-0.15671817554469203,1.2326770050133975,左,students03
217,220,680,27.2,0.23278373578257477,30.795197838984336,-0.23278188841021455,1.0793571408782927,左,students03
217,88,770,30.8,0.44359148727894276,23.832505878073334,-0.36354105360384686,0.7406664350821975,左,students03
219,220,200,8.0,0.4235992386563484,38.15355956513855,0.3987196593938709,0.8841875386275623,右,students03
219,37,520,20.8,1.1676571404556932,9.486330151536379,-0.35354274366501004,0.7087960249852651,左,students03
219,220,650,26.0,0.9761437313395583,15.444963960376413,-0.6345911952976804,1.2107616394704843,左,students03
219,220,720,28.8,0.8677278231277505,10.612026424515193,-0.867536684260384,1.1359337259292561,左,students03
220,217,140,5.6,0.7275023225250511,12.299206512155251,-0.658613112005325,0.47237460027106865,左,students03
220,20,270,10.8,1.0446139645418815,13.8184466191245,0.9173641944709933,1.1016546323052607,右,students03
220,217,380,15.2,0.6272711264038715,29.933963566522493,-0.5598522596664036,0.4647666841125755,左,students03
220,219,640,25.6,0.7057527007386258,13.250597215962244,0.70118249156,0.5261627740624988,右,students03
220,217,750,30.0,0.6611759818102856,11.634287157935432,-0.5142387614260013,1.0330903182845237,左,students03
221,38,870,34.8,0.5564364327587583,19.425989027094943,0.23914369785419265,0.655830728478416,右,students03
221,90,910,36.4,0.5165081276738975,12.3119182718751,-0.48860955907991155,0.8928962468041833,左,students03
221,90,960,38.4,0.28290401446995217,8.623388516367498,0.24762976698172928,0.9083246640666199,右,students03
221,91,1080,43.2,0.5956546703076214,15.448628041850924,0.58374796929736,0.8328061129075731,右,students03
222,40,720,28.8,0.37200470234042543,46.35428860862032,-0.3548674106103801,0.5590398987383391,左,students03
222,340,1370,54.8,0.663650642564223,11.589533749905058,0.6527035604832511,0.3299895615818305,右,students03
222,340,1480,59.2,0.5682050599043031,29.407977259368295,0.547234840972549,0.34361711747130375,右,students03
222,340,1710,68.4,0.6135738630605055,11.610588658630775,0.6117160258829071,0.36346390170872256,右,students03
223,224,940,37.6,0.18709460461967295,21.126518531613357,-0.17262801412804268,0.5286101606602951,左,students03
223,226,1140,45.6,0.46687297877606115,9.559499377758982,0.450904048070193,0.3328274511572039,右,students03
225,226,900,36.0,0.48124420238378224,24.090997290092645,-0.20978326125003796,0.5294062655532943,左,students03
225,308,940,37.6,0.3338234966926662,78.14017188812383,0.1691641886343738,0.5361559601626366,右,students03
225,87,1050,42.0,0.3835224184357708,11.67656592104396,-0.355301666223604,0.34498908709392,左,students03
225,223,1110,44.4,0.6470090158924399,62.565424344280544,0.4832370038733237,0.47602273332595035,右,students03
225,56,1190,47.6,0.3813384679125207,17.77741752187012,0.3482074603857601,0.9579017055485485,右,students03
225,231,1330,53.2,0.6689820511460569,18.912941280219798,-0.34892062718000005,1.193337171574993,左,students03
225,99,1390,55.6,0.5779023644744976,25.364588163845895,0.446311551474064,0.9714399437118924,右,students03
226,224,790,31.6,0.5003281921540292,31.478171899546055,-0.49723871934585384,0.4012753628197138,左,students03
226,225,900,36.0,0.21000225799405298,16.309850562506284,0.20205055881095768,0.5832063485158561,右,students03
227,228,1030,41.2,0.4454871240632298,20.091476565901303,-0.1831738263209427,1.1449201489690837,左,students03
228,319,990,39.6,0.6148918715999376,32.38055611418059,-0.24630209360897432,0.6903462193413951,左,students03
228,230,1100,44.0,0.2846440965442986,28.921598043629274,0.22751462603673595,1.196779788702942,右,students03
228,95,1130,45.2,0.47621700267979783,17.075710168009664,-0.4533495184797514,1.0695567321899386,左,students03
228,94,1160,46.4,0.5965208999925197,38.81487464326062,-0.34729331886039655,1.3684110675033854,左,students03
228,51,1260,50.4,0.21583974064262534,12.277608324467963,0.16507663172725495,0.6108285549265645,右,students03
229,230,1040,41.6,0.6963541236300214,16.08690693458064,0.6864317803364399,1.3378019389051257,右,students03
229,95,1140,45.6,0.7614041366653439,20.779071480562123,0.5915957595473643,1.122455337908878,右,students03
229,53,1210,48.4,0.8445515104567815,16.36488941541961,0.8362490403583646,0.36297461532384884,右,students03
229,95,1340,53.6,0.8517210977556352,117.43065015855092,-0.6778755746413014,0.906563427831264,左,students03
230,229,1000,40.0,0.8275626146601527,14.778628447786076,-0.8251900157902394,0.7729450248165324,左,students03
230,94,1080,43.2,0.5546476661534544,8.065336486251908,0.4957287660633184,1.1710739753828114,右,students03
230,95,1210,48.4,0.9649627167315149,31.5987459112539,-0.960912368548664,1.4205452076444822,左,students03
230,94,1270,50.8,0.29899084802695497,16.769887454500434,-0.28860505238314843,1.4762933534157638,左,students03
231,311,1150,46.0,1.0236569737562549,9.901414697413458,0.6957993002378284,0.9023277211926414,右,students03
231,232,1260,50.4,1.141152583009043,18.673673639567255,1.1410998710610993,0.7813433907322506,右,students03
231,99,1460,58.4,0.717138844747584,11.337356408829976,0.7168084611401876,0.7071232959498381,右,students03
232,233,980,39.2,0.7472616562641974,29.052294633895315,-0.7393567190857591,1.13389647140554,左,students03
232,317,1060,42.4,0.5011268898081447,74.08494381933372,-0.40230862667799155,0.5991627300863559,左,students03
232,233,1150,46.0,0.742699059838298,20.911920013308475,-0.7348926589789772,0.8416853010952491,左,students03
232,233,1310,52.4,0.2998244235707854,16.865081753617545,0.24812264846695237,0.5071128372184042,右,students03
232,233,1580,63.2,0.8994716486297549,45.40756038984978,0.6724953809121725,0.6583700056930577,右,students03
232,238,2130,85.2,0.5590247420231368,8.461232500131814,0.5522587765299996,0.7211060818625015,右,students03
232,233,2180,87.2,0.4649181848612987,27.091446845897934,-0.24766069854625078,0.4622669266840154,左,students03
232,238,2490,99.6,0.5010005891405688,29.897040323253208,0.26128704674395725,0.5838557991552623,右,students03
232,233,2540,101.6,0.5634403068362683,28.443542552496297,-0.5558656881138385,0.3656175767794855,左,students03
233,232,650,26.0,0.749349656187054,8.145066654034053,0.6854373413782845,0.8457275919123843,右,students03
233,37,750,30.0,0.6369334791432838,10.733732080650611,-0.3080867120723136,1.0712755495001403,左,students03
233,232,870,34.8,0.7056221764459445,12.490323154022576,0.7043927116990862,0.7376840698772658,右,students03
233,221,1180,47.2,0.3639844194811277,28.051182591096534,-0.1659253727909879,1.11412011137665,左,students03
233,57,1250,50.0,0.28221757752413956,8.705207513267709,-0.24463554689378375,0.9236466391943591,左,students03
233,232,2120,84.8,0.4459900235632612,16.4251054062683,0.43015585022666347,0.9214409683627647,右,students03
233,139,2520,100.8,0.21355655359395712,26.470577018277396,-0.2132601536889745,0.42888585433666654,左,students03
234,37,830,33.2,0.3634453124512684,12.107097371200638,0.3629711112185465,1.0819588938045255,右,students03
234,233,890,35.6,0.9070487460113925,22.759718075640905,0.7421495137125595,1.49872512496024,右,students03
235,227,920,36.8,0.8888892398009107,18.619383476681975,-0.23349603466840418,0.9524286126768302,左,students03
236,237,1840,73.6,0.7446316919974205,28.54172525886895,-0.7235684475162072,0.3936361621984047,左,students03
236,70,1930,77.2,0.2544880019823184,42.56639249534089,0.19546301233343755,1.1385248425766967,右,students03
237,71,1720,68.8,0.5883183973402212,15.443870377681236,0.5503138371716313,0.6312916881817625,右,students03
237,236,1760,70.4,0.4243407963495944,9.391965918699611,0.4239765216454186,1.2000847220457178,右,students03
237,236,1870,74.8,0.6059147111387695,10.678780171786684,0.6055013031305412,0.8365215559359809,右,students03
237,236,2070,82.8,0.6268000918820256,9.84744670828772,0.49256048489566345,0.4764226739900836,右,students03
238,239,1800,72.0,0.6220274430824115,18.871409100384483,0.34223159840240774,1.9172815875980413,右,students03
238,425,1840,73.6,0.5902418773138536,8.473553311261924,-0.44009512905634596,1.8395818720578292,左,students03
238,232,2110,84.4,0.5652242442412048,12.311237992150666,-0.5072077737728617,0.8210973857167964,左,students03
238,232,2610,104.4,0.5635185893552656,31.907969473197,-0.5572883793101259,0.44804589481272944,左,students03
241,240,1840,73.6,0.696003590780277,9.390690334683512,-0.6957993501466486,0.7630232421434473,左,students03
243,245,2120,84.8,0.35770835037357135,11.56553148979603,-0.21351093884162173,0.5288272475073975,左,students03
243,321,2260,90.4,0.6630349943966912,9.46934826657673,0.5979678285397576,0.5819373056352051,右,students03
243,323,2340,93.6,0.5485807757123103,8.094605561015698,-0.5450931161492941,0.3865878606622585,左,students03
243,376,2410,96.4,0.5261713465735044,20.02675827858485,-0.5258293513403,0.5903135340086189,左,students03
243,245,2460,98.4,0.3971755052153728,15.677014041591406,-0.17842084262982155,0.5798675878675067,左,students03
243,245,2500,100.0,0.2617998195749565,14.023093884501662,0.18880024610561075,0.605429038264697,右,students03
244,245,2090,83.6,0.4926531348408872,38.6719383998832,-0.35827953415772806,0.4339681353317737,左,students03
244,245,2220,88.8,0.45232843289555386,15.698492271184904,-0.45008467841686006,0.5679480213029557,左,students03
244,245,2410,96.4,0.4825371403966394,10.22987966446459,-0.4118083363440615,0.43724950868765694,左,students03
244,245,2460,98.4,0.5124525851730031,13.478308479612025,-0.5124311573616659,0.6498122932852416,左,students03
245,244,2010,80.4,0.6126182143592828,16.122643124101188,0.5860059693556786,0.641782819419203,右,students03
245,244,2340,93.6,0.5011893349930658,12.670466384435286,0.49808397890206724,0.872289693315609,右,students03
245,376,2470,98.8,0.30878135426132247,24.53167617117802,-0.29876788145365646,0.7947370857038182,左,students03
246,112,2210,88.4,0.7391141405271581,9.804366081031333,0.7043820964471501,0.8017041173244176,右,students03
246,137,2480,99.2,0.703895305566015,9.892550666825173,0.651962404506979,0.9797239875633788,右,students03
247,246,2220,88.8,0.8155295949078679,11.740769618618799,0.7644377444885317,0.8223273405036617,右,students03
247,246,2380,95.2,0.8535454887110909,11.54712701032696,0.8365462632399308,1.1012231947613136,右,students03
248,249,2560,102.4,0.7496740433944142,27.676874495008093,-0.6836909580403303,0.7139884518663331,左,students03
249,250,2380,95.2,0.48795767694256365,11.731069676191197,-0.4878024267353784,1.3165179133658955,左,students03
249,248,2510,100.4,0.6867262720079027,10.080580530107511,0.6823977201830912,1.171315464734724,右,students03
249,248,3690,147.6,0.7100289947095713,15.206929731313494,0.6867658739042021,0.5561274907456194,右,students03
250,249,2340,93.6,1.1646273130529607,11.879378713732649,0.32946286394129204,1.1264299619156501,右,students03
251,252,2400,96.0,0.5653517297699522,10.01137864265013,0.5533836142113727,0.8741961021023728,右,students03
251,252,2450,98.0,0.4269558665169265,12.79628426122676,0.425879761824262,1.0874435339423743,右,students03
251,252,2560,102.4,0.2412579841017311,14.630903882767853,0.17638155025039126,0.9699412974885199,右,students03
251,252,2590,103.6,0.17006792540849391,42.571275930286845,-0.1638437432896622,0.8796659391994455,左,students03
252,251,2350,94.0,0.43381281945376404,10.088143566905785,-0.3764932180202284,1.0269478632021565,左,students03
252,251,2490,99.6,0.7569925461363544,12.888809807634914,-0.27800722914392206,0.9942683031432914,左,students03
252,326,2570,102.8,0.29185230555984204,14.351271835111874,0.2822881240022229,0.8346260445699089,右,students03
253,254,2630,105.2,0.6393505760926476,12.267997542042082,-0.6074363238271614,0.8064238021180059,左,students03
253,254,2670,106.8,0.29032063651515233,14.560121651764433,-0.28981634902679787,0.8258958170358551,左,students03
253,238,2860,114.4,0.38754346745478724,26.662644898169987,-0.3847416988581247,0.8314653477910617,左,students03
253,254,2910,116.4,0.38479037158451473,9.53552735539904,0.37282455606023934,0.6006363601244175,右,students03
254,253,2550,102.0,0.7247500092377115,15.22513391964884,0.5432534018333682,0.7949858872591178,右,students03
254,139,2630,105.2,0.7857400927036113,18.842635552959052,-0.703439698672679,0.8520343942012131,左,students03
254,253,2770,110.8,0.8954480410873236,8.498426107910063,-0.6706539519049846,0.914736404238657,左,students03
254,253,2870,114.8,0.6741544354439384,14.234249862756712,-0.3792893804310404,0.7215048408961108,左,students03
256,322,2670,106.8,0.3861615203586221,45.02795842070225,0.3543802407730773,0.3850273661868651,右,students03
256,121,2800,112.0,0.5181342076646998,13.379368558887677,-0.259632033648138,0.570292000179776,左,students03
256,261,3360,134.4,0.3964532710334001,14.44513584381059,0.3446256358425388,1.2128939027245336,右,students03
257,258,2890,115.6,0.5194329014675991,15.402829063853318,-0.519416998675751,0.8530524876887374,左,students03
258,257,2750,110.0,0.5913966319205121,18.396924241204175,0.5807236274802465,0.7636695257963159,右,students03
258,376,2850,114.0,0.7343263461538592,19.12844716577405,-0.21519647122902877,0.8340099468375272,左,students03
258,324,2890,115.6,0.5247113962098073,15.80553917031446,0.3600695213980855,0.7064925053692881,右,students03
259,328,3000,120.0,0.43035595049731223,22.68327449086982,0.2051640483380331,0.6535553178057155,右,students03
259,328,3030,121.2,0.24836174811712175,9.071579379626769,-0.24753101104324962,0.6689376584324602,左,students03
259,329,3280,131.2,1.1200152453368735,19.16605622740707,-0.1924512559322915,0.39621521161230394,左,students03
259,238,3460,138.4,1.1822759349484813,17.13543870062327,-0.959768790626236,0.626501086364649,左,students03
260,152,3290,131.6,0.46595182462945406,15.223103596287132,-0.46154694016583264,1.1916530834533658,左,students03
260,256,3340,133.6,1.1515169607182716,16.7473155330498,-1.0580453524193547,1.2016507360842545,左,students03
260,259,3410,136.4,1.0814355177796744,13.852366300784155,0.9087799791812889,1.0616623688732758,右,students03
260,238,3520,140.8,0.8168814984912575,10.305911727088557,-0.5923429637996562,0.5904067009092367,左,students03
261,159,3240,129.6,0.4746291924737376,28.821630554288845,0.4736449202469955,0.8522618363964809,右,students03
261,159,3270,130.8,0.5147959598296845,31.268275828609347,0.4984986990477254,0.8151913749850744,右,students03
262,167,3550,142.0,0.7489007690758637,8.440332393073305,-0.3529464500348738,0.9435707959046198,左,students03
263,193,4530,181.2,1.1139601839074844,10.920344708331328,-0.9397103986903438,0.42435531553733,左,students03
263,193,4570,182.8,0.7581615720840523,8.175226570239403,-0.6950651317602392,0.48381186424003914,左,students03
263,179,4650,186.0,0.42468289175570756,13.00715421658657,0.3113763101059153,0.661594536938424,右,students03
263,198,4750,190.0,0.5389194122396239,65.91592746929535,-0.46745496588595004,0.7237667580975368,左,students03
264,267,5100,204.0,0.517233799310135,37.58685681974163,0.24293704275424913,0.8936355804431284,右,students03
264,265,5150,206.0,1.0884916837399097,41.09666096090223,-0.8911283925318527,1.2511178467018518,左,students03
265,264,4940,197.6,0.7700460928494937,19.429673684666653,0.5897793141382028,0.8530223724601599,右,students03
265,264,4980,199.2,0.6145412762421186,9.486235489592588,0.6109310590282658,0.6096488001346866,右,students03
265,267,5060,202.4,0.2093353531105253,30.955531067226957,0.15211094387558047,0.7552297507514223,右,students03
265,264,5200,208.0,0.8105092532144501,11.834741008449384,0.7429759710520218,0.5980734175068401,右,students03
266,209,4960,198.4,0.324625405229033,8.017856467659954,0.2681198595906772,0.7673701917021648,右,students03
266,208,5060,202.4,0.6433242941245007,8.430189019970555,-0.5691178985415905,1.096750387397188,左,students03
266,296,5210,208.4,1.0457437119443602,26.089854568016364,0.39798467371461776,0.6069430235697465,右,students03
268,271,5140,205.6,0.3442834110157536,9.153051007044041,0.33918236669420104,0.7423175131502462,右,students03
268,269,5320,212.8,0.6425871651144215,13.760054694745634,0.6422084831055397,0.8750857272339995,右,students03
269,268,5190,207.6,0.5700583611107151,9.674728616077061,-0.5437477405733088,0.9281531887751228,左,students03
269,268,5240,209.6,0.6642616622905735,10.079467020346044,-0.6608398397981761,0.9047513111924947,左,students03
270,271,5140,205.6,0.7703876795637346,13.365506051219654,-0.7675612036014896,0.3519309597163025,左,students03
270,294,5290,211.6,1.1407347410710582,14.000710276920074,0.891476305621262,0.986291389351333,右,students03
271,270,5200,208.0,0.7264169928597464,26.317054370227225,0.7009438317600001,0.4425028929874937,右,students03
271,270,5340,213.6,1.1644124863015666,8.989672837349332,1.1643274865670727,0.6658693141577364,右,students03
273,274,110,4.4,0.45360023769322155,10.418344205255835,-0.44350208694847143,0.744791307376308,左,students03
274,273,110,4.4,0.5837020384440459,8.07288566309478,0.4720321814422903,0.32865637320192986,右,students03
275,226,860,34.4,0.4746676074319122,36.054881460472075,0.44526689556169285,0.7822601915099354,右,students03
276,376,1850,74.0,0.7056358917059904,159.35285312307275,0.5349528081565108,1.4973485428535873,右,students03
277,143,2850,114.0,0.24875355680503747,27.232080942872614,-0.24087938650621143,0.842149851685413,左,students03
277,145,2990,119.6,0.22339954582030783,9.57593383263233,0.19926145797353093,1.1579784575488603,右,students03
278,360,3810,152.4,0.5209732555956481,40.33600944757029,-0.5152932066097694,0.41019622711694903,左,students03
279,281,3770,150.8,0.2743657028688495,21.248438806126387,-0.26219574455334016,0.6981715767261143,左,students03
279,278,3830,153.2,0.6383780841650322,8.728527606552007,-0.627926088434482,0.3799795602508622,左,students03
280,262,3720,148.8,0.5138312900193974,14.521117015849313,0.48750869087423626,0.5195032380300755,右,students03
280,281,3750,150.0,0.4749104256405448,19.650778872200362,-0.46976955620736865,0.5949070909970514,左,students03
281,285,3720,148.8,0.8618996763338945,22.15585998850895,0.8134914890554051,0.6772440430889896,右,students03
282,178,4020,160.8,0.8277064183703223,9.490442002431053,-0.663118422974941,0.6979698215567125,左,students03
283,285,3780,151.2,0.2443220852929117,30.648045218350234,0.22527436082472277,0.8250163290449777,右,students03
283,285,3890,155.6,0.48142684166450006,9.345759064603953,-0.481366293148515,0.7508645183158746,左,students03
283,285,3920,156.8,0.41911118389778435,8.288299676695601,-0.40750234640905275,0.7901653011831631,左,students03
284,285,3790,151.6,0.6529966184190946,22.209864507863244,0.43030758859219675,0.5385610059924194,右,students03
285,262,3770,150.8,0.45778355964221923,22.818502391834443,0.4401059173337325,0.6143508574311805,右,students03
285,362,3930,157.2,0.6343743053548361,10.637050693982246,-0.6253837428762526,0.6830305540193148,左,students03
286,175,3920,156.8,0.4045060446398833,11.864908986315186,-0.2853270776612624,0.6954501194261472,左,students03
287,174,4090,163.6,1.0025489293779353,21.39362114183723,0.725239915318604,1.4142359826125448,右,students03
288,180,4160,166.4,0.46466045008767076,11.08092580292896,0.42892167148532084,0.7845530676504868,右,students03
292,295,5200,208.0,0.6258408821111742,13.745476894347348,0.6250008228036353,0.5828471849327764,右,students03
292,295,5300,212.0,0.4568320759888505,56.19087597993912,0.3810275098555765,0.609684510056348,右,students03
293,294,5130,205.2,0.7968846557014522,11.19091268771578,0.7589639054083791,1.1789677678683521,右,students03
293,297,5320,212.8,0.3024497583748684,9.885617574117049,-0.2610837863392079,1.1328414502411306,左,students03
294,293,5330,213.2,0.6024953064193264,8.62280700181637,-0.5815080289221417,1.040604683085392,左,students03
295,292,5130,205.2,0.7370309694489664,8.223623371054401,-0.46467622954930016,0.8203459802483996,左,students03
295,203,5270,210.8,0.5818556748959394,24.857384391551562,0.5678060819429991,0.802352466993416,右,students03
296,266,5260,210.4,1.0372512170404071,12.133920812926362,0.8956112847235931,1.2006938933447084,右,students03
297,266,5240,209.6,1.0170730430395363,17.06480435461407,-0.9106681105178529,1.1317250940721821,左,students03
298,204,5360,214.4,1.1770264969594482,54.56816874412374,1.1754593010245244,0.9022380636402001,右,students03
300,74,540,21.6,0.4395308089905998,16.95662238635319,0.42660384397700385,0.7414624691098736,右,students03
300,301,770,30.8,0.5400873984698709,18.052856794052957,0.5302311802598731,0.5800775254997741,右,students03
300,301,910,36.4,0.5133890993864502,16.169723474763487,0.48934020630425756,0.554159342280578,右,students03
300,318,1010,40.4,0.8141992464801167,20.05353659644834,-0.28676573291822804,0.9267134562227285,左,students03
300,318,1070,42.8,0.2602927048429049,10.845295484409661,0.25708951239990374,0.7071989380276879,右,students03
301,300,730,29.2,0.5469280520300719,10.692847935146887,-0.46642728248884335,0.6381017016708225,左,students03
301,75,830,33.2,0.5134188854447871,34.45273193923947,0.45414435242123724,0.8441386466576187,右,students03
301,300,880,35.2,0.5629299893706677,18.98706972578944,-0.48411515802014304,0.30753787353488415,左,students03
301,300,1000,40.0,0.5754086157413496,11.647327716520408,-0.5697459855067056,0.8349210272296466,左,students03
302,40,630,25.2,0.3483827271023407,8.558956646550996,0.34811537160411665,0.3690443560460979,右,students03
302,223,870,34.8,0.24772464375734699,92.0350471145108,-0.15876910973259112,0.4007203774871161,左,students03
303,304,710,28.4,0.5900396152928117,14.255332655912184,-0.5746052782882305,0.5470526753840486,左,students03
304,222,730,29.2,0.525293263493978,10.841593782983807,-0.27546188232235336,0.7951961116064357,左,students03
306,312,820,32.8,0.15922223299955426,82.46061803211978,-0.1585215142693806,0.5313356376626526,左,students03
307,312,830,33.2,0.35009882870291914,46.438790686275865,-0.34233539456987294,0.4498055772856497,左,students03
308,225,980,39.2,0.21393875711383514,39.2171646125347,0.20145941350038937,0.8836823165176845,右,students03
309,308,950,38.0,0.42897306732566093,14.646186143944902,0.4241220642995269,0.7291070344982675,右,students03
310,376,1120,44.8,0.37648517701973877,25.958118395043357,-0.37644723874561004,0.7454707940673486,左,students03
311,87,1180,47.2,0.4253561712836333,9.231421358364685,-0.17765503301219598,0.6722512492968465,左,students03
312,342,1140,45.6,0.30589603757975325,15.37264617686452,-0.2091630426317986,0.6534568854741656,左,students03
313,342,1240,49.6,0.3169811724683017,19.56819223749079,0.3071699805832944,0.5840533850913942,右,students03
313,93,1270,50.8,0.36524459484699573,68.48048726483574,0.29501594723304325,0.5896259243508146,右,students03
314,71,1820,72.8,0.4495886803243729,10.112825818745165,0.43617290267192754,0.8746166823638579,右,students03
315,79,420,16.8,0.8726455233665302,12.886425191026177,0.21265614508473635,0.6770127354378221,右,students03
316,317,570,22.8,0.400697783687407,65.128529542584,-0.1748588595450405,0.7444643419088868,左,students03
316,87,880,35.2,0.4045236039731613,102.80464161579482,-0.3251788481132085,0.6643878504260897,左,students03
316,235,1030,41.2,1.1865196556000508,46.958567494441695,1.1765692002588164,1.1227778494454097,右,students03
316,232,1100,44.0,0.7871172519192849,18.225421673483083,-0.7587164278318224,1.2823321959184726,左,students03
317,316,650,26.0,0.9070735773092925,14.603641694885653,0.7395323769759874,0.41080811523971206,右,students03
317,39,830,33.2,0.5326030132831588,48.04498762922174,-0.24636771942622476,0.5623206237115113,左,students03
317,88,940,37.6,0.6419190219269671,27.02605039989936,0.45459369581765796,0.8775042839009968,右,students03
318,319,1070,42.8,0.613897502680207,12.947866002870597,-0.575474108692448,1.3294128501010178,左,students03
319,318,1040,41.6,0.777120030098224,10.772586965214145,0.7645518661505295,1.1140767711104589,右,students03
320,345,1840,73.6,1.0705628524858453,61.59122994713182,0.6914181618570232,0.6602154183741306,右,students03
321,427,2060,82.4,1.08014301929758,8.555684083229778,0.706869221609975,0.48775807170259183,右,students03
321,323,2230,89.2,0.802799003976635,12.959812095451241,-0.7855200225215859,0.476829200993484,左,students03
321,244,2270,90.8,0.7264095192532578,10.367642697747158,-0.44852881570348513,0.6398364593840349,左,students03
321,245,2310,92.4,0.37162478958584266,18.194798361300286,-0.2571993868734346,0.517945734607873,左,students03
321,131,2400,96.0,0.34502866421722433,52.94380187156156,0.34323698461493735,0.5029786770954503,右,students03
321,135,2490,99.6,0.9043358369672,13.230092060616585,-0.1841551132449159,0.6552723198854136,左,students03
322,118,2220,88.8,1.1341435843355223,11.49215234339681,0.8591595808338693,0.624587598199728,右,students03
322,243,2350,94.0,0.4660086398860926,8.784445780730664,0.15152664358028653,0.5028967869313549,右,students03
322,243,2390,95.6,0.2945582776022645,32.181924474250025,0.26716733623898237,0.47433186190067606,右,students03
322,133,2450,98.0,0.54806416066596,52.52640520987438,0.20091587364823535,0.9049578622294727,右,students03
322,133,2530,101.2,0.20273169760740287,36.74087255538004,-0.19350257718059036,0.5737703432227513,左,students03
322,142,2670,106.8,0.8547184071987537,10.289661634054141,0.8273056948021391,0.9903814809343598,右,students03
323,244,2290,91.6,1.053563257732532,42.96051709284333,-0.742746074286647,0.8918873741290224,左,students03
323,245,2360,94.4,0.40319069912507616,13.27680510519113,0.1793656807399281,0.9649200929654113,右,students03
323,136,2440,97.6,1.167898122149524,37.82969064508484,-1.1446829108306185,0.7223081503638421,左,students03
324,325,2550,102.0,0.3367833117470933,49.30018096512754,0.31550802989819077,0.5553580405194791,右,students03
324,325,2760,110.4,0.83323136901,116.63626482807763,0.3127717685993084,0.3178976678781394,右,students03
324,325,2870,114.8,0.23084183082671494,24.892480931815584,-0.2140975199883992,0.3339383645836141,左,students03
324,258,2960,118.4,0.2780284811953454,20.336021295650767,0.2402194395630643,0.9305830941964841,右,students03
324,325,3010,120.4,0.46727416481881834,11.025036624645168,-0.3846501918624162,0.593709130960416,左,students03
324,150,3120,124.8,0.331941372666642,10.868507420982098,-0.3301800419598382,0.8088319062219304,左,students03
325,324,2480,99.2,0.6667668298142412,9.09442087341506,-0.6621853821936469,0.40707417942735696,左,students03
325,133,2770,110.8,0.6170797930757609,44.981286724433886,-0.31248766895330615,0.44849333650375606,左,students03
325,324,2970,118.8,0.6378059737780207,16.49381746186043,0.4066850679119938,0.7581193660152106,右,students03
325,324,3120,124.8,0.5601981258447825,15.039432303197174,-0.4204981595916541,0.7668403240228299,左,students03
326,252,2570,102.8,0.6331028975251477,45.74026524541884,0.4107264517992052,0.49162180943268113,右,students03
326,133,2670,106.8,0.24200449042356498,45.466838697442256,0.23971077194907414,0.7230154364965352,右,students03
326,327,2950,118.0,0.34282879243606984,8.282788909645404,0.2663646356833408,0.7602736672963195,右,students03
327,324,2660,106.4,0.5713777786288665,21.35064285181258,-0.5461800908324996,0.38187698333102343,左,students03
327,324,2700,108.0,0.4895713345657404,62.50874014078617,0.26047792626270105,0.306889093661518,右,students03
327,257,2760,110.4,0.4507371553114409,119.52075573419427,0.4156071123831328,0.8218476369575519,右,students03
328,259,3000,120.0,0.9794087282415213,20.993470989397963,-0.25083823832477187,0.8046373005497907,左,students03
328,393,3240,129.6,1.1407943106187615,24.407930672803758,0.615460540240637,0.729809779277483,右,students03
329,330,3120,124.8,0.16567946282735907,25.52963154662956,-0.16154649199937515,0.4978695532062381,左,students03
329,332,3830,153.2,0.28335739012007743,17.33527060759181,0.2268422287642698,0.7332181138119959,右,students03
330,331,3160,126.4,0.17377268029159848,16.34935357005719,-0.1698208195400463,0.6524391241430325,左,students03
330,329,3370,134.8,0.765060166520833,41.03459930158937,0.6284476090892379,0.30607708592045946,右,students03
330,156,3460,138.4,1.1497679378277639,14.305155602099092,0.516973061575268,1.1711979713802805,右,students03
331,332,3680,147.2,0.29403166872939196,19.001059378746078,0.2917575261473639,0.8545377367243172,右,students03
331,332,3790,151.6,0.34454883977823514,21.656195897107523,0.31891129136971086,0.4464781684235606,右,students03
332,329,3560,142.4,0.8588922575061915,16.108310612737768,0.31505914267829316,0.36711474383436593,右,students03
332,329,3620,144.8,0.4087144273220914,23.93342511545771,0.4084186838148083,0.3032703143043005,右,students03
332,331,3670,146.8,0.45294712372858814,21.847589184832884,-0.44849065180881553,0.49619986801579763,左,students03
333,162,3670,146.8,0.5793972895984765,22.260136358005184,0.2381948990310649,0.4531670119601655,右,students03
333,336,3850,154.0,0.6009682413446599,8.959885632365825,0.25323215780410596,0.5720017804171696,右,students03
333,173,3920,156.8,0.9089569399564809,27.847180381234125,-0.6320754691545243,0.7580675744247458,左,students03
334,158,3800,152.0,0.919907961821259,10.3355892483832,0.7883969447030121,0.42982772212018766,右,students03
335,360,3870,154.8,0.5562856724237607,34.995448419423724,0.48067396423574216,0.7464416988949211,右,students03
335,336,4030,161.2,0.5656630643450461,8.016964014393409,0.40766280699599056,0.8830095414375172,右,students03
336,335,3730,149.2,0.26406499431505376,19.566929866037015,0.2629220878508708,0.30913324942424014,右,students03
336,335,3780,151.2,0.15867321500368403,28.523984929490723,0.15154973166360092,0.8491155758507889,右,students03
336,335,3890,155.6,0.45754364654471974,25.207304401270875,-0.42202565883039406,0.664050361903459,左,students03
336,335,3950,158.0,0.5208928157736631,8.952161374170544,-0.501729507596257,1.0493820585599554,左,students03
337,404,5200,208.0,1.187765475249116,78.11227987752272,-0.7375625162133473,0.30683097554492905,左,students03
338,339,5310,212.4,0.5695796755266151,17.817216780687176,0.5610708906817081,1.0209553636969888,右,students03
340,343,1390,55.6,0.5900669721766244,24.579769107833556,0.2355216415365305,0.31111474574750986,右,students03
340,63,1540,61.6,0.7760123368030294,85.39072238888775,0.6756828256952206,0.48104343710762876,右,students03
340,236,1730,69.2,0.4350063991819363,14.43117175262492,0.3547247996126362,0.30570859436277964,右,students03
340,347,1810,72.4,0.20494970771399,21.592946179663784,0.20494157014636122,0.3706858783111621,右,students03
341,340,970,38.8,0.8713304456092464,96.65751325890773,0.8712995708996341,0.4465550253883831,右,students03
341,308,1010,40.4,0.7733087497274967,116.75020267700111,0.26751230687240024,0.6427466192046005,右,students03
341,90,1200,48.0,0.8051849169044626,8.779697644717118,-0.333289657444915,0.8270709074584858,左,students03
341,229,1310,52.4,1.1739861278528698,16.157827220451708,-1.0455961878996995,0.9580743002555977,左,students03
342,343,1190,47.6,0.22827074575556155,53.73785912750145,-0.1983852417747022,0.7700363843975759,左,students03
343,340,1450,58.0,0.22426860317459504,17.219154789849085,-0.22069248705523273,0.5220131762701569,左,students03
343,340,1630,65.2,0.44377425229937306,57.67917450849343,0.3406178174132317,0.31832388211431134,右,students03
343,340,1810,72.4,0.36768657731899224,55.66442169856899,0.2976361825932627,0.6590195658019347,右,students03
344,313,1290,51.6,0.425210769342678,20.082771178696703,0.1761264610625458,0.708853361354635,右,students03
345,346,1530,61.2,0.5949250129804804,55.04515599753586,0.5701901691279598,0.33970352334150705,右,students03
345,346,1640,65.6,0.6601985282082974,30.954156525294792,0.6323820890666741,0.5477186764777383,右,students03
345,346,1790,71.6,0.5321127295952004,36.0775896447966,0.5206995527838131,0.745818219105654,右,students03
346,345,1560,62.4,0.46750836260695505,11.887021040752728,-0.43579095044280614,0.35022187884791195,左,students03
346,232,1800,72.0,0.4549326358263221,65.666680359265,0.37054375427036784,0.932128878959158,右,students03
346,345,1880,75.2,0.47382376831778716,10.212296570092064,-0.45469741238190364,0.6464060420989831,左,students03
346,345,1950,78.0,0.35017224384551315,17.67668022744033,-0.3095498178836704,0.3491995042730883,左,students03
346,345,2000,80.0,0.5377480188180508,9.124513730748248,-0.454740529895413,0.6724164797443622,左,students03
347,348,1530,61.2,0.9985974084145588,41.19304387284245,0.9933931249920348,0.592062419506415,右,students03
347,236,1760,70.4,0.2811717336383552,20.730133143310695,0.23535696244992368,0.7371007352770483,右,students03
347,70,1850,74.0,0.8875256247225322,15.661871007018703,0.4214250632926378,0.5720859178896511,右,students03
348,349,1580,63.2,0.23937038947210743,11.49239249614277,0.23490062238277037,0.588896740199885,右,students03
348,349,1670,66.8,0.31424037419364775,8.281911207964868,0.2938798451877784,0.5727485614995816,右,students03
349,348,1650,66.0,0.6063608979985013,11.022282792242976,-0.2552431287120444,0.6907827984178274,左,students03
350,352,2050,82.0,0.24626237503792067,27.459914006383713,-0.22243286409137297,0.49397194621640167,左,students03
351,350,1950,78.0,1.014404394087375,9.212874342198262,-0.6773864503838367,0.5474499508062078,左,students03
352,353,1980,79.2,0.6121143841087272,11.050210562990458,0.5986059463120772,0.7515086008488352,右,students03
352,353,2110,84.4,0.6616747794111902,15.27531938132094,0.6208265933668455,0.6403518343842937,右,students03
353,352,2030,81.2,0.5034900032416256,14.108350568386584,-0.48020935076003346,0.7727075697444332,左,students03
353,351,2090,83.6,0.6098107336608098,15.26585051736302,0.18905839964731477,0.6093301686251315,右,students03
354,357,2850,114.0,0.2971775551520617,28.045874250455228,0.19991603045680867,0.8290532659825626,右,students03
354,355,2940,117.6,0.5338521864910604,9.503194844860246,0.23169439963679417,0.5953566298053569,右,students03
354,355,3270,130.8,0.5068322248113344,18.419574807596234,-0.47577821785867874,0.35643189558345034,左,students03
355,254,2980,119.2,1.1755388115189405,28.831204648502535,1.108921547991439,0.5833178866794222,右,students03
355,354,3290,131.6,0.6705862754429333,15.614449965550733,0.4401753969148364,0.3226894768717667,右,students03
355,354,3330,133.2,0.9448884371399694,24.376388708775522,0.2550281583117036,0.6520032379113654,右,students03
355,354,3360,134.4,0.8310035424591986,21.807940467226274,0.4110553002592596,0.9168708900182903,右,students03
355,155,3400,136.0,0.47755563746911106,12.085170784395359,-0.4735646368617206,0.9919948135911898,左,students03
356,357,2920,116.8,0.5146263874357605,8.176040292972687,0.33643569378641425,0.518166378698048,右,students03
357,356,2900,116.0,0.3430346197099907,28.501113639068336,-0.34132401294735126,0.4386047053271485,左,students03
357,356,2970,118.8,0.520014268238325,18.719379926161082,-0.5165613021642111,0.34836350610421474,左,students03
358,359,3470,138.8,0.45721461768705357,19.64143021720625,-0.4390684543630048,0.3675584253721645,左,students03
358,160,3740,149.6,0.8820922690711124,21.230751999680365,0.5230901260441416,0.6112001958950686,右,students03
359,394,3440,137.6,0.5147335955354465,17.320239825387603,0.4486789054810379,0.8060393169731553,右,students03
360,361,3930,157.2,0.38027307687764844,8.481156068524484,-0.33218310768045284,1.3732178032425568,左,students03
360,171,3980,159.2,0.6222780885089669,15.089537743023357,0.5823529522393304,0.5764755206249774,右,students03
360,361,4030,161.2,0.6246986889352518,11.190071675937133,-0.6198598536325676,0.6634944205363973,左,students03
361,360,3720,148.8,0.4075208623948299,15.916295502836306,0.3212649300815915,0.704333466978484,右,students03
361,166,3840,153.6,0.18484987594676544,30.49957618485064,0.1568241024223622,0.5249984037580618,右,students03
361,432,4010,160.4,0.5085491578387866,9.079515779303165,-0.4983831953351764,1.264183685435954,左,students03
362,363,3940,157.6,0.4453314507225171,15.812838523952166,0.44387091619999985,0.4913408626249929,右,students03
362,363,4040,161.6,0.4793348632989414,10.017273111484315,0.4666478630100457,0.3020455697410055,右,students03
362,363,4170,166.8,0.5907806459631058,9.305004793510307,0.58814207107542,0.6583517555811826,右,students03
362,363,4290,171.6,0.5673906994085699,12.144960227842802,0.566121025528778,0.5594330280999135,右,students03
362,198,4830,193.2,0.36892471357629586,15.167776415290604,-0.3232577835766213,0.5035755446603701,左,students03
363,181,4280,171.2,0.5628600007983885,9.214044612518933,0.3658105065636125,0.5850120286486566,右,students03
363,191,4750,190.0,0.5484693423341208,9.281948715332106,-0.5257517743129839,0.62100796354467,左,students03
364,362,4050,162.0,0.611356345383254,14.894386596974726,0.6113485137174326,0.6514434949644445,右,students03
364,182,4210,168.4,0.994128291299868,8.095628324880352,0.9822368593619678,0.9507221539430695,右,students03
364,187,4320,172.8,0.7334830934050146,13.577599981316382,-0.7225127839915672,1.0330934222624273,左,students03
365,142,4430,177.2,0.4761851911467133,9.569031553977368,0.15464138677007955,0.4113417895102262,右,students03
365,367,4490,179.6,1.0398342333013462,23.806811547853158,0.5813513061307933,0.8059737659099641,右,students03
365,366,4520,180.8,0.2518041773099244,21.160668414048757,0.1595386420371228,0.8943843939547331,右,students03
366,401,4600,184.0,0.31143188946128497,18.89046049452142,0.3033666844320285,1.0813085858098028,右,students03
366,200,4720,188.8,0.9606674826314718,19.70639885614969,0.9267393640744105,1.58438129667735,右,students03
367,368,4630,185.2,0.4825533100275531,9.832581294486914,0.4622553285981338,0.6895167868422474,右,students03
368,367,4580,183.2,0.5892779926261023,12.671698787517727,-0.5537376370290006,0.8960713786688174,左,students03
372,291,5050,202.0,0.4552884424436887,14.595553187430227,-0.39138014388107434,0.5988773708788216,左,students03
372,373,5100,204.0,0.7579273574067957,17.469643176822302,0.6474732930654554,0.5539604585974423,右,students03
375,371,5190,207.6,0.5925957160768325,19.170718459799104,0.5903838423114645,0.543011281355469,右,students03
375,405,5320,212.8,1.013552534610382,22.618460655868944,-0.8051606588360867,0.328544797446237,左,students03
376,343,1280,51.2,0.5087775565189586,40.137572713318775,-0.49835245633243036,0.3785847399415546,左,students03
376,343,1340,53.6,0.5513379472799207,11.538346047551983,-0.5461897151861145,0.4225151673535666,左,students03
376,123,2170,86.8,1.190259872663583,34.61844870431037,0.8049387843173821,0.5421621715490664,右,students03
376,145,2970,118.8,0.41307839138943453,9.82655394063761,0.41243798220129146,0.3875147864151823,右,students03
377,127,2300,92.0,1.080914190730939,51.4195333033573,0.917189355839295,1.5942102688842554,右,students03
377,124,2390,95.6,0.4297054831019635,32.602132009651996,-0.19538471040341832,1.830303796661091,左,students03
378,379,2210,88.4,0.6329167730175714,17.56569799279555,-0.6119362361765548,0.48325811078078046,左,students03
379,378,2150,86.0,0.509537141218521,15.325993751826047,0.49630533467956794,0.6902485122284755,右,students03
379,378,2220,88.8,0.5476913294049784,12.347918805660157,0.5008002872959052,0.41327857020081976,右,students03
380,383,2370,94.8,0.20012081233494475,10.831656988982218,0.20009912768532565,0.9375974555344998,右,students03
381,383,2460,98.4,0.3962597985057002,8.836663093774064,-0.39610222285783947,0.511879278378214,左,students03
382,383,2350,94.0,0.5746423265646687,15.298971400297319,0.5539273544879598,0.6867378955658051,右,students03
384,137,2400,96.0,0.47427615298639514,9.71201654445261,-0.19396969285880092,1.1194263981682193,左,students03
384,386,2450,98.0,1.0190102959107994,46.94047976994216,0.9890589248999305,1.0739961974453784,右,students03
387,388,3010,120.4,0.19234523993864322,11.65845882154943,-0.18984911021484996,0.7864171109218621,左,students03
387,389,3090,123.6,0.44514269994794464,13.467787841243108,0.4211070355975614,0.7334623442066877,右,students03
388,387,3090,123.6,0.8282702525198438,22.340949012094825,0.526649623038651,0.6450150488291034,右,students03
391,392,3240,129.6,0.5430503830657746,16.70684730731017,0.5135795086193785,0.5809816944758607,右,students03
392,391,3140,125.6,0.43475832921882224,15.18166084965003,-0.43471726731204396,0.3736322256315185,左,students03
392,391,3260,130.4,0.42707528695538893,8.109488296698146,-0.41938585608784174,0.6341567181661274,左,students03
393,395,3290,131.6,0.31961438856595836,44.986370917893225,0.2958032948200683,0.5541629627152537,右,students03
394,393,3410,136.4,0.34518423865487285,30.06866048325122,0.3086864664842409,0.42355163909511456,右,students03
396,233,3360,134.4,1.0820059316986173,8.038147000372078,1.0504573378857711,1.1445437618551355,右,students03
396,259,3420,136.8,0.5716598622116947,8.466720514079014,0.377622255733874,1.2789832719378258,右,students03
396,159,3450,138.0,0.6445791042485567,8.47944032432008,0.5263767493610342,1.5159686757267181,右,students03
396,164,3540,141.6,0.296160369264138,47.79097439881801,-0.17952836374479988,1.035980846097914,左,students03
397,259,3590,143.6,0.8136648955100912,17.311541724453065,0.7971154349005526,0.7475779594863204,右,students03
398,358,3780,151.2,1.1415559162530031,69.15498814227118,0.5884471567132549,0.584155778849903,右,students03
399,360,3770,150.8,0.6430112277919068,21.822429188266767,0.25566998745217784,0.37952475372224787,右,students03
399,283,3810,152.4,0.83264088325498,20.204401258725852,0.16557642451279503,0.5544217366915174,右,students03
400,366,4550,182.0,0.41014998872758535,9.43886259171245,-0.16885439295482124,0.9867743597282964,左,students03
401,402,4580,183.2,0.4133811023154233,9.49667834689373,-0.38645917191153406,0.8412787118843562,左,students03
401,402,4750,190.0,0.16960001607596376,14.275666728662628,0.16471941014464558,0.5553874872890165,右,students03
402,401,4670,186.8,0.9693152283131269,18.208395670922584,0.3955992203532046,0.8078011103361064,右,students03
402,193,4780,191.2,0.2460354788748634,19.245607432991164,0.16114762899082252,0.6048640615966947,右,students03
402,193,4820,192.8,1.0562386365321206,20.74872126502237,0.37069844771918087,0.45397848833677595,右,students03
405,404,5300,212.0,0.6988182575704364,8.961223465429299,0.3098416244060443,0.606943830140501,右,students03
406,407,5280,211.2,0.30494590592609944,64.7196681724912,-0.2531347618037409,0.8054147069419088,左,students03
406,375,5340,213.6,1.061182577734319,8.487515901589148,-0.65221608340046,0.7216535140541229,左,students03
409,7,10,0.4,0.794420523134876,34.184389789347335,0.6032269722850948,0.39395114213134663,右,students03
409,24,140,5.6,0.6460130737949714,18.624319660442296,-0.5513041373400005,0.45092149737500264,左,students03
410,28,480,19.2,1.0244707722212656,48.84851498163334,-0.5541510189479756,0.7200141424432103,左,students03
411,45,790,31.6,0.35551683569025505,28.05539721703778,-0.35406255950366516,0.6165048476349005,左,students03
411,50,900,36.0,0.7847461481373351,33.91707332831348,0.43560261569071845,0.6300340113084532,右,students03
412,413,1510,60.4,0.5055519707061236,8.769896354648722,0.3980914222601081,0.6530898393549515,右,students03
412,103,1660,66.4,0.4950050516095785,32.443161220665615,-0.1559496877903061,0.410366188413758,左,students03
413,51,1530,61.2,0.6628706762886772,9.82502946281241,-0.15789618138654932,0.8875549812658212,左,students03
413,412,1650,66.0,0.9317940589443092,20.89499062456599,-0.44910230197354917,0.501890534548752,左,students03
414,413,1490,59.6,0.31676954247983974,12.085199242298017,-0.2973878062698448,0.859619007644209,左,students03
414,413,1590,63.6,0.40933197035147767,11.42946546544266,-0.4015977796466911,0.4299583819539016,左,students03
414,412,1670,66.8,0.2742210517169324,23.604247887240433,-0.2618728331266004,0.8488391307223366,左,students03
415,416,3270,130.8,0.8145603055142483,13.438235189056059,-0.7938021951854298,0.6161134069159644,左,students03
416,330,3470,138.8,0.9661277787460677,19.551969330988925,-0.8375853909974917,0.8993529312797777,左,students03
417,418,4300,172.0,0.6462972767355845,20.386740564167383,-0.6070998547206461,0.44980557737534616,左,students03
417,418,4340,173.6,0.45162939942605257,8.264751758067604,-0.4350162705291399,0.7307774148413221,左,students03
417,192,4500,180.0,0.440385454518911,10.455229497092631,0.27999302279825794,0.69966588549446,右,students03
418,183,4400,176.0,0.2175525740293047,10.016571653590717,0.19824628941620215,1.2955241173345189,右,students03
419,37,380,15.2,0.7489563168620128,12.538968706002663,-0.7488193888280141,0.904623512299992,左,students03
420,419,280,11.2,0.7939266424231013,50.22341188570351,-0.5327035714609775,0.4726063644562931,左,students03
420,10,440,17.6,0.6759822936584211,14.93332869444373,0.5487711220464752,0.8929762820734614,右,students03
421,67,1750,70.0,0.6922321882948682,9.586705076653516,0.692006345885775,0.8149123502459397,右,students03
421,423,1830,73.2,0.6975505955118737,26.28127036239198,-0.6456572533441698,1.113391759094935,左,students03
421,423,1900,76.0,0.2604729687309394,15.754956779524662,-0.25036882694659157,0.5174685165618629,左,students03
422,423,1690,67.6,0.42322521922773804,9.185074836095396,-0.1718366495367174,0.7345317663629004,左,students03
422,67,1800,72.0,0.5553172645469774,12.489345117427433,0.3161316449209517,1.1150404399796274,右,students03
423,426,1710,68.4,0.6787136068993249,23.780266068119772,0.6713423753953219,0.44956079817139266,右,students03
423,426,1780,71.2,0.5160422404937688,8.069063826354665,-0.2513598485252869,0.9777999439900055,左,students03
423,426,1960,78.4,0.46839558882432836,42.32410700154048,-0.40953348453846594,0.40478389030035467,左,students03
424,425,1800,72.0,0.7532598978905244,43.25419041815519,0.7527952767486807,0.5198632868736737,右,students03
425,63,1810,72.4,0.9091828912913824,11.964154030207283,-0.820253960051853,0.7915672121306244,左,students03
425,66,1930,77.2,0.34415521810784505,10.788880974129313,-0.3245924411585431,1.0533034869243638,左,students03
425,64,1980,79.2,0.26870071332170675,12.249922018046504,-0.20193904219301487,0.9994968898102219,左,students03
426,425,1770,70.8,0.680294863971608,15.364382704332456,0.5655935036804639,0.5215259956561866,右,students03
427,428,2030,81.2,0.34305566113172414,9.361361304742275,-0.33602373802184043,0.7174516816713943,左,students03
428,429,2080,83.2,0.6186143356795888,15.346981268086267,-0.5602581217999987,0.7878756637500022,左,students03
430,431,3890,155.6,0.5538421718079596,13.085581353914392,-0.5518717200943788,0.4016591174583474,左,students03
430,175,4000,160.0,0.8428957079785089,17.065558717593603,0.7164357542783066,1.2146447981201647,右,students03
431,432,3910,156.4,0.673392165846679,12.228895517216529,-0.5886503599665374,0.38588826972026735,左,students03
432,142,3950,158.0,0.46814325348494495,33.17315049154223,-0.4509716933775198,0.4062750323752603,左,students03
432,364,4230,169.2,0.48584691792629914,23.584758523103858,-0.4788993767770739,0.45337757311113464,左,students03
433,204,4800,192.0,1.0431335806053073,9.926107501637944,-0.6864780810830999,0.9970352971665855,左,students03
434,294,5150,206.0,0.9390862327569504,131.51334976345692,0.8201013964540629,1.6075564317176272,右,students03
434,204,5290,211.6,1.077121506387471,25.593192548252716,-0.9423911192929397,1.3114830620607678,左,students03
434,203,5320,212.8,0.595485180808435,29.18473822892804,0.45130192914130274,0.5921664838257149,右,students03
