frame,t,follower,leader,dist,lateral,angle,v_follower,v_leader,_seg,scene
30,1.2,1,2,2.528261890704512,0.5762592954982824,13.175059662752863,0.975815948346404,0.94633642223224,1,students03
40,1.6,1,2,2.4838957582572947,0.3795891169380957,8.790389124437592,1.0361774880912529,1.0358966759188208,1,students03
50,2.0,1,2,2.459167901448439,0.1801514788737083,4.20108527112686,1.0788696234910744,1.1075488049592532,1,students03
60,2.4,1,2,2.442471438651833,0.04185049397552387,0.981781806847896,1.0788696234876176,1.1100335857321153,1,students03
70,2.8,1,2,2.4330530365489405,0.04520639525412029,1.064623198632841,1.0720105243698101,1.1189808059868198,1,students03
80,3.2,1,2,2.4372196559408663,0.12250569890040525,2.8811594791562407,1.0651031417808425,1.1257868722483733,1,students03
90,3.6,1,2,2.4496554384751783,0.25681987224159575,6.0179012268021665,1.0644302889831532,1.125524912148947,1,students03
180,7.2,3,15,1.5299865136066266,0.4167442276959683,15.806192954479119,0.7929395921750008,0.4327254894723252,3,students03
190,7.6,3,15,1.4270671530081638,0.5533281289342932,22.813822664545466,0.7083635230076413,0.4742356898886799,3,students03
200,8.0,3,15,1.3619352328165044,0.3335024365797012,14.174383669694336,0.7341593495649263,0.6160810052064333,3,students03
210,8.4,3,15,1.2473668536587712,0.043024296480872026,1.9766435606058426,0.8099160255656597,0.6883412226756308,3,students03
220,8.8,3,15,1.1528048771132566,0.2627292065777835,13.173721378357238,0.7974408985455244,0.6958114556379077,3,students03
240,9.6,3,16,1.0788978000858944,0.16015942030076202,8.53695361259319,0.5175810238674379,0.4208147584837619,4,students03
250,10.0,3,16,0.873363391495328,0.02491645942166887,1.6348311714826598,0.510279464580238,0.42081475848375793,4,students03
260,10.4,3,16,0.7097685864802231,0.23242620309163162,19.11513993173283,0.49322585574855804,0.5653671102472944,4,students03
830,33.2,4,45,2.9204081634577195,0.11214629167797908,2.2007504078865967,0.824019903670274,0.8575421372668067,6,students03
840,33.6,4,45,2.2555514730301396,0.10339341632240862,2.6273321927613456,0.7824341310622531,0.8585996484722985,6,students03
850,34.0,4,45,1.6290572680370285,0.572382083813989,20.570390717461688,0.6691865886959233,0.8413274654751912,6,students03
350,14.0,4,76,1.8054646019907252,0.5507488160450204,17.760900109235667,0.41206489149441383,0.28369999914788085,10,students03
360,14.4,4,76,1.7995242777841989,0.3167586114553479,10.138226586467868,0.2827355820780732,0.28369999913686855,10,students03
370,14.8,4,76,1.802824521390723,0.27737780957045377,8.850532519699058,0.2577212146167593,0.3888255709028748,10,students03
260,10.4,7,77,2.797492147388306,0.040666975702807084,0.8329346513288545,0.8618045691353935,0.6733670469413002,14,students03
270,10.8,7,77,2.2034171918727785,0.22743606621851786,5.924605655942162,0.8707599804715307,0.6918478827629531,14,students03
280,11.2,7,77,1.6471786089244005,0.3875492663125545,13.608167151329553,0.8613415562478351,0.7145402534030684,14,students03
290,11.6,7,77,1.153670905400743,0.546434119653755,28.271369319593877,0.8497433863537658,0.7047777548768652,14,students03
280,11.2,8,77,2.299532102376414,0.5249701123939484,13.196671876250393,0.7928861078180321,0.7145402534030684,21,students03
290,11.6,8,77,1.7661367035935616,0.09807057486451665,3.1831746937973118,0.6964925203926666,0.7047777548768652,21,students03
300,12.0,8,77,1.2700347407896782,0.3164417012743271,14.427803683010211,0.690081114163301,0.6561707735374579,21,students03
220,8.8,9,273,0.7711259577549503,0.28613676494852025,21.78122648882341,0.4992292699173255,0.8756464353554356,24,students03
230,9.2,9,273,0.8326253126226745,0.03166661262667715,2.179612979116311,0.5628469831474341,0.8645661672867989,24,students03
240,9.6,9,273,0.9240894406729177,0.007029095885016767,0.43582514207433004,0.5835471238759082,0.8644794462651691,24,students03
240,9.6,10,11,0.9300197148812573,0.14180352068853927,8.77030676976941,0.5750455631081914,0.9563223350119235,25,students03
250,10.0,10,11,1.0785615603826435,0.28155761931053935,15.132326336481292,0.5750455631081909,0.9419848589899351,25,students03
260,10.4,10,11,1.233555423936106,0.38904219260797046,18.383926042662775,0.6288310762343399,0.936832819224998,25,students03
270,10.8,10,11,1.3504414655349999,0.4781435221678032,20.73612698914879,0.7187179096595694,0.936832819224998,25,students03
280,11.2,10,11,1.4440602903348687,0.5795352801742739,23.66094080571503,0.7549067251115551,0.9020366231398916,25,students03
240,9.6,10,23,1.1088330593996925,0.5156973767921748,27.715475369286313,0.5750455631081914,0.5594227443153575,26,students03
250,10.0,10,23,0.9335542424388648,0.3424270928415721,21.518360036222145,0.5750455631081909,0.5229169288546923,26,students03
260,10.4,10,23,0.7741165273784195,0.18079751358715565,13.506363449747585,0.6288310762343399,0.6369005682495789,26,students03
270,10.8,10,23,0.5913466221629642,0.08957064408473515,8.71206318740964,0.7187179096595694,0.7617328334044915,26,students03
400,16.0,11,10,0.9109840038910023,0.1361610248748687,8.595974741859797,0.3018223861824425,0.6671357370813309,30,students03
410,16.4,11,10,0.9919940472592449,0.15620197782278417,9.059647948499622,0.3081747131138552,0.5791264206304528,30,students03
420,16.8,11,10,1.0760515973785336,0.3108093992245973,16.788668967746847,0.4185641877619833,0.5791264207560408,30,students03
490,19.6,11,420,1.6342164408443938,0.5196715306455245,18.54167257930922,0.5899432084216351,0.6181412655283428,34,students03
500,20.0,11,420,1.46960236237376,0.08933170813992111,3.4849475301850403,0.6454526971707397,0.6182305593554454,34,students03
510,20.4,11,420,1.3346261422776617,0.1271572226914981,5.4671788670365125,0.6454526972949012,0.618230559282676,34,students03
250,10.0,12,13,0.6093862667314267,0.25435682851741437,24.670443720550157,0.6595723590864266,0.7839418250707836,37,students03
260,10.4,12,13,0.6328043538468816,0.198713337503477,18.301673132140035,0.6617847094803859,0.7795825620273484,37,students03
270,10.8,12,13,0.6580634795702276,0.13266247767325798,11.630260962631613,0.6699014442782877,0.7380585840354519,37,students03
280,11.2,12,13,0.664459518557967,0.10083975675357348,8.729055337604844,0.6760765025937124,0.7033241010033718,37,students03
290,11.6,12,13,0.671339899776567,0.07866049346658482,6.728768612634985,0.6759947493069005,0.7033241010086699,37,students03
300,12.0,12,13,0.6793426706405341,0.1815729884587299,15.502324310522159,0.7388758284291741,0.7226951547121676,37,students03
220,8.8,12,23,1.5249132768276217,0.42636401967014886,16.236265115874268,0.7806029412860739,0.6861089233174845,38,students03
230,9.2,12,23,1.4113577871504088,0.22551160792881375,9.194326764135846,0.7375923217167576,0.6544092246616853,38,students03
240,9.6,12,23,1.2835192653944858,0.01773896106565309,0.7918852392163123,0.6772822298109101,0.5594227443153575,38,students03
250,10.0,12,23,1.1356145345677273,0.22468313445189503,11.411353553055825,0.6595723590864266,0.5229169288546923,38,students03
260,10.4,12,23,1.029221537523164,0.4185064246150957,23.992950439463073,0.6617847094803859,0.6369005682495789,38,students03
460,18.4,12,420,1.7363155567504354,0.44102394435136544,14.714331477360336,0.42569633419732134,0.6246167505565988,41,students03
470,18.8,12,420,1.5953744066317792,0.03468335200662434,1.2457052392338734,0.3760335932832751,0.594635269615902,41,students03
480,19.2,12,420,1.4985264803654899,0.06831066616690096,2.6127463974085208,0.46420529509006064,0.5984329534298447,41,students03
490,19.6,12,420,1.4333195570347133,0.030846696447690003,1.2331667202827805,0.6549980795985617,0.6181412655283428,41,students03
500,20.0,12,420,1.3131019235841312,0.13584324310056603,5.937996758565199,0.7539162840271921,0.6182305593554454,41,students03
510,20.4,12,420,1.219803093021433,0.4950740143304166,23.945273545179443,0.6390303295787093,0.618230559282676,41,students03
200,8.0,13,23,1.1528885135819238,0.41743534400867816,21.227856177502044,0.8370888677846811,0.8749086923167139,44,students03
210,8.4,13,23,1.0602223630927132,0.40085300719790645,22.215045488951976,0.7769189807737393,0.6500376067177092,44,students03
220,8.8,13,23,0.9896146068668759,0.33967419411745486,20.074326536079397,0.7768920032981445,0.6861089233174845,44,students03
230,9.2,13,23,0.9494679095187598,0.13731520848687662,8.315467536289574,0.765123098507145,0.6544092246616853,44,students03
240,9.6,13,23,0.8474311720674615,0.19630382639738955,13.393983099463238,0.7806805476361294,0.5594227443153575,44,students03
240,9.6,14,15,1.2752351203295447,0.46650778358959644,21.458117015481992,0.41532693485868677,0.5645865338793797,46,students03
250,10.0,14,15,1.1763900990149785,0.005931472217741374,0.2888920645092799,0.5824716974466653,0.431256465179655,46,students03
260,10.4,14,15,1.0472232834986723,0.19084255324870436,10.500070549335007,0.6385979832284967,0.43127534758814173,46,students03
150,6.0,14,274,2.207518785338818,0.4346999801345646,11.356784242154449,0.3466959251397546,0.5936432112622787,47,students03
160,6.4,14,274,1.9704287345734786,0.27011930158546654,7.879293039472067,0.5474045164734725,0.5165808227241326,47,students03
170,6.8,14,274,1.7667554785593937,0.11875344321964365,3.8540731938143558,0.6680734437799757,0.47584586057610373,47,students03
180,7.2,14,274,1.5885734157965976,0.12949253461223154,4.675652306797043,0.5882288570391379,0.47025090593755847,47,students03
190,7.6,14,274,1.5007519306082409,0.4367681502014312,16.919802905252837,0.49110163861903267,0.43604570257769265,47,students03
200,8.0,14,274,1.4826853836088227,0.5849656660148372,23.23674035828522,0.4725494486934335,0.4278148920284213,47,students03
130,5.2,16,9,2.076035117235497,0.43931052488479627,12.21673977922277,0.4249682923683326,0.678061240422088,50,students03
140,5.6,16,9,1.8672986982351436,0.1747634324229888,5.370262014014994,0.4374148321808906,0.6111225043571086,50,students03
150,6.0,16,9,1.686376144605287,0.08037843377465337,2.731947173484095,0.5182297530247422,0.6619783174976194,50,students03
160,6.4,16,9,1.488109762808644,0.3762529546854259,14.645604057698383,0.6334505314657154,0.7254842308693779,50,students03
0,0.0,16,15,0.6742002072923734,0.16375388446920214,14.056945386349799,0.5184641304167236,0.45400575349073286,52,students03
10,0.4,16,15,0.6410028598380805,0.13714357986223866,12.354026561535468,0.5181486765480312,0.4540191811824761,52,students03
20,0.8,16,15,0.6088239378476727,0.11065569511336228,10.471895060024677,0.5181486765456321,0.43825111392799093,52,students03
30,1.2,16,15,0.5651220975416248,0.2333857888375439,24.392357076941757,0.3557643488863036,0.2813363167723404,52,students03
150,6.0,16,273,2.1047358066234545,0.08142377267775947,2.217096780630192,0.5182297530247422,0.8668191057090007,53,students03
160,6.4,16,273,1.8883546211564648,0.2722097758940071,8.288166683345425,0.6334505314657154,0.8259084689054715,53,students03
170,6.8,16,273,1.7079503291234004,0.5958387139962835,20.417716662060496,0.6681897358227996,0.8015517669879086,53,students03
170,6.8,16,274,1.9848956678721448,0.46987922062016896,13.693469881240382,0.6681897358227996,0.47584586057610373,54,students03
180,7.2,16,274,1.7767355486857728,0.1714174516775806,5.536444295423374,0.5347826756970258,0.47025090593755847,54,students03
190,7.6,16,274,1.6900167734736962,0.35781586170913615,12.223358858232471,0.35411270859247435,0.43604570257769265,54,students03
160,6.4,17,23,2.3109828655815323,0.3882252849386885,9.671056249446766,0.9610031313058403,0.9708747015160794,55,students03
170,6.8,17,23,1.6345673466941144,0.03288261904347389,1.1526979257840668,1.061121887654143,0.9538067014010969,55,students03
180,7.2,17,23,0.9367818762884755,0.2785084027342769,17.295708659608128,1.151982927897508,1.062805711168592,55,students03
390,15.6,19,81,2.648604183971148,0.021063144700143477,0.4556520837789184,0.968926892006946,0.9865291111828209,59,students03
400,16.0,19,81,1.9080560759610081,0.4745121344239963,14.399934404902337,0.8593964148660039,1.1464054541484043,59,students03
410,16.4,19,81,1.1811645379204676,0.5875181590256434,29.828520765166857,0.8593964148778817,1.2320777984416758,59,students03
340,13.6,23,73,1.831232509119459,0.38534044033602644,12.147366368691715,0.6718528488114706,0.609542718724571,65,students03
350,14.0,23,73,1.4552853124705296,0.1737796128591368,6.8582116055693945,0.6493412912615467,0.5981031586041579,65,students03
360,14.4,23,73,1.1496660296008117,0.06727098118972757,3.3544925551653435,0.6244303149517284,0.767196326013675,65,students03
370,14.8,23,73,1.061212423379852,0.35433109403271723,19.505218399136673,0.6334163677007203,0.9333218091240316,65,students03
220,8.8,24,27,1.6013635969178093,0.4640298800998657,16.84428958873259,1.0397653315106343,0.7555340830993009,66,students03
230,9.2,24,27,1.0666786431279909,0.21830282906237525,11.809397738982167,0.8376369639330571,0.49348743035217413,66,students03
240,9.6,24,27,0.559352695101554,0.13769942168472554,14.251364789624308,0.6810018960119225,0.8025283237494265,66,students03
160,6.4,25,10,2.8854534451386136,0.4983191258490297,9.944866547297748,0.6158706133362339,0.7894025210416591,70,students03
170,6.8,25,10,2.3396938559569027,0.5471026471880576,13.522968388828676,0.5891666706460832,0.7526700468945986,70,students03
180,7.2,25,10,1.8440261699117575,0.27912128600761776,8.706046912454841,0.5129646879043722,0.7168513483388004,70,students03
190,7.6,25,10,1.3925505543193346,0.16736226442105756,6.90272055564016,0.5034465443124095,0.6941214596805443,70,students03
200,8.0,25,10,0.9477087340476992,0.4190093623470064,26.239788523842883,0.7203920898562293,0.5831582777013024,70,students03
240,9.6,27,29,0.882150877821933,0.31189344056070345,20.705228127265727,0.8025283237494265,0.8066002333647689,78,students03
250,10.0,27,29,0.6389022079554981,0.04084529802003711,3.6654440195696556,1.0234359747047608,0.8621701551585739,78,students03
260,10.4,27,29,0.5740048840537325,0.08700369154307952,8.718100194174488,0.8173395614302715,0.8564470043329928,78,students03
150,6.0,28,20,1.334282981135804,0.3806711723868443,16.576792515099118,0.6581649468377333,0.5213813881703846,80,students03
160,6.4,28,20,1.2904518163160008,0.4192652633049119,18.959397770654185,0.6583994615711842,0.565500236428447,80,students03
170,6.8,28,20,1.2933908912839156,0.4973683747673025,22.615562174027897,0.6349220998025307,0.6391568487143758,80,students03
180,7.2,28,20,1.3297388371094807,0.5448603114101807,24.189122796254523,0.597354361405087,0.6560079999837354,80,students03
490,19.6,28,410,2.9648340645485387,0.49549277691650817,9.62060206869283,1.013591053490664,0.6812262785407743,82,students03
500,20.0,28,410,2.84382465982472,0.09718074378915054,1.9583242282663123,1.001174788736277,0.7461502055625776,82,students03
510,20.4,28,410,2.7332186039895783,0.14690507238142192,3.0810190209030117,1.0258683110462472,0.8060735941607597,82,students03
520,20.8,28,410,2.6253386106363696,0.5332141029091596,11.718471962763978,1.1157408885435647,0.8387315283684462,82,students03
210,8.4,29,20,1.2111290265352472,0.21229908516767654,10.095548115607475,1.1383769873487208,0.8917533603388846,84,students03
220,8.8,29,20,1.1304070611791843,0.11444264673985438,5.8105916720488695,1.0296437805651268,0.9358774133677569,84,students03
230,9.2,29,20,1.1217874984601939,0.07257350161630516,3.709313400834982,0.8709800544938848,1.0241642491230194,84,students03
240,9.6,29,20,1.2453231663086843,0.23194548568530537,10.734208310754568,0.8066002333647689,1.068393597497096,84,students03
250,10.0,29,20,1.3350231565344512,0.1952414064824452,8.409422024383561,0.8621701551585739,1.065909355254861,84,students03
260,10.4,29,20,1.4141261437928838,0.16724663649122246,6.792185707745894,0.8564470043329928,1.0673483300451452,84,students03
270,10.8,29,20,1.5015518397818781,0.06072178232709091,2.3176361356418047,0.8378285966972137,1.0764690998858917,84,students03
280,11.2,29,20,1.5925552756218972,0.05960036615261599,2.1447588809317817,0.8537993167021486,1.0887793911173071,84,students03
290,11.6,29,20,1.68647760150447,0.2787620045700796,9.514223553304742,0.9203785502128603,1.1231134281635762,84,students03
300,12.0,29,20,1.7641055342250687,0.4487264334172582,14.735952591924063,0.9727072136281923,1.14450604806983,84,students03
310,12.4,29,20,1.842696457715577,0.38750137722317984,12.139371029294649,1.03395190668148,1.1125535511909521,84,students03
320,12.8,29,20,1.830577436217371,0.23512749044040004,7.379711592392231,1.107201341002229,1.0531606565416884,84,students03
330,13.2,29,20,1.7825273736196718,0.07761771260194383,2.4956553004803905,1.1342810735299882,1.0259923531731894,84,students03
340,13.6,29,20,1.7206643715634364,0.1716860893968833,5.726441752777655,1.1787144437239865,1.0214747553798114,84,students03
350,14.0,29,20,1.6477616416593241,0.3863575048891607,13.560627558247276,1.2039267618713803,1.0036854627242817,84,students03
360,14.4,29,20,1.5778125289977392,0.4898430762191246,18.08677862173029,1.1421003378908983,0.9959786384131311,84,students03
370,14.8,29,20,1.559285977890201,0.483998769050654,18.083198897679754,1.063171942190432,0.9957420354220801,84,students03
380,15.2,29,20,1.5622501117320229,0.5586521329311784,20.95254267898781,1.0421481433609208,0.9732436757500946,84,students03
450,18.0,36,83,1.7456300843909114,0.11700374975192207,3.8432259219237968,0.8320077651314041,0.5331445975016863,101,students03
460,18.4,36,83,1.2791942074477831,0.07688754964158862,3.4459106797670707,0.7963932160199012,0.5331445975061255,101,students03
470,18.8,36,83,0.8749191966651262,0.35864227494761025,24.199479009387222,0.6248739589989207,0.4934761316474793,101,students03
780,31.2,37,219,2.9023883322503834,0.024881358917174357,0.4911866206124996,0.8539063681687586,0.8824859079399152,105,students03
790,31.6,37,219,2.8115119061107685,0.13635645323271772,2.779897644728989,0.774214187280107,0.9779038621270797,105,students03
800,32.0,37,219,2.8114570613405196,0.4106374779420954,8.398585080625741,0.7152621970063131,0.9877858016725772,105,students03
810,32.4,37,219,2.82929122668058,0.25816666336517824,5.235397456535852,0.704267255786663,0.9877858016738189,105,students03
730,29.2,37,233,2.3222129704566985,0.21070190231094,5.205791132106209,0.9774242806994226,0.9599994488867828,107,students03
740,29.6,37,233,1.8006062885672045,0.11381898020538972,3.624167006441832,0.7827416261563827,1.012011594504596,107,students03
750,30.0,37,233,1.3433512621798114,0.4233826812558843,18.37101679628703,0.7571271185795125,1.0712755495001403,107,students03
910,36.4,38,89,1.828452421984548,0.5681490803176399,18.103033325018362,0.8901567409412792,0.6187719935536803,113,students03
920,36.8,38,89,1.253489584617101,0.48831551813049784,22.927427603199146,0.8065765849763381,0.6397919602804472,113,students03
930,37.2,38,89,0.7443067882497602,0.35240243635248475,28.259385383150917,0.604112482403942,0.6590855516162933,113,students03
930,37.2,38,92,2.8170111315456166,0.5651545499884602,11.573337211792172,0.604112482403942,0.6157875353672253,114,students03
940,37.6,38,92,2.3890416952591162,0.27059311689842835,6.503522195781322,0.4911660871611681,0.6157875353659849,114,students03
950,38.0,38,92,1.9655617003302037,0.3292809824113798,9.643956033299453,0.49116608716116794,0.6317916374445076,114,students03
960,38.4,38,92,1.5301122872677297,0.2694315642429456,10.141870850384947,0.5780802952299012,0.6566006265715258,114,students03
970,38.8,38,92,1.0246761247418306,0.23105943434350606,13.031992898831641,0.7270926629449295,0.6646347399953549,114,students03
590,23.6,39,38,0.7266896722489888,0.23055392660792642,18.49766456231525,0.6061404312029991,0.509927182383506,116,students03
600,24.0,39,38,0.7066939445588196,0.22109686955813393,18.231723575930637,0.6060068775204162,0.576212401442074,116,students03
610,24.4,39,38,0.7015521419149224,0.2231976810304205,18.55098396355401,0.6062421607604861,0.5717982435922073,116,students03
620,24.8,39,38,0.6550588205163164,0.13884071024568562,12.236740646021955,0.5966565870143046,0.5716158184202375,116,students03
630,25.2,39,38,0.6154600088456134,0.004182007381277997,0.38932377942810914,0.5654719181555571,0.5519147347970573,116,students03
640,25.6,39,38,0.6031575892712457,0.10205436823689928,9.741318671008894,0.5448492842422362,0.5206071681583679,116,students03
650,26.0,39,38,0.5944612803817786,0.20086503512684822,19.748630857499865,0.6155802093628797,0.5108950978229064,116,students03
610,24.4,39,81,2.4182559341565173,0.24955766704974258,5.923319598415774,0.6062421607604861,0.9648962790859068,118,students03
620,24.8,39,81,1.8858648037575776,0.026717912545300426,0.8117627722746796,0.5966565870143046,0.9376351167768442,118,students03
630,25.2,39,81,1.3964125291980998,0.148773935016702,6.1159057567935875,0.5654719181555571,0.8540840946055922,118,students03
640,25.6,39,81,0.9948036742652477,0.2986019257087786,17.467313262778987,0.5448492842422362,0.7644148789492388,118,students03
940,37.6,39,92,2.431162557236435,0.2718503301736863,6.420187483405386,0.6266557391172851,0.6157875353659849,119,students03
950,38.0,39,92,1.9788816235826747,0.37765455229673817,11.00195077407065,0.6269018204221871,0.6317916374445076,119,students03
960,38.4,39,92,1.5217964863245035,0.541109613276026,20.82856112011271,0.6773946522011481,0.6566006265715258,119,students03
830,33.2,42,38,1.8743063902938066,0.5878731238025405,18.279235741375103,1.2381054881066964,0.9280227538034512,120,students03
840,33.6,42,38,1.6559175319675574,0.026121228156533727,0.9038482751250411,1.1423779374825447,0.9990123579632252,120,students03
850,34.0,42,38,1.5672961854486736,0.20448408403351004,7.496713964064123,1.1464297379410904,1.0568039163375786,120,students03
860,34.4,42,38,1.5123763597926145,0.4466952119827018,17.179115104394928,1.1883432846279571,1.0484324047302422,120,students03
840,33.6,42,39,2.351140025778881,0.4825757342448219,11.844239870860648,1.1423779374825447,0.9972055114082281,121,students03
850,34.0,42,39,2.1604902949233806,0.23440437906544975,6.228619122604499,1.1464297379410904,0.976700382912001,121,students03
860,34.4,42,39,1.9905536493128797,0.029769853360511855,0.8569226687899657,1.1883432846279571,0.9736844776249904,121,students03
870,34.8,42,39,1.822486074360769,0.29127962812426444,9.196763946027657,1.2262700817254586,0.9638651500753654,121,students03
880,35.2,42,39,1.6934573567088047,0.5293253562416386,18.214228593751912,1.226358067705742,0.957070310400315,121,students03
750,30.0,43,84,1.6587499554408427,0.5132073263074018,18.022715468623616,0.5508867043813478,0.6177980021330813,123,students03
760,30.4,43,84,1.5681082427844915,0.2887845179293361,10.612225858076552,0.5007808264006948,0.8091178962564027,123,students03
770,30.8,43,84,1.5146232417024932,0.11693265596634939,4.427781598268233,0.5116894114630716,0.8827405223028064,123,students03
740,29.6,43,85,2.0611049857657764,0.3934257147356133,11.004200937308521,0.5594005957451563,0.5568267082879103,124,students03
750,30.0,43,85,1.9401329819739315,0.25367816952803846,7.513106320709749,0.5508867043813478,0.6643946290997363,124,students03
760,30.4,43,85,1.8644238570776588,0.16507406726907647,5.079557569702501,0.5007808264006948,0.710000425491291,124,students03
770,30.8,43,85,1.7558650090804075,0.4548981130478249,15.015094685586622,0.5116894114630716,0.8450000465766924,124,students03
980,39.2,44,42,0.6874896400501006,0.2692781577890241,23.059275048854364,0.87380806889451,1.0943302071021754,129,students03
990,39.6,44,42,0.7671023813964912,0.2996377500041863,22.99245168336417,0.8742299950593565,1.0510037343599838,129,students03
1000,40.0,44,42,0.8548052321717576,0.1477550631147057,9.953700265177941,0.9556747381796629,1.0478250201739905,129,students03
1010,40.4,44,42,0.8304978507055747,0.18901974494403628,13.155703834849191,1.1153086189217702,1.0478250201663928,129,students03
1020,40.8,44,42,0.8231281306776433,0.3607588755269753,25.994056451179485,1.109793103529367,0.9672056820236271,129,students03
830,33.2,45,4,2.9204081634577195,0.4839754528515427,9.539170943889943,0.8575421372668067,0.824019903670274,131,students03
840,33.6,45,4,2.2555514730301396,0.5125426844608896,13.13440288574725,0.8585996484722985,0.7824341310622531,131,students03
850,34.0,45,4,1.6290572680370285,0.4549462765402309,16.216620843928766,0.8413274654751912,0.6691865886959233,131,students03
860,34.4,45,4,1.125026915951633,0.5066080086627609,26.76341173000178,0.8242361182505368,0.6204000213272477,131,students03
1180,47.2,45,96,1.9867946299935313,0.5388702186975731,15.737229774931603,0.27558598154619923,0.6104079858441464,134,students03
1190,47.6,45,96,1.6468126191071797,0.40654789497203464,14.292345453700813,0.3816641690017357,0.6018969184718108,134,students03
1200,48.0,45,96,1.2701964880921897,0.2130057696480594,9.653836199183448,0.4663941901895385,0.6223393668419605,134,students03
1210,48.4,45,96,0.9084207580171498,0.08728643304667313,5.513823675814803,0.48160329151892284,0.7648090715481316,134,students03
790,31.6,45,411,2.0114536652780166,0.3406536702290973,9.75043324459394,1.004642692582185,0.6165048476349005,137,students03
800,32.0,45,411,1.4608509501358888,0.09472284730121178,3.717716420221382,0.9255514005546726,0.6113188822382489,137,students03
810,32.4,45,411,1.0670549442369295,0.414282443092169,22.8455575351271,0.8994985503179005,0.6563756113541985,137,students03
850,34.0,46,4,2.5100353264394526,0.09824918949219041,2.2432761406485806,0.6630305610761411,0.6691865886959233,138,students03
860,34.4,46,4,2.022959480472295,0.19357612683500144,5.4910101949283945,0.6630305609513532,0.6204000213272477,138,students03
870,34.8,46,4,1.546675464043828,0.37014898156488396,13.846356647323024,0.7163736889125961,0.6204000213272414,138,students03
880,35.2,46,4,1.0671834352256102,0.5153537465873399,28.875643698135356,0.7776662009006885,0.6428103397083644,138,students03
810,32.4,46,45,0.7774242721614937,0.3479398052225887,26.586897216491465,0.7530163411646066,0.8994985503179005,139,students03
820,32.8,46,45,0.8002890459801294,0.12571554233030485,9.037894449151825,0.8086279147518525,0.869216078647868,139,students03
830,33.2,46,45,0.8203593735393454,0.14319587982999948,10.052624545760104,0.8163415438749961,0.8575421372668067,139,students03
840,33.6,46,45,0.8440803591557692,0.18130677034865683,12.403676499488196,0.7395129729165016,0.8585996484722985,139,students03
850,34.0,46,45,0.9263340116184297,0.1947765996930749,12.137944290291655,0.6630305610761411,0.8413274654751912,139,students03
860,34.4,46,45,0.9943312406645557,0.22361256901670978,12.996257061139943,0.6630305609513532,0.8242361182505368,139,students03
870,34.8,46,45,1.062452983037517,0.19638453282356144,10.651843892370824,0.7163736889125961,0.723128475717806,139,students03
880,35.2,46,45,1.0034355504633834,0.14424590748971275,8.265019274164093,0.7776662009006885,0.6217564589276506,139,students03
890,35.6,46,45,0.9388503287897335,0.13786486261269196,8.444095809789449,0.7835909484374615,0.5722300902342745,139,students03
900,36.0,46,45,0.8195475639687906,0.09906219406569775,6.942560487019111,0.7187507923169496,0.5343111928252854,139,students03
910,36.4,46,45,0.7284545350494194,0.05584192795034104,4.396497767326133,0.6298615795829486,0.5368815711814595,139,students03
920,36.8,46,45,0.6729893497351149,0.021479381969999878,1.82898432070195,0.604034864624996,0.552517223805692,139,students03
930,37.2,46,45,0.6560169740540454,0.04245662398348922,3.7107069294234427,0.6521873555152528,0.5972558330493296,139,students03
940,37.6,46,45,0.6283477748740174,0.208114636296701,19.342192445766443,0.7227962334404842,0.6252130564152192,139,students03
950,38.0,46,45,0.6079396591370362,0.26482465079529643,25.824121327204537,0.7230415656339682,0.6085912081251394,139,students03
1000,40.0,46,90,2.1039748726042826,0.09545481235804083,2.600333261379811,0.5274785184457256,0.8211608177690367,141,students03
1010,40.4,46,90,1.5696090751609644,0.053971040830056966,1.9705050030645508,0.5179177915292112,0.7563069647377269,141,students03
1020,40.8,46,90,1.1270935577030767,0.24151071058380985,12.373139156891437,0.5182062128338285,0.8284800764077336,141,students03
850,34.0,47,4,2.9587891332222567,0.5623804030825154,10.956935471678271,0.7290183005286917,0.6691865886959233,148,students03
860,34.4,47,4,2.4181233426009636,0.25629294277013365,6.084113553088841,0.7711576820001025,0.6204000213272477,148,students03
870,34.8,47,4,1.8662868530330254,0.12113810440218403,3.7216063818475824,0.7843386365385653,0.6204000213272414,148,students03
880,35.2,47,4,1.3157739603613134,0.026704553814392018,1.1629378110175645,0.7431743345990344,0.6428103397083644,148,students03
890,35.6,47,4,0.7848824514696975,0.16189498367041197,11.903650855414643,0.6946926288068758,0.6652304587245368,148,students03
890,35.6,47,45,1.4719396747499311,0.5293410991080314,21.07695058893475,0.6946926288068758,0.5722300902342745,149,students03
900,36.0,47,45,1.3682358717518643,0.41687121204784694,17.738785772443304,0.6854181822521137,0.5343111928252854,149,students03
910,36.4,47,45,1.2220652976091395,0.3951098638696454,18.863413084757077,0.6359321908768667,0.5368815711814595,149,students03
920,36.8,47,45,1.135579248967034,0.45858556881913165,23.818083418488797,0.5851758219514103,0.552517223805692,149,students03
930,37.2,47,45,1.1040552807856474,0.5377378011735963,29.147326501786353,0.597845399078262,0.5972558330493296,149,students03
850,34.0,47,75,2.767041157492723,0.03804156395232285,0.7877330347220691,0.7290183005286917,0.47207674383369413,150,students03
860,34.4,47,75,2.284878963962575,0.27996301711892735,7.0380577524876236,0.7711576820001025,0.5149205590514012,150,students03
870,34.8,47,75,1.7889046146951877,0.4162386485807873,13.454784972928426,0.7843386365385653,0.5701306884622203,150,students03
880,35.2,47,75,1.318986674575029,0.568585553438025,25.535964071451573,0.7431743345990344,0.5762045721228461,150,students03
1050,42.0,47,92,2.829272653148362,0.1334108280400006,2.702713321478456,0.619819747850002,0.9593040182142305,154,students03
1060,42.4,47,92,2.20241733063184,0.17875618998000053,4.655454470876874,0.6248182942000016,0.9618533679295388,154,students03
1070,42.8,47,92,1.5828852342735262,0.2753603360792416,10.018201797667418,0.6836481884837915,0.9821031133063873,154,students03
1080,43.2,47,92,0.9676089844924125,0.43481686345805187,26.70343100085103,0.8020690161345713,1.0061445047913224,154,students03
960,38.4,47,300,2.7985705470868023,0.4956554708249029,10.201483855981007,0.7007733056042178,0.7178428083488049,157,students03
970,38.8,47,300,2.7979267591600334,0.43881315355070394,9.023242204785458,0.7222490723439874,0.7228460027262116,157,students03
980,39.2,47,300,2.797169660545002,0.5050672095669716,10.402593494233162,0.7395818356286471,0.8546045459818038,157,students03
990,39.6,47,300,2.8583848505407934,0.4766364647859599,9.598926718375942,0.7621196828715616,1.007886978327865,157,students03
1000,40.0,47,300,2.9218147655920945,0.38290278810711986,7.53025149085222,0.7667211489447702,0.9739622754359573,157,students03
900,36.0,47,316,1.8422026504453384,0.4258445429462818,13.365406682383558,0.6854181822521137,0.43959669917913696,158,students03
910,36.4,47,316,1.4378283280751807,0.27315551985690867,10.95149096166293,0.6359321908768667,0.3552386947807805,158,students03
920,36.8,47,316,1.063110040650546,0.09245642525429143,4.989195166491468,0.5851758219514103,0.5236233457486855,158,students03
930,37.2,47,316,0.6877811079072805,0.2076331145503869,17.571058098618717,0.597845399078262,0.7364002685426198,158,students03
930,37.2,48,232,2.7618225183098652,0.5484358999615454,11.453789303747438,0.7606246534046913,1.066082766484302,163,students03
940,37.6,48,232,2.0546071934153125,0.37604835327142777,10.546117148410753,0.7094105025648809,1.0832986162272114,163,students03
950,38.0,48,232,1.3580711989439516,0.38242475944240123,16.355365227838476,0.7092916259246486,1.0566284874573748,163,students03
960,38.4,48,232,0.7072878208105531,0.3370468491481075,28.459289945617826,0.7222280707924597,1.0402222844441398,163,students03
820,32.8,49,86,2.9256797817001114,0.12254306586121927,2.4005549498471037,0.9443076954859531,1.159485817329523,164,students03
830,33.2,49,86,2.0949803589556613,0.08465790249979133,2.3159461078848893,0.9443076954859532,1.1094514473712893,164,students03
840,33.6,49,86,1.2865446199310726,0.1157817225390574,5.163280965085367,0.86786294700127,1.009563874768635,164,students03
970,38.8,50,235,2.2583069699663927,0.3335675074670222,8.494060992344313,0.8932558500969902,1.1882048922386752,169,students03
980,39.2,50,235,1.4851971018846581,0.142328006670773,5.499154058589508,0.9024013631642661,1.009622800041126,169,students03
990,39.6,50,235,0.7962399189336093,0.0994295373310844,7.173470340819144,0.8328513439897922,1.1164933687353207,169,students03
1120,44.8,52,89,2.9114018739490266,0.27750353621865,5.469514834923425,1.1926162642207137,0.869590865489248,177,students03
1130,45.2,52,89,2.142856532914602,0.14328417119118242,3.8339982532346175,1.0286537048523763,0.8371878977701813,177,students03
1140,45.6,52,89,1.5046607601954267,0.19480864798792874,7.438975151022525,0.8303160548506493,0.8032441746103546,177,students03
1150,46.0,52,89,1.0549181959009823,0.4013775937135762,22.363554295475918,0.6582354489402006,0.7975575361486393,177,students03
1130,45.2,52,90,2.998659045486419,0.0769828788893625,1.4710837872902653,1.0286537048523763,1.003822214626596,178,students03
1140,45.6,52,90,2.28312064217239,0.02107938690616029,0.5290027349493759,0.8303160548506493,1.0038222145886675,178,students03
1150,46.0,52,90,1.6891862527334724,0.2025199366723609,6.885870266590097,0.6582354489402006,0.9884021280243787,178,students03
1170,46.8,52,92,2.4770531212339364,0.44751648462586247,10.40848909397067,0.783800618871859,1.0792417835185948,179,students03
1180,47.2,52,92,1.7892474582915334,0.5086041379218325,16.514375004782874,0.8355035807065475,1.0518312593053116,179,students03
1190,47.6,52,92,1.1591040149780685,0.4588145358738408,23.318093246286132,0.9095116077237322,1.042773439379991,179,students03
1330,53.2,52,98,2.3490600005595854,0.15613114960451452,3.8109948257406154,0.9438892769749965,0.598221883703552,181,students03
1340,53.6,52,98,1.7791693711527992,0.20839637301497616,6.726568921552971,0.7398076594524595,0.5710224632739911,181,students03
1350,54.0,52,98,1.3104444427697384,0.24530607001672688,10.789017943105803,0.6177694064353423,0.5710731923627251,181,students03
1360,54.4,52,98,0.8489855466229747,0.20268781463983043,13.812255939226475,0.533226464010366,0.5713324324767893,181,students03
1340,53.6,52,99,2.5198932866092436,0.35224761371218094,8.035504763144594,0.7398076594524595,0.4388355355448657,182,students03
1350,54.0,52,99,2.10077015857182,0.2607139255715056,7.12901437727464,0.6177694064353423,0.4388355355613201,182,students03
1360,54.4,52,99,1.681473612198686,0.31013130340806677,10.62849569724416,0.533226464010366,0.4556424293549937,182,students03
1370,54.8,52,99,1.3290963942141945,0.3362557638394757,14.654857424912384,0.4422655699509703,0.4860946475409398,182,students03
1380,55.2,52,99,0.9847838962252348,0.22076031472999968,12.954154119201188,0.43329504444999767,0.5601151927200692,182,students03
1390,55.6,52,99,0.6387170768769137,0.04912764902286765,4.411326870967409,0.4132519725152401,0.7555937956669658,182,students03
1430,57.2,52,225,1.4253574901624873,0.4006068911342298,16.323307895469195,0.6653966999486988,0.654612317512213,183,students03
1440,57.6,52,225,1.3802436332590486,0.3066641925631557,12.837177990162928,0.7419077926181796,0.6546123175195402,183,students03
1450,58.0,52,225,1.3354914595243268,0.27270356364648296,11.782505620394113,0.740471581812058,0.6543555031097533,183,students03
1460,58.4,52,225,1.2927741817191702,0.24668306041795499,11.000456803384337,0.7361925577940329,0.654355503108533,183,students03
1350,54.0,53,47,1.3604810994558691,0.17510008925070386,7.394738850695818,0.6108152458205012,0.27800101033513885,185,students03
1360,54.4,53,47,1.2464851561091999,0.1886163279030455,8.703346256593209,0.5543920760634403,0.32138955071450326,185,students03
1370,54.8,53,47,1.1774548980134556,0.17308365332576636,8.453002914445278,0.4608206657669178,0.32138955071450126,185,students03
1380,55.2,53,47,1.138087425328977,0.18008675407323177,9.104540121793224,0.4234299444936823,0.3212296388478978,185,students03
1390,55.6,53,47,1.0998084636123995,0.25031003601730206,13.155473963219325,0.42190336795075295,0.36012195424411186,185,students03
1400,56.0,53,47,1.0975122934939177,0.32256594492694096,17.091975073803845,0.42114423864322126,0.7596006253405637,185,students03
1340,53.6,53,99,2.308688916722995,0.017730310629988325,0.4400254826081277,0.7185987610293875,0.4388355355448657,193,students03
1350,54.0,53,99,1.9031494444286547,0.09605711462051171,2.893102651226076,0.6108152458205012,0.4388355355613201,193,students03
1360,54.4,53,99,1.5013104869671416,0.18509821512120084,7.082079413801869,0.5543920760634403,0.4556424293549937,193,students03
1370,54.8,53,99,1.171303736804994,0.3400938135470951,16.87920630571344,0.4608206657669178,0.4860946475409398,193,students03
1150,46.0,55,91,2.6607920767468842,0.04341097058613763,0.9348253018054095,0.7200855768984961,0.4074367458476628,205,students03
1160,46.4,55,91,2.250327114783806,0.25063702687344735,6.394759717376303,0.6715643094824106,0.44655622308398485,205,students03
1170,46.8,55,91,1.8110534143952794,0.2507117192532439,7.957249909942435,0.6606381116151301,0.4933970979832565,205,students03
1180,47.2,55,91,1.3709313336689457,0.24968418089569355,10.493700339572616,0.649133479958186,0.5809961905827492,205,students03
1190,47.6,55,91,0.8816219446755125,0.33677617603955823,22.457382825969585,0.6509528503261311,0.6647740805922236,205,students03
1130,45.2,56,52,2.6847748602148167,0.0015946550189778336,0.034031534292939265,0.6532830454338397,1.0286537048523763,208,students03
1140,45.6,56,52,2.7412826051170955,0.22148727039473431,4.634375838230937,0.6535553281438429,0.8303160548506493,208,students03
1150,46.0,56,52,2.7277891626566344,0.3674731234523715,7.742118986145363,0.6494630986820218,0.6582354489402006,208,students03
1160,46.4,56,52,2.6895280935794386,0.2689248025375268,5.738570834598109,0.6109083193083573,0.6636503640313811,208,students03
1170,46.8,56,52,2.759457591388508,0.02453719710993113,0.5094828662187126,0.5811168772509296,0.783800618871859,208,students03
1180,47.2,56,52,2.8505953880127537,0.006258848501296266,0.12580034801514578,0.5811168772489852,0.8355035807065475,208,students03
1190,47.6,56,52,2.962683199230422,0.07161274829403991,1.3850646918671847,0.6432228498213176,0.9095116077237322,208,students03
1170,46.8,56,54,1.278530019220485,0.3939889390273157,17.94824320700354,0.5811168772509296,0.7499987321955959,210,students03
1180,47.2,56,54,1.2500543769017018,0.31839730923143905,14.7562104337685,0.5811168772489852,0.6025304308267796,210,students03
1190,47.6,56,54,1.24238414375586,0.29368783027633144,13.673603180436302,0.6432228498213176,0.7502383233402924,210,students03
1200,48.0,56,54,1.346167933920398,0.44301776827785155,19.21388337725637,0.721169066087268,0.9598351965058605,210,students03
1210,48.4,56,54,1.4616881509947988,0.536423390074442,21.53003704295634,0.7369538164704386,1.0340042785604613,210,students03
1220,48.8,56,54,1.6037693403069193,0.5751572729089269,21.015986791399897,0.7369538163482969,1.075563005944084,210,students03
1230,49.2,56,54,1.7324651917833342,0.5229707893371983,17.56966022637034,0.733463025017808,1.0411066150090782,210,students03
1240,49.6,56,54,1.8074980598306285,0.3410390369413849,10.875770308471003,0.7317274249398127,1.02920539463691,210,students03
1250,50.0,56,54,1.8917906128673574,0.22787720008201268,6.918410288844522,0.7317274248175606,1.0269291000694931,210,students03
1260,50.4,56,54,1.9800385106459235,0.07533990894090978,2.180614701871623,0.7469514426104182,1.0205022614877868,210,students03
1270,50.8,56,54,2.0551822208227746,0.17377829040947546,4.850502092260493,0.7994882986521569,1.0165850860148882,210,students03
1280,51.2,56,54,2.114325704636093,0.4109947190713992,11.20884115858945,0.8369000109716276,1.0746806037378065,210,students03
1290,51.6,56,54,2.2389554075726963,0.5667151624348273,14.661970674454178,0.8368891108413168,1.1980365560142863,210,students03
1500,60.0,56,57,2.250698734215338,0.5448152284238394,14.008446227603695,0.6044278281322059,0.9685704686420142,211,students03
1510,60.4,56,57,2.348989451717915,0.49051026811665044,12.053067801752729,0.6046971080776105,0.8979065877365164,211,students03
1520,60.8,56,57,2.449835095564091,0.33421203378710085,7.840870180279538,0.6616726725972651,0.833767803651791,211,students03
1530,61.2,56,57,2.4566443375617437,0.1490544666091166,3.4785012663653805,0.7447471868368243,0.753622711749527,211,students03
1540,61.6,56,57,2.4329037167057193,0.047403594825639994,1.1164427841023248,0.769742759469371,0.7378940645058564,211,students03
1550,62.0,56,57,2.411386310572482,0.018720722350968222,0.44481846415413095,0.6863301461858449,0.7348624805649279,211,students03
1560,62.4,56,57,2.4580995754529966,0.06516013876762286,1.518993924420564,0.5476290113176209,0.7320790268577761,211,students03
1570,62.8,56,57,2.5504584004380533,0.11598997425518637,2.606601610179897,0.4918537809790552,0.7320555030068245,211,students03
1580,63.2,56,57,2.6441098228775504,0.17269540386670607,3.7448392211946655,0.49185378099291943,0.7836046305766994,211,students03
1590,63.6,56,57,2.7785709748905796,0.05035501835330376,1.0384071544222933,0.469302831116165,0.8409533121767109,211,students03
1500,60.0,56,99,2.2633287293156954,0.568440172307002,14.545708690929466,0.6044278281322059,0.26189267560338075,214,students03
1510,60.4,56,99,1.925567553590565,0.503970226762712,15.172474833448314,0.6046971080776105,0.4453222896290569,214,students03
1520,60.8,56,99,1.4438764242075124,0.4936938703680921,19.994047939880005,0.6616726725972651,0.6238767465210651,214,students03
1530,61.2,56,99,0.934685553838641,0.4654422067485176,29.865563649538473,0.7447471868368243,0.6238767465210651,214,students03
1590,63.6,59,55,2.6912455813173217,0.4394015174901533,9.396789926414046,0.5192092836115857,0.5566299738105587,222,students03
1600,64.0,59,55,2.6703818267133146,0.3433751155231357,7.387920551372772,0.5192092836115813,0.46156293934513254,222,students03
1610,64.4,59,55,2.602118778602518,0.2866637779464485,6.324857369184346,0.5493476993501264,0.3708982981252815,222,students03
1620,64.8,59,55,2.5097545478118413,0.19722118774780784,4.507055824748856,0.6499495907030022,0.3708982981215916,222,students03
1630,65.2,59,55,2.3612544345438384,0.12857364105361202,3.1213799259466173,0.7204721916151902,0.37098646985847317,222,students03
1640,65.6,59,55,2.2132954221224965,0.08476161642516855,2.1947683665090403,0.7206391188076892,0.3706964963924339,222,students03
1650,66.0,59,55,2.0639472065799,0.07517521007576078,2.0873475688082306,0.6977571429090942,0.3722428830256572,222,students03
1660,66.4,59,55,1.9179651212499147,0.05631652995877778,1.6825975016706973,0.6606816172850052,0.382766413192258,222,students03
1670,66.8,59,55,1.7869994748496214,0.0021383437621702583,0.06856079349177223,0.6462081700674809,0.38301875338612407,222,students03
1680,67.2,59,55,1.6601988422949052,0.09253712700814853,3.1952413743171397,0.6269791289019885,0.38301875338612407,222,students03
1650,66.0,59,56,2.2788699649390463,0.5688313562560995,14.45450334050905,0.6977571429090942,0.4588303294265661,223,students03
1660,66.4,59,56,2.1360846479714786,0.5178274310274825,14.029353772173176,0.6606816172850052,0.49211509199908104,223,students03
1670,66.8,59,56,2.009889441173176,0.4293830841687367,12.335468386470245,0.6462081700674809,0.4918537809914748,223,students03
1680,67.2,59,56,1.888250652942917,0.5025467621500476,15.434946222160507,0.6269791289019885,0.4740466333388527,223,students03
1380,55.2,60,58,2.7139023457782137,0.02560473933825813,0.5405740803595535,0.9282999967884511,1.0753568532313018,226,students03
1390,55.6,60,58,2.78589733610399,0.01592681953033881,0.3275585568873148,0.9281433391001526,1.1133298721538682,226,students03
1400,56.0,60,58,2.8584523252535248,0.05830058694306339,1.1686776033772035,0.9281433391001526,1.1133298721538665,226,students03
1410,56.4,60,58,2.9316751633385483,0.008773893949118206,0.17147460602349307,0.8999738854719939,1.0601036061333435,226,students03
1420,56.8,60,58,2.983903632034032,0.41002986157031573,7.8982278004494635,0.815928059970172,1.007270293234891,226,students03
1380,55.2,60,59,2.339567404645621,0.5112225448967049,12.621625328742766,0.9282999967884511,1.1105070083753157,227,students03
1390,55.6,60,59,2.4068264633987226,0.49350140112380203,11.831979331753482,0.9281433391001526,1.1070857104622012,227,students03
1400,56.0,60,59,2.4751721577472563,0.4901494475378161,11.421572323254594,0.9281433391001526,1.0877578021020797,227,students03
1410,56.4,60,59,2.5496878478246567,0.517834708188721,11.71813920747395,0.8999738854719939,1.0937862247000179,227,students03
1420,56.8,60,59,2.643392422925525,0.23783185425300668,5.162008269460387,0.815928059970172,1.0937862247000074,227,students03
1430,57.2,60,59,2.7735913886799675,0.0755421829003089,1.560714233715416,0.7681695823441701,1.0788336789161244,227,students03
1440,57.6,60,59,2.890504389040124,0.12138352627096549,2.4067804614790362,0.8054015906961406,1.0732297561266255,227,students03
1450,58.0,60,59,2.9779215851175733,0.04656080525393458,0.895875281357402,0.9941338061164368,1.0734395081176002,227,students03
1460,58.4,60,59,2.9451232014135784,0.00977978490629261,0.1902607772787021,1.145964092524004,1.0568088305454584,227,students03
1470,58.8,60,59,2.8985281215949503,0.07797468684172792,1.5415270491218036,1.1459640925239951,1.0180316099716156,227,students03
1480,59.2,60,59,2.8322072334754043,0.14963413073873744,3.0285205170037957,0.9666699651735263,0.9964863084868888,227,students03
1390,55.6,61,59,2.35033427172708,0.22990026463494895,5.613419065310648,0.8411743052981506,1.1070857104622012,228,students03
1400,56.0,61,59,2.454000611120638,0.21967759178999424,5.135887157486608,0.8411743052946038,1.0877578021020797,228,students03
1410,56.4,61,59,2.525890446696061,0.133669112836584,3.0334867475861147,0.8515323629163845,1.0937862247000179,228,students03
1420,56.8,61,59,2.596605384944684,0.2389653347057118,5.280396563391625,0.9065325823771286,1.0937862247000074,228,students03
1430,57.2,61,59,2.6386064460566114,0.3370605808720516,7.339124331396284,0.9546142819532704,1.0788336789161244,228,students03
1440,57.6,61,59,2.687695454547453,0.5063269866350183,10.858668546033346,0.9584505654584483,1.0732297561266255,228,students03
1540,61.6,63,222,2.5896714175140576,0.18447199000523695,4.0848524434112115,0.785065653652853,0.3961519510736112,231,students03
1550,62.0,63,222,2.4222328625773732,0.3494197192152566,8.294152650393503,0.6722784057654569,0.404706152896915,231,students03
1560,62.4,63,222,2.318100765688629,0.4155010214710773,10.325611672767565,0.6293819530653606,0.4151065310271279,231,students03
1570,62.8,63,222,2.214963652554068,0.471108457987609,12.280247387083671,0.5695688451184165,0.41533298315706557,231,students03
1530,61.2,63,340,2.070834333130056,0.4260841476586953,11.873689117293749,0.8559257020378076,0.5055175091782671,232,students03
1540,61.6,63,340,1.7377619617195965,0.3198856396152848,10.607446050221988,0.785065653652853,0.48104343710762876,232,students03
1550,62.0,63,340,1.4757360274221876,0.3005464975696414,11.750992545885994,0.6722784057654569,0.4657187226641878,232,students03
1560,62.4,63,340,1.2718820791030934,0.21138360915301047,9.566806158883022,0.6293819530653606,0.33752093802732175,232,students03
1570,62.8,63,340,1.1326890976343365,0.24197095222622786,12.3348841975007,0.5695688451184165,0.29465115349999493,232,students03
1580,63.2,63,340,1.0450594331048284,0.34869816611398546,19.49128526965524,0.47435854088816815,0.2982104418803784,232,students03
1590,63.6,63,340,1.011978060324576,0.457033516450001,26.847921933662573,0.43855667212500116,0.3330926762979721,232,students03
1700,68.0,63,423,1.5447403677777154,0.4470724041676778,16.822989283347823,0.2912449480024299,0.33755865228269194,234,students03
1710,68.4,63,423,1.5136326115794705,0.023239047414343794,0.8797059750103856,0.33209283092862524,0.44956079817139266,234,students03
1720,68.8,63,423,1.50427754884261,0.11784595598913605,4.493187831972707,0.3320928309286244,0.5658658117742079,234,students03
1570,62.8,64,62,1.2707051296088867,0.4971044922434589,23.02941513709731,0.6470244835982221,0.5805401992423264,236,students03
1580,63.2,64,62,1.202792546889007,0.3698010904964957,17.905748908905995,0.6844850912502064,0.5805401993538936,236,students03
1590,63.6,64,62,1.1363257629827892,0.3062483871497991,15.634966090115906,0.684716168790952,0.5471051987854778,236,students03
1600,64.0,64,62,1.070244477007812,0.16078497604766112,8.640371953920605,0.564251654862762,0.5185992149357087,236,students03
1610,64.4,64,62,1.0867950422097845,0.14456680714257,7.644212408635523,0.44749665748605577,0.5162975426005688,236,students03
1620,64.8,64,62,1.1174856125707786,0.25509835262731445,13.195762768093264,0.4375178561830905,0.5047278981443989,236,students03
1630,65.2,64,62,1.1442209804880166,0.10336653571257742,5.183047285899728,0.3611801161161413,0.3912570731292315,236,students03
1640,65.6,64,62,1.1414014454296593,0.3067827196328388,15.591517910734254,0.3017226201880787,0.2949641973742969,236,students03
1650,66.0,64,62,1.1464934380190457,0.3977341164347169,20.29865023297429,0.29783672528270627,0.2950044747235278,236,students03
1660,66.4,64,62,1.1533361814944396,0.4358661725809159,22.20476054394753,0.3060020318155324,0.2949641973742934,236,students03
1960,78.4,64,425,1.4458662601198953,0.5812929165479246,23.705634290069632,0.6858542140824454,0.9760198369069144,241,students03
1970,78.8,64,425,1.506851007595358,0.43321412322317954,16.708123721948713,0.7193206474110291,0.9867864711977958,241,students03
1980,79.2,64,425,1.5767937014857878,0.34144515696520816,12.50612399526778,0.7193206474235173,0.9994968898102219,241,students03
1990,79.6,64,425,1.6785801378883625,0.26990919288671533,9.253109559202015,0.7149147736863002,1.0221866850101906,241,students03
2000,80.0,64,425,1.7964593351975553,0.03605145966678225,1.1498925214473528,0.6748218054614697,0.9908983048838919,241,students03
2010,80.4,64,425,1.9160677473050252,0.25107021024355847,7.529352997156169,0.6458505411710443,0.9150452688961581,241,students03
2020,80.8,64,425,2.0113047798012746,0.3223596126687337,9.222793309367617,0.6458505411710457,0.8717151838447255,241,students03
2030,81.2,64,425,2.102716576021839,0.391777414312746,10.738080534171834,0.6458505411710448,0.8056889574647254,241,students03
2040,81.6,64,425,2.1479912105764023,0.28176030601581875,7.53743065812103,0.7018845278560562,0.746552593220183,241,students03
2050,82.0,64,425,2.142588098734433,0.12173501898454424,3.2571173827621775,0.7768570718847004,0.7479800612360794,241,students03
2060,82.4,64,425,2.1255380934923642,0.09493590783646709,2.5599338882265847,0.792431403384979,0.7552102702050509,241,students03
2070,82.8,64,425,2.1133050509672926,0.10457638130640032,2.8364259905344653,0.792431403384979,0.7613234790056962,241,students03
2080,83.2,64,425,2.1013321278754575,0.040793062587552845,1.1123501699690828,0.7469547084611678,0.7624107934807326,241,students03
2090,83.6,64,425,2.125475205991974,0.08142254445342581,2.19541960100459,0.6735560052907903,0.7721415184239641,241,students03
2100,84.0,64,425,2.1745406524578335,0.10864437177430498,2.863803271696164,0.6452394154998488,0.7812405899126843,241,students03
2110,84.4,64,425,2.224682388234502,0.0677993426145744,1.7464145830901276,0.6452394154998604,0.7507596656448043,241,students03
2120,84.8,64,425,2.2455307743465007,0.06433878654937875,1.6418592565975922,0.6423038873392672,0.7198294512919493,241,students03
2130,85.2,64,425,2.2684710364688256,0.25554513493388376,6.468146728210255,0.6381757233077883,0.716843091356229,241,students03
2140,85.6,64,425,2.2974629094239685,0.3968261024574858,9.946213789122595,0.6367355240576694,0.7167511507501245,241,students03
1600,64.0,65,62,1.6379530731808476,0.5707602687783752,20.39311867059889,0.4377660688454157,0.5185992149357087,242,students03
1610,64.4,65,62,1.6503789125883728,0.22978734954753272,8.003470697456065,0.42349643542177007,0.5162975426005688,242,students03
1620,64.8,65,62,1.6664063827838604,0.15969212744084105,5.4991072206179945,0.42342823634704385,0.5047278981443989,242,students03
1630,65.2,65,62,1.678106068078772,0.09364881426170107,3.19912484514825,0.3935360271499355,0.3912570731292315,242,students03
1640,65.6,65,62,1.6500822349796826,0.5753879680073699,20.407980945553078,0.351861110731859,0.2949641973742969,242,students03
1630,65.2,65,64,0.677258829921826,0.3069710460694638,26.95272297913404,0.3935360271499355,0.3611801161161413,244,students03
1640,65.6,65,64,0.6041047229096489,0.06361401199862043,6.044621325534959,0.351861110731859,0.3017226201880787,244,students03
1650,66.0,65,64,0.5413655364310636,0.13386396103121526,14.316078598187232,0.3425431989400239,0.29783672528270627,244,students03
1660,66.4,65,64,0.5052834190686897,0.17714045403454687,20.522575811753185,0.3197954456105155,0.3060020318155324,244,students03
1670,66.8,65,64,0.5018711394931997,0.11379820019135253,13.105679149410905,0.2950591984813151,0.3251647844237396,244,students03
1680,67.2,65,64,0.5137480488866021,0.08380223832864313,9.388000005641668,0.2947611282633172,0.33678416901528896,244,students03
1690,67.6,65,64,0.5308939465850014,0.13661371951488302,14.911556349039799,0.29450143533644024,0.33703962135054133,244,students03
1700,68.0,65,64,0.552835376474816,0.08401463950390084,8.741134172542953,0.2708896954930033,0.3232045281854805,244,students03
1710,68.4,65,64,0.57254264277597,0.09482499522415251,9.533302397743086,0.2592755246517733,0.3038099614960934,244,students03
1720,68.8,65,64,0.5905996871857633,0.17076525219982575,16.80640095703102,0.2610876598029058,0.2981740958483518,244,students03
1730,69.2,65,64,0.6093149341636214,0.20548481726662984,19.708753839874905,0.26448703947397034,0.2891536718042808,244,students03
1890,75.6,65,104,1.3858354315621653,0.46078315800464825,19.420273487540506,0.6158973708097668,0.40712556722431426,247,students03
1900,76.0,65,104,1.3019188999516587,0.33904983888673135,15.09517265923809,0.6238731466132075,0.40712556721232035,247,students03
1910,76.4,65,104,1.1992039259378482,0.12712713578550933,6.0853373928844015,0.6470960183102623,0.528664138142885,247,students03
1920,76.8,65,104,1.1900660439059414,0.013735044908160354,0.661288993840195,0.6595876794597071,0.6538912961515119,247,students03
1930,77.2,65,104,1.183305948683717,0.03788981513457066,1.8349418783118416,0.6595876794597073,0.6538912961530347,247,students03
1940,77.6,65,104,1.1786046139099993,0.04276852483831674,2.0795727789262184,0.6823563587939963,0.716568670695766,247,students03
1950,78.0,65,104,1.2019306018985958,0.07732577509999938,3.6886509803494043,0.7061104427999894,0.782383093606973,247,students03
1960,78.4,65,104,1.2300075524073684,0.1544128904100028,7.211835152826627,0.7061104427875016,0.7826380461541482,247,students03
1970,78.8,65,104,1.2627692335171574,0.22277723026637877,10.161280054746166,0.7029717603822321,0.7413720759486315,247,students03
1980,79.2,65,104,1.2679128102726371,0.21703763368033993,9.8562649882671,0.6865016792344195,0.6761981968053988,247,students03
1990,79.6,65,104,1.2595365957573854,0.18121881278882856,8.272275579085402,0.6739947224393333,0.6521910275846036,247,students03
2000,80.0,65,104,1.2511678945389655,0.18254771598942937,8.389507061162863,0.674279069591264,0.663065870320376,247,students03
2010,80.4,65,104,1.2508582483937958,0.12910846078807067,5.924386681789475,0.7074978885480161,0.7180104697056396,247,students03
2020,80.8,65,104,1.2553534802315394,0.016377001755942894,0.7474864366828636,0.7657001482759208,0.762264495472293,247,students03
2030,81.2,65,104,1.2416931935590556,0.05997508578550248,2.768523548804694,0.7899105363654398,0.7622644954598042,247,students03
2040,81.6,65,104,1.230193895534034,0.09885543243623218,4.609121045510365,0.7846381505960696,0.7666636703022689,247,students03
2050,82.0,65,104,1.2279320585803588,0.08011458881225725,3.740834508275832,0.7599983487099499,0.7787818244939708,247,students03
2060,82.4,65,104,1.2459617236976201,0.03085163475990428,1.4188631254206852,0.7415183569238832,0.7870578696728466,247,students03
2070,82.8,65,104,1.2640161877751768,0.026247062653323328,1.1898217925823378,0.7415526220821258,0.8076024535596901,247,students03
2080,83.2,65,104,1.2955376400866863,0.07124831063457457,3.1525815518984865,0.7143094917665751,0.8652375946122265,247,students03
2090,83.6,65,104,1.3721186404774106,0.26651342014556795,11.20003602158953,0.6766881597674714,0.9010770425413891,247,students03
2100,84.0,65,104,1.4701343745520878,0.43211803880396,17.093445383064456,0.6658207735141872,0.9156032982570464,247,students03
2110,84.4,65,104,1.590611454410043,0.5477750444484917,20.143963692087198,0.651237632134209,0.9565280966416231,247,students03
2120,84.8,65,104,1.7428216436949986,0.5965489699973462,20.016404054318897,0.6036278755573118,0.9837827466930886,247,students03
1980,79.2,65,110,2.8536259680303897,0.21978708261324076,4.417311916031342,0.6865016792344195,0.7374782629988311,248,students03
1990,79.6,65,110,2.2955453076058703,0.2224104494058941,5.559986975613406,0.6739947224393333,0.7813547134664601,248,students03
2000,80.0,65,110,1.7039312369153283,0.3228262945274021,10.921254375041416,0.674279069591264,0.905492179298549,248,students03
2010,80.4,65,110,1.144091422894415,0.48748626556706737,25.219695820283363,0.7074978885480161,0.8599524086596596,248,students03
1710,68.4,65,222,1.5572717734299915,0.48720274955892146,18.231466974773404,0.2592755246517733,0.36346390170872256,249,students03
1720,68.8,65,222,1.3142054155743943,0.3543652829643085,15.642978750162502,0.2610876598029058,0.3990521556645344,249,students03
1730,69.2,65,222,1.0659407535758099,0.3566893762928688,19.549676209167107,0.26448703947397034,0.4206103181653537,249,students03
1740,69.6,65,222,0.8273631946033511,0.21787439910735856,15.268092801598177,0.3096423224667906,0.4206103181653537,249,students03
1750,70.0,65,222,0.5665626524977265,0.18942373676986854,19.532320652091204,0.3591732558615536,0.4120648915170887,249,students03
1950,78.0,65,236,1.7618550173794754,0.2999953682400003,9.803660177945526,0.7061104427999894,1.060561001770537,250,students03
1960,78.4,65,236,1.8906587655109122,0.34772732818999486,10.5980914180193,0.7061104427875016,1.0174586246829425,250,students03
1970,78.8,65,236,2.0201909512353655,0.4302353473654282,12.296321863996615,0.7029717603822321,1.0433478004403203,250,students03
2060,82.4,65,243,2.700808317610919,0.3811645131428568,8.113227643040407,0.7415183569238832,0.5026255166774011,252,students03
2070,82.8,65,243,2.1918468494034085,0.39718721433595433,10.440317164315413,0.7415526220821258,0.6328140061205791,252,students03
2080,83.2,65,243,1.6320594103960049,0.3789866875866055,13.427441446047293,0.7143094917665751,0.7108862369567701,252,students03
2090,83.6,65,243,1.1074112969838117,0.3585295065080164,18.890140148415462,0.6766881597674714,0.6220193379382905,252,students03
2080,83.2,65,245,2.4220861857127565,0.42468123326097484,10.098267798348935,0.7143094917665751,0.39156490703169194,254,students03
2090,83.6,65,245,1.9797389334100703,0.2549295027866214,7.398477926431142,0.6766881597674714,0.4388884086623966,254,students03
2100,84.0,65,245,1.5449083659505842,0.16336507862257582,6.070044020614433,0.6658207735141872,0.4391367915484275,254,students03
2110,84.4,65,245,1.1102458603134484,0.10982820119772081,5.677121700747999,0.651237632134209,0.4054667097962182,254,students03
2120,84.8,65,245,0.7051588214227583,0.15506891034237366,12.703533186661932,0.6036278755573118,0.4006599814859753,254,students03
1570,62.8,65,340,2.5751592364841063,0.1433743886436855,3.1916462481924057,0.48014935462727093,0.29465115349999493,255,students03
1580,63.2,65,340,2.4984186843918423,0.12389556564194282,2.8424401852639725,0.48014935450399526,0.2982104418803784,255,students03
1590,63.6,65,340,2.4302849555799284,0.23800276530321457,5.620100581723299,0.4715957524832915,0.3330926762979721,255,students03
1760,70.4,65,347,1.8912534493501645,0.4320439727647092,13.205433201399735,0.35917325586155846,0.7371007352770483,256,students03
1770,70.8,65,347,1.531833964660818,0.09043919339368389,3.3847004914492445,0.4496791007131782,0.631711843233156,256,students03
1780,71.2,65,347,1.1230700240722886,0.4076114683223125,21.28110440278316,0.555302301871529,0.6193679627593215,256,students03
2010,80.4,65,425,2.0474917460166258,0.5809324303881307,16.482879412704772,0.7074978885480161,0.9150452688961581,258,students03
2020,80.8,65,425,2.090795031231861,0.42157514053597916,11.632520900069565,0.7657001482759208,0.8717151838447255,258,students03
2030,81.2,65,425,2.1086506447747024,0.32690747782886787,8.91862880282975,0.7899105363654398,0.8056889574647254,258,students03
2040,81.6,65,425,2.0843117351698237,0.30825781792995544,8.504917625214189,0.7846381505960696,0.746552593220183,258,students03
2050,82.0,65,425,2.065139440296259,0.36390412834960484,10.149246823888763,0.7599983487099499,0.7479800612360794,258,students03
2060,82.4,65,425,2.0657717518347005,0.4259191124670872,11.898535454115075,0.7415183569238832,0.7552102702050509,258,students03
2070,82.8,65,425,2.069417272458116,0.40768759731190407,11.36193179583398,0.7415526220821258,0.7613234790056962,258,students03
2080,83.2,65,425,2.0734293261928904,0.4486217914449967,12.495741617526715,0.7143094917665751,0.7624107934807326,258,students03
2090,83.6,65,425,2.0933930514890844,0.5051902172533461,13.964816457836427,0.6766881597674714,0.7721415184239641,258,students03
2100,84.0,65,425,2.116748011899585,0.4725456140021747,12.899482802744892,0.6658207735141872,0.7812405899126843,258,students03
2110,84.4,65,425,2.1426465860060664,0.3927785230710279,10.562889041408262,0.651237632134209,0.7507596656448043,258,students03
2120,84.8,65,425,2.1455400044909694,0.23591367443819775,6.312743642523514,0.6036278755573118,0.7198294512919493,258,students03
2130,85.2,65,425,2.174595697809794,0.07665855241918806,2.020201606434554,0.5708314734710058,0.716843091356229,258,students03
2140,85.6,65,425,2.2094869677065305,0.03548526952892525,0.9202333496693805,0.5711189337150295,0.7167511507501245,258,students03
1560,62.4,66,62,1.8094683743816848,0.16609815351371784,5.266817087914515,0.7899260834496825,0.5955759967625601,259,students03
1570,62.8,66,62,1.722151544753724,0.24209782121262774,8.081334356308354,0.7899385329222639,0.5805401992423264,259,students03
1580,63.2,66,62,1.6396459482081016,0.3443481444394325,12.123156250380427,0.7731915098704144,0.5805401993538936,259,students03
1590,63.6,66,62,1.577944900254946,0.462156643643379,17.030765509067194,0.7529460808381404,0.5471051987854778,259,students03
1600,64.0,66,62,1.4989124739599213,0.4852914346781635,18.89060958447307,0.7469283320541137,0.5185992149357087,259,students03
1610,64.4,66,62,1.4185398842456085,0.4352044347089822,17.866336192120496,0.7388654743416762,0.5162975426005688,259,students03
1620,64.8,66,62,1.3356135145008916,0.38100215989574554,16.574616631333676,0.7340969160233602,0.5047278981443989,259,students03
1630,65.2,66,62,1.2437513841704002,0.3813834118704825,17.856832665567307,0.706051206717326,0.3912570731292315,259,students03
1640,65.6,66,62,1.0861783061599075,0.35150999072805084,18.88204298187539,0.4304918980314972,0.2949641973742969,259,students03
2100,84.0,66,104,1.5794786189580554,0.4865386124593087,17.940999615680777,0.6562623017128639,0.9156032982570464,262,students03
2110,84.4,66,104,1.6250130801214542,0.33801250598740235,12.005525562968453,0.6447219717902518,0.9565280966416231,262,students03
2120,84.8,66,104,1.7207484062975533,0.21927938662166144,7.321255251920779,0.6447219717902523,0.9837827466930886,262,students03
2130,85.2,66,104,1.8267196215537769,0.17755058993152023,5.577750018810655,0.6346701769355794,0.9837827466906881,262,students03
2140,85.6,66,104,1.949713490902419,0.1925347044039552,5.667209152856069,0.6239033814342282,0.9835301830986773,262,students03
2150,86.0,66,104,2.079164453478251,0.1367820105354613,3.772042160306553,0.6220902840951215,0.9833612085757737,262,students03
2170,86.8,66,107,0.8028227164505594,0.3652340464157851,27.0609038734439,0.6276430276498495,0.7329569699558433,263,students03
2180,87.2,66,107,0.8184684825721986,0.33691243334509124,24.30775028250914,0.6469733839915077,0.7501710955236159,263,students03
2190,87.6,66,107,0.8328230769277128,0.31363329560563485,22.1226523311138,0.6607398843934359,0.7499096273525121,263,students03
2200,88.0,66,107,0.8500493551864317,0.27391177371840236,18.79786591033172,0.6607461476308212,0.749648160308965,263,students03
1760,70.4,67,421,2.529546432560841,0.5562210525446101,12.702551062191086,1.239313095611776,1.0372250351614904,266,students03
1770,70.8,67,421,2.4480192994498164,0.3352301399891674,7.870777342436967,1.2393130956695322,1.260724985261684,266,students03
1780,71.2,67,421,2.385296667976655,0.009779335300442837,0.2349042013864373,1.1665298666275337,1.2237282694497154,266,students03
1790,71.6,67,421,2.387680425002642,0.479879762106423,11.594364476689103,1.0531724698953202,1.1726340421967116,266,students03
1790,71.6,67,422,2.58052806191915,0.30615889349953296,6.813732413132153,1.0531724698953202,1.141780548624295,267,students03
1800,72.0,67,422,2.4867232242576423,0.1538445166586786,3.5469464614389485,1.0109945047923117,1.1150404399796274,267,students03
1810,72.4,67,422,2.481164527123466,0.3820753571634805,8.858243708724642,1.011212831651495,1.0959904811866188,267,students03
1820,72.8,67,422,2.5196340780191417,0.43284742425876876,9.8918979055668,0.9758251240371113,1.1239452395270055,267,students03
1830,73.2,67,422,2.5972586305634433,0.45611545800649833,10.114401859698672,0.9385525789768975,1.191326016956832,267,students03
1830,73.2,67,423,1.5987852413461634,0.5140966447516085,18.75696264739687,0.9385525789768975,1.0755650504358034,268,students03
1840,73.6,67,423,1.5612710830344727,0.3357798948081614,12.419533486235174,0.9348710315565721,1.0488947708215361,268,students03
1850,74.0,67,423,1.449006574777946,0.03823641654126364,1.5120977779511848,0.9348710315506232,1.0579101437340297,268,students03
1860,74.4,67,423,1.3797335791087761,0.2448461940118582,10.221790817542805,0.9044487429521768,1.057473066603016,268,students03
1870,74.8,67,423,1.3981925163782458,0.5031128047728783,21.08980844754277,0.8748581741678634,1.0175478973639023,268,students03
1730,69.2,68,236,1.8579103061474787,0.5013575819732012,15.655356735988084,1.0762462437595566,0.9631492199337809,269,students03
1740,69.6,68,236,1.5980988505615346,0.20852488542089065,7.497509457332112,0.9845953833181693,0.9327179334844312,269,students03
1750,70.0,68,236,1.292817581311388,0.193182368626529,8.593744963843484,1.0227250759953979,0.9261197227227551,269,students03
1740,69.6,68,237,1.945332252355775,0.4771314765778857,14.197785433646317,0.9845953833181693,0.9928444114961441,270,students03
1750,70.0,68,237,1.619350695074594,0.03623780943128485,1.2822712679435033,1.0227250759953979,1.090841674179548,270,students03
1760,70.4,68,237,1.3994093012107907,0.4812314270937086,20.11355326752153,1.0789175501908732,1.2000847220457178,270,students03
1720,68.8,69,236,2.482143180387871,0.4991944982615275,11.602128059541919,1.1621048164557248,0.967969519257352,271,students03
1730,69.2,69,236,2.189563491052178,0.13937372910530055,3.649553416508482,1.1429743948052313,0.9631492199337809,271,students03
1740,69.6,69,236,1.944070743370939,0.24153187302596935,7.136884429461976,1.1194868425783582,0.9327179334844312,271,students03
1730,69.2,69,237,2.633205465676852,0.4564976183589883,9.983347446558584,1.1429743948052313,0.943767497828323,272,students03
1740,69.6,69,237,2.237368983310434,0.019239897743527967,0.4927119907539304,1.1194868425783582,0.9928444114961441,272,students03
1750,70.0,69,237,1.942183312051602,0.3726941882453205,11.06336251293096,1.0871604607179297,1.090841674179548,272,students03
1840,73.6,70,65,1.7953467832225398,0.5602503934347193,18.183234047532626,0.7932270897032645,0.6736755010060317,273,students03
1850,74.0,70,65,1.7321568737179582,0.4342315737155494,14.518249778139834,0.8154204318573278,0.6606121062019744,273,students03
1860,74.4,70,65,1.6687912956128477,0.456606122073494,15.879486766975907,0.8256868399867784,0.660612106250911,273,students03
1870,74.8,70,65,1.601520461865565,0.5605070659050386,20.4863566737659,0.8619082360607104,0.6384099839632399,273,students03
1990,79.6,70,110,2.442519472202971,0.2539875895233187,5.968743168496598,0.8698424943932856,0.7813547134664601,276,students03
2000,80.0,70,110,1.7557974384494817,0.11014276652945365,3.596577730090742,0.8479502808749887,0.905492179298549,276,students03
2010,80.4,70,110,1.0645797644048276,0.018345927854782076,0.9874283797787838,0.8511659262609306,0.8599524086596596,276,students03
2020,80.8,70,110,0.5337627123714621,0.25268817110215824,28.255822722010013,0.8572263676317238,0.8420570267099664,276,students03
1910,76.4,70,238,2.7395817367479536,0.5094893966524678,10.717890437790437,0.9888273176346486,0.9881500895736176,279,students03
1920,76.8,70,238,2.5549479297796243,0.14680692316662736,3.294021167143896,0.9813188992548111,0.8561756932087867,279,students03
1930,77.2,70,238,2.295328502676401,0.3877143808537118,9.724714697868079,0.9523908988559451,0.6849204034023049,279,students03
2080,83.2,70,244,2.3034331767690643,0.3810626171653452,9.522357870322931,0.7213379592101827,0.3254701756059708,280,students03
2090,83.6,70,244,1.9172006211719281,0.15338172776806874,4.5887359713929925,0.6697893878727766,0.4339681353317737,280,students03
2100,84.0,70,244,1.49115250485347,0.2654773344968201,10.255324918891407,0.6697893878852603,0.4957746604018838,280,students03
2110,84.4,70,244,1.08870755635366,0.35170301802682746,18.84725650635464,0.6623941509767469,0.3909920523096766,280,students03
2120,84.8,70,244,0.708903369107756,0.3265767292469683,27.43091570451877,0.6510553714997641,0.3533855954681089,280,students03
1990,79.6,71,110,2.689399746799922,0.19311741607465716,4.117775284272392,0.6849971806771964,0.7813547134664601,283,students03
2000,80.0,71,110,2.061035739010727,0.0734434168506567,2.0421231905319357,0.6971019258522262,0.905492179298549,283,students03
2010,80.4,71,110,1.4119961992738368,0.0499337216781649,2.026625974022525,0.7137098178312552,0.8599524086596596,283,students03
2020,80.8,71,110,0.8648941881957863,0.11768203430823564,7.820221992439609,0.7593184315358645,0.8420570267099664,283,students03
240,9.6,74,3,2.860254235755506,0.16842833291164783,3.375860199689515,0.3328434722307836,0.5175810238674379,291,students03
250,10.0,74,3,2.4804082121296935,0.19252178942347498,4.45160260852563,0.6021128496670268,0.510279464580238,291,students03
260,10.4,74,3,2.0619786367788353,0.09641803835354024,2.680125637445503,0.593128656020206,0.49322585574855804,291,students03
270,10.8,74,3,1.701505877073763,0.5926238440545151,20.382988038123177,0.483148292937866,0.48349492176414627,291,students03
50,2.0,75,10,2.064032213156928,0.060541382889015664,1.6808183923412452,0.5127172763363804,0.7094354148433473,293,students03
60,2.4,75,10,2.127345326259153,0.029447520585265743,0.7931352339543835,0.5127172763372517,0.6887424255689174,293,students03
70,2.8,75,10,2.1793973562775633,0.11234205383050978,2.9547523638117275,0.5129713024565049,0.48474574720544317,293,students03
80,3.2,75,10,2.0983070408214934,0.1840234298311637,5.031355655668708,0.5011722620320997,0.3098839808157447,293,students03
90,3.6,75,10,2.027902511585881,0.3374650311640536,9.579204869966066,0.47900746945441103,0.3101466378505947,293,students03
100,4.0,75,10,1.9685564466995005,0.4311836255594993,12.652386015124392,0.4687015665563377,0.4806678395639821,293,students03
110,4.4,75,10,2.0442673262341793,0.45587675210176853,12.885446523650577,0.46870156655769846,0.7249426938847199,293,students03
120,4.8,75,10,2.1775900280126583,0.06028750924833129,1.586460817613701,0.5136203539137969,0.7987173026393943,293,students03
130,5.2,75,10,2.2674722499923297,0.37394688670916976,9.492468348067716,0.5746496989062041,0.7949840652929501,293,students03
140,5.6,75,10,2.356541674360618,0.4581485726393432,11.210589304366337,0.5743946068752173,0.7901976326188928,293,students03
150,6.0,75,10,2.4471565411670753,0.40596631609918327,9.549118752338925,0.5176629033882324,0.789402521054155,293,students03
160,6.4,75,10,2.578372956204016,0.13885223714927505,3.0870233672867906,0.4281634807621444,0.7894025210416591,293,students03
170,6.8,75,10,2.7361505122099152,0.023865979970013267,0.49976682931900657,0.3946220805499996,0.7526700468945986,293,students03
180,7.2,75,10,2.8637992339639395,0.0016706186000115101,0.03342392135760634,0.3946220805500009,0.7168513483388004,293,students03
190,7.6,75,10,2.9916747862082804,0.056531378745256634,1.082738744064217,0.40504092723574575,0.6941214596805443,293,students03
90,3.6,75,11,1.637818126773199,0.49101828438637213,17.44560609409428,0.47900746945441103,0.6292530855530072,294,students03
100,4.0,75,11,1.6633222226003606,0.34425245526392423,11.944657142910936,0.4687015665563377,0.7076463949311941,294,students03
110,4.4,75,11,1.7645515877197546,0.26393485737032263,8.602365439221701,0.46870156655769846,0.8424568781272742,294,students03
120,4.8,75,11,1.9175675328236006,0.5565941662180927,16.87355414673097,0.5136203539137969,0.8974619939880404,294,students03
770,30.8,75,411,2.88769459551112,0.1761742182626267,3.4977076333653976,0.4981095279556879,0.6809905290453022,299,students03
780,31.2,75,411,2.7946178768343928,0.4883257142533226,10.063407021612534,0.4997884145486628,0.6295677187052651,299,students03
790,31.6,75,411,2.7901457865135417,0.15830838402986336,3.252617126768947,0.4944482220061425,0.6165048476349005,299,students03
800,32.0,75,411,2.7881731392997997,0.29461152534657764,6.065465083894937,0.5091387775032316,0.6113188822382489,299,students03
810,32.4,75,411,2.72696518834303,0.15634235947046338,3.286683659552698,0.5118529143024968,0.6563756113541985,299,students03
820,32.8,75,411,2.641778591485542,0.041149633133695185,0.8925031285243578,0.49997168495918715,0.6913241017314016,299,students03
830,33.2,75,411,2.587927214075834,0.08920681014789933,1.975398082044585,0.47980701124364505,0.6605985803319082,299,students03
840,33.6,75,411,2.570278224920152,0.06283659486381288,1.4008718504664166,0.4720767438372089,0.625520800030412,299,students03
850,34.0,75,411,2.5664593359039785,0.10305188246415753,2.3012348633203263,0.47207674383369413,0.6217694857156059,299,students03
860,34.4,75,411,2.584371095895487,0.053970722725251496,1.1966235992270817,0.5149205590514012,0.6441685121033032,299,students03
870,34.8,75,411,2.615338390982997,0.2859121557349138,6.276192160161458,0.5701306884622203,0.6724635747965644,299,students03
880,35.2,75,411,2.643346250150654,0.2614163329268949,5.675599979266823,0.5762045721228461,0.6573948688300538,299,students03
890,35.6,75,411,2.66869621487288,0.24915180638076606,5.356985396289964,0.5873151900637757,0.635954346618163,299,students03
900,36.0,75,411,2.6824422936309213,0.28253493744466585,6.0460354885903085,0.6413683979113908,0.6300340113084532,299,students03
910,36.4,75,411,2.6623878305457,0.3135413739651115,6.763246097508253,0.6846971720142973,0.5981913680463592,299,students03
920,36.8,75,411,2.61691154480125,0.3790949082431784,8.329373589817576,0.6846971719069431,0.570313171722575,299,students03
930,37.2,75,411,2.571226642882766,0.2928399865912614,6.539673033532254,0.7643876406818468,0.6075048071386191,299,students03
940,37.6,75,411,2.477373231410845,0.259656440790481,6.01628862172366,0.8674332304984003,0.7075781617257282,299,students03
950,38.0,75,411,2.405281555984565,0.38201176864615216,9.138530921107245,0.8883067436701536,0.8315403208852353,299,students03
960,38.4,75,411,2.3955534026295577,0.17393176682249767,4.163686269256341,0.8310326113181095,0.87100083312844,299,students03
970,38.8,75,411,2.3988021126985695,0.2764777685844889,6.618425391602255,0.799435039598047,0.7827341479310934,299,students03
980,39.2,75,411,2.370095266725781,0.31550825521999926,7.649951238311714,0.7981889282499939,0.731077850629923,299,students03
240,9.6,77,76,2.9752044902664703,0.5501056101627498,10.655112158033248,0.661027771153821,0.5228967939657105,310,students03
250,10.0,77,76,2.889072551451133,0.40860435539897716,8.130659216546222,0.6713497715376017,0.4784220758587159,310,students03
260,10.4,77,76,2.802941613005285,0.23116444704248534,4.730675664018674,0.6733670469413002,0.4682861459902855,310,students03
270,10.8,77,76,2.7008838514355302,0.2738187385431695,5.8187093700638925,0.6918478827629531,0.4298446497488322,310,students03
210,8.4,78,75,2.6775608652207805,0.5582113199550881,12.033147493658902,0.654813453061795,0.5103639759657492,313,students03
220,8.8,78,75,2.6025826687442013,0.5064545142182956,11.221176465484746,0.6526677938799783,0.5103639759507964,313,students03
230,9.2,78,75,2.530058599252119,0.4833941077607088,11.014676694179718,0.6312658049919971,0.4587343406856196,313,students03
240,9.6,78,75,2.417037199754951,0.4344231887303461,10.354252581963165,0.6120879217415237,0.38022862345039726,313,students03
250,10.0,78,75,2.2488464972928917,0.3258450711508127,8.331159212673116,0.6120811605983894,0.35917325585329135,313,students03
260,10.4,78,75,2.0841790925979713,0.21584514042344743,5.9444171172283395,0.6118181453684443,0.32221357083845464,313,students03
190,7.6,78,76,2.925629634401935,0.06606292835268285,1.29389197898985,0.6553389790460189,0.6278979838630646,314,students03
200,8.0,78,76,2.914434109383591,0.08521920028032373,1.6755899702730845,0.655076215925184,0.6274257980483859,314,students03
210,8.4,78,76,2.9036717323673136,0.07947142048709946,1.5683403874563169,0.654813453061795,0.6287234278428881,314,students03
220,8.8,78,76,2.8931292675637796,0.07727303074236527,1.5305037195758928,0.6526677938799783,0.6287155716050462,314,students03
230,9.2,78,76,2.884101117826134,0.10817614979784285,2.149540102949681,0.6312658049919971,0.5980108558455912,314,students03
240,9.6,78,76,2.8659193102854377,0.1370828981516876,2.7416227465594596,0.6120879217415237,0.5228967939657105,314,students03
250,10.0,78,76,2.810788828879008,0.11940474101318166,2.4347069424178343,0.6120811605983894,0.4784220758587159,314,students03
260,10.4,78,76,2.755534054114422,0.10007130405958115,2.0812388274678573,0.6118181453684443,0.4682861459902855,314,students03
270,10.8,78,76,2.690682025421561,0.5078893223120756,10.88034529773538,0.6569327022136822,0.4298446497488322,314,students03
360,14.4,79,26,2.0500458324261053,0.14998913890596055,4.1957257696149926,0.9604662843269659,0.7247939376945723,317,students03
370,14.8,79,26,1.3682324313061704,0.2570766547726189,10.82964966663859,0.9893293853695303,0.7975311072376745,317,students03
380,15.2,79,26,0.670086788628713,0.3238611155465181,28.901950974127946,1.016182152586744,0.8816299560979621,317,students03
570,22.8,79,76,1.4618148833436264,0.05041042258205175,1.9762264430256216,1.297420874024259,1.0847762952010593,318,students03
580,23.2,79,76,1.1655454137863455,0.15987308773379777,7.883882204252387,1.2019873477433762,1.1728923773770923,318,students03
590,23.6,79,76,1.0845401666195864,0.2860908695774625,15.295067840102924,1.1842429250671296,1.2451871858399748,318,students03
700,28.0,80,43,1.8885557033647473,0.3370069200828596,10.279309467186142,0.7735294149084891,0.6925520493173423,321,students03
710,28.4,80,43,1.4879654052571323,0.32814124744227713,12.740173683020924,0.8430760726078559,0.6928382422668727,321,students03
720,28.8,80,43,1.1728892560196802,0.5596565701129858,28.50012155538815,0.8353420539155958,0.6928623270471749,321,students03
650,26.0,80,77,1.2333268896789455,0.48580398138855835,23.197211613042185,0.42518954161951084,0.6384998282321832,322,students03
660,26.4,80,77,1.2197620060170777,0.2756979840019441,13.063220720343757,0.450841845265822,0.6384998282321834,322,students03
670,26.8,80,77,1.2025436131627782,0.12273185711208079,5.857819080941244,0.5913097890577609,0.7820360318565109,322,students03
680,27.2,80,77,1.1998568078469403,0.5738167045093718,28.570363524933082,0.7137473657239152,0.9473655345960161,322,students03
520,20.8,80,79,1.11047052538185,0.48531125557642374,25.91466963338699,1.1404120288715112,1.335289372306286,324,students03
530,21.2,80,79,1.108567302476361,0.314422413282371,16.476945887070425,1.1369315219065381,1.3687006742075376,324,students03
540,21.6,80,79,1.1420504225219552,0.11817712260445763,5.939486170335544,1.1031667079190397,1.3703525116459854,324,students03
550,22.0,80,79,1.2266220535822956,0.09838424964473666,4.600491123375435,1.073237152746861,1.3540097973839296,324,students03
560,22.4,80,79,1.3297227582027673,0.2641049392384979,11.45606996798599,1.0732371527592643,1.340022255265347,324,students03
570,22.8,80,79,1.4488030339938844,0.4297999463192673,17.25702372836366,1.0732371527980067,1.297420874024259,324,students03
550,22.0,81,79,1.482784051070956,0.5717662786804784,22.681192913068625,1.0263924167842404,1.3540097973839296,329,students03
560,22.4,81,79,1.5296933173402976,0.40092110770433287,15.194258514053937,0.9919153546173497,1.340022255265347,329,students03
570,22.8,81,79,1.6019239304978012,0.23675820026278482,8.49923214398665,1.0406069514735485,1.297420874024259,329,students03
580,23.2,81,79,1.6000660860624438,0.0273932332890941,0.9809553170719202,1.110297083848826,1.2019873477433762,329,students03
590,23.6,81,79,1.5038720288972636,0.3152440421270657,12.100177235501064,1.1311803347592082,1.1842429250671296,329,students03
750,30.0,82,47,2.4426595866197793,0.5415175684611684,12.80841922939095,0.7178030531275242,0.8025287119481002,331,students03
760,30.4,82,47,1.8278868520236498,0.19950229117119234,6.265954634530425,0.8206364831615756,0.8726496623222421,331,students03
770,30.8,82,47,1.1742522275890315,0.07706927438274036,3.763178345765918,0.8679638395827303,0.943409853875,331,students03
580,23.2,82,77,2.065344887411124,0.15093198842066746,4.19081660024987,0.5922241958673303,0.48976395718256943,333,students03
590,23.6,82,77,1.8973732392773228,0.3564539880750689,10.828336073739136,0.6143699167218925,0.45158768172128144,333,students03
600,24.0,82,77,1.751054415695625,0.5597666030903471,18.643212105419593,0.6176291729126338,0.470919430780787,333,students03
570,22.8,82,78,1.5798985817270026,0.4754882546559242,17.51534726710138,0.5865460219376704,0.6723388828343309,334,students03
580,23.2,82,78,1.4536942221762468,0.04958492811908605,1.9547152736277378,0.5922241958673303,0.6098508687545399,334,students03
590,23.6,82,78,1.3152236586771473,0.41072188231275797,18.196863731458045,0.6143699167218925,0.5811168772489888,334,students03
540,21.6,83,76,2.7571470220529206,0.2643471309554014,5.501801678376324,0.9693735914868774,0.7087819970423006,340,students03
550,22.0,83,76,2.683511393932302,0.1260147027118556,2.6915357357122733,1.0714259849579542,0.805063808602998,340,students03
560,22.4,83,76,2.5376774572567187,0.016474728624195883,0.3719696712534558,1.186645284215175,0.9366218221666018,340,students03
570,22.8,83,76,2.4834846443069734,0.013851640814310617,0.31956898735002065,1.198259207527412,1.0847762952010593,340,students03
490,19.6,84,35,1.3617565812147443,0.46416624066689016,19.929184244767193,0.25292158178639323,0.6510167338811017,345,students03
500,20.0,84,35,1.1834169500638754,0.22212849846697724,10.818645201372942,0.252868077567305,0.603440206879965,345,students03
510,20.4,84,35,1.0440198848035507,0.01840334870158017,1.0100275282130033,0.2525759639268218,0.5927898107261591,345,students03
520,20.8,84,35,0.9446196624517108,0.28700422627934585,17.68781539732584,0.26120955940186047,0.5493494840029353,345,students03
600,24.0,84,77,2.3129023940714117,0.3786262116921672,9.421825851511747,0.5826978557051383,0.470919430780787,348,students03
610,24.4,84,77,2.1545713020439026,0.019613689529595357,0.5215873577816943,0.5926376645508835,0.5660756804670339,348,students03
620,24.8,84,77,2.0464894237111797,0.24993466511807938,7.014959808455564,0.5926376644567459,0.6423763030628604,348,students03
590,23.6,84,78,1.8633110249184939,0.5082905105256235,15.830288540518383,0.5777124973960692,0.5811168772489888,349,students03
600,24.0,84,78,1.718769386461927,0.12442637281748842,4.151428186154598,0.5826978557051383,0.5882210920412679,349,students03
610,24.4,84,78,1.5983380747490241,0.2589432682812116,9.323456569973475,0.5926376645508835,0.6251218209180346,349,students03
620,24.8,84,78,1.5530098113389972,0.4843378051367051,18.171986235630747,0.5926376644567459,0.657572836767992,349,students03
570,22.8,85,77,2.986422365168259,0.12351487721219068,2.3703613962260097,0.5324200486109542,0.5443130577884766,355,students03
580,23.2,85,77,2.8297640098878074,0.10915579986211743,2.210685646441591,0.6012242973789157,0.48976395718256943,355,students03
590,23.6,85,77,2.669656045822519,0.25605455427495183,5.5038672496371035,0.6083838228186083,0.45158768172128144,355,students03
600,24.0,85,77,2.5217048440806766,0.33423805800555306,7.616652950528574,0.6458456146444119,0.470919430780787,355,students03
610,24.4,85,77,2.365413129984083,0.4117526069542181,10.024668924197151,0.6935089350677379,0.5660756804670339,355,students03
550,22.0,85,78,2.4962243519971703,0.20584708581606986,4.730174769133846,0.44147705647963303,0.761616067347113,356,students03
560,22.4,85,78,2.4050381800916347,0.04449440297621175,1.0600609056899206,0.47378925233101604,0.7056485013912936,356,students03
570,22.8,85,78,2.3424411493802886,0.11642755398562549,2.848975377449843,0.5324200486109542,0.6723388828343309,356,students03
580,23.2,85,78,2.224149027992105,0.18240960847664245,4.704294712645071,0.6012242973789157,0.6098508687545399,356,students03
590,23.6,85,78,2.090623181043071,0.38604020904547265,10.64091244805664,0.6083838228186083,0.5811168772489888,356,students03
600,24.0,85,78,1.985899896326831,0.537398898811156,15.700404623299399,0.6458456146444119,0.5882210920412679,356,students03
820,32.8,86,49,2.9256797817001114,0.11867312121157865,2.3247024384453425,1.159485817329523,0.9443076954859531,363,students03
830,33.2,86,49,2.0949803589556613,0.1655207769013565,4.531563434843443,1.1094514473712893,0.9443076954859532,363,students03
840,33.6,86,49,1.2865446199310726,0.3897504499258947,17.634488238868926,1.009563874768635,0.86786294700127,363,students03
1000,40.0,87,4,2.780651030616556,0.46610420026261007,9.649709385372217,0.9183709758477983,0.8827555408413276,364,students03
1010,40.4,87,4,2.739757787239797,0.296172057825107,6.205889666194945,0.917120250844151,0.812871659878268,364,students03
1020,40.8,87,4,2.648810062305313,0.4840565884257271,10.529684750812397,0.8574227851018894,0.7126010732503186,364,students03
960,38.4,87,75,2.968530082713579,0.35845220859737104,6.935431970755812,0.9622291017652539,0.8310326113181095,366,students03
970,38.8,87,75,2.902543432758974,0.24931193593579803,4.927452564575135,0.9558688178174399,0.799435039598047,366,students03
980,39.2,87,75,2.8356947559240404,0.3209879480315035,6.499556441116001,0.9554271567559087,0.7981889282499939,366,students03
990,39.6,87,75,2.7722427280395725,0.14870033378001984,3.0747640693245475,0.9335482420960354,0.7939991124648987,366,students03
1000,40.0,87,75,2.7194878476252504,0.18135507901675646,3.823733861740296,0.9183709758477983,0.7903962670348633,366,students03
1010,40.4,87,75,2.669487000131558,0.2531451533709665,5.441485792685122,0.917120250844151,0.7818093784507891,366,students03
1020,40.8,87,75,2.6136792185325257,0.000522624897386359,0.011456723903916366,0.8574227851018894,0.7477548348286447,366,students03
1030,41.2,87,75,2.579963371647401,0.4297421848130378,9.588398998444468,0.791110101222444,0.7323444601140113,366,students03
1040,41.6,87,75,2.5649965558560734,0.5861188746767356,13.209170320598314,0.7762265447612892,0.7109257468850142,366,students03
780,31.2,88,87,1.9266267236102628,0.10622551659347945,3.1606338489919583,0.9110314226899627,0.7930053313218998,378,students03
790,31.6,88,87,1.905966259325334,0.057277728061364996,1.7221009187561251,0.9112800033208455,0.8823375168306382,378,students03
800,32.0,88,87,1.8928690839203073,0.21385730634656192,6.487157376884699,0.8845573260675549,0.8911507385658708,378,students03
810,32.4,88,87,1.906536198906954,0.5144351282189623,15.653978388666195,0.8674084065525044,0.9452531823578503,378,students03
820,32.8,88,87,1.9324095102458028,0.46994201350416276,14.074873520263303,0.8663928841816624,1.0452467174653823,378,students03
830,33.2,88,87,1.9666789083591094,0.48996294125985085,14.426163140366677,0.8945241520178241,1.0838278406971966,378,students03
840,33.6,88,87,1.9642785601583288,0.49419491767599355,14.571682686423326,0.9417669445019627,1.1516569434871327,378,students03
850,34.0,88,87,1.9620140619763375,0.34420263744675206,10.103875533996124,0.9572849877821867,1.1624287303292424,378,students03
860,34.4,88,87,1.9810699825485107,0.181660252186504,5.261302140412707,1.1238855564271388,1.125934424253241,378,students03
870,34.8,88,87,1.8793922058868404,0.06231352805518478,1.900059304350377,1.3616822900618542,1.1062616717754725,378,students03
900,36.0,88,317,2.4657813707256433,0.4603659017670163,10.760369168816178,1.374151649371729,1.0172301404980295,380,students03
910,36.4,88,317,2.1611068678640293,0.24359184889910057,6.471918952976215,1.368552860731005,0.9728259185029811,380,students03
920,36.8,88,317,1.9495500834804027,0.05421671276312401,1.5935930005486385,1.4100288909937333,1.0805702959488708,380,students03
890,35.6,89,38,2.9934061128141147,0.0011028392690425881,0.021109075974070433,0.6665609922218884,0.8850950419063349,381,students03
900,36.0,89,38,2.4150920637325908,0.23236135511331674,5.521094197663322,0.6166341954525031,0.8850734740121313,381,students03
910,36.4,89,38,1.828452421984548,0.2849485633745047,8.965597248658186,0.6187719935536803,0.8901567409412792,381,students03
920,36.8,89,38,1.253489584617101,0.31737622636667195,14.666606201309225,0.6397919602804472,0.8065765849763381,381,students03
930,37.2,89,38,0.7443067882497602,0.33178920315799854,26.47257636348264,0.6590855516162933,0.604112482403942,381,students03
850,34.0,89,221,2.291543683795956,0.02864839108015299,0.7163182928572204,0.8753233629857555,0.5709820868023854,383,students03
860,34.4,89,221,2.1748529101765803,0.011338276466140051,0.29870449086641965,0.8756400899791177,0.5922314169413744,383,students03
870,34.8,89,221,2.0586912503406327,0.05065368529315606,1.409893444586277,0.8756400899828009,0.655830728478416,383,students03
880,35.2,89,221,1.9717118926442039,0.1300459683978849,3.781738101989818,0.7958445699819056,0.8134236193437161,383,students03
890,35.6,89,221,1.9848824043453506,0.1717481855225832,4.963904731833058,0.6665609922218884,0.8888015686427273,383,students03
900,36.0,89,221,2.056866805342916,0.27017134013109145,7.54766358591082,0.6166341954525031,0.8910756059166552,383,students03
910,36.4,89,221,2.1455431932584115,0.46133958172142897,12.416834220418593,0.6187719935536803,0.8928962468041833,383,students03
1030,41.2,89,228,2.262627754663633,0.4873997178627495,12.439765626806134,1.0648883054076246,1.0659117746171416,385,students03
1040,41.6,89,228,1.634633495134524,0.11760492609581158,4.125752108164124,0.9570914530346399,1.0893985064035634,385,students03
1050,42.0,89,228,1.138038166518213,0.27157912149543406,13.806166380855739,0.9032735992913691,1.1209362706486823,385,students03
990,39.6,90,46,2.646763547878386,0.15091001343168153,3.2685951773307136,0.9083741184703416,0.6296908804752362,390,students03
1000,40.0,90,46,2.1039748726042826,0.15412745209028114,4.200986428317059,0.8211608177690367,0.5274785184457256,390,students03
1010,40.4,90,46,1.5696090751609644,0.43708347904099953,16.168699413938725,0.7563069647377269,0.5179177915292112,390,students03
1020,40.8,90,89,0.8324688327702079,0.40331859135179354,28.978730927838537,0.8284800764077336,1.118754817694611,394,students03
1030,41.2,90,89,0.8091851017998473,0.19245154213096316,13.758722813148294,0.8792118936083145,1.0648883054076246,394,students03
1040,41.6,90,89,0.7910720417522263,0.12201120725648595,8.872446927460372,0.9070543111458651,0.9570914530346399,394,students03
1050,42.0,90,89,0.754010109419301,0.06422942487737843,4.886592529331453,0.8383076358696687,0.9032735992913691,394,students03
1060,42.4,90,89,0.7906939211147683,0.13230780313773055,9.632688457755725,0.7349218156388948,0.9248184561348246,394,students03
1070,42.8,90,89,0.866779278695579,0.1169511947526295,7.754349776186915,0.7010312936718132,0.9918215331767175,394,students03
1080,43.2,90,89,0.9646750178168934,0.02468724059389507,1.46643077307756,0.7655040086886028,1.0357339179935032,394,students03
1090,43.6,90,89,1.029587979859346,0.012708191227979282,0.707219029713235,0.9014594237577214,0.9915594166071233,394,students03
1100,44.0,90,89,1.007467757865977,0.04547861908963938,2.587297408589241,0.9717003694840518,0.908141828000542,394,students03
1110,44.4,90,89,0.9585628697644039,0.16584517125802745,9.963128603754997,0.9717003694946762,0.8693337079094027,394,students03
1120,44.8,90,89,0.9268533346340857,0.23966306159374284,14.985649943110868,0.9864627234950473,0.869590865489248,394,students03
1130,45.2,90,89,0.8873820284712775,0.2796840951243602,18.371614396956858,1.003822214626596,0.8371878977701813,394,students03
1140,45.6,90,89,0.8199579681735125,0.2935562766088754,20.97826732720474,1.0038222145886675,0.8032441746103546,394,students03
1150,46.0,90,89,0.7290699176403835,0.3191378135010924,25.95931383968491,0.9884021280243787,0.7975575361486393,394,students03
880,35.2,90,221,2.586380493989134,0.5607154319975964,12.520881690622076,0.840700520189536,0.8134236193437161,395,students03
890,35.6,90,221,2.477923916197603,0.3876935338412038,9.001424114260987,0.8504065120415039,0.8888015686427273,395,students03
900,36.0,90,221,2.3836992344442343,0.218402147063827,5.256995371262695,0.8598551054052531,0.8910756059166552,395,students03
910,36.4,90,221,2.309893074811387,0.003615571799356676,0.08968254482487219,0.8601580767803397,0.8928962468041833,395,students03
920,36.8,90,221,2.257486531414052,0.056492091963690386,1.433938282478999,0.8965853555861624,0.8931239146717409,395,students03
930,37.2,90,221,2.1909540466456643,0.0205535041896652,0.5375038876551415,0.9566611197269657,0.863294286313973,395,students03
940,37.6,90,221,2.125156160708632,0.053372926843042526,1.439124839525901,0.9763923655342065,0.8419236172768592,395,students03
950,38.0,90,221,2.06333011270577,0.14899651152046697,4.141028123366602,0.9904852371473685,0.8419236172650161,395,students03
960,38.4,90,221,1.994940004806751,0.2579599889669287,7.429556504690852,1.037493319006891,0.9083246640666199,395,students03
970,38.8,90,221,1.9604808052448595,0.3692301946380043,10.855723154460689,1.0706874259646628,0.982137827584145,395,students03
980,39.2,90,221,1.9376575995527934,0.471612676697033,14.086896497739453,1.0332675715252104,0.9707597390904864,395,students03
1140,45.6,91,53,1.120147196027973,0.46734095287024147,24.658812348086336,0.49177892733874784,0.5915444306553207,401,students03
1150,46.0,91,53,0.8285367184419573,0.10814978447657692,7.500281893747949,0.4074367458476628,0.2946297345804748,401,students03
1160,46.4,91,53,0.6000155599910234,0.11619325810477263,11.165894972798208,0.44655622308398485,0.41084609965089675,401,students03
1080,43.2,92,93,1.2370920932769205,0.30527168018038975,14.286194820534579,1.0061445047913224,1.1742159502985474,412,students03
1090,43.6,92,93,1.283309608156665,0.39582217211716897,17.965156251978055,1.0061445047913304,1.0980173525695784,412,students03
1100,44.0,92,93,1.3487577905029906,0.3877656921716244,16.70824735452716,1.009035905146491,1.1489185960544792,412,students03
1110,44.4,92,93,1.4257650965221325,0.2625072023268369,10.609639992593019,1.0348981294223336,1.1897471176522714,412,students03
1120,44.8,92,93,1.4833901573865194,0.2072882345671626,8.03277391199558,1.0524629269584715,1.1831639016254294,412,students03
1130,45.2,92,93,1.5354757838789936,0.23565952812576846,8.828451914222807,1.0548607243928971,1.1504211834624947,412,students03
1140,45.6,92,93,1.5635155670220506,0.26825879183069196,9.879353755936192,1.0776499741995496,1.1246729295625038,412,students03
1150,46.0,92,93,1.5772779719278753,0.309386472053626,11.31203709533752,1.0984976226630834,1.0981023150210767,412,students03
1160,46.4,92,93,1.5656692425948286,0.3026122941912126,11.144253880002012,1.098774311392556,1.0177582983847708,412,students03
1170,46.8,92,93,1.4955857792658191,0.29639884381909465,11.430693348219997,1.0792417835185948,0.970132466060512,412,students03
1180,47.2,92,93,1.4493215152545673,0.37225389222840366,14.883056553036617,1.0518312593053116,0.9750007204520253,412,students03
1190,47.6,92,93,1.4172656948955893,0.3922272131255359,16.066284993319037,1.042773439379991,0.9880946852372001,412,students03
1200,48.0,92,93,1.385117417252351,0.3493517504410846,14.608809697211356,1.0259230373240176,0.9966167784584983,412,students03
1210,48.4,92,93,1.3674664729745851,0.3177849713951625,13.437797764524253,0.9406866596755781,0.7816062750377846,412,students03
1220,48.8,92,93,1.2295373788631807,0.2712458368273667,12.74474887463315,0.8726811841887937,0.5485409992116995,412,students03
1230,49.2,92,93,1.0722440380722866,0.2105448635865359,11.324128790832628,0.8726811840641269,0.5627391698926967,412,students03
1240,49.6,92,93,0.8916612107864171,0.08725216445536005,5.615578433325432,0.8900817198243152,0.6785049169104249,412,students03
1210,48.4,92,341,2.9091871855419753,0.5137871605494134,10.172275982453398,0.9406866596755781,0.8910003740314977,414,students03
1220,48.8,92,341,2.6318064986432406,0.15421957399754893,3.3593637734728468,0.8726811841887937,0.8666126385219758,414,students03
1230,49.2,92,341,2.3615495885726423,0.17991507799519701,4.369322910651995,0.8726811840641269,0.8197056153291735,414,students03
1240,49.6,92,341,2.2754554746395783,0.08942700347811323,2.252344568453969,0.8900817198243152,0.8551569233529771,414,students03
1250,50.0,92,341,2.2156327423439,0.16298418921119665,4.218546019380497,0.9382447728960451,0.8830871436851963,414,students03
1260,50.4,92,341,2.0654271509415087,0.029547037913616625,0.8196746693923476,0.9554475741196471,1.0138564123569653,414,students03
1270,50.8,92,341,1.9290804827403252,0.10560252254619751,3.1380779486898764,0.9750366552818601,1.033993521692791,414,students03
1280,51.2,92,341,1.7632600035174992,0.3287598834496931,10.745684151028003,0.9924085026376793,0.9851062224210982,414,students03
1290,51.6,93,87,2.3925873795543615,0.2961386529451085,7.109926175511247,0.7626293735786143,0.472669491848127,416,students03
1300,52.0,93,87,2.2986105815450193,0.2054381312506357,5.127647586879293,0.7027278881343709,0.4723773253731936,416,students03
1310,52.4,93,87,2.2059392292426794,0.3132842858964808,8.164667787580933,0.6687300021661389,0.4723773252482291,416,students03
1320,52.8,93,87,2.144034624316121,0.48502680522428476,13.07471924729771,0.6136792724850592,0.47267556830047724,416,students03
1080,43.2,93,89,2.4250589874737076,0.10772799383478082,2.5460787946995276,1.1742159502985474,1.0357339179935032,417,students03
1090,43.6,93,89,2.3941516825962132,0.24557286826819066,5.887295629287197,1.0980173525695784,0.9915594166071233,417,students03
1100,44.0,93,89,2.3143339134489747,0.38020777296257424,9.45563659108783,1.1489185960544792,0.908141828000542,417,students03
1110,44.4,93,89,2.1724990354591656,0.45328937435854383,12.04318177714349,1.1897471176522714,0.8693337079094027,417,students03
1120,44.8,93,89,2.0308519154910303,0.3871172437798229,10.98886116632015,1.1831639016254294,0.869590865489248,417,students03
1130,45.2,93,89,1.8944102373613683,0.2816114278649743,8.548924865048388,1.1504211834624947,0.8371878977701813,417,students03
1140,45.6,93,89,1.7706645598346615,0.24223969671000045,7.863135696859921,1.1246729295625038,0.8032441746103546,417,students03
1150,46.0,93,89,1.6454043044372504,0.2379917183500301,8.316448423237796,1.0981023150210767,0.7975575361486393,417,students03
1160,46.4,93,89,1.5382799237779352,0.08587087374054966,3.200066152435157,1.0177582983847708,0.8647340193043456,417,students03
1170,46.8,93,89,1.5211448159956416,0.12483202156286408,4.707244407290141,0.970132466060512,0.9342057549749582,417,students03
1180,47.2,93,89,1.5075300397020883,0.2220458564290386,8.46997810378221,0.9750007204520253,0.9344686132229584,417,students03
1190,47.6,93,89,1.4964911179918128,0.36613815588594095,14.162003833848493,0.9880946852372001,0.6565115083979636,417,students03
1090,43.6,93,90,1.3646351745964787,0.14908062760615212,6.271839655864339,1.0980173525695784,0.9014594237577214,418,students03
1100,44.0,93,90,1.3122778759923914,0.2926246454003073,12.884702154550023,1.1489185960544792,0.9717003694840518,418,students03
1110,44.4,93,90,1.245910785222472,0.4383900303817266,20.601313007290326,1.1897471176522714,0.9717003694946762,418,students03
1120,44.8,93,90,1.18791671979343,0.5065713115924306,25.24163714437033,1.1831639016254294,0.9864627234950473,418,students03
1130,45.2,93,90,1.1386050142956097,0.5127565899129778,26.765342720336548,1.1504211834624947,1.003822214626596,418,students03
1140,45.6,93,90,1.1017025807208067,0.5071520743900004,27.408715825076413,1.1246729295625038,1.0038222145886675,418,students03
1150,46.0,93,90,1.0660629322289137,0.4931525240378502,27.554512030631823,1.0981023150210767,0.9884021280243787,418,students03
1160,46.4,93,90,1.0574382006435057,0.445820794855566,24.935933229234458,1.0177582983847708,0.9808384021799341,418,students03
1170,46.8,93,90,1.0651191532133788,0.36862466834744967,20.24820890223282,0.970132466060512,0.9809940761771775,418,students03
1180,47.2,93,90,1.0730087855807884,0.36300181356402694,19.773501590267486,0.9750007204520253,0.9325820792807255,418,students03
1190,47.6,93,90,1.0393499686865042,0.33032760583117876,18.531220167642356,0.9880946852372001,0.7725534961820938,418,students03
1200,48.0,93,90,0.9181901792373796,0.3249242469702006,20.72449128285877,0.9966167784584983,0.6621682020773526,418,students03
1210,48.4,93,90,0.8013089672047996,0.29897153273541244,21.90717313155427,0.7816062750377846,0.560657952340998,418,students03
1220,48.8,93,90,0.7328573368706176,0.13918546229297946,10.948210836519754,0.5485409992116995,0.46102497138327414,418,students03
1230,49.2,93,90,0.675842091200348,0.11006532843551659,9.37274114139132,0.5627391698926967,0.4453457559987922,418,students03
1230,49.2,93,313,2.5056577624597347,0.2206613019432626,5.052310349772265,0.5627391698926967,0.5732669100631727,419,students03
1240,49.6,93,313,2.251531917260334,0.2747858176735216,7.010078663473459,0.6785049169104249,0.5840533850913942,419,students03
1250,50.0,93,313,1.9771846916749212,0.29556739290310885,8.597315426037028,0.755762344235141,0.5832484542007139,419,students03
1260,50.4,93,313,1.6225905191043983,0.228624756340163,8.099991199782503,0.8504368055309555,0.6050085829208545,419,students03
1270,50.8,93,313,1.2261859550321492,0.09234636419998582,4.319142145680317,0.9311892420762258,0.5896259243508146,419,students03
1280,51.2,93,313,0.9177173128006133,0.08346331711750629,5.218069616851698,0.8868383359538354,0.5813277215657802,419,students03
1290,51.6,93,313,0.7956051970735792,0.06454720896516421,4.653503727420771,0.7626293735786143,0.6250894454831476,419,students03
1300,52.0,93,313,0.7456483442489933,0.004787326152028704,0.3678617008332841,0.7027278881343709,0.5772094326640412,419,students03
1310,52.4,93,313,0.682141308960874,0.01908048054909159,1.6028550097647845,0.6687300021661389,0.5304044476981781,419,students03
1320,52.8,93,313,0.6361176165178368,0.11294871055683518,10.227638329801337,0.6136792724850592,0.5250515593749974,419,students03
1330,53.2,93,313,0.6169472136822165,0.19573076140016757,18.497114770250537,0.5920007279740638,0.5250515593749974,419,students03
1340,53.6,93,313,0.6072116708014527,0.28085644969359513,27.55078644462041,0.5832251810723245,0.5250515593750027,419,students03
1280,51.2,93,344,2.4908557428649094,0.09123155669590977,2.099018618596561,0.8868383359538354,0.5472973920248083,422,students03
1290,51.6,93,344,2.0864788473912035,0.14216835423521546,3.9070431817016735,0.7626293735786143,0.708853361354635,422,students03
1300,52.0,93,344,1.7628052339431697,0.21863207053079994,7.124459216720681,0.7027278881343709,0.8104549657659951,422,students03
1310,52.4,93,344,1.5167998003219207,0.06892161899629229,2.604350310084398,0.6687300021661389,0.8695403453270659,422,students03
1320,52.8,93,344,1.4227126287241727,0.3368019318347895,13.6937537694525,0.6136792724850592,0.907985042867067,422,students03
1080,43.2,95,48,2.453200360183467,0.4301586375923563,10.098788270360277,1.0053065500426914,0.8711301333870994,427,students03
1090,43.6,95,48,1.7156160345797395,0.4330201504551057,14.619531256821576,1.07143193578953,0.8710039013036508,427,students03
1100,44.0,95,48,1.005232659344287,0.48086007000862735,28.578149373492277,1.0913876277505117,0.9175412179710276,427,students03
1070,42.8,95,94,0.9810578770817093,0.38686284556564976,23.224340147441744,0.959650898425921,1.1436815716431095,428,students03
1080,43.2,95,94,0.9986297506458959,0.33031267170300826,19.31526929741487,1.0053065500426914,1.0791848551281387,428,students03
1090,43.6,95,94,0.9853265471003433,0.3020692500212847,17.8525027358907,1.07143193578953,1.0665041945911036,428,students03
1100,44.0,95,94,0.9603634197154264,0.26308226357893943,15.898874178859193,1.0913876277505117,0.9224486891990941,428,students03
1110,44.4,95,94,0.8339268190427939,0.29016085366869127,20.36168721749069,1.0792663440268608,0.7172999812999833,428,students03
1140,45.6,95,229,2.98129179416198,0.08452522195984519,1.6246606725068566,1.0696320511627475,1.122455337908878,430,students03
1150,46.0,95,229,2.9268362983248473,0.12386406033574893,2.4254885782071596,1.0850046627096253,1.0979198140849602,430,students03
1160,46.4,95,229,2.8411942152849323,0.06899332514265677,1.3914624093195047,1.0979351419317205,1.0643150868968823,430,students03
1170,46.8,95,229,2.7479220645284084,0.3329478969228785,6.959257095207725,1.1263918177811034,0.9093042481279523,430,students03
1350,54.0,96,233,2.0635011892662467,0.43026051600202375,12.035045399689837,0.905980354451103,0.7783198755535654,435,students03
1360,54.4,96,233,1.6002143619791163,0.03780578527689871,1.3537645621168184,0.862637089843251,0.7021331093705635,435,students03
1370,54.8,96,233,1.222953189282629,0.5356434920395239,25.975821334879537,0.8289204344093191,0.48042584757630014,435,students03
1330,53.2,98,52,2.3490600005595854,0.29671889085642317,7.256637211963014,0.598221883703552,0.9438892769749965,438,students03
1340,53.6,98,52,1.7791693711527992,0.26887382596133635,8.69202510826053,0.5710224632739911,0.7398076594524595,438,students03
1350,54.0,98,52,1.3104444427697384,0.26584787856133585,11.704750557466376,0.5710731923627251,0.6177694064353423,438,students03
1360,54.4,98,52,0.8489855466229747,0.26181738345862393,17.962141126617905,0.5713324324767893,0.533226464010366,438,students03
1690,67.6,98,345,2.048437065977237,0.4583884447971185,12.930838156284967,0.5758765991835992,0.5647566946965658,441,students03
1700,68.0,98,345,1.7584413762308557,0.0860740676734767,2.805696220634869,0.461814972304956,0.6142681319464168,441,students03
1710,68.4,98,345,1.496363430041598,0.14531730490379696,5.572985295064176,0.4618149723012439,0.619513667918358,441,students03
1720,68.8,98,345,1.2789780225010319,0.3800302102771398,17.28565603511659,0.4620216951475556,0.6284400165673615,441,students03
1670,66.8,98,346,2.994717364932564,0.4465258208205012,8.575034319229715,0.7432884260174425,0.4353683578312752,442,students03
1680,67.2,98,346,2.527165396985141,0.4422426740772307,10.078398581097938,0.743079584738583,0.440511861454183,442,students03
1690,67.6,98,346,2.0616828982392232,0.04005303001364058,1.113175046764067,0.5758765991835992,0.5819793479204712,442,students03
1700,68.0,98,346,1.62282628278171,0.5966570982126391,21.571709222409854,0.461814972304956,0.7655725420780913,442,students03
1710,68.4,98,346,1.1632108078810606,0.36173383621484584,18.118224050472424,0.4618149723012439,0.7782496008220977,442,students03
1720,68.8,98,346,0.764530004327446,0.10594922788851094,7.965735233426202,0.4620216951475556,0.7463425653169159,442,students03
1730,69.2,98,346,0.5251048343394822,0.21689051010567206,24.396091344963725,0.535348905033433,0.7490819195399077,442,students03
1670,66.8,98,347,2.009296773234653,0.40270562439970214,11.561589396016581,0.7432884260174425,0.3598525623992984,443,students03
1680,67.2,98,347,1.5950975187560519,0.2608599530150264,9.412347027995699,0.743079584738583,0.43010288957892123,443,students03
1690,67.6,98,347,1.1845035514687348,0.1568810820091031,7.610878496904609,0.5758765991835992,0.3686771705878858,443,students03
1340,53.6,99,52,2.5198932866092436,0.33830054733381065,7.715365095388031,0.4388355355448657,0.7398076594524595,446,students03
1350,54.0,99,52,2.10077015857182,0.27575532867773755,7.542635588184643,0.4388355355613201,0.6177694064353423,446,students03
1360,54.4,99,52,1.681473612198686,0.42648144021410456,14.692748560362235,0.4556424293549937,0.533226464010366,446,students03
1370,54.8,99,52,1.3290963942141945,0.5430468453524351,24.115882969137306,0.4860946475409398,0.4422655699509703,446,students03
1500,60.0,99,55,2.205468410704548,0.3907368333970098,10.204804993757923,0.26189267560338075,0.5894722642880065,448,students03
1510,60.4,99,55,1.8821069413142846,0.2898891846879754,8.860181836863985,0.4453222896290569,0.5953678284240365,448,students03
1520,60.8,99,55,1.4526548677117226,0.5629968246963792,22.80301304194308,0.6238767465210651,0.6283438687816445,448,students03
1510,60.4,99,56,1.925567553590565,0.23068812801559307,6.880714060663049,0.4453222896290569,0.6046971080776105,449,students03
1520,60.8,99,56,1.4438764242075124,0.042036519769266034,1.6683252822251704,0.6238767465210651,0.6616726725972651,449,students03
1530,61.2,99,56,0.934685553838641,0.14210447463584774,8.74484873774432,0.6238767465210651,0.7447471868368243,449,students03
1330,53.2,99,98,0.8989663947173754,0.4200614608302352,27.857335098099924,0.3931961220690676,0.598221883703552,450,students03
1340,53.6,99,98,0.9190430801049474,0.3419107908249971,21.840813078324725,0.4388355355448657,0.5710224632739911,450,students03
1350,54.0,99,98,0.9442792208011148,0.2875934591111543,17.73193519242203,0.4388355355613201,0.5710731923627251,450,students03
1360,54.4,99,98,0.9741059642498537,0.1093383368051577,6.444735145385439,0.4556424293549937,0.5713324324767893,450,students03
1370,54.8,99,98,0.9907108879212102,0.14095328449571382,8.17950589484129,0.4860946475409398,0.48839064109401653,450,students03
1380,55.2,99,98,0.9676327575055146,0.3090402904198872,18.625292869486913,0.5601151927200692,0.4239557479885137,450,students03
1680,67.2,99,345,2.208208239830982,0.377870115386031,9.852984665031931,0.6891184395057166,0.5624460500128882,451,students03
1690,67.6,99,345,1.765754738051086,0.35301274266735294,11.532382077514974,0.6300359517279792,0.5647566946965658,451,students03
1700,68.0,99,345,1.4726975138633012,0.5444044085967356,21.694945144426065,0.5102752459602988,0.6142681319464168,451,students03
1670,66.8,99,346,2.598688346511396,0.21144682764735845,4.667130946369587,0.8183924539646382,0.4353683578312752,452,students03
1680,67.2,99,346,2.1391739415235773,0.09543242756573389,2.556917207700302,0.6891184395057166,0.440511861454183,452,students03
1690,67.6,99,346,1.7101557858915943,0.1489273318129828,4.995877970481376,0.6300359517279792,0.5819793479204712,452,students03
1700,68.0,99,346,1.2198018136264277,0.003056198193262194,0.14355400941531898,0.5102752459602988,0.7655725420780913,452,students03
1710,68.4,99,346,0.816611440806257,0.1714018152627027,12.116138547173861,0.4144689790573591,0.7782496008220977,452,students03
1680,67.2,99,347,1.2182681767981505,0.055602366375334555,2.615916634096517,0.6891184395057166,0.43010288957892123,453,students03
1690,67.6,99,347,0.816499879809402,0.10330275769796099,7.268485244855035,0.6300359517279792,0.3686771705878858,453,students03
1700,68.0,99,347,0.5784689719916061,0.24811240298945442,25.39854580615094,0.5102752459602988,0.3578982893239307,453,students03
1430,57.2,100,101,1.4366953170429044,0.5485647620570053,22.44671166774327,1.4075450702395835,1.672939471067966,454,students03
1440,57.6,100,101,1.4869288163751897,0.42142237229587853,16.46430725675596,1.407806272291841,1.6982355094969932,454,students03
1450,58.0,100,101,1.5653138348296958,0.2856660177207109,10.51527184882077,1.4192334599641874,1.7133608873183095,454,students03
1460,58.4,100,101,1.6469138367592753,0.13615791596656282,4.742317581166358,1.4335343586583755,1.6631688714074193,454,students03
1470,58.8,100,101,1.7194049540676608,0.10924262255066194,3.642748572857132,1.4348221148929068,1.604632153437827,454,students03
1480,59.2,100,101,1.784142984735528,0.17230534862340363,5.5420336731394135,1.4177217874383798,1.635100676671853,454,students03
1490,59.6,100,101,1.9003032124902115,0.29874831998920737,9.045042003865843,1.402452324907681,1.731885446191818,454,students03
1500,60.0,100,101,2.062599573462645,0.46895075009710174,13.141639687024163,1.402452324957295,1.7838269946379266,454,students03
1510,60.4,100,101,2.233975943719618,0.25713634854656187,6.609540545566458,1.5099128318466122,1.8362276297900697,454,students03
1520,60.8,100,101,2.327940570593874,0.026603579136520783,0.6547873272570458,1.6569748938268245,1.9689133148681794,454,students03
1530,61.2,100,101,2.473058591750712,0.09246724126190142,2.142778942590799,1.6727290466533429,2.0472556398896526,454,students03
1540,61.6,100,101,2.612234596156558,0.15901904075607298,3.490022122175429,1.7046811389651473,2.0472556398896704,454,students03
1550,62.0,100,101,2.7426019432590727,0.20459549705229652,4.278184973708804,1.7297160757436978,2.04743193163243,454,students03
1660,66.4,103,72,0.7462852607487558,0.28208546229613607,22.20899331270213,0.49765151721772266,0.5177896339301311,457,students03
1670,66.8,103,72,0.7368857103985096,0.17499116313668886,13.737498884075947,0.5111428072484661,0.5569394731514618,457,students03
1680,67.2,103,72,0.7331104558737885,0.11082780625771785,8.695012463035672,0.5111428072530919,0.5569394731503766,457,students03
1690,67.6,103,72,0.7350461627880217,0.2861851623884906,22.913632249475732,0.5387544508342982,0.6410655354099497,457,students03
2340,93.6,103,129,2.1700953210583407,0.09961967539498573,2.631125694534011,1.2552389012090222,1.05982668834082,464,students03
2350,94.0,103,129,1.3113650490575786,0.05894526797734323,2.5762875139381496,1.1548294063957187,0.9778578668571819,464,students03
2360,94.4,103,129,0.5605960336356705,0.2741727083728079,29.27970876293887,1.1528875225907769,0.8504968288868405,464,students03
1600,64.0,104,72,1.7180936636623962,0.5349891610619957,18.142736703636686,0.7824567445755887,0.517182028100782,468,students03
1610,64.4,104,72,1.6257730850065002,0.5642348023125893,20.307371011855853,0.7823830936081986,0.5171820281007865,468,students03
1620,64.8,104,72,1.5358576139104922,0.5936830557407978,22.73989050557567,0.7826380461534881,0.4511963193462673,468,students03
2030,81.2,104,243,2.919795818880975,0.1288069679684222,2.528427319797288,0.7622644954598042,0.46332802536300915,471,students03
2040,81.6,104,243,2.435500398877308,0.20879603760245882,4.918017917752996,0.7666636703022689,0.4565318539477198,471,students03
2050,82.0,104,243,1.9525371782194483,0.3187107933057936,9.394371945537399,0.7787818244939708,0.4504364782292653,471,students03
2060,82.4,104,243,1.4705319983158878,0.3734465576013433,14.711576303233178,0.7870578696728466,0.5026255166774011,471,students03
2070,82.8,104,243,0.9658837135361905,0.45928219791005936,28.39221287530951,0.8076024535596901,0.6328140061205791,471,students03
2060,82.4,104,425,0.9002869803558549,0.444119123963871,29.558265622202388,0.7870578696728466,0.7552102702050509,473,students03
2070,82.8,104,425,0.8796047370381082,0.3542819922290278,23.75171480219097,0.8076024535596901,0.7613234790056962,473,students03
2080,83.2,104,425,0.8224277982733262,0.15640499124212032,10.962981894238471,0.8652375946122265,0.7624107934807326,473,students03
2090,83.6,104,425,0.7258951854657016,0.047310626048900156,3.736933430268525,0.9010770425413891,0.7721415184239641,473,students03
2100,84.0,104,425,0.6593749901026671,0.2076612639847917,18.356981537241953,0.9156032982570464,0.7812405899126843,473,students03
2070,82.8,104,426,1.997740752558539,0.43950607879315867,12.70912452526978,0.8076024535596901,0.7110606208783042,474,students03
2080,83.2,104,426,1.8935751715208577,0.007002051846048074,0.2118685009353667,0.8652375946122265,0.7133939992241417,474,students03
2090,83.6,104,426,1.7777401771872996,0.31901914323348657,10.337845691438623,0.9010770425413891,0.7136492555322942,474,students03
2100,84.0,104,426,1.6853209580726407,0.44546811057792357,15.32669465556351,0.9156032982570464,0.713577108403633,474,students03
1760,70.4,106,62,2.870095957786421,0.4414456379602978,8.847709479819377,1.1158047679770056,0.8359834462572672,475,students03
1770,70.8,106,62,2.091014660102319,0.48476126526120167,13.404873122170367,1.1155824662146214,1.0332054217836526,475,students03
1780,71.2,106,62,1.2384494866839053,0.5343514303070394,25.560764734674493,1.1027196827020223,1.1713963021572882,475,students03
1810,72.4,106,66,1.9429724488870088,0.2651322668545798,7.842881824964294,0.958724131103647,0.5839993364112311,477,students03
1820,72.8,106,66,1.8040027775618612,0.5392454717270994,17.392513115799677,0.929636469896391,0.6182979694311181,477,students03
1830,73.2,106,66,1.6653726831807485,0.5580572421121546,19.578285108280305,0.9077314801545663,0.617555357701147,477,students03
2070,82.8,106,421,2.9345150332149257,0.04523389001815281,0.8832170237555128,0.9048455315407732,0.5423952821072392,478,students03
2080,83.2,106,421,2.783397917327954,0.11501441671465908,2.3682267605234966,0.7432338969286657,0.5502462018203957,478,students03
2090,83.6,106,421,2.75134066486056,0.1756536125899956,3.6604191450480372,0.5977209113375022,0.5501306253671457,478,students03
1870,74.8,106,425,1.117076086649,0.4411710718880306,23.26184362066193,0.861941190113228,0.9617145121412511,479,students03
1880,75.2,106,425,1.0716109943932537,0.23589670079907293,12.716831564538607,0.8680349524090821,1.0805046150837756,479,students03
1890,75.6,106,425,1.101134283261222,0.05139105276298059,2.67502380228723,0.8682747990060581,1.2601167887101112,479,students03
1820,72.8,107,66,1.5620180801167713,0.05432316977435153,1.9930090142593584,0.9952121942690352,0.6182979694311181,481,students03
1830,73.2,107,66,1.4065455682695842,0.023402274517794364,0.9533380665587143,0.9943440102052864,0.617555357701147,481,students03
1840,73.6,107,66,1.2498020106593812,0.030905055682280955,1.4169522447245417,0.9943440102066515,0.6175702790011457,481,students03
1850,74.0,107,66,1.0935050418075623,0.05155583643375574,2.7023444683835782,0.9036412510935488,0.6187053956303087,481,students03
1860,74.4,107,66,1.0110796873046475,0.02023461521059417,1.1467300453740346,0.7934857660937371,0.6114941601448413,481,students03
1870,74.8,107,66,0.942127101603685,0.04021012552051609,2.446135462286883,0.7721318715023467,0.5765179655373208,481,students03
1880,75.2,107,66,0.8526670610761108,0.07339520808236435,4.937971934673038,0.7830890901705609,0.5487870268162484,481,students03
1890,75.6,107,66,0.7586469414617966,0.2750233491562714,21.25493014175496,0.8264239222642139,0.5487870268182548,481,students03
1870,74.8,108,64,2.128106038005768,0.5809617881356997,15.84255027618741,0.9333295438877106,0.5909467306527543,487,students03
1880,75.2,108,64,1.9671162190010774,0.24643805917502604,7.196859339034796,0.9560741464910335,0.6042464661164858,487,students03
1890,75.6,108,64,1.8024222529871352,0.0025145224930500643,0.07993219836968939,0.9776398782810268,0.6325710155478877,487,students03
1900,76.0,108,64,1.657785174181203,0.08304006348138837,2.871202582538714,0.9778924062114244,0.6472850198878038,487,students03
1910,76.4,108,64,1.5182257872124696,0.1437789670191713,5.43416639071027,0.9559196395659928,0.6472850198884711,487,students03
1920,76.8,108,64,1.4008162484148972,0.1855620168246327,7.612177912780511,0.9249544802721215,0.6419521351436743,487,students03
1930,77.2,108,64,1.293993202089097,0.21637123030115513,9.625759977331604,0.9156727011635241,0.6386617823990592,487,students03
1940,77.6,108,64,1.1897384228932546,0.2575337263124132,12.501341780889515,0.9159284854523693,0.6386617823981351,487,students03
1950,78.0,108,64,1.0890590250548098,0.2693356244616955,14.318412476056142,0.8348685784620389,0.6462763917843856,487,students03
1960,78.4,108,64,1.0555593075639946,0.25669110524393546,14.074313651386142,0.7344821092724586,0.6858542140824454,487,students03
1970,78.8,108,64,1.066534102951534,0.302208522924929,16.460586221199446,0.7146397465051122,0.7193206474110291,487,students03
1980,79.2,108,64,1.080224729534297,0.3572743557243233,19.31374319852921,0.7145938538882798,0.7193206474235173,487,students03
1990,79.6,108,64,1.0966214826952647,0.40092497518699965,21.444521432417943,0.7252888139976785,0.7149147736863002,487,students03
2000,80.0,108,64,1.1028357727886722,0.443617264077793,23.71900174569545,0.7361217441799062,0.6748218054614697,487,students03
2010,80.4,108,64,1.0973904405656436,0.5424230600387162,29.622579006822896,0.7361217441799186,0.6458505411710443,487,students03
1820,72.8,108,66,2.646250598182625,0.458915744142679,9.986790165988324,0.8568519952942509,0.6182979694311181,489,students03
1830,73.2,108,66,2.552382549283279,0.45777036142199173,10.331914019463753,0.8568325202270294,0.617555357701147,489,students03
1840,73.6,108,66,2.4555857365515563,0.3600479321744362,8.431335806803308,0.8848691437568728,0.6175702790011457,489,students03
1850,74.0,108,66,2.3291706208531338,0.21623782117263482,5.326952647310742,0.9211037844349874,0.6187053956303087,489,students03
1860,74.4,108,66,2.1968767089545493,0.1493965295440579,3.899354880536804,0.9285754371603007,0.6114941601448413,489,students03
1870,74.8,108,66,2.059993547559363,0.011559550673180236,0.321514085971788,0.9333295438877106,0.5765179655373208,489,students03
1990,79.6,108,70,1.1965458202118675,0.5643279169744224,28.140210423645264,0.7252888139976785,0.8698424943932856,490,students03
2000,80.0,108,70,1.1986024670311162,0.506541560769863,24.999486784250315,0.7361217441799062,0.8479502808749887,490,students03
2010,80.4,108,70,1.2057224572542096,0.4368334712868499,21.241525725130902,0.7361217441799186,0.8511659262609306,490,students03
2020,80.8,108,70,1.217450874366057,0.4079456144247432,19.5775114377123,0.7634488980669065,0.8572263676317238,490,students03
2030,81.2,108,70,1.2195319966552178,0.39992372322173236,19.1433120639311,0.7949408376608907,0.8600981455734877,490,students03
2040,81.6,108,70,1.2229498127423197,0.3516632990904626,16.71153440962261,0.7979534936753446,0.8431230444959096,490,students03
2050,82.0,108,70,1.227759285268553,0.23718237730690367,11.138606405536684,0.8188535017388073,0.7999837343115984,490,students03
2060,82.4,108,70,1.2037633168310824,0.09739592829262367,4.640847647276292,0.8636957592256967,0.7823837716080269,490,students03
2070,82.8,108,70,1.161105052124155,0.020283610311004563,1.0009640217592835,0.8847545995526666,0.7823837716176556,490,students03
2080,83.2,108,70,1.119190127790204,0.026363025802499107,1.349752643396842,0.8601491896394661,0.7213379592101827,490,students03
2090,83.6,108,70,1.0424041263599675,0.021632201656657135,1.1891000848331756,0.812913933293704,0.6697893878727766,490,students03
2100,84.0,108,70,0.9874617157141731,0.0027507721669123575,0.1596090632186484,0.7907337317222515,0.6697893878852603,490,students03
2110,84.4,108,70,0.9352627328847292,0.0770480611854381,4.725450079590788,0.7070803507524343,0.6623941509767469,490,students03
2120,84.8,108,70,0.9491397363030508,0.1893648098719296,11.508426216026113,0.6036227129839328,0.6510553714997641,490,students03
2130,85.2,108,70,0.9816551849185056,0.2727034232553721,16.128922097455078,0.583181918578667,0.6476220357474276,490,students03
2140,85.6,108,70,1.0188862428413015,0.21654263813357436,12.2705858233873,0.5180106821144851,0.6478850445545226,490,students03
2150,86.0,108,70,1.0920246330897876,0.046054904066248785,2.4171015974227807,0.464672122008846,0.704645392272415,490,students03
2160,86.4,108,70,1.2099393799150366,0.1505731417677316,7.148813067035272,0.46467212200885444,0.8060514335686958,490,students03
2170,86.8,108,70,1.3491611405068782,0.03382920734399186,1.4367994368547896,0.5822396568557895,0.8294365856415079,490,students03
2180,87.2,108,70,1.3909741694100801,0.17607818654040336,7.272368228474539,0.8050284322605171,0.829436585649159,490,students03
2190,87.6,108,70,1.3637818446391567,0.24065731621476422,10.163818891104045,0.8986408892919209,0.8496447831689788,490,students03
2200,88.0,108,70,1.3594014562618726,0.003599206903671548,0.1516988268307856,0.9912929669052337,0.9370984005970814,490,students03
2210,88.4,108,70,1.3194010592570504,0.24649320673812636,10.767380282516369,1.120580556535646,1.0135636095867542,490,students03
1920,76.8,108,104,2.6764111292425774,0.15120439237032557,3.238661114794398,0.9249544802721215,0.6538912961515119,492,students03
1930,77.2,108,104,2.550917448022272,0.07951367546281651,1.786234237061509,0.9156727011635241,0.6538912961530347,492,students03
1940,77.6,108,104,2.4283171610062464,0.011888156755942125,0.28050039760812334,0.9159284854523693,0.716568670695766,492,students03
1950,78.0,108,104,2.343930854195588,0.09241452951309542,2.259595369455731,0.8348685784620389,0.782383093606973,492,students03
1960,78.4,108,104,2.3317880667716397,0.11979033362890212,2.9447372171574155,0.7344821092724586,0.7826380461541482,492,students03
1970,78.8,108,104,2.342184127771905,0.21933831054939903,5.373446375366951,0.7146397465051122,0.7413720759486315,492,students03
1980,79.2,108,104,2.333236219988768,0.30388056211793835,7.483458162715426,0.7145938538882798,0.6761981968053988,492,students03
1990,79.6,108,104,2.310085767084018,0.33749558529039947,8.400783737807936,0.7252888139976785,0.6521910275846036,492,students03
2000,80.0,108,104,2.2793358447301895,0.3668450196283054,9.261683186025202,0.7361217441799062,0.663065870320376,492,students03
2010,80.4,108,104,2.258731908785367,0.4215464389933144,10.756161804532285,0.7361217441799186,0.7180104697056396,492,students03
2020,80.8,108,104,2.2749682294843643,0.3831503869930174,9.695973288214072,0.7634488980669065,0.762264495472293,492,students03
2030,81.2,108,104,2.265741867036451,0.3185389859969369,8.081945954688269,0.7949408376608907,0.7622644954598042,492,students03
2040,81.6,108,104,2.2543253270045898,0.3357883691857712,8.566252373166432,0.7979534936753446,0.7666636703022689,492,students03
2050,82.0,108,104,2.2473950217279013,0.5450765834598061,14.036328274294759,0.8188535017388073,0.7787818244939708,492,students03
1800,72.0,108,106,1.2370957017167572,0.5678642372212314,27.324543154637468,0.8139412903651836,1.0443797314902932,493,students03
1810,72.4,108,106,1.1217514763039866,0.4018901896491261,20.994004521887565,0.8319395989548625,0.958724131103647,493,students03
1820,72.8,108,106,1.1106059907401058,0.41729025778148987,22.06956478164338,0.8568519952942509,0.929636469896391,493,students03
1830,73.2,108,106,1.104998583936705,0.34258368818388296,18.06109173435631,0.8568325202270294,0.9077314801545663,493,students03
1840,73.6,108,106,1.1027951375345144,0.33966065515485255,17.938728965681367,0.8848691437568728,0.8697478841068648,493,students03
1850,74.0,108,106,1.086021065837579,0.39944449760332035,21.58033896064401,0.9211037844349874,0.8539028604635708,493,students03
1860,74.4,108,106,1.0667748331610913,0.4299547911836162,23.768470938768196,0.9285754371603007,0.8538581725285495,493,students03
1780,71.2,108,107,1.1199234329320131,0.5492231520863773,29.36762138191866,0.8138684107908282,1.1784106475150078,494,students03
1790,71.6,108,107,1.0112040114462024,0.2239541443322944,12.7955500649082,0.813941290243992,1.0780739575282465,494,students03
1800,72.0,108,107,1.0078112271767277,0.021634596129909978,1.2300580118078233,0.8139412903651836,1.0040692659181643,494,students03
1810,72.4,108,107,1.0445978016762238,0.08404779409802149,4.614977039714662,0.8319395989548625,1.0027992922404267,494,students03
1820,72.8,108,107,1.087808649318783,0.12161258573578557,6.418853760272982,0.8568519952942509,0.9952121942690352,494,students03
1830,73.2,108,107,1.146022857668128,0.19044791558793028,9.56588306406132,0.8568325202270294,0.9943440102052864,494,students03
1840,73.6,108,107,1.207150810010026,0.21742157273147977,10.376246208826037,0.8848691437568728,0.9943440102066515,494,students03
1850,74.0,108,107,1.243625172508253,0.21085667914644546,9.76165760089994,0.9211037844349874,0.9036412510935488,494,students03
1860,74.4,108,107,1.1982614815389054,0.19757884431702377,9.490723626444256,0.9285754371603007,0.7934857660937371,494,students03
1870,74.8,108,107,1.1338975506994085,0.1218655943082026,6.169778452081261,0.9333295438877106,0.7721318715023467,494,students03
1880,75.2,108,107,1.0613188898163044,0.07125273747277239,3.8495066880270192,0.9560741464910335,0.7830890901705609,494,students03
1890,75.6,108,107,0.9843576954775083,0.34583126866874647,20.568491449578627,0.9776398782810268,0.8264239222642139,494,students03
2000,80.0,108,110,2.779046385890924,0.039213433780252605,0.8084927370127877,0.7361217441799062,0.905492179298549,495,students03
2010,80.4,108,110,2.1795140529548127,0.22751635255414143,5.991940543124036,0.7361217441799186,0.8599524086596596,495,students03
2020,80.8,108,110,1.7509210066795133,0.5666928360874341,18.88405651477275,0.7634488980669065,0.8420570267099664,495,students03
1930,77.2,108,236,2.942390978573901,0.5508334462900867,10.78977823866614,0.9156727011635241,1.1385248425766967,496,students03
1940,77.6,108,236,2.9367705556487183,0.3171794063373734,6.2001977857528034,0.9159284854523693,1.1486811879800611,496,students03
1950,78.0,108,236,2.9498239539743185,0.16592525634489141,3.2245440479988394,0.8348685784620389,1.060561001770537,496,students03
1830,73.2,109,64,2.406461369056622,0.35423233744121685,8.464726609617774,0.8477364715446944,0.49618130041182235,501,students03
1840,73.6,109,64,2.238217665435164,0.041625312356012356,1.0656212114954449,0.8810244118355695,0.5055014097689321,501,students03
1850,74.0,109,64,2.0807955967397533,0.11562313584393133,3.185383326017813,0.8810244118355566,0.5527458226129515,501,students03
1860,74.4,109,64,1.9591359050452302,0.336081693352466,9.877711970441865,0.8203422815261594,0.5909955988854818,501,students03
1840,73.6,109,65,2.2850199492426024,0.5727590531813036,14.516466181331742,0.8810244118355695,0.6736755010060317,502,students03
1850,74.0,109,65,2.1615025128145824,0.48055066776520267,12.845482003173142,0.8810244118355566,0.6606121062019744,502,students03
1860,74.4,109,65,2.039846790477246,0.23536782799588207,6.625834749382951,0.8203422815261594,0.660612106250911,502,students03
1870,74.8,109,65,1.9638223158244457,0.09271846416606322,2.706126847099308,0.7589511979381302,0.6384099839632399,502,students03
1880,75.2,109,65,1.8866829588074665,0.23850681955790437,7.262532488199223,0.7530470025246069,0.6158973708097665,502,students03
1890,75.6,109,65,1.8192196671370684,0.2724182152895725,8.61212267117392,0.7560380230409824,0.6158973708097668,502,students03
1900,76.0,109,65,1.7527726317661287,0.19723654978626692,6.461082440420719,0.7677787244906048,0.6238731466132075,502,students03
1910,76.4,109,65,1.696747873260455,0.15311576414612355,5.177456170894049,0.776768898714853,0.6470960183102623,502,students03
1920,76.8,109,65,1.6509890998625905,0.16802001737437772,5.841064191757105,0.7767688986405015,0.6595876794597071,502,students03
1930,77.2,109,65,1.6056790435345007,0.2219404048894835,7.944982597396707,0.8027192668346,0.6595876794597073,502,students03
1940,77.6,109,65,1.5421169362270977,0.33529260331770716,12.55775306892331,0.8702995222337675,0.6823563587939963,502,students03
1950,78.0,109,65,1.47359345527667,0.4475026023366775,17.67883824626098,0.9120602570108503,0.7061104427999894,502,students03
1960,78.4,109,65,1.4108125417981539,0.5151279420552092,21.41549429235579,0.9120602570108666,0.7061104427875016,502,students03
1970,78.8,109,65,1.3545728902350724,0.5527920253545813,24.085110615477294,0.8823638411347745,0.7029717603822321,502,students03
1980,79.2,109,65,1.3168169953820263,0.4964468940671094,22.14830262410028,0.7873809906522018,0.6865016792344195,502,students03
1990,79.6,109,65,1.3053084641813586,0.42983441442463566,19.226123582947725,0.7257678074003819,0.6739947224393333,502,students03
2000,80.0,109,65,1.2950724368453606,0.4615447886696633,20.878370585847637,0.7260306295206457,0.674279069591264,502,students03
2010,80.4,109,65,1.2858151611678117,0.4942271373932555,22.604555691975236,0.7294739311154207,0.7074978885480161,502,students03
2020,80.8,109,65,1.3076562507361267,0.5544141076363536,25.085828034472147,0.735033591566705,0.7657001482759208,502,students03
1780,71.2,109,66,2.8356333257270867,0.4627840321941798,9.392862377221244,0.8183735224917303,0.508376402785248,503,students03
1790,71.6,109,66,2.722004906402507,0.480456280816471,10.166440003182863,0.8181226845971016,0.5244311971679777,503,students03
1800,72.0,109,66,2.609117223084717,0.347736000641978,7.659014099177086,0.8203924345363964,0.5378293382023196,503,students03
1810,72.4,109,66,2.500098661357416,0.16416706986609764,3.764992575420413,0.8274061947069596,0.5839993364112311,503,students03
1820,72.8,109,66,2.415934675666889,0.11187313106158941,2.6541078623546563,0.8299633539199766,0.6182979694311181,503,students03
1830,73.2,109,66,2.331142242489517,0.24373450175932995,6.001576384143371,0.8477364715446944,0.617555357701147,503,students03
1960,78.4,109,71,1.313775996362022,0.5142741785394473,23.044589956457575,0.9120602570108666,0.9232518700866641,505,students03
1970,78.8,109,71,1.2264504167022594,0.38614489966287224,18.351610320380967,0.8823638411347745,0.7981361109257543,505,students03
1980,79.2,109,71,1.1081239287905544,0.3795579574159284,20.030664988526446,0.7873809906522018,0.6852543286201271,505,students03
1990,79.6,109,71,1.0575651031716637,0.3913698615312072,21.719744535321247,0.7257678074003819,0.6849971806771964,505,students03
2000,80.0,109,71,1.0096220908158366,0.3215635545274947,18.572170734595222,0.7260306295206457,0.6971019258522262,505,students03
2010,80.4,109,71,0.9642450497089025,0.23114858744187744,13.870000694620229,0.7294739311154207,0.7137098178312552,505,students03
2020,80.8,109,71,0.9237238723910673,0.13483936493544563,8.393666397688417,0.735033591566705,0.7593184315358645,505,students03
2030,81.2,109,71,0.9483200761204874,0.10375015309847865,6.2809686533398486,0.7374263576990018,0.8761828662644197,505,students03
2040,81.6,109,71,1.0341501498682673,0.13336387738182592,7.4094918013868645,0.7436445234104119,0.9386123514115077,505,students03
2050,82.0,109,71,1.1092148339930819,0.1288975473745041,6.673196839073253,0.8072777611910942,0.9000697766209548,505,students03
2060,82.4,109,71,1.1138044141407277,0.15450694328723913,7.973784675937458,0.8654639875722979,0.8741196898825493,505,students03
2070,82.8,109,71,1.1222320638782792,0.21795259037970008,11.198780739041599,0.865426093038457,0.8743703738537548,505,students03
2080,83.2,109,71,1.1340256018874995,0.25771385727594165,13.13556088873626,0.8408094779138193,0.8249827333874031,505,students03
2090,83.6,109,71,1.1212928118542733,0.1839435051042283,9.441814214509304,0.7608825182046364,0.7467799085956408,505,students03
2100,84.0,109,71,1.1178430243556376,0.06664848412890428,3.418139088739259,0.7085072738378233,0.7176882135662837,505,students03
2110,84.4,109,71,1.1162631201100408,0.02198034717640246,1.128284632436727,0.7085072738258655,0.7176882135646075,505,students03
2120,84.8,109,71,1.1164054888893273,0.0065861217406218975,0.33801264123168023,0.6748090164345738,0.6992829776395458,505,students03
2130,85.2,109,71,1.1149451000432875,0.048124029109284705,2.4738084687375954,0.6090594125260874,0.7049737014390387,505,students03
2140,85.6,109,71,1.1486579516522024,0.12457108621995666,6.225928982026815,0.5769363349424046,0.7070438697750362,505,students03
2150,86.0,109,71,1.193436811382406,0.24159127899716815,11.679284398979581,0.5769863898336904,0.7070438697597665,505,students03
2160,86.4,109,71,1.2481202653480574,0.10549316402299475,4.848517515818871,0.6731768683916384,0.7327341068039149,505,students03
2170,86.8,109,71,1.2307798851223821,0.07862797238530805,3.66281659288896,0.8222475900642409,0.7621596872380265,505,students03
2180,87.2,109,71,1.1918634653629787,0.08737584778552293,4.204141341304433,0.8546128350498974,0.7649633028636761,505,students03
2190,87.6,109,71,1.1533460716556803,0.061816226629739374,3.072370830791019,0.8546128350498978,0.7649633028695879,505,students03
2200,88.0,109,71,1.115360461835771,0.036152607722878954,1.8574754920946124,0.8383632954792212,0.7650602680973749,505,students03
2210,88.4,109,71,1.0927754928461815,0.19479416663064222,10.268213352349813,0.8234474812798276,0.7650602680973747,505,students03
1910,76.4,109,104,2.8932095448199284,0.15552048425508827,3.0813406300987305,0.776768898714853,0.528664138142885,506,students03
1920,76.8,109,104,2.839917411165498,0.22105868592048097,4.464409787608346,0.7767688986405015,0.6538912961515119,506,students03
1930,77.2,109,104,2.7887566730652043,0.3551061652525442,7.315615726105689,0.8027192668346,0.6538912961530347,506,students03
1940,77.6,109,104,2.7207046216635633,0.5833527794817432,12.381055790563131,0.8702995222337675,0.716568670695766,506,students03
1810,72.4,109,107,1.0194258501882507,0.4814067306637251,28.179356246842342,0.8274061947069596,1.0027992922404267,507,students03
1820,72.8,109,107,0.9818388570039336,0.34440571806647924,20.534799239039337,0.8299633539199766,0.9952121942690352,507,students03
1830,73.2,109,107,1.0038939879826885,0.40043012468188505,23.50798700610076,0.8477364715446944,0.9943440102052864,507,students03
2000,80.0,109,110,2.929147152958687,0.33851531615926644,6.636380364222166,0.7260306295206457,0.905492179298549,508,students03
2010,80.4,109,110,2.294086432770364,0.17967521906354228,4.492065167475027,0.7294739311154207,0.8599524086596596,508,students03
2020,80.8,109,110,1.7779301471355609,0.07229958589137689,2.330577319044818,0.735033591566705,0.8420570267099664,508,students03
2030,81.2,109,110,1.3950349744489772,0.3874682327117206,16.125846691426617,0.7374263576990018,0.8659902554947404,508,students03
1990,79.6,110,71,2.689399746799922,0.4923559319465166,10.548792915939408,0.7813547134664601,0.6849971806771964,513,students03
2000,80.0,110,71,2.061035739010727,0.20619794210023068,5.741807089023831,0.905492179298549,0.6971019258522262,513,students03
2010,80.4,110,71,1.4119961992738368,0.48519184248001196,20.097652004571497,0.8599524086596596,0.7137098178312552,513,students03
1960,78.4,110,104,2.8141065619711956,0.14356818970140084,2.9243469202723205,0.8169447613402706,0.7826380461541482,514,students03
1970,78.8,110,104,2.212979969383077,0.013234351448599968,0.34264973611000904,0.7587606761622436,0.7413720759486315,514,students03
1980,79.2,110,104,1.6546522547614153,0.02083055746516721,0.7213204779866109,0.7374782629988311,0.6761981968053988,514,students03
1990,79.6,110,104,1.1140071357457948,0.4315569783016815,22.79229260702062,0.7813547134664601,0.6521910275846036,514,students03
2160,86.4,110,119,2.131032579647119,0.5444778827345331,14.80318833215283,0.8477015152215003,0.5534599749296831,516,students03
2170,86.8,110,119,1.710064041264981,0.22590837583035162,7.591261554204524,0.699955442176599,0.4158997810349628,516,students03
2180,87.2,110,119,1.402809156272583,0.18897981409828302,7.7421556541743195,0.5476404331122539,0.41589978097823427,516,students03
2190,87.6,110,119,1.131706954502554,0.41683588611391414,21.6123484850791,0.5602784502448048,0.4132270394453494,516,students03
1950,78.0,110,236,2.902725042335299,0.1612858632028597,3.1852003609680124,0.8552145436231042,1.060561001770537,517,students03
1960,78.4,110,236,2.1597965453870036,0.3106256667950814,8.269053902612956,0.8169447613402706,1.0174586246829425,517,students03
1970,78.8,110,236,1.467214466028374,0.5014700677385702,19.98558730215261,0.7587606761622436,1.0433478004403203,517,students03
2100,84.0,111,104,2.7911889910834113,0.5767667565090101,11.92542478114592,1.079257119677294,0.9156032982570464,522,students03
2110,84.4,111,104,2.7061627552972927,0.473127690106553,10.068964341331307,1.0589783041227134,0.9565280966416231,522,students03
2120,84.8,111,104,2.669774681659711,0.21092156588336308,4.531289662913308,0.8600903036296456,0.9837827466930886,522,students03
2130,85.2,111,104,2.772989687922907,0.19761326793480963,4.086568271107789,0.6877032122685287,0.9837827466906881,522,students03
2140,85.6,111,104,2.8812767951441165,0.3258129047709327,6.492857216798929,0.6877032122691297,0.9835301830986773,522,students03
2150,86.0,111,104,2.994273349329066,0.1798345181747909,3.4432272194402285,0.66544919817528,0.9833612085757737,522,students03
2180,87.2,111,106,1.9716880010969016,0.576975560984543,17.015491303182788,0.6368302950273235,0.8204702341528726,523,students03
2190,87.6,111,106,1.9984297425424706,0.5746936656971589,16.712687658412296,0.6859584432041366,0.8204765797174657,523,students03
2200,88.0,111,106,1.999576332378281,0.5978468919384188,17.396757041107183,0.7423759334646464,0.8204830336975356,523,students03
2160,86.4,111,107,1.699365597053721,0.33193436313055985,11.263908441393038,0.6397825453247188,0.6475150921161997,524,students03
2170,86.8,111,107,1.6963978300283256,0.036382360811640924,1.2289072314071479,0.6368302950348591,0.7329569699558433,524,students03
2180,87.2,111,107,1.7133836303857912,0.0957041365111111,3.2020257414244995,0.6368302950273235,0.7501710955236159,524,students03
2190,87.6,111,107,1.7403813543338296,0.1360859637505903,4.484717570306634,0.6859584432041366,0.7499096273525121,524,students03
2200,88.0,111,107,1.7332296136924354,0.1530418116155164,5.065736435965666,0.7423759334646464,0.749648160308965,524,students03
1900,76.0,111,108,2.8716160816785274,0.2863753373032084,5.723403630701308,1.0447552196440573,0.9778924062114244,525,students03
1910,76.4,111,108,2.8208228938709508,0.29158344938790437,5.933161027453799,1.0853734572745535,0.9559196395659928,525,students03
1920,76.8,111,108,2.7596044061211633,0.18449576375661217,3.833418736299371,1.1141730537526766,0.9249544802721215,525,students03
1930,77.2,111,108,2.6644058347898416,0.09197293259551631,1.9781926190104884,1.1747325451061925,0.9156727011635241,525,students03
1940,77.6,111,108,2.5491955078372426,0.19865603910125212,4.469529564700917,1.2033109737695256,0.9159284854523693,525,students03
1950,78.0,111,108,2.4339535976991677,0.09394581708946009,2.212053777589943,1.1303791817870514,0.8348685784620389,525,students03
1960,78.4,111,108,2.3118565252951253,0.10908664621105729,2.7045476341118424,1.0136510629238145,0.7344821092724586,525,students03
1970,78.8,111,108,2.211637300578793,0.22151296428585796,5.748263565313454,0.9693426094215569,0.7146397465051122,525,students03
1980,79.2,111,108,2.1120097680351226,0.2917567306573017,7.940331711815907,1.000209965087255,0.7145938538882798,525,students03
1990,79.6,111,108,1.9911680762269492,0.40523428576044207,11.742632755121084,1.0631139360481245,0.7252888139976785,525,students03
2000,80.0,111,108,1.858908664726851,0.48040046229731,14.977010294564684,1.0950632333829051,0.7361217441799062,525,students03
2010,80.4,111,108,1.7301056732807658,0.5233535454887428,17.60770211597674,1.0950632333829247,0.7361217441799186,525,students03
2020,80.8,111,108,1.6054494971598603,0.5764434564203661,21.042125307315022,1.103621420100336,0.7634488980669065,525,students03
1930,77.2,111,109,2.5041904855665753,0.5494645099702434,12.674852629537922,1.1747325451061925,0.8027192668346,526,students03
1940,77.6,111,109,2.3547610987363337,0.4321031829851464,10.573803596446753,1.2033109737695256,0.8702995222337675,526,students03
1950,78.0,111,109,2.2418705282384015,0.529203376231234,13.653783498505478,1.1303791817870514,0.9120602570108503,526,students03
2190,87.6,113,108,1.4215673635724362,0.5097316590174074,21.012411544062644,1.173504904845122,0.8986408892919209,532,students03
2200,88.0,113,108,1.3708890173124015,0.4809318563301954,20.537325146074977,1.0250671422516358,0.9912929669052337,532,students03
2210,88.4,113,108,1.3866308637067402,0.32191161316866135,13.423907724023419,0.9679061962453007,1.120580556535646,532,students03
2220,88.8,113,108,1.41231416885541,0.38952984099680465,16.010268315876967,0.9217611103949467,1.1205805565273304,532,students03
2190,87.6,113,109,1.2450091683292321,0.07358080929546204,3.388190268235042,1.173504904845122,0.8546128350498978,533,students03
2200,88.0,113,109,1.1537172149095658,0.16589094122125442,8.267113816086846,1.0250671422516358,0.8383632954792212,533,students03
2210,88.4,113,109,1.1058321043053845,0.2745573607375558,14.375827818719122,0.9679061962453007,0.8234474812798276,533,students03
2220,88.8,113,109,1.0631167218773,0.21884403056486634,11.879341801419056,0.9217611103949467,0.8213836130738306,533,students03
2230,89.2,113,109,1.0338941180639893,0.023331180806726276,1.2930643964778294,0.8876759023178062,0.8211213885202547,533,students03
2240,89.6,113,109,1.0077462190744395,0.040957187383106664,2.329277405383452,0.8922598591316157,0.8208591645212528,533,students03
2120,84.8,115,233,2.3618989286491407,0.5162686257679008,12.625761529804462,0.8668076238891258,0.9214409683627647,541,students03
2130,85.2,115,233,1.690563011095936,0.31485059652666847,10.733440560244908,0.7990038686626967,0.8300178351622354,541,students03
2140,85.6,115,233,1.1024205789779788,0.3346219938295033,17.669980239757518,0.7926875712538715,0.5582683481200439,541,students03
2440,97.6,116,114,0.7656981742510581,0.07163218694730256,5.367953635053745,0.26183804765208846,0.5274185326867659,543,students03
2450,98.0,116,114,0.8511254782143352,0.14119576017292823,9.549114656325639,0.29869031952359754,0.5274185326867563,543,students03
2460,98.4,116,114,0.9377862813862607,0.12164204649886068,7.4529448212856675,0.29869031951286806,0.5276559354148572,543,students03
2470,98.8,116,114,1.0258004603912558,0.2018823574473071,11.35016878210666,0.33084679407700773,0.527655935414857,543,students03
2480,99.2,116,114,1.0921965020930127,0.3985744443949987,21.403228357705395,0.42186557323944096,0.503611305247381,543,students03
2490,99.6,116,114,1.095566185512078,0.4738043535534664,25.62469601705141,0.481030292399757,0.4825706067994605,543,students03
2500,100.0,116,114,1.0859987051374667,0.4540596354975769,24.714898279620176,0.4810871810439817,0.4795296652880438,543,students03
2510,100.4,116,114,1.0766889226825884,0.4038470158919687,22.02940292144875,0.4791507659806885,0.47926770203207786,543,students03
2520,100.8,116,114,1.0644560121307354,0.3089610125095852,16.87307308511347,0.4767041372850093,0.47952966528939067,543,students03
2530,101.2,116,114,1.050802360309817,0.2331024089642204,12.81670382918024,0.4759514162907232,0.4795296652892969,543,students03
2540,101.6,116,114,1.0385869665344583,0.19022510757000227,10.553736020429344,0.47620125123963836,0.47926770203199315,543,students03
2280,91.2,117,246,2.62829411936167,0.5501053778426939,12.08140983410427,0.7148279860951583,1.0536345906606384,546,students03
2290,91.6,117,246,1.919764284675612,0.5590615005466651,16.930627456255213,0.8032196771406529,1.0451619933471488,546,students03
2300,92.0,117,246,1.2164201851322178,0.5628316203736587,27.56115251955214,0.8473634838204652,1.0369110388468568,546,students03
2330,93.2,122,121,2.8144449407069154,0.4922816274342841,10.073566743356475,1.0727689336582005,1.3716349116711055,552,students03
2340,93.6,122,121,2.819939423813377,0.27226086929195836,5.540451005054201,1.1666828025549527,0.9817646331381454,552,students03
2350,94.0,122,121,2.657850539587377,0.21522155897523798,4.644656623836927,1.1860375575692326,0.7872863854669367,552,students03
2340,93.6,122,123,1.6459147095930942,0.563520681649597,20.021661577358213,1.1666828025549527,1.4449158201234342,553,students03
2350,94.0,122,123,1.6701427841621468,0.38868550615403724,13.457611012142532,1.1860375575692326,1.2152105220574343,553,students03
2360,94.4,122,123,1.6245648639292543,0.4670478577355578,16.707808285830524,1.1558322105357672,1.0499676790358172,553,students03
2370,94.8,122,123,1.611465457546549,0.5826576912729354,21.196651241120467,1.1193550621819832,0.9773747808703045,553,students03
2440,97.6,122,124,0.9168912618533274,0.17130270604202769,10.767838497494848,0.7552974970619956,1.1022109577394708,554,students03
2450,98.0,122,124,0.8552798492907998,0.14332673965999998,9.647072986093965,0.8024935765249896,1.0517766802920903,554,students03
2460,98.4,122,124,0.9018057743037928,0.25050383200092635,16.127767568972523,0.7641919782247852,1.026791504318858,554,students03
2470,98.8,122,124,0.9817339594372317,0.08148931053857761,4.761342630774716,0.8597423928594711,1.0044698496225901,554,students03
2480,99.2,122,124,0.9952386163046013,0.3165338023056842,18.54492635943187,0.9767890234737245,0.9368822041730519,554,students03
2490,99.6,122,124,0.9888588018005726,0.3829386379348127,22.78368697060949,0.9560185971604495,0.8963563848338401,554,students03
2500,100.0,122,124,0.9955055268828116,0.37134914976469113,21.90234172978145,0.9094914012425329,0.8963563847498847,554,students03
2510,100.4,122,124,1.0089118855796602,0.3473970352170655,20.140805409727093,0.8856084670237706,0.8628029867569618,554,students03
2520,100.8,122,124,1.0137682798280268,0.3640784601370878,21.047009581059566,0.8223347381780202,0.8264031736434779,554,students03
2530,101.2,122,124,1.0469903253317157,0.23593221482827176,13.02306399705408,0.7137563606622055,0.818216570788317,554,students03
2540,101.6,122,124,1.1039671649295164,0.10417916658517318,5.414945106626763,0.6719107300414949,0.7887965188069161,554,students03
2550,102.0,122,124,1.1323893639298075,0.11946365674622117,6.055800383088334,0.6927528582952894,0.716151181146587,554,students03
2560,102.4,122,124,1.087165254992969,0.26391055950239123,14.048969476686377,0.825623698854893,0.6940723169828849,554,students03
2570,102.8,122,124,0.9782076632837556,0.37778821460349665,22.718538303022545,0.9565898722206049,0.7181623096638364,554,students03
2580,103.2,122,124,0.8891493883580235,0.35413088768801115,23.470729890322552,0.9567871937432176,0.7665458764815652,554,students03
2590,103.6,122,124,0.8197892846513332,0.4052302162197572,29.62427530813543,1.022370366666466,0.7908269954658113,554,students03
2520,100.8,122,324,2.759962599446705,0.3853438068055979,8.025812367136755,0.8223347381780202,0.6053412660539105,555,students03
2530,101.2,122,324,2.3018756603754995,0.0943519146779016,2.349163123124726,0.7137563606622055,0.6613241501689163,555,students03
2540,101.6,122,324,1.9244880247914948,0.08150025406619799,2.4271481233130277,0.6719107300414949,0.6898434953778056,555,students03
2550,102.0,122,324,1.5865701346617085,0.42652035428094426,15.594758317046885,0.6927528582952894,0.5553580405194791,555,students03
2530,101.2,122,325,2.6862887369682666,0.48300561649424667,10.358346963362855,0.7137563606622055,0.4316113882417357,556,students03
2540,101.6,122,325,2.350752966371211,0.3104960919921891,7.590016589505335,0.6719107300414949,0.40272238596731275,556,students03
2550,102.0,122,325,2.029619148032302,0.563228576461303,16.111325582411325,0.6927528582952894,0.36272432929718,556,students03
2220,88.8,123,120,2.3767988965226787,0.23474403068309335,5.668045718222194,1.4892683907352262,1.3619773109156517,557,students03
2230,89.2,123,120,2.2739320738319444,0.03734506899773704,0.9410180112487755,1.4896460333634574,1.353068556130662,557,students03
2240,89.6,123,120,2.187312447996754,0.16005537177192075,4.196337375196942,1.489646033471386,1.3530223486263386,557,students03
2250,90.0,123,120,2.120107985879912,0.07685078137201473,2.0773424271037477,1.5877330870941377,1.3863246990597133,557,students03
2260,90.4,123,120,1.967268512734668,0.03701644362747081,1.0781503124152132,1.7107322461433403,1.5112741929521154,557,students03
2270,90.8,123,120,1.8608603796529313,0.290555950843205,8.982956247085756,1.662230767836478,1.59847503453457,557,students03
2280,91.2,123,120,1.838517788392566,0.4161313951714619,13.08172841466795,1.591057319260678,1.5951837741204753,557,students03
2290,91.6,123,120,1.8639982709766034,0.5855823438167889,18.30974363636316,1.5664749790346555,1.5655857220241158,557,students03
2300,92.0,123,120,1.8944934869815309,0.5055638393631203,15.477481911224857,1.5799918946061364,1.5418538612544956,557,students03
2310,92.4,123,120,1.8618926273872742,0.2505411425632442,7.733328857100811,1.626341020337793,1.4980659386467718,557,students03
2320,92.8,123,120,1.7809582825725756,0.25250372990710357,8.150842887910931,1.5862372916291785,1.4522093789811379,557,students03
2330,93.2,123,120,1.7226768340655283,0.4163553061724777,13.986359874916818,1.5045629256397408,1.4684442119915038,557,students03
2240,89.6,124,121,2.603329594504777,0.06107483402117611,1.3442982045140275,1.2455237861363135,1.5674088119043115,561,students03
2250,90.0,124,121,2.722926203520831,0.04290269945691737,0.9027954280971963,1.245796201764902,1.4941197858102142,561,students03
2260,90.4,124,121,2.801732853086243,0.053856746152000444,1.1014448854646064,1.246068684804931,1.4617463864012645,561,students03
2270,90.8,124,121,2.876757261786598,0.11109238670656775,2.213154402316199,1.2404296367183836,1.4635695640768063,561,students03
2280,91.2,124,121,2.960016878241402,0.10939449071535436,2.117984652149229,1.2352548595209363,1.4978590032969226,561,students03
2270,90.8,124,122,1.506596704442688,0.5756442367704294,22.46273735094805,1.2404296367183836,1.0503269113423341,562,students03
2280,91.2,124,122,1.3941259646780477,0.5373834332047741,22.672462665361508,1.2352548595209363,1.0558304887279872,562,students03
2290,91.6,124,122,1.2962746888093046,0.47550704808120464,21.519991125117098,1.234323779147615,1.0586068692763346,562,students03
2300,92.0,124,122,1.1995048546973557,0.4250475697945819,20.753767143114175,1.2005424117128578,1.036597474323735,562,students03
2310,92.4,124,122,1.1373591422268048,0.446184418256303,23.097601862106142,1.1452046080051386,1.0087488789627401,562,students03
2320,92.8,124,122,1.0980034792089535,0.4740148597235158,25.575885816598994,1.1231703600911127,1.001234436359633,562,students03
2330,93.2,124,122,1.0598018855372013,0.5120754074763779,28.893320153602396,1.1119540273968034,1.0727689336582005,562,students03
2500,100.0,124,324,2.889830458232966,0.16437868856771565,3.2608457369052677,0.8963563847498847,0.5249280781298213,564,students03
2510,100.4,124,324,2.322073565347591,0.2524070359888475,6.240323102469374,0.8628029867569618,0.5842224717274224,564,students03
2520,100.8,124,324,1.7869202228011556,0.3888508439124735,12.568667026380867,0.8264031736434779,0.6053412660539105,564,students03
2530,101.2,124,324,1.2876869988243411,0.24617695568504622,11.021517633594893,0.818216570788317,0.6613241501689163,564,students03
2540,101.6,124,324,0.8240330800435796,0.05776552351678926,4.019786988430266,0.7887965188069161,0.6898434953778056,564,students03
2510,100.4,124,325,2.5956775274525175,0.2916424864563516,6.451203014062819,0.8628029867569618,0.4893977077633207,565,students03
2520,100.8,124,325,2.1043508670985998,0.07646264922123458,2.082329399498427,0.8264031736434779,0.478917679255604,565,students03
2530,101.2,124,325,1.6411525428239089,0.11304092747346739,3.949602585216259,0.818216570788317,0.4316113882417357,565,students03
2540,101.6,124,325,1.248284554217055,0.32540237212735323,15.110393575867331,0.7887965188069161,0.40272238596731275,565,students03
2280,91.2,127,124,1.7838483954486437,0.5046167205256904,16.432224044905983,1.0616254715120634,1.2352548595209363,567,students03
2290,91.6,127,124,1.8606923064106586,0.547535090474299,17.11341946645015,1.0616254713881434,1.234323779147615,567,students03
2300,92.0,127,124,1.9376132582859553,0.5906622326587203,17.748544612456566,1.061625471389776,1.2005424117128578,567,students03
2310,92.4,127,124,1.9842905162816036,0.45796612142972437,13.343934398589196,1.0191998689940638,1.1452046080051386,567,students03
2320,92.8,127,124,2.026059005909798,0.13998898250637876,3.9619643277478045,0.9712246288554065,1.1231703600911127,567,students03
2330,93.2,127,124,2.079148814942573,0.04463604384552422,1.2301444712738172,0.9602092572532354,1.1119540273968034,567,students03
2340,93.6,127,124,2.124027965836028,0.10274249514900205,2.772566788413092,0.9780525981606943,1.0799815587017358,567,students03
2350,94.0,127,124,2.1314988107921278,0.12939184123648648,3.480258675160207,1.0164072349895672,1.0638186004159984,567,students03
2360,94.4,127,124,2.1307605846561826,0.19856495336000002,5.347135374921139,1.0368037463750053,1.07451521121212,567,students03
2370,94.8,127,124,2.133784784453984,0.37396053715043476,10.093609275616956,1.030805757726082,1.1161213990386738,567,students03
2380,95.2,127,124,2.1617582771263777,0.4029326390331836,10.742251034154442,0.9758181093780827,1.146345221873977,567,students03
2390,95.6,127,124,2.2312209782471517,0.34626547468075947,8.92787534647562,0.9368736273104711,1.1040279866390172,567,students03
2400,96.0,127,124,2.2878508587438584,0.4543060341202202,11.453540337739657,0.9368736273104544,1.0582948170609172,567,students03
2410,96.4,127,124,2.341964139560878,0.4256671846928288,10.472087196461999,0.9146424629565532,1.0572503132838336,567,students03
2420,96.8,127,124,2.413540480926653,0.3213212234770293,7.650658312391525,0.8875167107571428,1.0930733121775822,567,students03
2430,97.2,127,124,2.508571318138912,0.40147611318925047,9.209318840791314,0.88051966562187,1.1280181261449573,567,students03
2440,97.6,127,124,2.6097500217144147,0.4620534682257633,10.197915709619476,0.8540738658745283,1.1022109577394708,567,students03
2450,98.0,127,124,2.712442797084759,0.450296668687007,9.555998977125311,0.822365810378753,1.0517766802920903,567,students03
2460,98.4,127,124,2.8013294241665276,0.4989391469487334,10.259574801753214,0.8163090266193204,1.026791504318858,567,students03
2470,98.8,127,124,2.8912344445113187,0.37781742968563403,7.508707024807541,0.7509062671162331,1.0044698496225901,567,students03
2500,100.0,127,251,1.6755719475532709,0.5648022039257093,19.69908636773404,0.6134905953765026,0.5852474388456969,569,students03
2510,100.4,127,251,1.2957410270056469,0.5553791697496475,25.379947677173455,0.5647141758405823,0.627422895426805,569,students03
2520,100.8,127,251,0.9533323280616466,0.3433208179351267,21.108002600922777,0.5442327478797451,0.7438416926957095,569,students03
2530,101.2,127,251,0.6574037976368878,0.045045599966062666,3.9290108240565393,0.5442327478899291,0.775720255178972,569,students03
2610,104.4,127,324,1.648375491440581,0.5996698412580478,21.333409392734968,0.5582408181227564,0.29838537988364106,571,students03
2620,104.8,127,324,1.3092384200119254,0.5018183253394688,22.53763802274673,0.5510514868201659,0.3341237196250031,571,students03
2630,105.2,127,324,0.9754307653673617,0.44563015708798226,27.18433433898432,0.5507809799735618,0.3929067030852495,571,students03
2290,91.6,128,124,2.1874951029306864,0.4086374600250929,10.766451040205268,1.0903640119772728,1.234323779147615,575,students03
2300,92.0,128,124,2.2429318946135726,0.4024016864181558,10.335325115909086,1.0903808667833645,1.2005424117128578,575,students03
2310,92.4,128,124,2.2754121608539326,0.4651547945014762,11.795935412324187,1.0784790543766407,1.1452046080051386,575,students03
2320,92.8,128,124,2.3056683727806924,0.5958862316094558,14.977756543726676,1.0597000574461002,1.1231703600911127,575,students03
2480,99.2,128,251,2.761608090223912,0.45810248721477465,9.548505213327305,0.7822930665808618,0.9814375600405987,578,students03
2490,99.6,128,251,2.272678623213998,0.2941631821933711,7.436919558503682,0.6597623544519929,0.8089504723937399,578,students03
2500,100.0,128,251,1.916974067194135,0.11867399838115533,3.5492759276370123,0.5937629687293541,0.5852474388456969,578,students03
2510,100.4,128,251,1.6036335243498896,0.17597129128220246,6.299916291045783,0.5652989173548902,0.627422895426805,578,students03
2520,100.8,128,251,1.4112082772069316,0.19570552303229394,7.971436266587016,0.520881502965937,0.7438416926957095,578,students03
2530,101.2,128,251,1.303550875401862,0.3450833191112771,15.350649982881233,0.5060356155806286,0.775720255178972,578,students03
2490,99.6,128,252,2.8904193864357453,0.1188197127064019,2.3559857656892933,0.6597623544519929,0.9942683031432914,579,students03
2500,100.0,128,252,2.4183412290195236,0.262697720847086,6.2361877300312765,0.5937629687293541,0.8276140184571521,579,students03
2510,100.4,128,252,2.0674493922306323,0.19401093991530227,5.384599891245716,0.5652989173548902,0.5890171432143382,579,students03
2520,100.8,128,252,1.7800583158994172,0.3342778337164043,10.823861504347782,0.520881502965937,0.5288070529171778,579,students03
2530,101.2,128,252,1.5513290517995286,0.30689243189939375,11.409828409923623,0.5060356155806286,0.5144893793836586,579,students03
2540,101.6,128,252,1.3459963179359067,0.08066725111118223,3.43586697710331,0.4839928197038339,0.5489146073393742,579,students03
2550,102.0,128,252,1.2086136684248503,0.23962118882019895,11.43529677101977,0.4113434126194275,0.743267699641611,579,students03
2590,103.6,129,133,1.468803787937262,0.46949205100077085,18.64130355808344,0.32897749941583976,0.490619755245885,588,students03
2600,104.0,129,133,1.428259896390597,0.13205692474400624,5.305145572828037,0.31412226320603065,0.4558320877322748,588,students03
2610,104.4,129,133,1.3477959087010738,0.20288836568000365,8.657841921332633,0.3066778426250014,0.42675987162703416,588,students03
2620,104.8,129,133,1.265761371570594,0.3723127789299961,17.106057071569005,0.30697616737500155,0.42382411451250146,588,students03
2630,105.2,129,133,1.2144812926610336,0.03017053226174321,1.4235065018475999,0.3808605497715433,0.41935268594430575,588,students03
2640,105.6,129,133,1.0966495374909464,0.3355391787732202,17.8163838567857,0.5755770281312571,0.3726380201963489,588,students03
2650,106.0,129,133,0.919842411822725,0.31509862298982266,20.0327481121636,0.6429447760502429,0.3311302075690717,588,students03
2660,106.4,129,133,0.7439835873944783,0.35019077135224697,28.079543605727608,0.5662011831428903,0.33140838374017945,588,students03
2460,98.4,130,122,2.9151310689481615,0.23278835562721278,4.580242305854918,0.7958547040614634,0.7641919782247852,593,students03
2470,98.8,130,122,2.837462238994319,0.0034328942501111737,0.06931912512697226,0.7624286318499373,0.8597423928594711,593,students03
2480,99.2,130,122,2.922720250682843,0.5366503473328292,10.580296239529229,0.7518029667797985,0.9767890234737245,593,students03
2740,109.6,130,134,1.4131932612129543,0.4225273231114114,17.396808804424996,0.6167088338413284,0.9105759011892244,597,students03
2750,110.0,130,134,1.3358610010874503,0.18305729716506278,7.876206015535458,0.6118446524323845,0.910372437284041,597,students03
2760,110.4,130,134,1.319608291350947,0.14751948584715155,6.4185322806477885,0.5980720541143484,0.9101800335999973,597,students03
2770,110.8,130,134,1.3558984361186646,0.14593515326326448,6.178705091475803,0.6007930699993297,0.9055050741540022,597,students03
2780,111.2,130,134,1.414613167181566,0.04384508929732889,1.776132879952298,0.6007930699993299,0.8581340354868906,597,students03
2790,111.6,130,134,1.4501729060762565,0.10604126628360344,4.193392755848991,0.5200810082718972,0.8188592831852356,597,students03
2800,112.0,130,134,1.5610043520017665,0.5032136038650559,18.80602741399084,0.479921521014535,0.8186871625236158,597,students03
2810,112.4,130,134,1.6761202638145722,0.46328830992664427,16.04577075597646,0.4799215210145437,0.8184722759731516,597,students03
2820,112.8,130,134,1.7943862238261292,0.4010397523373096,12.914506011050499,0.5288047290583235,0.8186444418046693,597,students03
2830,113.2,130,134,1.8764519063074458,0.299082555023542,9.171333240841625,0.6915387841224991,0.8188592832471486,597,students03
2520,100.8,130,251,1.6019624315700274,0.4497899363945667,16.30642486595613,0.6478535509002763,0.7438416926957095,598,students03
2530,101.2,130,251,1.1797873577094629,0.14109973386173869,6.868879380705144,0.6132369921608174,0.775720255178972,598,students03
2540,101.6,130,251,0.8676532429162678,0.24465141250327266,16.377762549193,0.5297845861947245,0.8077967167546863,598,students03
2530,101.2,130,252,1.829935921687462,0.5453309555244646,17.337847691403788,0.6132369921608174,0.5144893793836586,599,students03
2540,101.6,130,252,1.4681504832312526,0.2376017189055828,9.3135640495999,0.5297845861947245,0.5489146073393742,599,students03
2550,102.0,130,252,1.1507754775452246,0.05531985154720265,2.7553733271460152,0.48177197026828716,0.743267699641611,599,students03
2480,99.2,130,322,0.6035852551061688,0.14669973771248251,14.066461719679939,0.7518029667797985,0.8017024916288477,600,students03
2490,99.6,130,322,0.5922262316363266,0.03307808100823462,3.2018528240229376,0.7524545338281238,0.7796435993498388,600,students03
2500,100.0,130,322,0.5974815616620821,0.0055046583651675585,0.527879309135421,0.7312481849806669,0.7693706705837898,600,students03
2510,100.4,130,322,0.620789105058847,0.027879477629064398,2.574004331112274,0.6789765783788831,0.7267338102517066,600,students03
2520,100.8,130,322,0.6350868435374736,0.017948722104990822,1.619499734076484,0.6478535509002763,0.6921308054932718,600,students03
2530,101.2,130,322,0.642302425942354,0.1468321274538939,13.214826185404394,0.6132369921608174,0.5737703432227513,600,students03
2540,101.6,130,322,0.6063209931602521,0.15237881170326617,14.555462921457996,0.5297845861947245,0.5275506161862575,600,students03
2550,102.0,130,322,0.5989895781666278,0.11847275926390816,11.407618335432208,0.48177197026828716,0.5461683096779962,600,students03
2560,102.4,130,322,0.599995286916423,0.03279434135554543,3.1332149006273484,0.4817719702570543,0.5790672370375389,600,students03
2570,102.8,130,322,0.6336000955758192,0.048917662558087244,4.427978411197727,0.47800454836012124,0.6404943675175514,600,students03
2580,103.2,130,322,0.7110400165771373,0.1299374280473477,10.529559812506632,0.47417214966020377,0.6772834145797539,600,students03
2590,103.6,130,322,0.7960683801669959,0.21692165528373936,15.812563721783855,0.4744109587564505,0.7360985956092831,600,students03
2600,104.0,130,322,0.9330109086817894,0.3249831693865539,20.384384184478524,0.48803540239401005,0.8160147025137632,600,students03
2610,104.4,130,322,1.0695799872695582,0.36928664112643916,20.197865126958266,0.5127422651705451,0.8593144825708315,600,students03
2720,108.8,130,326,0.8733808254951015,0.3914881549844931,26.63110882080743,0.334033318509702,0.6145693211642732,602,students03
2730,109.2,130,326,0.9554154731968905,0.04200244135259745,2.51967709895027,0.5054369705771556,0.566403458315519,602,students03
2740,109.6,130,326,0.9215361270995996,0.21253450130953971,13.334205199338042,0.6167088338413284,0.4887818988716289,602,students03
2750,110.0,130,326,0.8654675052189256,0.21216674581154804,14.190519995230316,0.6118446524323845,0.45866839952580957,602,students03
2760,110.4,130,326,0.8102983098606531,0.08523215095470763,6.03789094809076,0.5980720541143484,0.41801542186875895,602,students03
2770,110.8,130,326,0.7184967309769001,0.0725458917475984,5.79497214971742,0.6007930699993297,0.3522311581865782,602,students03
2780,111.2,130,326,0.6087549520470324,0.1176544681350037,11.143717730089406,0.6007930699993299,0.3263515931292981,602,students03
2530,101.2,131,324,2.9309147539187665,0.2681574747764288,5.249490192245197,0.8651180218952766,0.6613241501689163,605,students03
2540,101.6,131,324,2.4364457354005795,0.3456188003027715,8.155125101528235,0.8420725471323144,0.6898434953778056,605,students03
2550,102.0,131,324,1.9817600802239268,0.31829442450381995,9.242419916625312,0.8149295260653165,0.5553580405194791,605,students03
2460,98.4,132,122,2.94502091468701,0.5752690705251842,11.264361667550174,0.8239507572632254,0.7641919782247852,606,students03
2470,98.8,132,122,2.8799928352965596,0.01983585193306947,0.39462583745133745,0.8506815424068962,0.8597423928594711,606,students03
2480,99.2,132,122,2.9302884339830166,0.016954069866365495,0.33150390841897187,0.8327069331081421,0.9767890234737245,606,students03
2490,99.6,132,122,2.994870386058482,0.3601313800423356,6.906496626309165,0.657554324713792,0.9560185971604495,606,students03
2510,100.4,132,252,2.7415898911288297,0.5599612039822537,11.78541615966215,0.5106805316449112,0.5890171432143382,612,students03
2520,100.8,132,252,2.4151044772733536,0.09102231685268758,2.1599189948948334,0.532820151522984,0.5288070529171778,612,students03
2530,101.2,132,252,2.094928262080838,0.19589777208352643,5.365595632600099,0.5790692582879686,0.5144893793836586,612,students03
2540,101.6,132,252,1.7941025918504603,0.006180365579112612,0.19737420006232229,0.5696613685618483,0.5489146073393742,612,students03
2550,102.0,132,252,1.5346498394983368,0.16468010211699935,6.160152821331784,0.47292636481816264,0.743267699641611,612,students03
2540,101.6,132,322,1.2029955252872206,0.5818038121120722,28.922702947733413,0.5696613685618483,0.5275506161862575,613,students03
2550,102.0,132,322,1.0992922011899597,0.4145566434480251,22.154928040347052,0.47292636481816264,0.5461683096779962,613,students03
2560,102.4,132,322,1.0587880949746542,0.20520904812189428,11.175509352847156,0.3870161439093355,0.5790672370375389,613,students03
2570,102.8,132,322,1.0579721636036121,0.03725333489230176,2.017917165368638,0.38701614390933664,0.6404943675175514,613,students03
2580,103.2,132,322,1.111938449819635,0.03761922609228818,1.9388072091575312,0.41866839789535987,0.6772834145797539,613,students03
2590,103.6,132,322,1.161721900884589,0.02874055006317744,1.417620036666327,0.5122390882353383,0.7360985956092831,613,students03
2600,104.0,132,322,1.1862201878755239,0.0715410206514639,3.457610608526518,0.5741799684775862,0.8160147025137632,613,students03
2610,104.4,132,322,1.244540866398824,0.12758554006115574,5.8840801889734315,0.5625688977597078,0.8593144825708315,613,students03
2620,104.8,132,322,1.3503263251654494,0.039473670639244784,1.6751483921901895,0.5651174968485407,0.9289036611936604,613,students03
2630,105.2,132,322,1.4860522814168808,0.11932989986000031,4.605806143784725,0.578779051475002,0.9658453511576056,613,students03
2640,105.6,132,322,1.6292829029685707,0.17365142483976678,6.118291521533029,0.6512152010143797,0.9913210485591103,613,students03
2410,96.4,133,132,0.9666690966153507,0.06713403519186723,3.982330307120043,0.9623698710273224,1.074866075623739,619,students03
2420,96.8,133,132,0.8579735435138108,0.2191785796219199,14.80088947629994,0.8171529149282678,1.0237199245426143,619,students03
2430,97.2,133,132,0.8987238864026648,0.11414449414870059,7.2966896318463474,0.8093939175373772,0.9422986047145697,619,students03
2440,97.6,133,132,0.9363717884107877,0.29849404598597024,18.588995699951397,0.8217385630299013,0.9138635219932718,619,students03
2460,98.4,133,322,1.261676707367616,0.4550746571091228,21.14260096753504,0.8714642224426554,1.1709689856233807,623,students03
2470,98.8,133,322,1.2104643591110922,0.12761851054428563,6.051905708847128,0.8969782993790777,0.9764035029814012,623,students03
2480,99.2,133,322,1.1702435262551993,0.369368997425096,18.399110205534534,0.9220242139883212,0.8017024916288477,623,students03
2490,99.6,133,322,1.1491295481209807,0.45434723344268213,23.289914243849395,0.9925658256128318,0.7796435993498388,623,students03
2500,100.0,133,322,1.0498437960285696,0.4320865512307017,24.303638100567518,1.0832731101428028,0.7693706705837898,623,students03
2510,100.4,133,322,0.9354447977080559,0.43693162290798615,27.845201053663274,1.058270396503516,0.7267338102517066,623,students03
2520,100.8,133,322,0.7838489957219503,0.3683130679479266,28.02635017891091,0.913807868626486,0.6921308054932718,623,students03
2530,101.2,133,322,0.6611931541270638,0.24534267167331358,21.781036804340477,0.8126898448303016,0.5737703432227513,623,students03
2540,101.6,133,322,0.5727823651235683,0.2747818721783814,28.667882031194473,0.656152758111379,0.5275506161862575,623,students03
2550,102.0,133,322,0.6110868335946543,0.29695529740183235,29.074480548517762,0.39811143355756085,0.5461683096779962,623,students03
2560,102.4,133,322,0.7222720828835412,0.30705828492321924,25.158783092391495,0.29776795079231505,0.5790672370375389,623,students03
2570,102.8,133,322,0.8520906458764345,0.41288982858085893,28.98370918823032,0.35499527899413474,0.6404943675175514,623,students03
2680,107.2,133,326,1.122556782243338,0.39608582323570796,20.66127846095698,0.4906814959961101,0.6387716381390531,625,students03
2690,107.6,133,326,1.1167491412363335,0.31781311893683944,16.53420765768361,0.5455445199778732,0.4113748114745674,625,students03
2700,108.0,133,326,1.0230666882446002,0.3082433629088492,17.53531145589513,0.529386566426037,0.30659872896785434,625,students03
2710,108.4,133,326,0.9521636868557202,0.1466531276917759,8.860017288009802,0.37488811604556654,0.4483012087290082,625,students03
2720,108.8,133,326,1.0810687038254352,0.14597239091842235,7.760123778859184,0.260830194960457,0.6145693211642732,625,students03
2730,109.2,133,326,1.2134168704133488,0.14242224334831827,6.7405086484628205,0.26953790502953157,0.566403458315519,625,students03
2740,109.6,133,326,1.299757709648032,0.39317655989967826,17.607814155530956,0.3669854188119236,0.4887818988716289,625,students03
2750,110.0,133,326,1.3010700523116174,0.54772454129084,24.896477885635313,0.4641205914756263,0.45866839952580957,625,students03
2760,110.4,133,326,1.302438094225347,0.5560105359539166,25.270972672061518,0.46412059160096286,0.41801542186875895,625,students03
2770,110.8,133,326,1.2691943833165635,0.4794445861134196,22.194694357860993,0.5039626101211371,0.3522311581865782,625,students03
2780,111.2,133,326,1.1743652457913205,0.33846733374051025,16.75100130580532,0.5875941784377277,0.3263515931292981,625,students03
2790,111.6,133,326,1.0407877570376383,0.2555610696612426,14.214091507184277,0.6314034868304255,0.3263515931292981,625,students03
2800,112.0,133,326,0.9071528228166449,0.15578952213714228,9.88868737665081,0.6300727558092393,0.2757959868551702,625,students03
2340,93.6,134,129,1.8730577073642933,0.021956701579999738,0.6716585085424884,1.1665028699999846,1.05982668834082,630,students03
2350,94.0,134,129,1.805026214739567,0.12123917825999975,3.851316374984753,1.1667659514999862,0.9778578668571819,630,students03
2360,94.4,134,129,1.7091680460052878,0.1670875214172564,5.610170691783439,1.1420330090903008,0.8504968288868405,630,students03
2370,94.8,134,129,1.5595367214119489,0.06002460001611454,2.2057870681038367,1.0721383979575079,0.7802145982916018,630,students03
2380,95.2,134,129,1.4574678014144358,0.020647808335478024,0.8117310371527143,1.0989034796064607,0.9260818973407121,630,students03
2390,95.6,134,129,1.4183250482380527,0.06643895780836612,2.6849031652022024,1.2582422655945815,1.0641692711555926,630,students03
2400,96.0,134,129,1.303948221196029,0.13711917706448257,6.036207389081417,1.355222713616262,1.0388114844096177,630,students03
2410,96.4,134,129,1.1670126397405514,0.11303710247382859,5.558396484209152,1.2557267749003937,1.0068059549184354,630,students03
2420,96.8,134,129,1.094755755661554,0.049820909704924976,2.608357224810869,1.1317248414307748,0.9980799900136167,630,students03
2430,97.2,134,129,1.0455613518826397,0.011704885753425015,0.6414301378525379,1.106697195009356,0.9220866735328708,630,students03
2440,97.6,134,129,0.9430340728012009,0.11924470904530901,7.264379760755032,0.9194255122098612,0.8203561165342964,630,students03
2450,98.0,134,129,0.9737124994561638,0.33343264015633645,20.02525949381222,0.7480487306594487,0.7921067123790231,630,students03
2460,98.4,134,129,1.0084631875083911,0.41810149621226556,24.493670760416897,0.7500028400182974,0.852398887965477,630,students03
2470,98.8,134,130,1.5098216139058176,0.5720450303062173,22.264481053065538,0.7641142297875108,0.7624286318499373,631,students03
2480,99.2,134,130,1.4894905705192945,0.4419283290972663,17.25936293246101,0.7797983265643738,0.7518029667797985,631,students03
2490,99.6,134,130,1.4740580589679564,0.43101725086857545,17.00180398733442,0.7762866049476035,0.7524545338281238,631,students03
2500,100.0,134,130,1.4620058197661634,0.44021383245218404,17.523843110327476,0.7593737572975433,0.7312481849806669,631,students03
2510,100.4,134,130,1.4481364608641947,0.4581812259456262,18.4449695804814,0.7460949411623343,0.6789765783788831,631,students03
2520,100.8,134,130,1.4133498447013315,0.46574667987742696,19.240487289359226,0.7460949411623373,0.6478535509002763,631,students03
2530,101.2,134,130,1.3786560466125666,0.4585400031041338,19.42661711858425,0.7281719826815433,0.6132369921608174,631,students03
2540,101.6,134,130,1.3249648158849634,0.3642069468264421,15.954890881982644,0.6405774257900234,0.5297845861947245,631,students03
2550,102.0,134,130,1.2711566226491324,0.22503526227726867,10.196923420883438,0.5728648685220066,0.48177197026828716,631,students03
2560,102.4,134,130,1.218968899200964,0.14316987169364548,6.745051023142588,0.5718182965304257,0.4817719702570543,631,students03
2570,102.8,134,130,1.168565812638376,0.18502198845272366,9.110123878254987,0.577852961671713,0.47800454836012124,631,students03
2580,103.2,134,130,1.1263153405246336,0.5306156600736938,28.10621401458706,0.6075067633471545,0.47417214966020377,631,students03
2410,96.4,134,131,2.819343073273037,0.4516906055866481,9.219160762719284,1.2557267749003937,1.4611973036257049,632,students03
2420,96.8,134,131,2.8815892795057714,0.2679541456512363,5.33554645323998,1.1317248414307748,1.385149426541019,632,students03
2430,97.2,134,131,2.902290554090778,0.03892466105603182,0.7684570586536213,1.106697195009356,1.3216160591889294,632,students03
2440,97.6,134,131,2.941553781264527,0.12477771536561633,2.431158074161904,0.9194255122098612,1.2996160988873569,632,students03
2450,98.0,134,132,1.2687630840175814,0.2923034033213994,13.319712452214215,0.7480487306594487,0.8782089553242803,633,students03
2460,98.4,134,132,1.2607813775749745,0.1388271996836658,6.321773774463333,0.7500028400182974,0.8239507572632254,633,students03
2470,98.8,134,132,1.301396676124789,0.04256507890990535,1.8743204537087523,0.7641142297875108,0.8506815424068962,633,students03
2480,99.2,134,132,1.3300188683258805,0.07664791077620126,3.3037398060899914,0.7797983265643738,0.8327069331081421,633,students03
2490,99.6,134,132,1.3446655877396456,0.10165466099891796,4.335609732781673,0.7762866049476035,0.657554324713792,633,students03
2500,100.0,134,132,1.2356434296420737,0.1501255304970956,6.978439340379641,0.7593737572975433,0.5105489949632459,633,students03
2510,100.4,134,132,1.1410244139442662,0.19755175872008718,9.970170197971427,0.7460949411623343,0.5106805316449112,633,students03
2520,100.8,134,132,1.0531951267183974,0.25116213055577535,13.796630794723043,0.7460949411623373,0.532820151522984,633,students03
2530,101.2,134,132,0.9765371424718963,0.22439412524315006,13.284446564655243,0.7281719826815433,0.5790692582879686,633,students03
2540,101.6,134,132,0.9158204254561562,0.2503997741686954,15.867628404085627,0.6405774257900234,0.5696613685618483,633,students03
2550,102.0,134,132,0.9088082304205342,0.30209675044008966,19.41510519186697,0.5728648685220066,0.47292636481816264,633,students03
2560,102.4,134,132,0.8320660088431108,0.30289002102034557,21.347384264078094,0.5718182965304257,0.3870161439093355,633,students03
2560,102.4,134,133,1.425712440835287,0.5399821254342559,22.25599567922553,0.5718182965304257,0.29776795079231505,634,students03
2570,102.8,134,133,1.2945587938583456,0.20336424629379668,9.03811944193494,0.577852961671713,0.35499527899413474,634,students03
2580,103.2,134,133,1.1832146058882953,0.1556228830497065,7.557753552130222,0.6075067633471545,0.45158980095669315,634,students03
2590,103.6,134,133,1.1162000872004814,0.2817033720520241,14.618223065044658,0.6078829678074008,0.490619755245885,634,students03
2600,104.0,134,133,1.0680015186724008,0.2753929858890827,14.943015214831565,0.5910604969184694,0.4558320877322748,634,students03
2610,104.4,134,133,0.9846855503688267,0.19476128662659314,11.407773600534798,0.5852284826122162,0.42675987162703416,634,students03
2620,104.8,134,133,0.8967537183638926,0.2586695115801745,16.765242675723513,0.5879051383871058,0.42382411451250146,634,students03
2630,105.2,134,133,0.8337842094595026,0.37921498615928817,27.052832635291576,0.5880896451778032,0.41935268594430575,634,students03
2520,100.8,134,251,2.884881621850325,0.06044368506104747,1.200541974975429,0.7460949411623373,0.7438416926957095,635,students03
2530,101.2,134,251,2.489074726816223,0.3065605909044862,7.074653086345453,0.7281719826815433,0.775720255178972,635,students03
2540,101.6,134,251,2.1868472425275427,0.4767352043724048,12.591657740942924,0.6405774257900234,0.8077967167546863,635,students03
2540,101.6,134,252,2.670012196698905,0.09530897138116057,2.045669373215294,0.6405774257900234,0.5489146073393742,636,students03
2550,102.0,134,252,2.3703485855197237,0.04410788030249457,1.0662318905759842,0.5728648685220066,0.743267699641611,636,students03
2560,102.4,134,252,2.136664107912042,0.26802033144916415,7.206089861578487,0.5718182965304257,0.9050390357400578,636,students03
2570,102.8,134,252,1.9732100730559496,0.1866466067615431,5.427741702786402,0.577852961671713,0.8346260445699089,636,students03
2580,103.2,134,252,1.7099537080155682,0.12809759676632948,4.296217952821874,0.6075067633471545,0.7983488130057909,636,students03
2590,103.6,134,252,1.4786474574456074,0.44368316472700675,17.46121537249103,0.6078829678074008,0.8209680641432567,636,students03
2480,99.2,134,322,2.0895916568383637,0.546321400623138,15.1560510000912,0.7797983265643738,0.8017024916288477,637,students03
2490,99.6,134,322,2.048625286325065,0.43529101068559084,12.267700822302729,0.7762866049476035,0.7796435993498388,637,students03
2500,100.0,134,322,2.0377243856630174,0.43123822931282396,12.217736682025091,0.7593737572975433,0.7693706705837898,637,students03
2510,100.4,134,322,2.041789690623074,0.43821145710338705,12.393307872716813,0.7460949411623343,0.7267338102517066,637,students03
2520,100.8,134,322,2.031455018139109,0.5019792292782305,14.30616608638841,0.7460949411623373,0.6921308054932718,637,students03
2530,101.2,134,322,2.0179241691873293,0.5995545569589533,17.28437624052732,0.7281719826815433,0.5737703432227513,637,students03
2540,101.6,134,322,1.9245377467461393,0.42368453599911327,12.717768623834386,0.6405774257900234,0.5275506161862575,637,students03
2550,102.0,134,322,1.8560909081025843,0.1741489565761838,5.383733247382959,0.5728648685220066,0.5461683096779962,637,students03
2560,102.4,134,322,1.7915140588177556,0.006726048286018749,0.2151113930949863,0.5718182965304257,0.5790672370375389,637,students03
2570,102.8,134,322,1.7584388408167277,0.5540341719518176,18.365137401916893,0.577852961671713,0.6404943675175514,637,students03
2580,103.2,134,326,2.209856870356991,0.17684990716889637,4.590161692551439,0.6075067633471545,0.4915513841839283,639,students03
2590,103.6,134,326,1.864213646220393,0.005440999621199816,0.16722694733472587,0.6078829678074008,0.4914812706121116,639,students03
2600,104.0,134,326,1.5344209789349887,0.03481291632896233,1.3000371907841375,0.5910604969184694,0.45719894235443587,639,students03
2610,104.4,134,326,1.3178884841595477,0.14532562076123146,6.330970119160815,0.5852284826122162,0.45056510819336415,639,students03
2620,104.8,134,326,1.173811386803079,0.0696529642751127,3.40188098629783,0.5879051383871058,0.500126109290982,639,students03
2630,105.2,134,326,1.0823286152038276,0.09016155678132826,4.778465668158521,0.5880896451778032,0.6857305412883303,639,students03
2640,105.6,134,326,1.1562742214079798,0.5262218185510519,27.071447631825688,0.6584358735840429,0.8213117633191219,639,students03
2420,96.8,135,128,2.1884254801702534,0.07035921721015503,1.8424118406268424,1.3184282045065747,0.9220775154308646,641,students03
2430,97.2,135,128,2.038666348670993,0.07152483221515893,2.0105851070663925,1.2905235179091463,0.9705087201853743,641,students03
2440,97.6,135,128,1.9248833357774295,0.12418113762093308,3.6989253820322476,1.2495318007832397,1.0044052144058402,641,students03
2450,98.0,135,128,1.83731181551338,0.536992057515946,16.993937020345516,1.1370700293719165,0.9683425851748447,641,students03
2560,102.4,135,254,2.5609396117808556,0.2268411671507245,5.081766628554125,1.035954452414714,0.745938348481715,646,students03
2570,102.8,135,254,1.8967509291425224,0.0374581162083259,1.131583205455987,0.9884363266799752,0.6580445452786833,646,students03
2580,103.2,135,254,1.2693325802976265,0.3090850405672275,14.093324723264132,0.795832144288865,0.6200828292250025,646,students03
2470,98.8,138,136,2.4602652383821093,0.49354866252946006,11.572510079088772,0.8762998345769031,1.1557682985201225,652,students03
2480,99.2,138,136,2.4643326483609993,0.34673269980349875,8.088379986169278,0.8737958615227897,1.1334126140003036,652,students03
2490,99.6,138,136,2.5219753650854515,0.25726101209732033,5.854796944072501,0.8731369090210236,1.1316871418070864,652,students03
2500,100.0,138,136,2.5890529734820205,0.10790802061303739,2.38869795678223,0.8731369090230786,1.1589324983573415,652,students03
2510,100.4,138,136,2.7069777350528197,0.0025414387841677377,0.05379199678996703,0.8768397079429209,1.1927154186032727,652,students03
2520,100.8,138,136,2.8244338101104773,0.1093373966795716,2.218546261390258,0.8808425371514471,1.1927154185532771,652,students03
2530,101.2,138,136,2.944961329458912,0.20245105238500477,3.9419012294425615,0.8808425371536865,1.1904839824900146,652,students03
2610,104.4,139,136,2.9091345965422963,0.1337811156085973,2.635765815277593,1.6409362844815634,1.2983139006777715,654,students03
2620,104.8,139,136,2.7718898100875706,0.12296462222681737,2.5425493804125963,1.628028545183743,1.2857680436854446,654,students03
2630,105.2,139,136,2.6339468162774358,0.0835769007057881,1.818338762935404,1.6175902191740186,1.2736356365595694,654,students03
2640,105.6,139,136,2.4966893148361775,0.018308583715318794,0.4201620007136762,1.628255712112945,1.2303345999996727,654,students03
2540,101.6,140,233,2.5612617634778334,0.12599533212785963,2.819670997558329,1.0249113663308742,0.6731020914530581,660,students03
2550,102.0,140,233,1.8850725419991023,0.37142352233958903,11.36357308098254,1.0265751724849406,0.6988933482793453,660,students03
2560,102.4,140,233,1.240971443366836,0.5732016515743849,27.50961995250467,1.0394571077328318,0.655041608934443,660,students03
2810,112.4,140,259,2.86043594489803,0.03687908297599096,0.7387245829607046,0.6509796511397169,0.5576550221594787,664,students03
2820,112.8,140,259,2.4378118433733262,0.11157553900645767,2.6232711612561865,0.6378009214996684,0.5841136782460559,664,students03
2830,113.2,140,259,2.0177058507675976,0.24483392043897,6.969601218380711,0.6386866545933165,0.613959145132237,664,students03
2840,113.6,140,259,1.619224100078159,0.16889961806610176,5.987355547499217,0.6559790287204742,0.616987388942484,664,students03
2850,114.0,140,259,1.231052426803736,0.1749783782266594,8.171537291534444,0.6836614330320068,0.5845215602856895,664,students03
2860,114.4,140,259,0.8913951599702625,0.355424252599128,23.498686700818848,0.6834433844343522,0.5398682377523162,664,students03
2550,102.0,141,138,2.9969470776421883,0.350400782254833,6.714336430943564,1.1220814832543624,0.9013978330558976,666,students03
2560,102.4,141,138,2.914046869899874,0.3305306429416377,6.512886299982864,1.123320823664246,0.9066724786827002,666,students03
2570,102.8,141,138,2.828446288745046,0.10963999507979266,2.221531753498175,1.133353195468119,0.9066724786842121,666,students03
2580,103.2,141,138,2.732288975700723,0.10783971941564825,2.2619738071742637,1.1470391867947254,0.8923572174713407,666,students03
2590,103.6,141,138,2.6251209694089193,0.05030848940167601,1.0980981901248525,1.1149580051909354,0.8794188508695074,666,students03
2600,104.0,141,138,2.5411749885356545,0.10697952876589184,2.412776565833498,1.0359082640116177,0.87774951179645,666,students03
2610,104.4,141,138,2.496601133902475,0.24497424584813732,5.631100521179278,0.9897591420196578,0.8734766422116136,666,students03
2620,104.8,141,138,2.4503001851049815,0.30130991656547845,7.063458507747232,0.9897202515048052,0.852446463298787,666,students03
2630,105.2,141,138,2.3922800399485036,0.24093351498029267,5.780225208635752,1.0747870531512145,0.8357318528048767,666,students03
2640,105.6,141,138,2.262898194540808,0.13290092760475983,3.366941811323538,1.1998786075533099,0.8357318528046153,666,students03
2650,106.0,141,138,2.1024662725772467,0.1114492270071253,3.0386050483981153,1.2381819116033133,0.8829542731081435,666,students03
2660,106.4,141,138,1.977747447036403,0.18630818163112822,5.405403927989697,1.2073282530594671,0.9670884608197128,666,students03
2670,106.8,141,138,1.8939146722732898,0.15319592798180362,4.639638893307997,1.1101261636201745,0.9866362331908467,666,students03
2680,107.2,141,138,1.8639486608768248,0.10254843069985553,3.1538209860877773,1.0475889123345101,0.9749654230065885,666,students03
2690,107.6,141,138,1.8338948393939682,0.028662049701216108,0.8955155490604491,1.0193278018507903,0.9724936449842327,666,students03
2700,108.0,141,138,1.824539741657901,0.22444857433666865,7.066228115154725,0.969976019464207,0.9774968826749802,666,students03
2710,108.4,141,138,1.842669489514045,0.43167961733027005,13.548513683891942,0.949212043030217,0.9690290252662448,666,students03
2720,108.8,141,138,1.8603591493511147,0.5052635855337055,15.759179664454,0.9589006496441522,0.927434584545127,666,students03
2730,109.2,141,138,1.8462103694922494,0.4852282785042446,15.237690805080165,0.9934242216359954,0.8946933938941439,666,students03
2740,109.6,141,138,1.8076050862044348,0.47339262071553967,15.182202342387425,1.020471374407303,0.8689529264841725,666,students03
2750,110.0,141,138,1.7520397018588472,0.5394213049242118,17.931629964687524,1.020793909291809,0.7405348317714204,666,students03
2760,110.4,141,138,1.6188341061934313,0.4934489360774298,17.747183528971757,0.9399536682689011,0.6376898415232894,666,students03
2770,110.8,141,138,1.5339379198729313,0.3145536643939255,11.833177596075542,0.8140854659297929,0.6376898415108043,666,students03
2780,111.2,141,138,1.4793685391454516,0.20535309698826817,7.979068198237012,0.7681035210482315,0.59036056030214,666,students03
2790,111.6,141,138,1.3879891099824093,0.19316892029765131,7.999923789230435,0.7681035210484954,0.47206454483899724,666,students03
2800,112.0,141,138,1.2424771518598419,0.11790441847385884,5.445255568470397,0.598813297301089,0.40172527799999447,666,students03
2810,112.4,141,138,1.2278289912356504,0.05848675708784509,2.7302767124007166,0.4153722909072628,0.40172527800000113,666,students03
2820,112.8,141,138,1.2284311974347495,0.1141360577705402,5.331157367234175,0.3975072783202466,0.43729356033837147,666,students03
2830,113.2,141,138,1.2537214052330794,0.1909525734061887,8.7607380750451,0.39782814943474076,0.5054074441092243,666,students03
2840,113.6,141,138,1.3007726638192612,0.5978744252412219,27.363248830250054,0.46010878614002426,0.5348455664833821,666,students03
2840,113.6,141,140,0.8811170081474161,0.4119860229662564,27.87683292375376,0.46010878614002426,0.6559790287204742,668,students03
2850,114.0,141,140,0.9303986092084329,0.195140917546058,12.107060170656206,0.5833338509479888,0.6836614330320068,668,students03
2860,114.4,141,140,0.9438265204666627,0.10166975160381742,6.183946507035323,0.6251439099558929,0.6834433844343522,668,students03
2870,114.8,141,140,0.9594687686035422,0.09025093947290486,5.397417883865437,0.6199696420991714,0.6572193575118261,668,students03
2880,115.2,141,140,0.9570664526797863,0.38353629835935277,23.62454484077101,0.6121739344504632,0.5479677809955401,668,students03
2840,113.6,141,259,2.459123791509966,0.582863294880219,13.710767372451762,0.46010878614002426,0.616987388942484,670,students03
2850,114.0,141,259,2.152623470674365,0.23048018080548682,6.146408764327954,0.5833338509479888,0.5845215602856895,670,students03
2860,114.4,141,259,1.830992216289274,0.3168404142419178,9.964793769303093,0.6251439099558929,0.5398682377523162,670,students03
2870,114.8,141,259,1.5395241919565106,0.5542860402626253,21.102483048157094,0.6199696420991714,0.5270096776657972,670,students03
2960,118.4,143,259,2.827795176915733,0.03485465631444329,0.7062305250652782,0.8012472164865768,0.912921309762879,676,students03
2970,118.8,143,259,2.1709760804519638,0.07968053303331485,2.1033782459700983,0.8746783138352562,0.8357777812766031,676,students03
2980,119.2,143,259,1.5773030643186599,0.0843356410238015,3.0649668643244294,0.9526711139109978,0.7103885953027012,676,students03
2990,119.6,143,259,1.020993924848292,0.3022714765798425,17.220876379862986,1.0300644734622968,0.6620776557456648,676,students03
2830,113.2,143,277,1.0175958736359028,0.3302885328892968,18.939968509405308,0.6907184602385283,0.8965047182518245,677,students03
2840,113.6,143,277,1.0001420986967042,0.27570773421481654,16.001860050185055,0.7235554745414147,0.8307172539815226,677,students03
2850,114.0,143,277,0.9849169837409267,0.28650482263680244,16.911387669637595,0.7732077402134582,0.842149851685413,677,students03
2860,114.4,143,277,0.9970939516901418,0.26111951219373625,15.1816766172868,0.7839897972259107,0.8720785930816801,677,students03
2870,114.8,143,277,1.0356772261788365,0.16069783483624178,8.926196603184442,0.8030371704953948,0.8777336715096032,677,students03
2880,115.2,143,277,1.0458448687510642,0.03038197026047823,1.664686279530071,0.8281656972015664,0.8335353716193299,677,students03
2890,115.6,143,277,1.041272047717112,0.09420957389591067,5.190960890810082,0.8281656972015685,0.8229562196811129,677,students03
2900,116.0,143,277,1.0408150881313876,0.2913802797833051,16.25745543991853,0.8973045706306422,0.8410074542793248,677,students03
2940,117.6,143,376,1.0598698684634507,0.22314048886942486,12.153749916178453,0.7570839271212976,0.4833135405480738,678,students03
2950,118.0,143,376,0.9623972594069476,0.2578852799011449,15.542991922369316,0.7573015721143168,0.4926240090394827,678,students03
2960,118.4,143,376,0.8689049836879054,0.3684956042996297,25.093200001238742,0.8012472164865768,0.445116276348539,678,students03
2810,112.4,144,254,2.3926327583524944,0.23720169351027365,5.689555724793482,1.011356623463152,0.8785101330705559,680,students03
2820,112.8,144,254,1.6491882333190904,0.2930581199097365,10.23572706081465,1.0709265270770325,0.8532511496452305,680,students03
2830,113.2,144,254,0.9359474468557818,0.38947560645848217,24.590484367926553,1.079106553717965,0.8532511496407437,680,students03
2800,112.0,144,277,1.19161369140122,0.35168693543393853,17.165634177039667,0.9941230704094286,1.1242981200434594,681,students03
2810,112.4,144,277,0.9639709041205673,0.13599352857314112,8.110136676096612,1.011356623463152,1.1372355089258428,681,students03
2820,112.8,144,277,0.839377798316087,0.025108530005802765,1.7141595052504235,1.0709265270770325,1.0512227934655958,681,students03
2830,113.2,144,277,0.75959561481831,0.15152515455958177,11.506631120280218,1.079106553717965,0.8965047182518245,681,students03
2840,113.6,144,277,0.6782579443115683,0.2791938547765822,24.307505231411,1.102602709471677,0.8307172539815226,681,students03
2820,112.8,145,143,1.388841574934206,0.2659857556513281,11.041285117359923,0.8221187692813984,0.6907184602709209,682,students03
2830,113.2,145,143,1.2984168058577756,0.2740343638887524,12.184049886931303,0.8156101965950315,0.6907184602385283,682,students03
2840,113.6,145,143,1.2409832452285894,0.4630470428363884,21.908730958350315,0.848509401811612,0.7235554745414147,682,students03
2830,113.2,145,254,2.7175370593559975,0.37536997369764186,7.939579014365719,0.8156101965950315,0.8532511496407437,685,students03
2840,113.6,145,254,2.1955535657647958,0.08847822835941987,2.3095779889169012,0.848509401811612,0.8251846498347126,685,students03
2850,114.0,145,254,1.6758368052627077,0.2829530751588861,9.720547177080093,0.9271367276115398,0.7582548775296761,685,students03
2860,114.4,145,254,1.1760087430040975,0.535995528784792,27.114818064091452,0.9755565254816732,0.721435241060559,685,students03
3090,123.6,150,324,2.5323790616998,0.23033632185925945,5.218635887685916,1.080848801583261,0.7627982458002347,689,students03
3100,124.0,150,324,1.7045038861412005,0.04985893839906941,1.6762145900110537,1.1666079020338926,0.9750082635751962,689,students03
3110,124.4,150,324,0.8838403275206349,0.20814495289443286,13.621134956751563,1.1624877905763387,0.9655267316442615,689,students03
3340,133.6,152,159,2.4291861932699983,0.19104295763023688,4.510675305256882,0.8730097234819213,0.6387439946126773,691,students03
3350,134.0,152,159,1.849275455667708,0.26930019638445546,8.373456253302468,0.8727813499511778,0.7310584515528329,691,students03
3360,134.4,152,159,1.2465864896644707,0.42780929410002483,20.071016736654876,0.8089183207691589,0.8359546221974784,691,students03
3230,129.2,154,153,0.7945341163887726,0.35388485378953133,26.44888180831475,1.428692438413197,1.4041862925011805,695,students03
3240,129.6,154,153,0.7445161034432831,0.2802328992913422,22.110621798696386,1.3133938473663835,1.4045399567479182,695,students03
3250,130.0,154,153,0.7919696038384233,0.24064078266345562,17.689052687768186,1.2110100788963052,1.3262960241460118,695,students03
3260,130.4,154,153,0.7972534091759607,0.21134554759509033,15.372423014567849,1.2110100788842326,1.2296091878110298,695,students03
3270,130.8,154,153,0.7912999247711121,0.1913446177485324,13.993421256523687,1.1733522996616548,1.2107042858810522,695,students03
3280,131.2,154,153,0.8156320637722388,0.1735393198103323,12.284535758414512,1.0986493206742625,1.1976847135632103,695,students03
3290,131.6,154,153,0.8575373948637559,0.1459513672338756,9.799346151599726,1.061253436851893,1.179273907380158,695,students03
3300,132.0,154,153,0.8961842505104456,0.11302135239955072,7.245090601829915,1.0612534368398412,1.1737539613851433,695,students03
3310,132.4,154,153,0.9360928747170078,0.06543734714266985,4.008516930769875,1.0145157251888373,1.0918719970830333,695,students03
3320,132.8,154,153,0.9537275842040281,0.04443391549278114,2.670361833298313,0.963133088367485,0.9932262626180722,695,students03
3330,133.2,154,153,0.9602165144193628,0.04823779996929187,2.879544497264203,0.9580900505359715,0.9738268733703663,695,students03
3340,133.6,154,153,0.966777260762405,0.03556216637323628,2.108057257606861,0.986101160379568,0.8898160565708976,695,students03
3350,134.0,154,153,0.8840693452807609,0.23644453657668812,15.512595962605996,1.0897219919173895,0.7753369796166674,695,students03
3350,134.0,156,260,2.4611880698042325,0.17837583996772052,4.156184321736896,0.964872586128458,1.1746806240766854,700,students03
3360,134.4,156,260,1.6793016764330388,0.10336938153368505,3.529071591672878,0.9202956606053722,1.1625366842739646,700,students03
3370,134.8,156,260,0.9558189006109751,0.3006623428226013,18.334250253887333,0.8908959566454238,1.1622103194385842,700,students03
3230,129.2,157,156,1.2805556822285642,0.5634544776689623,26.104378268584934,1.096492482934881,0.9451091968326469,702,students03
3240,129.6,157,156,0.8979348043680705,0.22052027834981147,14.21647118887815,1.0964924829348817,0.945109196715524,702,students03
3250,130.0,157,156,0.6034853903320095,0.20924515320621884,20.287301973719824,0.9592484019129759,0.9441098440985248,702,students03
3350,134.0,157,394,2.1465882307453974,0.24112953587075414,6.449735464233719,0.8720325697473081,0.4734265008375291,705,students03
3360,134.4,157,394,1.9121537835671392,0.20618569104767376,6.190183832071757,0.824579908317204,0.46862824060030694,705,students03
3370,134.8,157,394,1.6973686981137954,0.3066807080313043,10.409374896652466,0.8117162161587234,0.4431434583239912,705,students03
3380,135.2,157,394,1.5101278948684698,0.21841456518706695,8.31603671655638,0.7783007364832352,0.416618037303209,705,students03
3390,135.6,157,394,1.341496416408973,0.16372298060250406,7.010142244979682,0.7647554561999221,0.41014978287342296,705,students03
3400,136.0,157,394,1.1568221849346734,0.26464042964690415,13.224373169546286,0.7842567158258731,0.41982102340887084,705,students03
3790,151.6,160,358,1.994247358038424,0.14928259872951838,4.2929835607121865,0.27999599140055625,0.6502381243448552,712,students03
3800,152.0,160,358,2.1231775866062907,0.16677663832349476,4.505252677778548,0.2799959914232233,0.5529802338942909,712,students03
3810,152.4,160,358,2.2132928969711596,0.1812199407633031,4.696519992399605,0.2799484036994391,0.5044134657241917,712,students03
3820,152.8,160,358,2.3034200967137357,0.19370720362833876,4.824013083192043,0.27994840355394374,0.5044134658756473,712,students03
3830,153.2,160,358,2.3935578427982405,0.04660074805686509,1.1155756699509265,0.3371901567073963,0.5047030056309906,712,students03
3630,145.2,161,167,2.1586552482608425,0.1517914243655975,4.032228459902893,1.1134430600721386,0.9683856378024204,716,students03
3640,145.6,161,167,1.4409575769436989,0.2591743773588221,10.361756792568304,1.0337614412863811,0.9778411052160633,716,students03
3650,146.0,161,167,0.8234158555463077,0.3829343233056147,27.71383369306994,0.9333121708765397,0.9882530886988798,716,students03
3520,140.8,163,158,2.4063607945604044,0.42076704457320413,10.070288501840688,0.6078036525509827,0.6673268679989546,722,students03
3530,141.2,163,158,1.9758550870362979,0.23051794706376333,6.699809564827308,0.6078273332036968,0.5963456312023919,722,students03
3540,141.6,163,158,1.7379527017287464,0.01765029533165441,0.5818943251616899,0.6072090263422224,0.6403961347598022,722,students03
3550,142.0,163,158,1.5376939475261469,0.20493846387915812,7.658969894307604,0.6071237927105497,0.5858255544379852,722,students03
3560,142.4,163,158,1.3619144112478436,0.3562099041700475,15.162105418645773,0.6706610938932988,0.49478179129447125,722,students03
3570,142.8,163,158,1.162068409475023,0.4366493696683717,22.070790173746698,0.8334676752792595,0.4589378097333799,722,students03
3690,147.6,164,333,2.4866795893782467,0.33678662873743354,7.78384849331859,0.4626433612722769,0.3885999540163675,729,students03
3700,148.0,164,333,2.1857610563405636,0.2236203335293041,5.872077542364709,0.5132169990120156,0.3188774885402997,729,students03
3710,148.4,164,333,1.8597543211212535,0.09932677514222471,3.0615409763086467,0.6019019678556629,0.3074650352098374,729,students03
3720,148.8,164,333,1.5077969547945818,0.11578574102626116,4.40415513486652,0.6387499048551005,0.30746503520984747,729,students03
3730,149.2,164,333,1.1625915773163715,0.270280832491369,13.44320197797646,0.6312828909025676,0.29826771369754695,729,students03
3580,143.2,165,158,2.866413997260365,0.3922275084214896,7.864777754757779,0.5155380415993364,0.4324372205158006,731,students03
3590,143.6,165,158,2.6605448630286714,0.17139573941568498,3.693626015546903,0.5114838633263314,0.38612414431401576,731,students03
3600,144.0,165,158,2.3670230064063937,0.1570342740565745,3.8039403559783964,0.5593608121848137,0.40072881121964443,731,students03
3610,144.4,165,158,2.042558806716706,0.1236955542714302,3.4719060751527113,0.6139079007493152,0.4007288112118474,731,students03
3620,144.8,165,158,1.7215149090017952,0.013150977122676322,0.4376975247231243,0.6195823879615966,0.4519440254239178,731,students03
3630,145.2,165,158,1.4557115305330075,0.339760978586084,13.49724229762201,0.5774059963842045,0.6726771712266135,731,students03
3520,140.8,165,163,1.965757360903306,0.15136262619578011,4.416126075667666,0.7416264663568704,0.6078036525509827,733,students03
3530,141.2,165,163,1.9131399749023568,0.18244638250068212,5.472321799032173,0.7418890812724874,0.6078273332036968,733,students03
3540,141.6,165,163,1.861002192966912,0.3972452054981452,12.32505833829607,0.6553845071207831,0.6072090263422224,733,students03
3630,145.2,165,329,2.8048582333978653,0.2713918748723916,5.552499724355238,0.5774059963842045,0.6983249369537556,739,students03
3640,145.6,165,329,2.3336415410990443,0.165134234570652,4.057782013881506,0.5088304567727012,0.5916392669705357,739,students03
3650,146.0,165,329,1.9553117711259385,0.3689857015284925,10.877475550850635,0.48473847005412707,0.46419302323335043,739,students03
3660,146.4,165,329,1.593098012726136,0.35812427707662425,12.99096432284455,0.503971471113124,0.4397907855375648,739,students03
3670,146.8,165,329,1.2190191715080845,0.38605901586171437,18.46325595069493,0.5550059586705965,0.4559323063635044,739,students03
3680,147.2,165,329,0.8139167948584768,0.36324019065067276,26.50568696884626,0.5922370353478389,0.49098998407495137,739,students03
3540,141.6,165,396,2.943298732733707,0.05526675634272947,1.0759145709383213,0.6553845071207831,1.035980846097914,744,students03
3550,142.0,165,396,2.3748061619090546,0.4448043195929728,10.795333808558938,0.5597607012562325,0.8537412189018018,744,students03
3560,142.4,165,396,1.8231590034618166,0.4322153302348079,13.71364213537885,0.5430925124576401,0.6073770456443168,744,students03
3570,142.8,165,396,1.4777962754772518,0.4284543966840679,16.853640600194584,0.53111896072932,0.40589602703484823,744,students03
3580,143.2,165,396,1.1795382196711346,0.42863443271242674,21.30864040769241,0.5155380415993364,0.5222036779644682,744,students03
3520,140.8,166,163,2.197907654047772,0.09284569522619612,2.4210525217337873,0.5821989634732532,0.6078036525509827,746,students03
3530,141.2,166,163,2.1867943668222116,0.2087472486725282,5.477687187893881,0.5821989634770373,0.6078273332036968,746,students03
3540,141.6,166,163,2.1827546683203805,0.3235570619774976,8.524561132916377,0.5822898344356701,0.6072090263422224,746,students03
3550,142.0,166,163,2.186804736845859,0.4292152308842967,11.319218675984287,0.5822898344332891,0.6071237927105497,746,students03
3560,142.4,166,163,2.1962410834563535,0.22197648641750345,5.800852090726855,0.5395384687062325,0.6706610938932988,746,students03
3570,142.8,166,163,2.284788823094474,0.12362577624999198,3.101685358179311,0.5095886466875108,0.8334676752792595,746,students03
3550,142.0,166,396,2.788101465249955,0.1661073263786773,3.4155456809550286,0.5822898344332891,0.8537412189018018,753,students03
3560,142.4,166,396,2.233023455685381,0.28205634695012644,7.256494503547556,0.5395384687062325,0.6073770456443168,753,students03
3570,142.8,166,396,1.8769863474556676,0.5498721785299931,17.034939259619748,0.5095886466875108,0.40589602703484823,753,students03
3580,143.2,166,396,1.5387542178489504,0.4448618666600053,16.804394047050025,0.509588646675011,0.5222036779644682,753,students03
3590,143.6,166,396,1.131390870035173,0.03873211603711124,1.961851150436568,0.5722459372216857,0.852830326110894,753,students03
3630,145.2,167,166,1.4557126397745634,0.530311031680696,21.364295036622384,0.9683856378024204,0.5787790514750122,755,students03
3640,145.6,167,166,1.2196537871629916,0.38678089707330165,18.489056205482953,0.9778411052160633,0.5787790514749918,755,students03
3650,146.0,167,166,0.9789557148769316,0.2404886780828629,14.220745453537962,0.9882530886988798,0.6664262178244689,755,students03
3660,146.4,167,166,0.7564238603661708,0.09870078765279588,7.497529367827399,0.8788194608980697,0.8248698239948431,755,students03
3670,146.8,167,166,0.6952043366882488,0.10753107065165651,8.89797616365628,0.7065140374330018,0.8911895276899015,755,students03
3680,147.2,167,166,0.7445167208763567,0.1652077319716034,12.820611982421136,0.6743728847485486,0.9496113564411797,755,students03
3690,147.6,167,166,0.856800861831098,0.22186627936573658,15.007608487096364,0.8507453350709727,1.0180385826793186,755,students03
3700,148.0,167,166,0.8692132059828728,0.31726309839050043,21.407602401343276,1.0180703968297358,1.031345614527256,755,students03
3710,148.4,167,166,0.8899272345741674,0.3282829598663757,21.64701783328102,1.0072678143416722,1.0641601131171592,755,students03
3720,148.8,167,166,0.9382433910640988,0.3092458814804067,19.2445545377861,0.989792364363812,1.0918317663771282,755,students03
3730,149.2,167,166,0.9827979802230755,0.2875868641349039,17.014908537325713,0.9831689243597225,1.1000016954738974,755,students03
3740,149.6,167,166,1.0449256173814816,0.3132310624678378,17.443427806079665,1.0347237612271762,1.1313421450137986,755,students03
3750,150.0,167,166,1.0916807932710044,0.3651955050288873,19.543711041259947,1.1221620771024283,1.1571682008211421,755,students03
3760,150.4,167,166,1.1132914176056854,0.42958763949000023,22.697866436113184,1.1575581029374824,1.151797490761396,755,students03
3770,150.8,167,166,1.1379093992067286,0.45073325835056743,23.3349987151685,1.1772485646888957,1.1382738656432179,755,students03
3780,151.2,167,166,1.124229548275607,0.3859738177127339,20.079456662748907,1.2202115031694185,1.1304224598765642,755,students03
3790,151.6,167,166,1.084062777420868,0.35126426154761237,18.906561193571346,1.2405400619529878,1.1080088128133814,755,students03
3800,152.0,167,166,1.0378567824363092,0.3367885912652657,18.935522671595322,1.1308786484870086,1.0579448005069392,755,students03
3810,152.4,167,166,1.049117033106147,0.2775606712583347,15.341164592476305,0.9813651831046093,1.0326552799125321,755,students03
3820,152.8,167,166,1.0876045676503725,0.2509360021847987,13.339674722374037,0.938480706065959,1.0024962130104225,755,students03
3830,153.2,167,166,1.1111076017544044,0.15930396968416344,8.243133929234913,0.8822399146087956,0.9228632915934127,755,students03
3840,153.6,167,166,1.1276490752214938,0.007484371912480192,0.38028326433686904,0.8357698953421485,0.8906289421412016,755,students03
3850,154.0,167,166,1.1505913699518466,0.012116535661656824,0.6033759731064099,0.8301543818246319,0.8655220285899133,755,students03
3860,154.4,167,166,1.1563787913086048,0.1039653556473269,5.158197575532051,0.8354691268866828,0.9194312670817661,755,students03
3870,154.8,167,166,1.1784718169015673,0.32035497980302,15.773746591336387,0.8415204150154659,0.9928803004147478,755,students03
3880,155.2,167,166,1.2465130120474897,0.5566529135130598,26.523707332837233,0.8423667132563357,1.0365931504925991,755,students03
3890,155.6,167,166,1.3864204679403938,0.49818701654682873,21.059256221595106,0.841515914349516,1.0938559282043319,755,students03
3900,156.0,167,166,1.458730933362887,0.17238498819315154,6.786766971173935,0.9311554803483684,1.0940296282717232,755,students03
3910,156.4,167,166,1.5176726677679622,0.2077204404323595,7.866636610923004,0.9445921907611302,1.0320950059775986,755,students03
3920,156.8,167,166,1.5351624688242465,0.3330463468311767,12.529681314729784,0.9151383814331172,0.9764649076495577,755,students03
3930,157.2,167,166,1.5851911876678475,0.5531641819479756,20.42355778371207,0.8601063975310042,0.9764649076513335,755,students03
3820,152.8,167,360,2.7796684073175637,0.04416017148747642,0.9102876758845506,0.938480706065959,0.8058906084094122,758,students03
3830,153.2,167,360,2.091830859542371,0.2899122844410076,7.966414448571102,0.8822399146087956,0.6687601672973316,758,students03
3840,153.6,167,360,1.5479082166488702,0.5543251516144224,20.98431821254157,0.8357698953421485,0.5474637873049839,758,students03
3850,154.0,167,360,1.0348493485776986,0.5009334571326907,28.95117541132128,0.8301543818246319,0.5066540558407245,758,students03
3830,153.2,168,165,1.532628896500073,0.42493649515461984,16.096733295878966,0.9201109516430445,0.9239439099905848,761,students03
3840,153.6,168,165,1.5019485867380478,0.039289193781307685,1.4989606271875804,0.9252579807452197,0.945271850156257,761,students03
3850,154.0,168,165,1.511602662951255,0.25288591250545966,9.630671875634082,0.915083520312393,0.9596502200676839,761,students03
3860,154.4,168,165,1.5373944461582847,0.3339818371596004,12.546910306007314,0.8701383595533564,0.906164833324444,761,students03
3870,154.8,168,165,1.5487564615057434,0.20277882837737582,7.523342157694454,0.8090890683068712,0.8476448524190994,761,students03
3880,155.2,168,165,1.5698462903068782,0.14820307976058167,5.417138730895292,0.7984381165052793,0.8417404220632096,761,students03
3890,155.6,168,165,1.585319531561587,0.1424418364183876,5.155009569455844,0.8836087136537275,0.8194133196500759,761,students03
3900,156.0,168,165,1.519172464643798,0.1902120029029164,7.192747029786595,0.9610864210919345,0.7996585841496606,761,students03
3910,156.4,168,165,1.4506235605362234,0.06683501239750456,2.640740389487117,0.8656631261845503,0.7978675595651497,761,students03
3920,156.8,168,165,1.4472835097305503,0.30744695035367675,12.264815421418842,0.7928141726724378,0.8089615012155508,761,students03
3930,157.2,168,165,1.4694409028574065,0.3693968089769712,14.559541195104964,0.786536245767289,0.8320388968297991,761,students03
3940,157.6,168,165,1.4953884680135052,0.09072950090165222,3.478435392885901,0.8107637175138188,0.8437440382699988,761,students03
3950,158.0,168,165,1.4912330522904162,0.21778689583170974,8.397788364160395,0.8534545871326785,0.8419720236086994,761,students03
3960,158.4,168,165,1.4888535506027198,0.346165040111458,13.444562746139459,0.8374069543417559,0.8421189383501815,761,students03
3970,158.8,168,165,1.509188877528045,0.5321160427305457,20.645453554268805,0.8058838030105627,0.876997841941699,761,students03
3960,158.4,168,362,2.7540132503450994,0.1417923622425621,2.9512194294469953,0.8374069543417559,0.44768046102654413,765,students03
3970,158.8,168,362,2.319072897416021,0.34282831780811274,8.50118704760456,0.8058838030105627,0.43020983685201586,765,students03
3980,159.2,168,362,1.9133543976422318,0.5003048748398892,15.157928240928351,0.7904096085853253,0.43054198381460185,765,students03
3990,159.6,168,364,2.36726200090697,0.17157569177234233,4.156358821570031,0.7534165882144361,0.4077124914944283,766,students03
4000,160.0,168,364,1.9019710909466239,0.2418658375804965,7.305850183913287,0.7172380670608189,0.4571741571745916,766,students03
4010,160.4,168,364,1.4517511744588687,0.36463526281793923,14.546713531680174,0.7105917346490402,0.5472854806988675,766,students03
4020,160.8,168,364,0.9512393533018232,0.35903075174562527,22.174873087904206,0.6517024601954874,0.773443139216919,766,students03
4230,169.2,169,288,1.810581731280956,0.4863215232270752,15.580951694697859,0.667748856725473,0.8710587695183608,767,students03
4240,169.6,169,288,1.501425777744159,0.03116035491046143,1.1891929932368006,0.49206193737575576,0.6987189704249437,767,students03
4250,170.0,169,288,1.5012214830380812,0.3594937644450126,13.855114274945393,0.4287733261129446,0.6401389378439715,767,students03
3730,149.2,169,329,2.8129927823765097,0.16738785467167527,3.4114152641087228,0.6205638858859882,0.5576784010032578,768,students03
3740,149.6,169,329,2.352326130342004,0.18433686623098955,4.494514587193315,0.620563885878676,0.5253768248844203,768,students03
3750,150.0,169,329,1.9051050618988814,0.2101597299931749,6.333415701600265,0.6203081494539546,0.5129272051510416,768,students03
3900,156.0,169,336,2.597626327807405,0.3524722911470376,7.79852946976391,0.7570403656412348,0.7200295818895314,772,students03
3910,156.4,169,336,2.0556511284153505,0.28540120673923774,7.980575746080832,0.7554875050009707,0.913722736727527,772,students03
3920,156.8,169,336,1.3914015966851738,0.08054042994919697,3.3183859956067403,0.7823832886505457,1.0776088980830136,772,students03
3930,157.2,169,336,0.7635807671314757,0.18592985333988565,14.09304607221419,0.8186171375164855,1.0768924506758901,772,students03
3820,152.8,171,169,2.1067857634612315,0.5092646033475503,13.988424505874343,0.6137780166747216,0.6067396105248316,773,students03
3830,153.2,171,169,2.091541639259438,0.31601060506464485,8.690087254592358,0.5675074369150083,0.606739610524832,773,students03
3840,153.6,171,169,2.094367710255727,0.16262654461077208,4.4534699561302595,0.5453002153016193,0.6999055507296417,773,students03
3850,154.0,171,169,2.200376659992574,0.15909859408358773,4.14639899065953,0.5453002153016195,0.8418480158246152,773,students03
3860,154.4,171,169,2.3317318010928623,0.1747671158909323,4.298443496218455,0.5453002153016195,0.8726604717585604,773,students03
3870,154.8,171,169,2.4631819100753227,0.1911755764868991,4.451388907459072,0.5548116449806876,0.8726604717547665,773,students03
3880,155.2,171,169,2.586987022995341,0.2079788190492624,4.611226203275149,0.5738345724494593,0.8130671864347708,773,students03
3890,155.6,171,169,2.6531490783627363,0.1811960340993619,3.916046584758937,0.5830921691497007,0.7569881084229243,773,students03
3900,156.0,171,169,2.7196869422161982,0.1555750884154916,3.279298183883813,0.583014093412359,0.7570403656412348,773,students03
3910,156.4,171,169,2.7867196750562546,0.21574344747241958,4.440192015537492,0.5997772162339483,0.7554875050009707,773,students03
3970,158.8,172,173,2.9329758315213064,0.4409181926401118,8.646128790744143,0.9476700424031274,1.1577150680798145,775,students03
3980,159.2,172,173,2.079418198310134,0.33628025745686485,9.306654442613507,0.9789166775000624,1.1646815119939244,775,students03
3990,159.6,172,173,1.2389401467772228,0.3195563714239688,14.947105400246944,0.9541007600094212,1.1897762620289623,775,students03
4080,163.2,172,176,1.9740291963614038,0.554050784516128,16.300196763364745,0.7624247040856962,1.048399764528732,776,students03
4090,163.6,172,176,1.278992739932763,0.48498627772502406,22.283761486121268,0.7540312543182905,1.0634323649243744,776,students03
4100,164.0,172,176,0.6563274082071007,0.3209088542523306,29.271348076597473,0.702983144438701,1.0745127206638085,776,students03
3970,158.8,173,172,2.9329758315213064,0.13472997559104158,2.6328810252619594,1.1577150680798145,0.9476700424031274,778,students03
3980,159.2,173,172,2.079418198310134,0.16328710149793318,4.503809487875825,1.1646815119939244,0.9789166775000624,778,students03
3990,159.6,173,172,1.2389401467772228,0.4518426066930441,21.38917774117755,1.1897762620289623,0.9541007600094212,778,students03
4070,162.8,176,172,2.682531753375214,0.30579256320434345,6.545604749417643,1.0441627403277791,0.8440400724663046,779,students03
4080,163.2,176,172,1.9740291963614038,0.36219856271322204,10.572634801299522,1.048399764528732,0.7624247040856962,779,students03
4090,163.6,176,172,1.278992739932763,0.442345051923171,20.233949985622374,1.0634323649243744,0.7540312543182905,779,students03
4230,169.2,180,169,2.1524892520305063,0.39478134047964053,10.568264254962969,0.5931004044434304,0.667748856725473,783,students03
4240,169.6,180,169,1.7702458084097765,0.14312024731740935,4.637291432640811,0.6078856110340333,0.49206193737575576,783,students03
4250,170.0,180,169,1.415472337485271,0.010499168559982452,0.4249913948905605,0.6078856109818901,0.4287733261129446,783,students03
4260,170.4,180,169,1.0692351698023177,0.10818507659276494,5.807116737843736,0.5868847745137973,0.4743910227699535,783,students03
4270,170.8,180,169,0.7342089450676177,0.21181521241437543,16.767842931484065,0.5181804268100134,0.5173879620059992,783,students03
4140,165.6,180,288,0.7628226258244113,0.33436801338529654,25.997374672729766,0.6766825607219666,0.9742387344253517,784,students03
4150,166.0,180,288,0.8276095025292325,0.23831115214310036,16.735337240830894,0.6766825607219666,0.9566630059436669,784,students03
4160,166.4,180,288,0.8963986490311391,0.28575294879161933,18.589092214430977,0.7087287148096634,0.7845530676504868,784,students03
4170,166.8,180,288,0.8407223999290123,0.40936134481650766,29.138092185196594,0.7727800412557416,0.6338815532036296,784,students03
4120,164.8,180,362,1.6079446493171892,0.2990012315132461,10.716666804458459,0.7741960372954428,0.37952904438558416,785,students03
4130,165.2,180,362,1.3805009886245843,0.35085103414435914,14.723083232595707,0.7184617073361013,0.3797814411507191,785,students03
4140,165.6,180,362,1.2073178996400202,0.4075552492866149,19.728942003563223,0.6766825607219666,0.4353989355775912,785,students03
4090,163.6,180,363,1.9971431883147082,0.31675714489321793,9.12594195844475,0.785560720144185,0.444764122148528,786,students03
4100,164.0,180,363,1.6212894022051216,0.1435472200627389,5.079558061802384,0.7856844538356309,0.44713231816506477,786,students03
4110,164.4,180,363,1.2583345119283607,0.029688056048731037,1.351912502833717,0.7858082560733365,0.4723338225539376,786,students03
4120,164.8,180,363,0.9849193473719517,0.2205714775368296,12.94106983458327,0.7741960372954428,0.5193664370073833,786,students03
4130,165.2,180,363,0.8067053563282308,0.3778163427668271,27.92691421275127,0.7184617073361013,0.5304689200687969,786,students03
4430,177.2,181,142,1.7746225271719038,0.5458057884765539,17.912343982276905,0.8126490561380155,0.6960194521213493,787,students03
4440,177.6,181,142,1.6696252603535289,0.2637976175468525,9.090717798100702,0.8116084061237866,0.7551909293406774,787,students03
4450,178.0,181,142,1.6641786112698822,0.11755639469439921,4.05070670743288,0.737961578546577,0.8262606756492353,787,students03
4400,176.0,181,188,2.117127682913016,0.5301956105216103,14.503051764335343,0.9135978476656975,1.2506948242313716,788,students03
4410,176.4,181,188,1.9872715579251286,0.15357296605119097,4.432139287950149,0.9134901805198987,1.1974444230334993,788,students03
4420,176.8,181,188,1.9258472697186924,0.08834739775568767,2.629341504733429,0.8535396520125967,1.120780478733948,788,students03
4430,177.2,181,188,1.9060432648547254,0.35171905560330624,10.633636553400418,0.8126490561380155,0.9681276381856803,788,students03
4440,177.6,181,188,1.8627540012503152,0.34059541355280565,10.535522011124078,0.8116084061237866,0.892306605491552,788,students03
4450,178.0,181,188,1.832979469697969,0.5346459619241906,16.958644003272784,0.737961578546577,0.8923066054423893,788,students03
4340,173.6,182,176,2.898402042185144,0.3240349519987322,6.418960860208926,1.144066834519741,0.8082828855315145,791,students03
4350,174.0,182,176,2.7307239760954727,0.17288255282063258,3.6298321626776437,1.1633878363987982,0.79752839735776,791,students03
4360,174.4,182,176,2.565233588219535,0.4649685845794367,10.443031392740691,1.1767123640597332,0.7975856021982735,791,students03
4370,174.8,182,176,2.4128194059719275,0.4384258275765299,10.469195128075167,1.1612764992504314,0.7975856021983009,791,students03
4380,175.2,182,176,2.26778776638428,0.2425326300520445,6.139341291986464,1.150637554624953,0.7975283973577874,791,students03
4390,175.6,182,176,2.1231255390383983,0.199747243586607,5.398467928062078,1.1517992138286068,0.7975283973682267,791,students03
4230,169.2,182,179,2.582936697155938,0.37015689915369765,8.239343005866829,1.3932053676819363,0.9990060311832263,793,students03
4240,169.6,182,179,2.450535884949891,0.24090695420513897,5.64173821154557,1.3212065166609557,0.9921339832237969,793,students03
4250,170.0,182,179,2.3232249374260587,0.2383006664370464,5.887367393771376,1.3143841031613532,0.9650225411703872,793,students03
4390,175.6,183,418,2.5080510830773997,0.5099885236484002,11.732374508810596,1.1557455400404057,1.265798039340004,798,students03
4400,176.0,183,418,2.4326085397445474,0.34510181988445116,8.15577562361598,1.2923018315281887,1.2955241173345189,798,students03
4410,176.4,183,418,2.409792826806111,0.07703336186189019,1.8318747238509452,1.292362001615577,1.309650814562652,798,students03
4420,176.8,183,418,2.3850597215300917,0.44482528369183094,10.748882997620077,1.3108934514313542,1.2899155753582348,798,students03
4480,179.2,184,191,2.440578056849958,0.5863709474122449,13.901829767183632,1.2206342011361857,1.193266630769853,799,students03
4490,179.6,184,191,1.6069027260583872,0.021374345345440166,0.7621468771909474,1.0875179884417745,1.1364265006554435,799,students03
4500,180.0,184,191,0.9162787019399781,0.3468571417739874,22.24388433861469,0.9684077322058319,1.0257990598608824,799,students03
4420,176.8,184,418,2.216813650643513,0.4148635426174496,10.7861624500686,1.4774076591474725,1.2899155753582348,802,students03
4430,177.2,184,418,2.0612970043610797,0.2102301978995066,5.853733625473496,1.420881134816142,1.288224943264343,802,students03
4440,177.6,184,418,1.9648870836006618,0.5735911195268998,16.972977728454484,1.4171224419007546,1.3939000813186984,802,students03
4650,186.0,189,200,2.9173316550866653,0.47797818448592694,9.429905433404938,0.956754447945409,1.2878135070462036,810,students03
4660,186.4,189,200,2.041192472450487,0.17472589772222158,4.9105230787340375,1.0005082048088982,1.274322703875719,810,students03
4670,186.8,189,200,1.1943765042692838,0.12913892632621302,6.207094927299591,1.040502783769446,1.2292857575283358,810,students03
4610,184.4,191,189,2.321422635434402,0.11418113356791137,2.819278857086598,1.1191088295290226,0.9068399925702794,813,students03
4620,184.8,191,189,1.5948572556451106,0.14143859850787233,5.087913113763959,0.8944885313271774,0.8599008855193508,813,students03
4630,185.2,191,189,0.9694353297360906,0.18796525072941836,11.179974210546805,0.8648316859996605,0.8279645581917037,813,students03
4710,188.4,191,263,1.7439602722112406,0.3979515585494562,13.190440545406798,1.102615482717132,1.0143469978405084,814,students03
4720,188.8,191,263,1.1381129283330984,0.06816995045335511,3.433920861896382,0.9955832991305427,0.9296241715850799,814,students03
4730,189.2,191,263,0.7737440209445926,0.2279254518305251,17.132039302215258,0.9114622517483156,0.859507002097659,814,students03
4780,191.2,192,191,0.5192614626212716,0.03999848984546067,4.417845842066054,0.6207148274321012,0.9587411607242218,815,students03
4790,191.6,192,191,0.6439038867578044,0.09713510847450246,8.676387174165601,0.6385536010525765,0.9950589158828362,815,students03
4800,192.0,192,191,0.7792334252288979,0.013889176820743476,1.0213028987288266,0.8677137469904566,0.9944880265109158,815,students03
4810,192.4,192,191,0.7356595861653958,0.17254880834049668,13.565086482124011,1.1191328258398947,0.9942589501124732,815,students03
4820,192.8,192,191,0.6911668651049028,0.16931863444315096,14.180359018979667,1.0577706407573086,0.9946995883490298,815,students03
4830,193.2,192,191,0.6883305316675733,0.10186041258399436,8.509988792422886,0.9092642942646837,0.9944336870751972,815,students03
4840,193.6,192,191,0.749783788859127,0.0013211219236760607,0.1009554364119291,0.8244719885804613,0.9728678375143568,815,students03
4850,194.0,192,191,0.8064966636548913,0.05803131241348097,4.1262726646302585,0.867462772799219,0.9722268805801842,815,students03
4860,194.4,192,191,0.8334770523453909,0.1434423031948206,9.91000297358207,1.011782514911545,0.9683260187958571,815,students03
4870,194.8,192,191,0.7877182359894236,0.24884110529496856,18.415224626801354,1.1130428852933598,0.9557402786954974,815,students03
4880,195.2,192,191,0.7626205460322198,0.314550410555515,24.359457179775525,1.0125087772179315,0.9511095121334704,815,students03
4890,195.6,192,191,0.7847216185560149,0.2437258621292473,18.094726818511663,0.9085134715808306,0.9511095121436629,815,students03
4900,196.0,192,191,0.8133984662493832,0.23749574529674775,16.97650802166299,0.8916284838827164,0.9512810616951223,815,students03
4910,196.4,192,191,0.8422578111948098,0.2603078485632305,18.00256578959008,0.8914226398685524,0.9513247765026939,815,students03
4920,196.8,192,191,0.8717608036266881,0.28302322853065986,18.94479443968617,0.8912368723926953,0.9513686556084713,815,students03
4700,188.0,192,263,2.445214041362785,0.2616173665287205,6.141923419624721,0.7561869448119928,1.0230643058817597,816,students03
4710,188.4,192,263,1.869494663932637,0.34753473742114116,10.713474108017426,0.6179994182861365,1.0143469978405084,816,students03
4720,188.8,192,263,1.3679111406776343,0.1342845039905861,5.633660388588127,0.5817706973939981,0.9296241715850799,816,students03
4730,189.2,192,263,1.009517201986316,0.09222926001647375,5.241838521290944,0.7484389885725276,0.859507002097659,816,students03
4740,189.6,193,196,2.4983327358325114,0.041378422245263335,0.9489998380869138,1.053144838059786,0.6779908794870046,818,students03
4750,190.0,193,196,1.9452231858936606,0.01409060532869233,0.41503683608768,1.0072661825388207,0.6247116848113505,818,students03
4760,190.4,193,196,1.4362733643394838,0.04673189833444402,1.8645567514245955,0.9806673485571203,0.6202003132617253,818,students03
4770,190.8,193,196,0.9720247441348885,0.2694760716309848,16.09505312757888,0.9806673485322621,0.6203133078362252,818,students03
4560,182.4,194,400,2.2740017584066066,0.5960151927809226,15.19468783320573,0.9429514803525451,0.9055127603884335,823,students03
4570,182.8,194,400,2.133427840682003,0.4081207038175776,11.02854983633545,0.915070696796668,0.8962083716852906,823,students03
4580,183.2,194,400,2.0267329416464013,0.07712888829971132,2.180961808889509,0.910896878056023,0.960694130394948,823,students03
4590,183.6,194,400,2.0053300240312235,0.4446722309415232,12.811555454858333,0.9139668208833857,1.0154771185263303,823,students03
4590,183.6,195,367,2.4332293288685705,0.4774868073088554,11.316927114693524,0.9025183912973099,0.8351680601817412,826,students03
4600,184.0,195,367,1.7093361909123033,0.3365063533911295,11.353620001624373,0.8949608052964035,0.8925006535176732,826,students03
4610,184.4,195,367,1.054809506349933,0.3814392686243907,21.199664086124695,0.8769280194640123,0.7457940478682225,826,students03
4530,181.2,195,400,2.5116727453569956,0.16710415876437057,3.814764662534901,0.9407475550999134,1.0525317848414366,827,students03
4540,181.6,195,400,2.512202260748925,0.007591851568052643,0.1731475695258473,0.9407475551108121,1.0510273411504971,827,students03
4550,182.0,195,400,2.525394927860905,0.03214837242263213,0.7293971295168029,0.9349948346741506,0.9867743597282964,827,students03
4560,182.4,195,400,2.474931484497792,0.031851241169293276,0.7373909469783445,0.9323055411680671,0.9055127603884335,827,students03
4570,182.8,195,400,2.3898398499587863,0.07126981867339022,1.7089284586616635,0.9337897896020784,0.8962083716852906,827,students03
4580,183.2,195,400,2.335751395308286,0.3585675613902679,8.830549356915673,0.9231220725068005,0.960694130394948,827,students03
4690,187.6,196,197,0.6267962156054041,0.255338887266398,24.03982041573689,0.7678109901304919,1.0532145452877757,828,students03
4700,188.0,196,197,0.6900037632292837,0.18751269780274823,15.768788867568334,0.7565646772563485,1.045559541359765,828,students03
4710,188.4,196,197,0.7800144398280069,0.22405785721913457,16.69328997764989,0.7384097414247289,1.0202712371731122,828,students03
4720,188.8,196,197,0.876349373089664,0.27574504167335395,18.339803793503833,0.7349085771309218,1.0030894381052957,828,students03
4730,189.2,196,197,0.9751951076501916,0.2634229662990012,15.671606836270469,0.7351184217103212,1.0030894380432214,828,students03
4740,189.6,196,197,1.075513483764022,0.35989890449332956,19.55003025632511,0.6779908794870046,1.0028747949020904,828,students03
4770,190.8,198,362,2.93853811118773,0.4639634519399546,9.084399422566978,0.8779512980151879,0.48651797495172777,834,students03
4780,191.2,198,362,2.6909564204954783,0.15752104919769727,3.355852791988322,0.8716350798138108,0.48114471976580026,834,students03
4790,191.6,198,362,2.4488846463447413,0.1517366176602949,3.5524092142149826,0.8780251959338758,0.48501397034483024,834,students03
4800,192.0,198,362,2.1982425311493405,0.09365444990358929,2.441782145600804,0.8725315618848966,0.4921565889740989,834,students03
4810,192.4,198,362,1.959468260629445,0.14248991603537264,4.170153416448767,0.8673624290765782,0.493756564470756,834,students03
4820,192.8,198,362,1.732930520543063,0.09457828703095728,3.1285908011607475,0.8680117959164496,0.49398447864870043,834,students03
4830,193.2,198,362,1.5115310418312142,0.0011441026637237783,0.04336812041045582,0.8264743259599366,0.5035755446603701,834,students03
4840,193.6,198,362,1.29399750660869,0.03172064265401198,1.404671193121368,0.7287493385151077,0.526583215939188,834,students03
4850,194.0,198,362,1.1459636240247775,0.09648742783827702,4.829887386652328,0.676003588569965,0.526583215939188,834,students03
4860,194.4,198,362,1.0277582994216174,0.26918220587019775,15.183542262904547,0.6760035885960951,0.5791270622539177,834,students03
4870,194.8,198,362,1.030094427595257,0.21220154373348044,11.88816324818771,0.664093520068228,0.6574102763646114,834,students03
4880,195.2,198,362,1.0199322227352419,0.07231729492236566,4.0659127880658845,0.7015071998654211,0.6574102763613846,834,students03
4890,195.6,198,362,0.9933819770207497,0.20913145313751247,12.15310338464809,0.7346034248054552,0.6253245060567604,834,students03
4900,196.0,198,362,0.9540077721078565,0.26242094212891587,15.966312198519079,0.6965639553002929,0.6321051878877957,834,students03
4910,196.4,198,362,0.9453651502533387,0.03226031530179613,1.9555817545311367,0.6193698969815308,0.6350748968357789,834,students03
4920,196.8,198,362,0.9560621955835972,0.2570033657835683,15.59373392279854,0.6211741996109252,0.6312159007349598,834,students03
4930,197.2,198,362,0.9595598534657784,0.25875273340700977,15.64390090811485,0.6209899945052204,0.6296970485197819,834,students03
4940,197.6,198,362,0.9634989861239381,0.2706506234119385,16.314159718250696,0.6248000604209707,0.6296970485197598,834,students03
4950,198.0,198,362,0.9656566195103986,0.3770076177776688,22.980375203178163,0.6668235844235039,0.6685099578478294,834,students03
4960,198.4,198,362,0.9783885620160538,0.48256907905541196,29.553000366825692,0.7100430951486475,0.7136637232147899,834,students03
4670,186.8,200,192,2.868762175785884,0.34812721094286836,6.970080084275291,1.2292857575283358,0.8949078584837492,840,students03
4680,187.2,200,192,2.7422657896315994,0.385484630539633,8.080922367840417,1.1982475629483729,0.8700152504068466,840,students03
4690,187.6,200,192,2.6084956362803386,0.07722952066865985,1.6965994656027348,1.1096042603107,0.8630162556022591,840,students03
4700,188.0,200,192,2.5380349632088297,0.4547882918216366,10.32253283376996,1.0238400739343343,0.7561869448119928,840,students03
4750,190.0,200,366,1.5281137087144925,0.3327458041981372,12.576877233782584,1.2344740107761443,1.597668297580007,841,students03
4760,190.4,200,366,1.6193779100942511,0.16451665779926222,5.830881355762479,1.2420749292540432,1.5097033237305884,841,students03
4770,190.8,200,366,1.6927905972635566,0.041242986255373315,1.3960869687432027,1.2280689033327192,1.4471646097076916,841,students03
4780,191.2,200,366,1.7803556791229154,0.22925552633674656,7.398492730706973,1.199862988563114,1.3793499392528064,841,students03
4790,191.6,200,366,1.8402832949074122,0.5007295296118923,15.788893519445006,1.1882336023467872,1.2947312917501783,841,students03
5270,210.8,205,406,1.797037435773827,0.502796928633113,16.247798666530187,0.6562138113480357,0.8134253516241317,845,students03
5280,211.2,205,406,1.4161865661573572,0.26729941739221097,10.87960579014124,0.6598897111079464,0.8054147069419088,845,students03
5290,211.6,205,406,1.0770996216777968,0.0111330891346757,0.5922296937016157,0.6622777541203764,0.7329003360106966,845,students03
5300,212.0,205,406,0.7404897591382054,0.23104277613951044,18.180613261706302,0.591696041902352,0.6867196487082443,845,students03
5180,207.2,206,296,2.826098729547095,0.5590907215716496,11.410166607655237,0.8729378409373286,1.030395692381083,846,students03
5190,207.6,206,296,2.184963893268729,0.39780895349422796,10.490156776428147,0.7987242167643056,1.039708098089247,846,students03
5200,208.0,206,296,1.6407952041623182,0.1440437822451036,5.036423001244039,0.7496209434228784,1.0671572735649084,846,students03
5210,208.4,206,296,1.2040332442968225,0.3355605890987352,16.182459726793635,0.7659002904731544,1.0710713580354851,846,students03
5270,210.8,206,406,1.8081950847776742,0.0784889606166298,2.4878397535519534,0.7445571895323783,0.8134253516241317,847,students03
5280,211.2,206,406,1.5066506578536163,0.329358235568152,12.62698910562948,0.6807929353166852,0.8054147069419088,847,students03
5290,211.6,206,406,1.3326317007299096,0.4750288408426403,20.88290240939829,0.5588064183280598,0.7329003360106966,847,students03
5000,200.0,208,266,1.143663481362814,0.36684416054895397,18.70903349870939,0.6795906932276112,0.8307085418899699,849,students03
5010,200.4,208,266,1.2133384495385815,0.17672206756625358,8.374888710707094,0.6269913586519388,0.9808023887508314,849,students03
5020,200.8,208,266,1.326603382990051,0.41731146177732775,18.334940564008857,0.6268291666562242,0.9808023887508668,849,students03
5030,201.2,208,266,1.4733305713063518,0.4307319228077805,16.998851286706262,0.6382848965848693,0.9936425227929132,849,students03
5040,201.6,208,266,1.6028659605401865,0.22411119658805712,8.037375615219077,0.6936448817598686,1.0199430418803683,849,students03
5050,202.0,208,266,1.7158569952486058,0.20938985862189416,7.009403001583018,0.7269236967047876,1.0320248284504776,849,students03
5060,202.4,208,266,1.8361047763729381,0.33578781655122136,10.537587755689788,0.7269236966914849,1.096750387397188,849,students03
4990,199.6,209,266,1.669469832393646,0.22777431644027113,7.84161409709673,0.7909285841373142,0.6672694280500373,852,students03
5000,200.0,209,266,1.6206542193199815,0.34909733732111536,12.439300253370114,0.7907489585938212,0.8307085418899699,852,students03
5010,200.4,209,266,1.7051846814176417,0.48061812908222357,16.371063743170733,0.7907489585967241,0.9808023887508314,852,students03
5010,200.4,210,204,2.60555599528984,0.39350987935533155,8.686460160992098,0.9407771732965576,0.7311191649537209,853,students03
5020,200.8,210,204,2.0320125305987906,0.323219253637746,9.152549129254446,0.7821855669736038,0.6360457101323688,853,students03
5030,201.2,210,204,1.670603196920466,0.16073831764204932,5.521296969734637,0.6394383151166052,0.5226814779961944,853,students03
5040,201.6,210,204,1.355311445711897,0.33743263811668256,14.416603098195685,0.6394383151288741,0.5011096506401257,853,students03
5050,202.0,210,204,1.09128165304565,0.5143616345594413,28.121131890818088,0.6394383151288741,0.3535350475275522,853,students03
5010,200.4,211,204,2.8999280131662477,0.007754579023221131,0.15321248576659585,0.7757180167284597,0.7311191649537209,854,students03
5020,200.8,211,204,2.350861639925896,0.006482135203076639,0.15798439758271007,0.6962697107184973,0.6360457101323688,854,students03
5030,201.2,211,204,1.9568287893310878,0.05827118626530344,1.7064276074736917,0.6128181220815917,0.5226814779961944,854,students03
5040,201.6,211,204,1.6022940765047686,0.08590259408173079,3.073229197222288,0.6045535679203277,0.5011096506401257,854,students03
5050,202.0,211,204,1.269887285394794,0.25134049313502993,11.415555186132183,0.6048159659334205,0.3535350475275522,854,students03
0,0.0,215,213,1.1082730373743601,0.006583877696000495,0.34037697476156714,0.7266789952183967,0.826896032227066,856,students03
10,0.4,215,213,1.1447132379174656,0.06679399902181193,3.345107840372492,0.726742472692157,0.8268960323459894,856,students03
20,0.8,215,213,1.1840701418869939,0.12707250671096798,6.1607557093159135,0.7264529783083907,0.7657055787542635,856,students03
30,1.2,215,213,1.1748665584233882,0.12144828860488638,5.933377763491129,0.7422483792095177,0.6892677197556704,856,students03
40,1.6,215,213,1.1301951125365473,0.05192410843653128,2.6332443034663915,0.7751096060466144,0.6695451639413029,856,students03
50,2.0,215,213,1.0796659845814711,0.0676865097829144,3.5943488826976284,0.786898629437868,0.70798208641356,856,students03
60,2.4,215,213,1.0555775736569748,0.04856964094209426,2.6372465524254896,0.7840127643522592,0.759673360760682,856,students03
70,2.8,215,213,1.035875867731461,0.12990555071588122,7.204230333498939,0.8099852101992341,0.7654404515025097,856,students03
80,3.2,215,213,1.0104245888675814,0.21435121354422132,12.247776249592084,0.830737107225903,0.7654404515869021,856,students03
90,3.6,215,213,0.9847238451977416,0.21422711135968858,12.56519949996163,0.8307371073003275,0.7652630613560215,856,students03
100,4.0,215,213,0.9591474459299235,0.2215726033891724,13.356538999447421,0.7572470161016318,0.7652630613459698,856,students03
110,4.4,215,213,0.9919742653821504,0.2499110661567741,14.591927506991718,0.610751300204233,0.7652289730827133,856,students03
0,0.0,215,214,1.2707372902774277,0.44127533456439394,20.319772641762032,0.7266789952183967,0.6733488380577686,857,students03
10,0.4,215,214,1.2698450628611435,0.519099724045658,24.128835304854892,0.726742472692157,0.6734837330925187,857,students03
20,0.8,215,214,1.274617836884408,0.5972311447298823,27.94067076428989,0.7264529783083907,0.673227653150372,857,students03
30,1.2,215,214,1.2849924905222099,0.5722571290344117,26.445022869229085,0.7422483792095177,0.6634055749280461,857,students03
40,1.6,215,214,1.2683397649309063,0.5124082374445065,23.82842641867821,0.7751096060466144,0.6618833534698587,857,students03
50,2.0,215,214,1.2444181477825818,0.5510851178194476,26.28558389961871,0.786898629437868,0.6627856492194099,857,students03
60,2.4,215,214,1.2280189472420056,0.48264256305110775,23.142876294248182,0.7840127643522592,0.6821806017589364,857,students03
70,2.8,215,214,1.2024448055976455,0.27119233570514295,13.034288544872489,0.8099852101992341,0.7141094391144054,857,students03
80,3.2,215,214,1.161740411104974,0.182479283935982,9.037104840275227,0.830737107225903,0.7243876649064535,857,students03
90,3.6,215,214,1.121068428930544,0.19177257731028613,9.849590889843514,0.8307371073003275,0.7246039948824881,857,students03
100,4.0,215,214,1.081017750820493,0.19231347878607563,10.247487245341237,0.7572470161016318,0.7247737770536262,857,students03
110,4.4,215,214,1.0976549819843318,0.1702326156415786,8.921873568670334,0.610751300204233,0.7245574977794709,857,students03
120,4.8,215,214,1.1710188672144424,0.14668821779439062,7.196086050321132,0.5376056222368137,0.7246039948722048,857,students03
130,5.2,215,214,1.2447453410353653,0.14181807554797887,6.542109338589313,0.5376056222472132,0.7248203557500499,857,students03
0,0.0,216,213,1.273447718051589,0.3798091221721571,17.3526818011394,0.7729982414197651,0.826896032227066,858,students03
10,0.4,216,213,1.2638400234539748,0.30057734835074107,13.758420032950294,0.7726562523197487,0.8268960323459894,858,students03
20,0.8,216,213,1.2594689780257422,0.22150251004218216,10.129276874590673,0.7726562523074675,0.7657055787542635,858,students03
30,1.2,216,213,1.194768211215316,0.23500390384692268,11.343707460934334,0.7064838703359494,0.6892677197556704,858,students03
40,1.6,216,213,1.1710874533798532,0.3822587226414226,19.051231821036684,0.6295481347249584,0.6695451639413029,858,students03
50,2.0,216,213,1.1754635934682922,0.415837441323602,20.717750294506743,0.611636905022843,0.70798208641356,858,students03
60,2.4,216,213,1.178811422995912,0.44286950997361973,22.067062306802264,0.630232711904733,0.759673360760682,858,students03
70,2.8,216,213,1.1937731138086014,0.5872599754199463,29.467909123851765,0.6793681826768027,0.7654404515025097,858,students03
0,0.0,216,214,1.275530141638113,0.058904528500505204,2.6468850233049848,0.7729982414197651,0.6733488380577686,859,students03
10,0.4,216,214,1.227257616884814,0.15191085028865822,7.110350244002507,0.7726562523197487,0.6734837330925187,859,students03
20,0.8,216,214,1.1873397107451074,0.24495163961208893,11.905780903364128,0.7726562523074675,0.673227653150372,859,students03
30,1.2,216,214,1.1556602423881863,0.21473565322581228,10.708483104938999,0.7064838703359494,0.6634055749280461,859,students03
40,1.6,216,214,1.1544116789399723,0.07709448619038267,3.8292047290155677,0.6295481347249584,0.6618833534698587,859,students03
50,2.0,216,214,1.1689017677338536,0.06432194558997983,3.154446821034734,0.611636905022843,0.6627856492194099,859,students03
60,2.4,216,214,1.1866130699115631,0.012576265000873277,0.6072580990586366,0.630232711904733,0.6821806017589364,859,students03
70,2.8,216,214,1.1988866273783993,0.18658551419007208,8.953470907074827,0.6793681826768027,0.7141094391144054,859,students03
80,3.2,216,214,1.2033150321683892,0.2469486857185791,11.842590776029107,0.7046757247381672,0.7243876649064535,859,students03
90,3.6,216,214,1.2078047178289357,0.23034811427554658,10.99459284600249,0.6925148032401813,0.7246039948824881,859,students03
100,4.0,216,214,1.2221381786779861,0.2083364878307844,9.815079999891935,0.6620346757930597,0.7247737770536262,859,students03
110,4.4,216,214,1.2508461169477276,0.18705874071578688,8.600603960059065,0.6441106485054299,0.7245574977794709,859,students03
120,4.8,216,214,1.2795868229283252,0.10980237366971524,4.922650858641813,0.6886704758971587,0.7246039948722048,859,students03
130,5.2,216,214,1.2713775678276864,0.005163742330931087,0.23270935634795273,0.7541619293834753,0.7248203557500499,859,students03
730,29.2,217,87,2.4271343138178416,0.17791530524319002,4.203701129304525,0.8620097363218814,0.7875922375936381,861,students03
740,29.6,217,87,1.8216308866308293,0.36805987111104677,11.656842253528383,0.7472129156623455,0.7731273318703039,861,students03
750,30.0,217,87,1.3169413686838318,0.5186784791292012,23.194323853639833,0.6792814364816927,0.7378145894297765,861,students03
30,1.2,218,23,2.1414373583821242,0.23091880220694583,6.19044448917784,0.36918059570154454,0.5956832909933606,863,students03
40,1.6,218,23,1.74556570707387,0.1383740711368124,4.546707892007808,0.5019069426415576,0.6314527727206896,863,students03
50,2.0,218,23,1.357259814762882,0.3367388886221172,14.36522731432845,0.5289567309087462,0.7228476319296973,863,students03
680,27.2,219,28,2.1485519448005754,0.2590395757087498,6.924695609001746,1.0462726669017381,0.9777025805055237,864,students03
690,27.6,219,28,2.123015436488126,0.05848266134833817,1.5785253102697991,0.9918920600199979,0.9946842697203067,864,students03
700,28.0,219,28,2.1143515854054167,0.17973528663761434,4.876443753668083,0.9916451881284473,0.9992066077386199,864,students03
710,28.4,219,28,2.1124504021996615,0.1176305749332131,3.1921333592846675,1.0460779091539856,1.0305589765949141,864,students03
720,28.8,219,28,2.0980347036054368,0.13201455824734842,3.607603438624925,1.1359337259292561,1.0827912479067858,864,students03
730,29.2,219,28,2.0721798777634772,0.2582451387562885,7.159092766112807,1.165203087491012,1.0582062337868599,864,students03
740,29.6,219,28,2.019500740134238,0.2635876540735773,7.4997113291048905,1.0885297115808263,0.9375414487425007,864,students03
750,30.0,219,28,1.9579416862358914,0.11744615334496014,3.4389230882923107,0.902816115748151,0.8539028604704757,864,students03
760,30.4,219,28,1.9805165451913196,0.041774703151498796,1.2086198948677978,0.7973360687554133,0.8536400851145722,864,students03
770,30.8,219,28,2.0028838479626287,0.03983678477081059,1.1396717576045359,0.7975989108002962,0.8533773099472476,864,students03
330,13.2,220,30,2.5224629737923197,0.2870508676136092,6.534291845111066,0.6377813819715195,0.756239879879702,869,students03
340,13.6,220,30,2.062771706415513,0.5025941799808542,14.102062769846214,0.46094463363751326,0.7694612253353704,869,students03
350,14.0,220,30,1.653678908089526,0.09019585559271959,3.1266091372181632,0.5240473137450571,0.8331787527499994,869,students03
360,14.4,220,30,1.2595332243996598,0.48479452338673595,22.637541415562666,0.5758264368035199,0.836834463645123,869,students03
680,27.2,220,217,0.9077556263170706,0.12615244270650042,7.988353719024036,0.7702493298015345,1.0793571408782927,870,students03
690,27.6,220,217,0.8878349655715083,0.04283181078849638,2.765192871700869,0.987862460948549,1.0904581552637855,870,students03
700,28.0,220,217,0.903927027114525,0.13733924091670324,8.739149101187449,0.9930318202676692,1.0646780015503163,870,students03
710,28.4,220,217,0.9288224734812767,0.3707192976750724,23.52369310577274,1.0511873532664282,0.9507797101515426,870,students03
1690,67.6,222,65,2.0100495686170494,0.3154832320183184,9.030079204924252,0.2815225958911986,0.29450143533644024,882,students03
1700,68.0,222,65,1.7882892942966466,0.4211511612830965,13.62139565685128,0.34959004135124716,0.2708896954930033,882,students03
1710,68.4,222,65,1.5572717734299915,0.47074368002834793,17.595043312660128,0.36346390170872256,0.2592755246517733,882,students03
1720,68.8,222,65,1.3142054155743943,0.5261014595370129,23.59812516048908,0.3990521556645344,0.2610876598029058,882,students03
760,30.4,222,80,2.62117017419087,0.3336149188656532,7.312274089298721,0.3537329409211244,0.6936065214882199,883,students03
770,30.8,222,80,2.2891768055593773,0.26250200557493075,6.584644468828916,0.3399546581414965,0.6451345459840705,883,students03
780,31.2,222,80,1.979813376406758,0.2351207709191777,6.820489689931209,0.33012764325444793,0.6454327984273991,883,students03
790,31.6,222,80,1.6934729335104566,0.4122291125035833,14.088616975169538,0.3135374435489592,0.5159055278428927,883,students03
740,29.6,222,303,1.4063992955514428,0.4833012686171908,20.099068004623867,0.41971453153898297,0.4942639852957535,884,students03
750,30.0,222,303,1.21482196417623,0.2539256945083443,12.06510192173963,0.35522444134343323,0.5124867449613553,884,students03
760,30.4,222,303,1.087533169303192,0.467134369537048,25.438100932450013,0.3537329409211244,0.5634833882850426,884,students03
1130,45.2,223,56,1.5497311309619557,0.2528037860457605,9.388475162390067,0.332827451157198,0.6532830454338397,887,students03
1140,45.6,223,56,1.235651575221879,0.04705161830598925,2.18225842188797,0.3328274511572039,0.6535553281438429,887,students03
1150,46.0,223,56,0.9541399907155673,0.16546332339110997,9.986503406667719,0.34485721367872174,0.6494630986820218,887,students03
1050,42.0,223,224,0.5703152152357531,0.27132370142665624,28.407763980281306,0.2576608772291963,0.5597346697302463,888,students03
1060,42.4,223,224,0.5772558664892001,0.1833087137119515,18.51494033453282,0.2576608771850369,0.42011043073767923,888,students03
1070,42.8,223,224,0.5856787665990064,0.09226025084720557,9.063386643775559,0.25831322560686093,0.40854792788623234,888,students03
1080,43.2,223,224,0.6094590631963022,0.01726348610175779,1.6231725357728646,0.2667215562864636,0.40436856917703107,888,students03
1090,43.6,223,224,0.6399671099985894,0.047758776768159095,4.2797865415219665,0.27452378019832374,0.39137405336081027,888,students03
1100,44.0,223,224,0.6771816487480364,0.11121247475054383,9.45241497705822,0.2745237801478927,0.3833958513689787,888,students03
1110,44.4,223,224,0.719379510529995,0.14049306682996948,11.262107040299007,0.2818272162556908,0.3831998433400464,888,students03
1120,44.8,223,224,0.7568332101090857,0.08394305719479617,6.367980322151196,0.30976086482137205,0.42312618921129846,888,students03
1130,45.2,223,224,0.8067529090217874,0.06016693437369769,4.277040810536024,0.332827451157198,0.4740728123237212,888,students03
1140,45.6,223,224,0.8659052573914721,0.10622796648906496,7.046712324032734,0.3328274511572039,0.4840869403590302,888,students03
1150,46.0,223,224,0.9269797074514405,0.14632503767964344,9.082205302562715,0.34485721367872174,0.48429870991791496,888,students03
1160,46.4,223,224,0.9797084398017889,0.1447052575335751,8.493798876003238,0.46757179900530293,0.48429871001113334,888,students03
1170,46.8,223,224,0.9442191836087002,0.15059760492233654,9.177546484560532,0.5783028657340659,0.48408694045221756,888,students03
1180,47.2,223,224,0.9102913090334298,0.2575189130547381,16.433198344818855,0.5907625565557203,0.4840524022504195,888,students03
850,34.0,223,275,2.1486954962793705,0.23632915466236204,6.314581820983841,0.4481367252533076,0.8477660657874699,889,students03
860,34.4,223,275,1.6980280353986286,0.2811506452306151,9.530627144095533,0.4606191129635048,0.7822601915099354,889,students03
870,34.8,223,275,1.2650527943675491,0.3741102097536232,17.2011338375221,0.46821037826834555,0.7146193143718068,889,students03
830,33.2,223,302,1.1593371887489046,0.4875161936785272,24.866970538272824,0.34937015146308503,0.5062999837379534,890,students03
840,33.6,223,302,0.8484847403952902,0.196885463196124,13.417417595144402,0.4435847720938615,0.4536607298924233,890,students03
850,34.0,223,302,0.5729128807431224,0.04800755575653701,4.806768447951148,0.4481367252533076,0.4007203775938039,890,students03
910,36.4,223,411,2.235269377847896,0.3680714730366137,9.477796050008145,0.8040213311102494,0.5981913680463592,892,students03
920,36.8,223,411,1.9418677335580985,0.1354997171735024,4.0012384603666975,0.707818007416922,0.570313171722575,892,students03
930,37.2,223,411,1.7519323387069203,0.1052027073583569,3.442655551454641,0.5699267193555777,0.6075048071386191,892,students03
940,37.6,223,411,1.7021283109249397,0.3421768426335188,11.597127957563387,0.5286101606602951,0.7075781617257282,892,students03
990,39.6,224,4,2.027720836297595,0.5428118332088581,15.527184218705488,0.5052818954907349,0.87048612633304,893,students03
1000,40.0,224,4,1.801207251635538,0.28334932541512725,9.05083883965992,0.5190834636997822,0.8827555408413276,893,students03
1010,40.4,224,4,1.6317158557631424,0.06550526844454363,2.3007585870189335,0.5189571136794635,0.812871659878268,893,students03
1020,40.8,224,4,1.5129575650428642,0.353495436524522,13.511781779397408,0.5943249738858912,0.7126010732503186,893,students03
970,38.8,224,75,1.622750222874792,0.590863205667097,21.352958159231633,0.4620850552426721,0.799435039598047,897,students03
980,39.2,224,75,1.4340746362900163,0.3934312840880605,15.92298749215534,0.4758980976550771,0.7981889282499939,897,students03
990,39.6,224,75,1.291100433573406,0.2638878635208518,11.793785580607315,0.5052818954907349,0.7939991124648987,897,students03
1000,40.0,224,75,1.1802362280707108,0.03624994505923146,1.7600676061158735,0.5190834636997822,0.7903962670348633,897,students03
1010,40.4,224,75,1.1362486962182665,0.24937033273068654,12.677793374757714,0.5189571136794635,0.7818093784507891,897,students03
1020,40.8,224,75,1.1514791046616388,0.5315768063957336,27.49343276222791,0.5943249738858912,0.7477548348286447,897,students03
880,35.2,224,223,0.5040079230645123,0.19462064849122584,22.71490440609136,0.39574810559423823,0.4680836724799015,898,students03
890,35.6,224,223,0.5479558830674586,0.0590429229741915,6.185700267780301,0.46984305792161146,0.5713847507228326,898,students03
900,36.0,224,223,0.5810573215354737,0.02617265079960268,2.58165574634849,0.6280985933339294,0.7614208855855591,898,students03
910,36.4,224,223,0.6231765814393939,0.037587749987582186,3.457972389806436,0.6645141299593433,0.8040213311102494,898,students03
920,36.8,224,223,0.6775443872179415,0.026080310922745376,2.2059971646787693,0.6726886800732876,0.707818007416922,898,students03
930,37.2,224,223,0.6440743196957839,0.10663340987667419,9.52980953345246,0.7088227569246093,0.5699267193555777,898,students03
940,37.6,224,223,0.5726641418845166,0.16344189442251325,16.58313040764784,0.7246173253942594,0.5286101606602951,898,students03
950,38.0,224,223,0.5045881931599516,0.20041920033741062,23.402853607396057,0.619142834815775,0.4913247344317323,898,students03
860,34.4,224,226,0.7708297832712027,0.2170143994612283,16.35174954992695,0.37578476858311977,0.4860949972691218,900,students03
870,34.8,224,226,0.7732037052316075,0.03422163035579907,2.53671276383443,0.39574810546959155,0.5886514258523852,900,students03
880,35.2,224,226,0.8171053749489414,0.13825094409368027,9.741074894429534,0.39574810559423823,0.643517739348107,900,students03
890,35.6,224,226,0.8937516955565993,0.029998668072061085,1.923487224628885,0.46984305792161146,0.6295646358783674,900,students03
900,36.0,224,226,0.8953225489111912,0.2729552107084105,17.750223715399738,0.6280985933339294,0.5832063485158561,900,students03
910,36.4,224,226,0.8514137899200825,0.30537685889961247,21.01855843422288,0.6645141299593433,0.5502400709561736,900,students03
820,32.8,224,303,2.118527168229867,0.4730412183621495,12.902213597938145,0.3555040472065163,0.37377450357323777,903,students03
830,33.2,224,303,1.9197977233530938,0.33351591218891863,10.004440819473855,0.35523820959430075,0.35606249065781825,903,students03
840,33.6,224,303,1.727325910591532,0.19598937857970422,6.515041231686827,0.35511885487086564,0.3560624908091321,903,students03
850,34.0,224,303,1.5428093296876164,0.5895066921475671,22.463792042985133,0.32482212791609333,0.3560624909304899,903,students03
810,32.4,224,304,1.7662494387729113,0.5078482379325291,16.710088808364834,0.33107549959218463,0.5402287662011577,904,students03
820,32.8,224,304,1.559423289474978,0.2664533071268471,9.83820702145506,0.3555040472065163,0.43182128429361283,904,students03
830,33.2,224,304,1.4129031763751385,0.11712448328068004,4.755066275262979,0.35523820959430075,0.37317434742799604,904,students03
840,33.6,224,304,1.2799698689394978,0.030586813515499744,1.3692995439656008,0.35511885487086564,0.3730153613208436,904,students03
950,38.0,225,43,2.108305468809546,0.11492634129832857,3.124812731887639,0.4473175924653986,0.3126442167444911,906,students03
960,38.4,225,43,1.9626549504750896,0.19159512987767502,5.602157990613203,0.3533363219399173,0.5314512964176563,906,students03
970,38.8,225,43,1.845975279369096,0.007315050842866433,0.22704672257845449,0.3442744017523813,0.48243973548932356,906,students03
1160,46.4,225,52,1.5910934528754783,0.31636201500112515,11.46872914248639,0.4255950134651676,0.6636503640313811,907,students03
1170,46.8,225,52,1.5968894316044633,0.14828327749057563,5.328022675141967,0.6868930327086313,0.783800618871859,907,students03
1180,47.2,225,52,1.6238390082178396,0.147530073873595,5.2126611934009865,0.7654590731747732,0.8355035807065475,907,students03
1190,47.6,225,52,1.6201337364361956,0.003654011834954063,0.1292236740838703,0.9579017055485485,0.9095116077237322,907,students03
1200,48.0,225,52,1.5271299880442193,0.04658638668262939,1.748127225802322,1.1213643459035116,0.9637587257231917,907,students03
1210,48.4,225,52,1.4334639222409795,0.11224697845644628,4.491127120263397,1.1879918581805566,0.9478053407240418,907,students03
1220,48.8,225,52,1.316272671295077,0.24462832421051062,10.710651112842793,1.245275789367063,0.9415637835549103,907,students03
1230,49.2,225,52,1.205878634794601,0.28183141394757155,13.515863548811838,1.269736350265651,0.9433300430840222,907,students03
1240,49.6,225,52,1.0784734150103243,0.3070333819555001,16.540473661665576,1.3052932689686532,1.013470193744713,907,students03
1250,50.0,225,52,1.0061551255662609,0.3641787962074352,21.22005852899753,1.3160107772989365,1.0923487133725445,907,students03
1260,50.4,225,52,0.9490973818858188,0.43395647392348163,27.208554423436553,1.3801867807139727,1.100158868327233,907,students03
990,39.6,225,223,1.1413235311108756,0.21976164507100854,11.101626549988998,0.349455223377734,0.29957037456318325,910,students03
1000,40.0,225,223,1.0365470157753753,0.3357394213958549,18.89905281855391,0.349455223377734,0.28917630871119143,910,students03
1010,40.4,225,223,0.9545283254258655,0.34672509495374004,21.29945278004114,0.39144386971352796,0.2891763088145649,910,students03
1020,40.8,225,223,0.8543986879157491,0.31370954926739797,21.541188148523794,0.48764642141722186,0.2785040670145177,910,students03
1030,41.2,225,223,0.7421716263993542,0.35674457414344274,28.729604687199615,0.5397530008765394,0.25696734666233007,910,students03
990,39.6,225,224,1.1264485725978792,0.203207661956957,10.392870238546971,0.349455223377734,0.5052818954907349,911,students03
1000,40.0,225,224,1.0635311118358646,0.01850233429972631,0.996829464574284,0.349455223377734,0.5190834636997822,911,students03
1010,40.4,225,224,1.0321119244420758,0.04225437908258739,2.3463292406677714,0.39144386971352796,0.5189571136794635,911,students03
1020,40.8,225,224,0.9934183678279336,0.027770666905651165,1.6018923836681156,0.48764642141722186,0.5943249738858912,911,students03
1030,41.2,225,224,0.9847170069518428,0.147623137683688,8.621958792601962,0.5397530008765394,0.6882488987750318,911,students03
1040,41.6,225,224,1.0229894204332335,0.32522855323252087,18.537167470132502,0.5066367514166465,0.7069314632463971,911,students03
1050,42.0,225,224,1.1148975568338035,0.39091555141103174,20.52579984403707,0.34498908709392,0.5597346697302463,911,students03
810,32.4,225,302,1.1233845289040363,0.08428947501425121,4.303044943424883,0.3346522865517766,0.624485433965409,913,students03
820,32.8,225,302,0.9393248690860531,0.1370000521564827,8.38647430235252,0.3346506562786719,0.5399654056063978,913,students03
830,33.2,225,302,0.8109717106786376,0.33062552911730925,24.059843134964527,0.3346494987598619,0.5062999837379534,913,students03
1020,40.8,226,4,1.4213117597930136,0.5035814266993337,20.751009077921367,0.37543231255765536,0.7126010732503186,915,students03
1030,41.2,226,4,1.2632416758745357,0.22488560249460554,10.254604593892394,0.3584565935581161,0.6826469687441582,915,students03
1040,41.6,226,4,1.166376163557152,0.06978406079303828,3.430043878846458,0.3245180303615826,0.6826469687441694,915,students03
1050,42.0,226,4,1.1455490649292581,0.35207507359594375,17.89910582046592,0.3076930006355951,0.6939659548293943,915,students03
1020,40.8,226,75,0.9404540949328566,0.2935759805609976,18.18969606675463,0.37543231255765536,0.7477548348286447,916,students03
1030,41.2,226,75,0.8107098033997467,0.0001494106542574425,0.010559388702505551,0.3584565935581161,0.7323444601140113,916,students03
1040,41.6,226,75,0.7928543554627985,0.3037599358899131,22.527200287205737,0.3245180303615826,0.7109257468850142,916,students03
1150,46.0,226,224,0.8764395528616543,0.25045472361119203,16.604511793404665,0.3617653468555418,0.48429870991791496,917,students03
1160,46.4,226,224,0.8602983042010345,0.30507210472419916,20.769666812839326,0.5183082935261931,0.48429871001113334,917,students03
1170,46.8,226,224,0.8231812773422384,0.2874914725893819,20.441107795601358,0.550208872204738,0.48408694045221756,917,students03
1180,47.2,226,224,0.7864621536281795,0.2587995996288367,19.21222218360584,0.5502088723019766,0.4840524022504195,917,students03
790,31.6,226,303,2.5192165216899065,0.45399051551316094,10.382049893693116,0.4012753628197138,0.542957871751563,920,students03
800,32.0,226,303,2.291445040963706,0.2453919607274916,6.147621759100214,0.40114986417793,0.5340339528949692,920,students03
810,32.4,226,303,2.0791261529383913,0.03536542912687901,0.9746342477502823,0.4011498640680511,0.46274364363507026,920,students03
820,32.8,226,303,1.885253360482516,0.11805923285544506,3.5903528152908155,0.40127536270986613,0.37377450357323777,920,students03
790,31.6,226,304,2.0029588666406095,0.3418714523001911,9.827544794460925,0.4012753628197138,0.6119667647408138,921,students03
800,32.0,226,304,1.761434871149374,0.11324256162411594,3.6860850593461496,0.40114986417793,0.5882232438319401,921,students03
810,32.4,226,304,1.5435560524519185,0.11377800782472458,4.227198300453258,0.4011498640680511,0.5402287662011577,921,students03
820,32.8,226,304,1.382967843642457,0.31044976208447866,12.972350675721389,0.40127536270986613,0.43182128429361283,921,students03
1010,40.4,227,49,2.8556739177988635,0.1922799833371294,3.8607955048540448,1.1321280456085845,0.8477310139516319,924,students03
1020,40.8,227,49,2.342295343876734,0.12626823410639987,3.090193369877124,1.1330048122271392,0.8497286413467889,924,students03
1030,41.2,227,49,1.8853479698487703,0.32908453535688237,10.052380825896263,1.1449201489690837,0.8534356489218612,924,students03
1040,41.6,227,49,1.5197871746402853,0.5569042350374891,21.495963165446625,1.1603772375731718,0.865770015697973,924,students03
930,37.2,227,235,1.5826686306560172,0.4197803481634166,15.380963328843643,0.7120244949275765,1.0531226848264932,926,students03
940,37.6,227,235,1.3252245766766724,0.012910437219086246,0.5581886109206711,0.8658372622140246,1.152212561487168,926,students03
950,38.0,227,235,1.1080175493021949,0.44125241880731725,23.46794527658269,1.173337897386076,1.1577912513613426,926,students03
1060,42.4,228,91,2.380809731089047,0.3981992996894636,9.628183129199032,1.1671648019448608,1.413028074853768,928,students03
1070,42.8,228,91,1.689010323050341,0.12770542113074587,4.336250160930518,1.1863398088807044,1.3830697976843391,928,students03
1080,43.2,228,91,1.1870165712166645,0.5393566940417953,27.025055090012998,1.2147945598998853,1.3343248864682085,928,students03
1200,48.0,229,55,2.58203356478762,0.46688829022728556,10.417638502637098,0.3746491420729202,0.6584687580272977,936,students03
1210,48.4,229,55,2.197983380597035,0.1703484138550661,4.445002953012014,0.36297461532384884,0.6613502012019343,936,students03
1220,48.8,229,55,1.8217222449644042,0.005673361060287929,0.17843563735110535,0.3596767212538642,0.6575514727097292,936,students03
1230,49.2,229,55,1.4560872092221382,0.4214418030540168,16.82410050652775,0.4717159405285446,0.6539171219340962,936,students03
1090,43.6,230,228,2.965841676286126,0.5121601700826035,9.944042008061064,1.1024788423099665,1.2430173633069603,944,students03
1100,44.0,230,228,2.136653556947625,0.12249308911435985,3.2865352377207318,1.1422559532474537,1.196779788702942,944,students03
1110,44.4,230,228,1.3204867109444536,0.20414358968327218,8.893437752686864,1.1864821201977178,1.1412938491125892,944,students03
1340,53.6,231,54,0.7788730640819996,0.3291952293769932,25.002374073918638,0.8689111383552542,1.1539894169075553,948,students03
1350,54.0,231,54,0.7557013979388238,0.08982048034400716,6.8261474569831755,0.8632076120198168,1.129838972669595,948,students03
1360,54.4,231,54,0.7843153029915948,0.20811134534999987,15.387241702438056,0.8594868914375029,1.1351893825179282,948,students03
930,37.2,232,48,2.7618225183098652,0.16717082480308298,3.470187184612429,1.066082766484302,0.7606246534046913,954,students03
940,37.6,232,48,2.0546071934153125,0.4078722757261266,11.450188574628744,1.0832986162272114,0.7094105025648809,954,students03
950,38.0,232,48,1.3580711989439516,0.36249442676429555,15.480985957080998,1.0566284874573748,0.7092916259246486,954,students03
960,38.4,232,48,0.7072878208105531,0.34374364832135706,29.07817430288765,1.0402222844441398,0.7222280707924597,954,students03
1150,46.0,232,55,1.9349351991657153,0.3687181659947463,10.985373881745666,0.8416853010952491,0.7200855768984961,956,students03
1160,46.4,232,55,1.63619124327277,0.054815848879118306,1.9198884114215564,0.8186265344065138,0.6715643094824106,956,students03
1170,46.8,232,55,1.3556244889324105,0.3636187167839832,15.558949349071515,1.013915970454645,0.6606381116151301,956,students03
1220,48.8,232,92,2.941306824106879,0.47598219540222786,9.312944658574192,1.164658143244258,0.8726811841887937,959,students03
1230,49.2,232,92,2.198377178715903,0.014232511941740578,0.3709411518112769,1.2345847490769215,0.8726811840641269,959,students03
1240,49.6,232,92,1.4964290642064666,0.3808970422490725,14.746170873181274,1.2214977234138624,0.8900817198243152,959,students03
1570,62.8,232,98,2.846416285293037,0.15222153919920778,3.0655439860561544,0.6881375313842273,0.704756785453343,961,students03
1580,63.2,232,98,2.3083140169607717,0.2698953867017587,6.7145628739358605,0.6583700056930577,0.7384868678098525,961,students03
1590,63.6,232,98,1.8055960765219625,0.45797739899530343,14.693210867540863,0.6089381756954314,0.781499103417926,961,students03
1270,50.8,232,231,2.7101485710752367,0.33117696741768243,7.019019987087817,1.1059877304497772,0.7569688427464321,964,students03
1280,51.2,232,231,2.443139582408831,0.14061666511692517,3.299523429477753,1.0489442541432863,0.762608629110021,964,students03
1290,51.6,232,231,2.240451201373813,0.05418587873903968,1.385848038711901,0.9736935407536839,0.8251118435687799,964,students03
1300,52.0,232,231,2.1599861710636907,0.2606335359921583,6.93045121945909,0.8706172081058404,0.8886674739728828,964,students03
1310,52.4,232,231,2.16042503502692,0.5269081026161548,14.11630148396698,0.5071128372184042,0.8889205956308244,964,students03
660,26.4,233,30,2.953524712544445,0.07542839999842488,1.463403666562366,0.833846378177772,0.8348502298872879,966,students03
670,26.8,233,30,2.428563563112846,0.26737525596035333,6.320852470122735,0.716267216997857,0.8624414862811529,966,students03
680,27.2,233,30,1.9611175267329517,0.5756972527118591,17.0709517604123,0.611056387015406,0.8928713575817528,966,students03
2120,84.8,233,115,2.3618989286491407,0.48695105238234027,11.897957411346518,0.9214409683627647,0.8668076238891258,973,students03
2130,85.2,233,115,1.690563011095936,0.4931403577762073,16.959870798338038,0.8300178351622354,0.7990038686626967,973,students03
2140,85.6,233,115,1.1024205789779788,0.49516576683003494,26.6899509149386,0.5582683481200439,0.7926875712538715,973,students03
2020,80.8,236,244,2.7187031081221282,0.01767621456025259,0.3725230697450534,0.8541280265558098,0.5572063777337519,985,students03
2030,81.2,236,244,2.1881415227954997,0.1479712520913738,3.877538662886512,0.7755928327018055,0.557206377733752,985,students03
2040,81.6,236,244,1.6578240669487474,0.053968355831775006,1.865520889008634,0.7554906891724521,0.4960183240104379,985,students03
2050,82.0,236,244,1.1926655264111008,0.09188089486794353,4.418345796652563,0.708307539715816,0.3452449773748487,985,students03
2020,80.8,236,245,2.9253797002280857,0.5770698183317046,11.376965006200448,0.8541280265558098,0.6417828194177853,986,students03
2030,81.2,236,245,2.3679410909982357,0.37633750184958353,9.144810360947892,0.7755928327018055,0.6417828194177857,986,students03
2040,81.6,236,245,1.8163185083964122,0.451749162386309,14.401599673400412,0.7554906891724521,0.5594904030171003,986,students03
2050,82.0,236,245,1.3664548565678776,0.5937382217069779,25.75411488565912,0.708307539715816,0.3991958199436615,986,students03
2030,81.2,237,244,2.4752737284506705,0.45115580493920937,10.501718443748238,0.7485839540949359,0.557206377733752,989,students03
2040,81.6,237,244,2.0044784155780424,0.4849239858697052,13.999904785318549,0.689326226463709,0.4960183240104379,989,students03
2050,82.0,237,244,1.5943864423227527,0.5346157443841482,19.591467277123673,0.6890001398335716,0.3452449773748487,989,students03
2060,82.4,237,244,1.272710774755718,0.5652333061910024,26.366899464745572,0.5943689969202527,0.25909577949095647,989,students03
3470,138.8,238,232,1.3422440152029491,0.4199549904310457,18.232594762318808,0.7631314493308093,0.8354498881132854,992,students03
3480,139.2,238,232,1.2980126481731349,0.1911659108131385,8.46909068581745,0.9867835509508647,0.7927424528455319,992,students03
3490,139.6,238,232,1.1726574844980517,0.12235428845293994,5.989103496994965,0.9118111030153765,0.7995458858659918,992,students03
3500,140.0,238,232,1.1675465463639358,0.14511002693944364,7.139541723577891,0.7822843337828618,0.8126878951155009,992,students03
3510,140.4,238,232,1.1511238579075795,0.034032389376365546,1.6941673416040421,1.0045723434970297,0.8126418447497494,992,students03
3470,138.8,238,233,0.8745929275757875,0.1873764817909253,12.371191288952454,0.7631314493308093,0.6610987117839642,993,students03
3480,139.2,238,233,0.8676509468655742,0.2967721035164394,20.001265091157336,0.9867835509508647,0.8947318970553768,993,students03
3490,139.6,238,233,0.8004189143925537,0.3078566895967403,22.620117829210578,0.9118111030153765,0.8368821490059425,993,students03
3500,140.0,238,233,0.8109475500150346,0.21129552464073614,15.102929514997367,0.7822843337828618,0.8084259404118213,993,students03
3510,140.4,238,233,0.8057450034259909,0.2027443092725214,14.573598327022712,1.0045723434970297,0.8084259402963522,993,students03
3480,139.2,238,397,2.1853707068677872,0.18376490604758666,4.823621620528931,0.9867835509508647,0.9053106725618041,996,students03
3490,139.6,238,397,1.5421811159361571,0.11017467724463959,4.096747113667229,0.9118111030153765,0.9053106725742142,996,students03
3500,140.0,238,397,1.0925869551008347,0.2772958600790253,14.702344275540273,0.7822843337828618,0.9050386590348477,996,students03
1890,75.6,240,241,0.7524131075750286,0.3400621646154734,26.869636385334566,0.786641673274106,0.7111538478588136,998,students03
1900,76.0,240,241,0.7191428887869671,0.26182813957585593,21.35119742387827,0.8391631685813343,0.7211711056020396,998,students03
1910,76.4,240,241,0.6576703964096091,0.18984732709194121,16.778130478191187,0.8433882939425804,0.7089780040593252,998,students03
1920,76.8,240,241,0.6061096953915671,0.0989846383093067,9.39915576568281,0.7845146732914913,0.700028569884764,998,students03
1930,77.2,240,241,0.5769611466023461,0.01458974918214375,1.4490060056475573,0.7404038538973191,0.6899197829185515,998,students03
1940,77.6,240,241,0.5468987532112274,0.0735171177091614,7.72539847707942,0.6891462584362934,0.7061796639151159,998,students03
1950,78.0,240,241,0.5612888119870082,0.13341081829468962,13.750040582316812,0.6465364392165052,0.7239902435510379,998,students03
1960,78.4,240,241,0.6091828250945093,0.22527464918501322,21.703165917983693,0.5423307125220519,0.6998390108952148,998,students03
1970,78.8,240,241,0.704829742959439,0.21081074961841825,17.403229085790535,0.4506574652017907,0.678333107775049,998,students03
1980,79.2,240,241,0.7877148242306505,0.19623930397354727,14.425728858104478,0.4504195843288143,0.5937860717676183,998,students03
1990,79.6,240,241,0.7989326473145537,0.06727798904003263,4.830589030911298,0.45117524422854377,0.4400857716262676,998,students03
2000,80.0,240,241,0.7394091376070698,0.11447836718382454,8.906595789362814,0.45715508664966187,0.37417286296551155,998,students03
2010,80.4,240,241,0.6946742350019227,0.21078848185006568,17.664034973026048,0.45715508663977955,0.3741728629602347,998,students03
2020,80.8,240,241,0.668526455056998,0.3078713500207887,27.420816603386434,0.4571295009438317,0.37442323085326074,998,students03
1880,75.2,240,345,2.8044808265122616,0.40842569041452426,8.373951689112245,0.7611624200177587,0.532895376238731,999,students03
1890,75.6,240,345,2.3293115896879777,0.4323995888717015,10.698102251281632,0.786641673274106,0.5554069371998289,999,students03
1900,76.0,240,345,1.8441569281887866,0.501775877030853,15.788646721936665,0.8391631685813343,0.5171687937968227,999,students03
1910,76.4,240,345,1.37222651971575,0.46092187703304754,19.626876316769277,0.8433882939425804,0.4692889336466137,999,students03
2060,82.4,243,65,2.700808317610919,0.5277341344147937,11.268008987099178,0.5026255166774011,0.7415183569238832,1002,students03
2070,82.8,243,65,2.1918468494034085,0.5756309854979518,15.225801869711374,0.6328140061205791,0.7415526220821258,1002,students03
2080,83.2,243,65,1.6320594103960049,0.5736955411356983,20.580088964998335,0.7108862369567701,0.7143094917665751,1002,students03
2090,83.6,243,65,1.1074112969838117,0.5140302765067105,27.65670453945024,0.6220193379382905,0.6766881597674714,1002,students03
2060,82.4,243,70,2.594479092110055,0.14234987965081014,3.1451958736423467,0.5026255166774011,0.7823837716080269,1003,students03
2070,82.8,243,70,2.093635116420844,0.19519007123848026,5.34946702133255,0.6328140061205791,0.7823837716176556,1003,students03
2080,83.2,243,70,1.5455061328601354,0.2969476653777519,11.077476326825868,0.7108862369567701,0.7213379592101827,1003,students03
2090,83.6,243,70,1.0288776852466068,0.3629505917030762,20.65644242971566,0.6220193379382905,0.6697893878727766,1003,students03
2040,81.6,243,104,2.435500398877308,0.5305087302467771,12.581216933397892,0.4565318539477198,0.7666636703022689,1004,students03
2050,82.0,243,104,1.9525371782194483,0.4123501554033403,12.191913126518765,0.4504364782292653,0.7787818244939708,1004,students03
2060,82.4,243,104,1.4705319983158878,0.4283806397562059,16.936398601141786,0.5026255166774011,0.7870578696728466,1004,students03
2070,82.8,243,104,0.9658837135361905,0.4440471131749636,27.36977935444776,0.6328140061205791,0.8076024535596901,1004,students03
2080,83.2,243,108,2.5127621097244957,0.23422309057456192,5.348498643669763,0.7108862369567701,0.8601491896394661,1005,students03
2090,83.6,243,108,1.9173614315230492,0.05770324998777121,1.724584583178339,0.6220193379382905,0.812913933293704,1005,students03
2100,84.0,243,108,1.4088030782743488,0.11978002513645597,4.877321378398646,0.47394178635423684,0.7907337317222515,1005,students03
2110,84.4,243,108,0.9637992974518702,0.2825803970433444,17.049287298130306,0.440241938844451,0.7070803507524343,1005,students03
2080,83.2,243,109,2.8074745153731473,0.13561696413145574,2.7687890742928185,0.7108862369567701,0.8408094779138193,1006,students03
2090,83.6,243,109,2.2317022454515727,0.2957633748751375,7.615709093912702,0.6220193379382905,0.7608825182046364,1006,students03
2100,84.0,243,109,1.8010983700476757,0.5078587272961763,16.37791584277529,0.47394178635423684,0.7085072738378233,1006,students03
2080,83.2,244,65,2.588042603574842,0.441035122668186,9.811810557177376,0.3254701756059708,0.7143094917665751,1011,students03
2090,83.6,244,65,2.1922094260064866,0.4493342428229983,11.827664824324646,0.4339681353317737,0.6766881597674714,1011,students03
2100,84.0,244,65,1.7377135712225307,0.29250235120970464,9.690502622619533,0.4957746604018838,0.6658207735141872,1011,students03
2110,84.4,244,65,1.3020393937182735,0.27805517604116664,12.330682950756161,0.3909920523096766,0.651237632134209,1011,students03
2110,84.4,244,108,1.9685528014592564,0.5788764640503151,17.10129597066407,0.3909920523096766,0.7070803507524343,1014,students03
2120,84.8,244,108,1.597333316677641,0.03957658021258742,1.4197431794392368,0.3533855954681089,0.6036227129839328,1014,students03
2130,85.2,244,108,1.2492063284332175,0.06638293952216984,3.046137806350289,0.3533855954558899,0.583181918578667,1014,students03
2140,85.6,244,108,0.9148145292497646,0.21339127623009826,13.489183470971334,0.3273352330580887,0.5180106821144851,1014,students03
2150,86.0,244,108,0.6334328440569013,0.2750840960383284,25.739174761571967,0.3026191031858015,0.464672122008846,1014,students03
2020,80.8,244,236,2.7187031081221282,0.3517845447700001,7.434589650101551,0.5572063777337519,0.8541280265558098,1016,students03
2030,81.2,244,236,2.1881415227954997,0.2899716566499997,7.615215185086301,0.557206377733752,0.7755928327018055,1016,students03
2040,81.6,244,236,1.6578240669487474,0.26267393683563994,9.116650067198734,0.4960183240104379,0.7554906891724521,1016,students03
2050,82.0,244,236,1.1926655264111008,0.318636818963612,15.495554159241081,0.3452449773748487,0.708307539715816,1016,students03
2260,90.4,244,321,2.8740130290099763,0.37654851187225247,7.528444164511859,0.9793204017438564,0.6273235930016289,1018,students03
2270,90.8,244,321,2.275396074669237,0.1272352304480885,3.205528143512362,0.8452928732152686,0.6398364593840349,1018,students03
2280,91.2,244,321,1.785916644397632,0.5879550491646881,19.221289050736658,0.7560639451552773,0.6456314660687681,1018,students03
2290,91.6,244,321,1.3544628714877998,0.5435530680230224,23.659801661998586,0.764770896991557,0.6487447240601392,1018,students03
2080,83.2,245,64,2.647263329251143,0.03181832714577315,0.6886733683523774,0.39156490703169194,0.7469547084611678,1022,students03
2090,83.6,245,64,2.205547931116321,0.017063366095684263,0.4432769748090187,0.4388884086623966,0.6735560052907903,1022,students03
2100,84.0,245,64,1.7834309382359086,0.05716508142367294,1.8368409710735347,0.4391367915484275,0.6452394154998488,1022,students03
2110,84.4,245,64,1.3657366512672795,0.4576966944615695,19.580326285437266,0.4054667097962182,0.6452394154998604,1022,students03
2080,83.2,245,65,2.4220861857127565,0.46056945073674527,10.961773383873037,0.39156490703169194,0.7143094917665751,1023,students03
2090,83.6,245,65,1.9797389334100703,0.4856424977668522,14.199937764660557,0.4388884086623966,0.6766881597674714,1023,students03
2100,84.0,245,65,1.5449083659505842,0.3908954492662161,14.656397295804616,0.4391367915484275,0.6658207735141872,1023,students03
2110,84.4,245,65,1.1102458603134484,0.02742458786958671,1.4154279077011664,0.4054667097962182,0.651237632134209,1023,students03
2120,84.8,245,65,0.7051588214227583,0.2556229497955912,21.254060011084245,0.4006599814859753,0.6036278755573118,1023,students03
2080,83.2,245,66,2.8231892506884395,0.47656616482026415,9.71829921718167,0.39156490703169194,0.7600421271375026,1024,students03
2090,83.6,245,66,2.38013318902086,0.4230734840075907,10.238848667312764,0.4388884086623966,0.7137647409803624,1024,students03
2100,84.0,245,66,1.9788792022776427,0.5071400890852913,14.849232541785966,0.4391367915484275,0.6562623017128639,1024,students03
2280,91.2,245,321,1.768336376596682,0.3382811731831101,11.028608421012832,0.9105902702605477,0.6456314660687681,1029,students03
2290,91.6,245,321,1.1925694285951027,0.1536374930517042,7.401928312913246,0.8851980725684676,0.6487447240601392,1029,students03
2300,92.0,245,321,0.7224532143304954,0.10758013994009695,8.563735225002183,0.7621029128406869,0.6845252123895142,1029,students03
2430,97.2,245,376,1.6984762976512775,0.05680300976027272,1.9165293754255326,0.2677102583082487,0.281193542739841,1032,students03
2440,97.6,245,376,1.4076370926564923,0.24891127273457364,10.185121029031297,0.514930581071557,0.4445467018007885,1032,students03
2450,98.0,245,376,0.9509335793458954,0.32727391217377805,20.130566725964343,0.7432963743561748,0.4518255572624673,1032,students03
2280,91.2,246,117,2.62829411936167,0.3953426739935524,8.651149476901034,1.0536345906606384,0.7148279860951583,1033,students03
2290,91.6,246,117,1.919764284675612,0.47250646994567147,14.24846558859429,1.0451619933471488,0.8032196771406529,1033,students03
2300,92.0,246,117,1.2164201851322178,0.5410187228538348,26.408178258798507,1.0369110388468568,0.8473634838204652,1033,students03
2470,98.8,246,137,2.766845839984117,0.09578660477389783,1.9839432198926235,1.0453719487759086,0.8959553744615621,1035,students03
2480,99.2,246,137,2.013861917109731,0.14388453251278893,4.097106338894895,0.9797239875633788,0.9236329380402968,1035,students03
2490,99.6,246,137,1.3021018418079968,0.37643319281094767,16.803877481908195,0.9855893179477623,0.9560189078282421,1035,students03
2520,100.8,246,386,2.07995988612153,0.5774544440689477,16.118668315563507,0.9786208014692155,1.025975456208222,1037,students03
2530,101.2,246,386,1.5277317536699666,0.24510443723152736,9.232252205329422,0.8068371652194313,1.0256431468857299,1037,students03
2540,101.6,246,386,1.0869788359484147,0.11273167820499089,5.9529076972360455,0.7889762229772415,1.0259385214679146,1037,students03
2510,100.4,247,386,1.8722992237967084,0.5915610889515027,18.41843679187517,0.873255178609655,1.0259754562082224,1039,students03
2520,100.8,247,386,1.333661814238717,0.18582168385894904,8.009190174546504,0.9545101272649259,1.025975456208222,1039,students03
2530,101.2,247,386,0.8303842980701728,0.2160970223093443,15.08414705159054,1.0277424147559149,1.0256431468857299,1039,students03
2520,100.8,248,137,2.591789884832531,0.18744615017746408,4.147426520356879,1.0806973310318762,0.8590859812480666,1042,students03
2530,101.2,248,137,1.8399267011202298,0.16899677582114309,5.270029816602224,1.0900895758568743,0.8674455386424035,1042,students03
2540,101.6,248,137,1.1060778438731462,0.35716316224000433,18.838977182473013,0.9528663464623311,0.9495121601379829,1042,students03
2340,93.6,250,249,1.1646273130529607,0.32946286394129204,16.43283896148016,1.1264299619156501,0.9065967153920048,1045,students03
2350,94.0,250,249,1.0890853945502743,0.34360321713686537,18.390822181162456,1.1263720076116421,0.9196027660390111,1045,students03
2360,94.4,250,249,1.016851500476571,0.3739779703313657,21.57878884857217,1.1064078473443104,0.9208181454638941,1045,students03
2370,94.8,250,249,0.9661996941745302,0.44675621891282336,27.54111280997504,1.0415453390737304,1.0933048880490799,1045,students03
2380,95.2,250,249,1.0272994096935848,0.3938934482252579,22.546067864766744,0.9976008258901236,1.3165179133658955,1045,students03
2390,95.6,250,249,1.11464999866024,0.39787866718222253,20.913242175185896,1.0968613176242283,1.3402937825881176,1045,students03
2400,96.0,250,249,1.1613967188501866,0.5271623718758672,26.994424278971913,1.281740245512325,1.3519757745728715,1045,students03
2450,98.0,251,124,2.4813308428319556,0.26110993286803497,6.0404061194274385,1.0874435339423743,1.0517766802920903,1048,students03
2460,98.4,251,124,1.8524733395198234,0.040320420155598224,1.247182510096023,1.121338035531575,1.026791504318858,1048,students03
2470,98.8,251,124,1.3147716152486757,0.5038751476115038,22.53461853190964,1.0521172208595302,1.0044698496225901,1048,students03
2450,98.0,252,124,2.879277114332427,0.5753241294411262,11.526168829018278,0.7382641285034505,1.0517766802920903,1052,students03
2460,98.4,252,124,2.3492626006993107,0.19372686056215005,4.73014385617517,0.7870897897948322,1.026791504318858,1052,students03
2470,98.8,252,124,1.8269540367777997,0.18607851933434127,5.8458141595423365,0.8479528229062805,1.0044698496225901,1052,students03
2670,106.8,253,140,2.7686643275986613,0.14820996081422813,3.0685793375969244,0.8258958170358551,1.0037934535613204,1056,students03
2680,107.2,253,140,2.04992521610721,0.08135319328766061,2.2744337205226905,0.7873282669922197,1.0205186693474853,1056,students03
2690,107.6,253,140,1.3739903964336384,0.11442126758640803,4.776930721043426,0.7680155038559261,1.0575184048644828,1056,students03
2790,111.6,254,277,2.997173438412655,0.16666137888500754,3.187643846695989,0.9148012478786619,1.0590222202303767,1062,students03
2800,112.0,254,277,2.224060791502081,0.28781113573519984,7.435381050588209,0.9110455155609691,1.1242981200434594,1062,students03
2810,112.4,254,277,1.4745244038971752,0.32610615951214705,12.777188144817528,0.8785101330705559,1.1372355089258428,1062,students03
2740,109.6,257,327,2.9898418517310272,0.4516970894790706,8.689360011916449,0.7567037032325977,0.5814920579809155,1065,students03
2750,110.0,257,327,2.4295629783633608,0.344893257602618,8.161100162617492,0.7484607572572435,0.6901923212396996,1065,students03
2760,110.4,257,327,1.8522775860161784,0.28014214875041893,8.698908568582045,0.7454352397849869,0.8218476369575519,1065,students03
2770,110.8,257,327,1.2147018836756436,0.43250641772269194,20.858406410268426,0.8610998774716958,0.9840036526372372,1065,students03
3180,127.2,260,148,2.612201951241681,0.35942709148433366,7.908728841022237,0.7556942281406677,0.749909627353755,1070,students03
3190,127.6,260,148,2.042029705729643,0.4356444004883558,12.318093286368859,0.755954519542791,0.7499096273537545,1070,students03
3200,128.0,260,148,1.4927586707297118,0.5117920293634499,20.05059542787691,0.7559545195434354,0.7781244280493097,1070,students03
3260,130.4,260,151,2.968568306750618,0.028564766260087263,0.5513316985452359,1.0938053358198907,1.081732686809622,1072,students03
3270,130.8,260,151,2.071842666719247,0.25388270622193865,7.038691057161666,1.1138028709905983,1.1851993024899223,1072,students03
3280,131.2,260,151,1.1876383846788163,0.45960724539715603,22.7674980431566,1.1554316315866873,1.1851993024877572,1072,students03
3450,138.0,260,232,1.5675931361786262,0.3027229149936402,11.134522580196748,1.0542784147922761,0.8323680727707451,1074,students03
3460,138.4,260,232,1.479988939782741,0.23775121618963688,9.244273265859379,1.0066686675751582,0.902895168452284,1074,students03
3470,138.8,260,232,1.4168591581303378,0.2993304709531901,12.196400484383688,0.8951060470525035,0.8354498881132854,1074,students03
3480,139.2,260,232,1.3817400120985237,0.35375408331346314,14.834076469962934,0.834617529470772,0.7927424528455319,1074,students03
3490,139.6,260,232,1.361286132638172,0.22875653055104303,9.674136581043609,0.6915696713309634,0.7995458858659918,1074,students03
3500,140.0,260,232,1.4624665369603302,0.014242412433300183,0.5579909018535938,0.5410886405552989,0.8126878951155009,1074,students03
3330,133.2,261,256,1.4695874519905279,0.42893274421517025,16.970116838959637,0.741361261710714,0.7401066139064569,1080,students03
3340,133.6,261,256,1.5468998707552113,0.25873411496570337,9.628534280550841,0.9540341628877719,1.0761198575002608,1080,students03
3350,134.0,261,256,1.5103044339383034,0.246098581519315,9.377953974850909,1.1356168585245812,1.1583287435358796,1080,students03
3360,134.4,261,256,1.5313283371302258,0.09509162906429397,3.560214051116535,1.0654206458042872,1.2128939027245336,1080,students03
3370,134.8,261,256,1.5812909294430633,0.34294329974034654,12.525583504829672,1.0834227786030717,1.0782519308730685,1080,students03
3380,135.2,261,256,1.5193907206673491,0.30945995476225574,11.751870680692257,1.076576637411106,0.9124831917175213,1080,students03
3390,135.6,261,256,1.4347548072790999,0.261802992463444,10.513796826842292,1.0424737935302208,0.826525811240436,1080,students03
3400,136.0,261,256,1.3469561545102093,0.2802123273999648,12.00714926527526,1.01547711854746,0.7572258259573971,1080,students03
3410,136.4,261,256,1.247787245680832,0.21185544301630133,9.775313407364006,0.9259099163568197,0.73747112343562,1080,students03
3420,136.8,261,256,1.2026274670538537,0.022304156321276192,1.0626792827371905,0.8431335513830905,0.5661561751914762,1080,students03
3430,137.2,261,256,1.0254451938051898,0.10973478733140513,6.143090270679289,0.6972383280154313,0.4205871525856035,1080,students03
3440,137.6,261,256,0.9678439832990188,0.25259652150860507,15.12874713126775,0.5600693051897886,0.4205871526011217,1080,students03
3240,129.6,261,260,2.16319453278545,0.5013403404545189,13.400668245422132,0.8522618363964809,0.8202931426936519,1081,students03
3250,130.0,261,260,2.1551120375837027,0.474156412687054,12.709898693990068,0.8522245035577041,0.9721812472730311,1081,students03
3260,130.4,261,260,2.2406381265894613,0.4378789461740532,11.269610385890566,0.8522245035477826,1.0938053358198907,1081,students03
4920,196.8,264,205,1.881823194591936,0.254035067390502,7.758279915069262,0.5970313665002488,0.7635883546068102,1084,students03
4930,197.2,264,205,1.9509738440009905,0.3093940548382141,9.124740427231592,0.5973428693292911,0.764649519088901,1084,students03
4940,197.6,264,205,2.021444342032844,0.3551080804555623,10.117677751126607,0.597601831967397,0.7871481355297077,1084,students03
4950,198.0,264,205,2.100864863535843,0.4373947201987533,12.016739450413851,0.5932489655040281,0.8254009228608086,1084,students03
4920,196.8,264,206,1.4268242667366928,0.3162350527529703,12.80511784320018,0.5970313665002488,0.7121477572098893,1085,students03
4930,197.2,264,206,1.4810280025120062,0.3489488872771828,13.627737339873633,0.5973428693292911,0.7215948651783781,1085,students03
4940,197.6,264,206,1.5350970897447693,0.3811318050754072,14.375673833862804,0.597601831967397,0.7213323458588247,1085,students03
4950,198.0,264,206,1.5893923701475472,0.31772274137569345,11.531229342563146,0.5932489655040281,0.829871180093683,1085,students03
4960,198.4,264,206,1.7249443250264078,0.15981973675287797,5.316199704118039,0.5913552885802,0.9849368190108252,1085,students03
4930,197.2,265,206,1.968177555817578,0.05750768572442844,1.674349292094674,0.8532708999574363,0.7215948651783781,1086,students03
4940,197.6,265,206,1.904301122580427,0.019295109113000364,0.5805527401783184,0.8530223724601599,0.7213323458588247,1086,students03
4950,198.0,265,206,1.8437617860644924,0.043203840918440484,1.3427029184067627,0.8240011113217539,0.829871180093683,1086,students03
4960,198.4,265,206,1.8953821520077396,0.2207717675385597,6.688925156752841,0.6929721858900232,0.9849368190108252,1086,students03
5210,208.4,266,205,1.9213374467185014,0.41584091062130196,12.499614384506947,0.6069430235697465,0.7379813908307095,1088,students03
5220,208.8,266,205,1.8816221681454164,0.10198753355673701,3.1070638522701133,0.72883444439394,0.6823185623682094,1088,students03
5230,209.2,266,205,1.848970978232789,0.3163693607514033,9.85210945813744,0.7664072119077499,0.6823185623682103,1088,students03
5240,209.6,266,205,1.8012094104160956,0.5987125181068571,19.41419054990803,0.8341006512966325,0.6558814272955199,1088,students03
5220,208.8,266,206,2.02769728431095,0.4111248259578691,11.698083321458451,0.72883444439394,0.8077200494437712,1089,students03
5230,209.2,266,206,2.015471119282137,0.15972943453064403,4.545552511710463,0.7664072119077499,0.8329001693269695,1089,students03
5240,209.6,266,206,1.981831834506901,0.1739583349351529,5.035705721641838,0.8341006512966325,0.8329001693269441,1089,students03
5250,210.0,266,206,1.9443914199747778,0.41932740987064243,12.454249603794779,0.86284848855555,0.781328310136252,1089,students03
5030,201.2,267,264,2.065818402628912,0.5576654024966845,15.661226043988153,0.670467080021563,0.5611521817404174,1093,students03
5040,201.6,267,264,1.9673332296259438,0.45632976232424094,13.412107812382855,0.73134294732866,0.5784820654813618,1093,students03
5050,202.0,267,264,1.8712144363002807,0.3674478740239713,11.324688078947807,0.7313429473286608,0.601478272849142,1093,students03
5060,202.4,267,264,1.7863400751505747,0.17028099337872116,5.469965441849217,0.632576317401678,0.8500074064824965,1093,students03
4980,199.2,267,265,1.7172547518925447,0.5617464153631815,19.09399495637306,0.42775516667282293,0.6096488001346866,1094,students03
4990,199.6,267,265,1.749095388718875,0.48240861682586283,16.00997093873808,0.4279268176038,0.48907412161702607,1094,students03
5000,200.0,267,265,1.7171564954574556,0.4546213731768607,15.352243305221082,0.4279268176038,0.3710308937778419,1094,students03
5010,200.4,267,265,1.6853313740657336,0.4255110133071796,14.624263458630228,0.4280082316842096,0.37103089379137955,1094,students03
5020,200.8,267,265,1.6537597336133372,0.3629260571437022,12.67703217688318,0.5188104785203034,0.38568019783652163,1094,students03
5030,201.2,267,265,1.54921440368038,0.2655393814917553,9.869379375111018,0.670467080021563,0.44980992805679304,1094,students03
5040,201.6,267,265,1.39898278350545,0.129178390100477,5.298088578631732,0.73134294732866,0.5057527945536829,1094,students03
5050,202.0,267,265,1.2580953828852564,0.0023701905369550857,0.10794252692117821,0.7313429473286608,0.5469235976174812,1094,students03
5060,202.4,267,265,1.1525894296786308,0.2098464916986442,10.490078400569852,0.632576317401678,0.7552297507514223,1094,students03
5180,207.2,269,204,2.3206545508571303,0.0646869874643721,1.5972956825308018,0.858454748344566,1.2225562459409935,1097,students03
5190,207.6,269,204,2.388812217270975,0.2461192675488867,5.913676933131721,0.9281531887751228,1.2649820300900683,1097,students03
5200,208.0,269,204,2.511920737538855,0.4692095200897338,10.76569338075065,0.9423445020353295,1.3379241321863364,1097,students03
5290,211.6,269,296,2.888812214712851,0.24858861484267436,4.936532568926998,0.9259539471102204,1.0706654815376555,1098,students03
5300,212.0,269,296,2.1425495171116906,0.3897843324642444,10.481933240203906,0.8911455017799953,1.1284710610318405,1098,students03
5310,212.4,269,296,1.455576243385291,0.5405472403064562,21.79970498867983,0.8046808840896664,1.1691336839749855,1098,students03
5130,205.2,271,268,1.0910277438041451,0.35009505237621175,18.716488460316235,0.48781828324308707,0.7826333815140892,1102,students03
5140,205.6,271,268,1.1394323584456139,0.23719604068945396,12.015151997447276,0.48781828324308696,0.7423175131502462,1102,students03
5150,206.0,271,268,1.1981832255256233,0.12311367191154107,5.897566456892098,0.48781828324184784,0.7384603911537505,1102,students03
5160,206.4,271,268,1.2692779420631748,0.032065022547971084,1.4475835983929526,0.48037613408143676,0.7039554084899665,1102,students03
5170,206.8,271,268,1.3370285792902377,0.04429712811946693,1.898615387802451,0.4572717180272502,0.6624317690171864,1102,students03
5180,207.2,271,268,1.4156092465459265,0.06945000170999993,2.812068357138287,0.44250289298750944,0.6544400420919686,1102,students03
5190,207.6,271,268,1.4958392554056879,0.02863917595999954,1.097045803251557,0.4425028929874939,0.7323915816493419,1102,students03
5130,205.2,271,269,1.1501639373236028,0.34508772971470936,17.459616163103973,0.48781828324308707,0.7923831946586927,1103,students03
5140,205.6,271,269,1.282298690437735,0.43980932608593526,20.058846332417925,0.48781828324308696,0.7923324821650205,1103,students03
5150,206.0,271,269,1.4165173037608503,0.5342943539939528,22.15965408400129,0.48781828324184784,0.7971240524853803,1103,students03
5160,206.4,271,269,1.5544188040492275,0.5903675613393718,22.321266840825864,0.48037613408143676,0.8028951390436783,1103,students03
5170,206.8,271,269,1.6956729042308047,0.5588178306488555,19.2417804445051,0.4572717180272502,0.8034618372422268,1103,students03
130,5.2,274,273,0.6765995164057558,0.2828971975617267,24.71571035735715,0.5670674426471711,0.8180246219253497,1105,students03
140,5.6,274,273,0.7650607059089287,0.23295827596638985,17.727872254633226,0.5936432113073816,0.8829868029551705,1105,students03
150,6.0,274,273,0.8618511808363069,0.18649550651647379,12.497056290329969,0.5936432112622787,0.8668191057090007,1105,students03
160,6.4,274,273,0.9525400106532005,0.3616789048382124,22.31506627971488,0.5165808227241326,0.8259084689054715,1105,students03
2990,119.6,277,144,1.6890542666121315,0.04963205626492928,1.6838516092477949,1.1579784575488603,1.5110567973596918,1111,students03
3000,120.0,277,144,1.8055386860919003,0.07282401272514083,2.311576454959817,1.2213191032309494,1.4621993240500528,1111,students03
3010,120.4,277,144,1.8815259398211597,0.07811345009923998,2.37937600759159,1.2470516394032694,1.4395609619906462,1111,students03
3020,120.8,277,144,1.957519760404061,0.09711969080202576,2.843819972774205,1.1037046323919748,1.498990044281181,1111,students03
3730,149.2,280,279,1.0751968165349204,0.4508965815619842,24.794308226199263,0.5262641904789979,0.6015245871210555,1113,students03
3740,149.6,280,279,1.0835174968081471,0.3148386488854317,16.89213776421562,0.5376160749243233,0.6214165682207886,1113,students03
3750,150.0,280,279,1.099079045804739,0.29856554436317717,15.762514166794242,0.5949070909970514,0.6752648030679166,1113,students03
3760,150.4,280,279,1.089336834516762,0.26452850067276096,14.053891928459842,0.6597900894802459,0.7099458418467112,1113,students03
3770,150.8,280,279,1.0802666449356142,0.19332691181861494,10.309317619930411,0.6663726847004732,0.6981715767261143,1113,students03
3780,151.2,280,279,1.0695514400076307,0.2432139136843662,13.143932416774863,0.6545498222179902,0.5848537361995564,1113,students03
3790,151.6,280,279,1.020123522066859,0.4272886885641891,24.762619971232297,0.6515446412219766,0.49040119428256285,1113,students03
3760,150.4,281,278,1.487553660033527,0.33344132326692494,12.953144018776307,0.7823608327981335,0.5291434569533182,1114,students03
3770,150.8,281,278,1.3778184400588491,0.3146871321247964,13.20260945361056,0.7786570695140483,0.5553268600176471,1114,students03
3780,151.2,281,278,1.2886209454702766,0.37405649457994894,16.87451581865064,0.7421169592278655,0.633324594742437,1114,students03
3790,151.6,281,278,1.242809050817112,0.38292160288023663,17.945352934542274,0.7200953665742664,0.6866093238602435,1114,students03
3800,152.0,281,278,1.2003347757019456,0.3066328168404264,14.800611723252528,0.6912541678271403,0.5930918634023403,1114,students03
3810,152.4,281,278,1.1248844938722637,0.25239758518369393,12.96621367945737,0.5953919158272762,0.41019622711694903,1114,students03
3820,152.8,281,278,1.0439902628944566,0.2341025710199519,12.958089785095105,0.5281646837487919,0.3231201555883725,1114,students03
3830,153.2,281,278,0.9633865217919155,0.3624490510134976,22.099978607857675,0.42582569938628817,0.28644530013603253,1114,students03
3720,148.8,281,279,1.507939723092936,0.19183985786465488,7.308967164424543,0.6772440430889896,0.591428702629107,1115,students03
3730,149.2,281,279,1.4798942885329647,0.2426468844437536,9.436958194597151,0.6772440430867622,0.6015245871210555,1115,students03
3740,149.6,281,279,1.45417771063753,0.2935885160205206,11.647687060733151,0.6769850793310167,0.6214165682207886,1115,students03
3750,150.0,281,279,1.4456485494298814,0.038796373352773764,1.5378117741659423,0.7126273034195748,0.6752648030679166,1115,students03
3760,150.4,281,279,1.4214095689711852,0.3369195766393116,13.711433531368492,0.7823608327981335,0.7099458418467112,1115,students03
3770,150.8,281,279,1.4017673825114394,0.43495153619332927,18.076584919925295,0.7786570695140483,0.6981715767261143,1115,students03
3780,151.2,281,279,1.3856983940355294,0.4056198168187747,17.0207902552815,0.7421169592278655,0.5848537361995564,1115,students03
3790,151.6,281,279,1.2945993742662698,0.310293522178705,13.867834279506557,0.7200953665742664,0.49040119428256285,1115,students03
3800,152.0,281,279,1.204111515576607,0.308226074346479,14.831544793025673,0.6912541678271403,0.4662398727656532,1115,students03
3810,152.4,281,279,1.1251002942625432,0.34683607316936865,17.955078784474168,0.5953919158272762,0.4060611706249101,1115,students03
3820,152.8,281,279,1.0803640816212892,0.4494457809797885,24.583142359683077,0.5281646837487919,0.388919293404914,1115,students03
3830,153.2,281,279,1.047726421442954,0.40304150573164044,22.624000476407417,0.42582569938628817,0.3799795602508622,1115,students03
3840,153.6,281,279,1.0625634298013125,0.08422115339522657,4.546160311766488,0.30715832571797214,0.36491605049551973,1115,students03
3850,154.0,281,279,1.0898829324005213,0.0645498063978483,3.3954078813078596,0.2830761342893107,0.3587330155768827,1115,students03
3860,154.4,281,279,1.1178156940458241,0.04520041656051482,2.3174655685898213,0.2828553878330123,0.35873301556868875,1115,students03
4020,160.8,282,178,2.3709271716873705,0.10387317814421979,2.5110009006008602,0.6979698215567125,0.9755261794716802,1116,students03
4030,161.2,282,178,1.7647760994575585,0.22712066265381858,7.394279621296512,0.6393767440180794,0.9755261794716453,1116,students03
4040,161.6,282,178,1.189462650516649,0.3683785811517033,18.041253267411246,0.6393589964744377,0.9755261794757055,1116,students03
3810,152.4,283,399,2.4564314597130426,0.3407681358450938,7.974066714466162,0.7991547400912841,0.5544217366915174,1119,students03
3820,152.8,283,399,2.340550163107432,0.27767598429671214,6.813449827131414,0.8290086715249755,0.5683926717444867,1119,students03
3830,153.2,283,399,2.2301026546636846,0.3663856610867965,9.456046209372916,0.8232998977866963,0.5290699788462931,1119,students03
3840,153.6,283,399,2.1073211299881325,0.3870939204266389,10.58476894742472,0.8114722095697009,0.4953547261145408,1119,students03
3850,154.0,283,399,1.987891293140067,0.40593943408457267,11.783026081375876,0.8057910732942762,0.49071439035917647,1119,students03
3860,154.4,283,399,1.8675734771731518,0.4864370915884882,15.097641585103752,0.7924774104595254,0.4715231901990659,1119,students03
3790,151.6,284,399,2.2209445576064915,0.06882395749991654,1.7758001557348495,0.5385610059924194,0.48799915009719935,1120,students03
3800,152.0,284,399,2.197491845408287,0.11302282941359998,2.948174571106213,0.538958761518941,0.5128926035246976,1120,students03
3810,152.4,284,399,2.198611623908715,0.1262824909587672,3.2927316286751704,0.538958761518941,0.5544217366915174,1120,students03
3820,152.8,284,399,2.210365854623984,0.2199999497764331,5.712164695305216,0.6227054271748901,0.5683926717444867,1120,students03
3820,152.8,285,284,1.1011363308910358,0.49903124882825645,26.948960645392532,0.8388493334051373,0.6227054271748901,1122,students03
3830,153.2,285,284,1.0075617007533262,0.1839411235873688,10.518946352340501,0.8741266509490578,0.7866316971346703,1122,students03
3840,153.6,285,284,0.9841493998707908,0.11654706042888394,6.801164769779343,0.8741623991827344,0.8576472820785618,1122,students03
3850,154.0,285,284,0.9651112264366013,0.05480937842041493,3.255621180352339,0.8143425890541551,0.7708520131982076,1122,students03
3860,154.4,285,284,0.9373821100888491,0.04927386144738499,3.0131640270506046,0.7543030978490339,0.667619537344696,1122,students03
3870,154.8,285,284,0.8949653082990429,0.04343516865808317,2.7818171672161864,0.7587036726728558,0.6548388925504247,1122,students03
3880,155.2,285,284,0.854181956878897,0.012019917116470477,0.8062840078414457,0.7805171824181832,0.7201272846185446,1122,students03
3890,155.6,285,284,0.8461006972748423,0.02870010232561311,1.9438705611268503,0.7984065235953124,0.7790642261632454,1122,students03
3900,156.0,285,284,0.8387811942708571,0.03704671438556924,2.5314243067670397,0.7845048271009954,0.7791043362251382,1122,students03
3910,156.4,285,284,0.8421960770240794,0.01820289344616624,1.238464790836221,0.7166784549909078,0.7420347448842279,1122,students03
3920,156.8,285,284,0.8586535214845279,0.0821528359081235,5.490249209913301,0.6660154840230632,0.7070735778070341,1122,students03
3930,157.2,285,284,0.87514451577285,0.0791232790116311,5.187290720408731,0.6830305540193148,0.7281354678407225,1122,students03
3940,157.6,285,284,0.894471281824097,0.07041112485003262,4.514888785849512,0.7073607043446585,0.797427709991388,1122,students03
3950,158.0,285,284,0.9461252995494555,0.06090978431408184,3.691148241249816,0.7147264655336734,0.7876815472665241,1122,students03
3960,158.4,285,284,0.9497900868690085,0.03397174144334403,2.049771516816588,0.7144999478145393,0.6474937079158178,1122,students03
3970,158.8,285,284,0.8839161402738386,0.031027316595239773,2.0116156804036303,0.74278348196498,0.5683238426007627,1122,students03
3980,159.2,285,284,0.7974409459853932,0.11070398614665952,7.979805128312486,0.824222895433434,0.5683238426601879,1122,students03
3990,159.6,285,284,0.6768495738238897,0.16521260006229052,14.128095777957926,0.8790411057212013,0.5684489604216266,1122,students03
4150,166.0,286,360,2.3659675900434034,0.3012327722962778,7.314698436363028,1.079984815739517,0.8767787525994598,1125,students03
4160,166.4,286,360,2.2706577607998537,0.021754050320708554,0.54893095748121,1.0288850851471154,0.8851022802976357,1125,students03
4170,166.8,286,360,2.2200752222638087,0.39183203597135574,10.16566593637786,0.9779035655188067,0.8867731600205553,1125,students03
4170,166.8,286,361,2.056045606138368,0.4801679910468976,13.505550603017417,0.9779035655188067,0.8803135461987769,1126,students03
4180,167.2,286,361,1.957192146556164,0.27136047924509643,7.96961059489807,0.9694238619775623,0.8803135461923144,1126,students03
4190,167.6,286,361,1.8694762880947076,0.18224765725749412,5.594418124222985,0.8567185487150455,0.8805620738620656,1126,students03
4020,160.8,287,177,1.9105501191042515,0.5244268602099447,15.931622497317074,1.2024306501915472,1.236529579090603,1130,students03
4030,161.2,287,177,1.7662331918759686,0.20829357566052742,6.772707391546835,1.2022209109727953,1.2796405147260346,1130,students03
4040,161.6,287,177,1.6874624563304013,0.10217840862984684,3.4714698231310117,1.109913367727816,1.289090650420034,1130,students03
4050,162.0,287,177,1.7386089842420742,0.4123623299152218,13.720129041238364,1.0071240473755438,1.2112766668340056,1130,students03
4040,161.6,287,333,2.6322927669344205,0.12721861122965317,2.770182026117909,1.109913367727816,0.7889351120171992,1133,students03
4050,162.0,287,333,2.0886464606353794,0.16545085662515147,4.543410324243267,1.0071240473755438,0.8231937971039441,1133,students03
4060,162.4,287,333,1.6064693513419908,0.5592167826823653,20.371329255960777,1.096103201368983,0.8368857905718888,1133,students03
4820,192.8,291,193,2.7499536064238144,0.34618559725584275,7.23202773053144,0.5557358793592369,0.7910104870543498,1134,students03
4830,193.2,291,193,2.5756010621026717,0.18381327639925082,4.092514875240971,0.5720017803950329,0.8092136165227485,1134,students03
4840,193.6,291,193,2.4359803858655,0.004381664751336389,0.10305954610033388,0.5581330540079183,0.8089643075924676,1134,students03
4850,194.0,291,193,2.344808021463736,0.12190567826147891,2.980129349057109,0.5410983887895501,0.8092136166958284,1134,students03
4860,194.4,291,193,2.2952809927338804,0.3598999236420093,9.021201859311917,0.5366090797392182,0.6080080688989794,1134,students03
4870,194.8,291,193,2.096838510740997,0.21161449223475504,5.792193181149916,0.4927497570937519,0.44393439475040186,1134,students03
4880,195.2,291,193,1.9194334182427877,0.16291001560622156,4.8687801276803455,0.45627852364464677,0.43381135850789154,1134,students03
4890,195.6,291,193,1.761860349711719,0.16072489741912774,5.234057803867401,0.4522468160837967,0.43313973458404864,1134,students03
4900,196.0,291,193,1.635084097496059,0.10461538850931801,3.66838462153456,0.47275700861022174,0.48539579416919515,1134,students03
4910,196.4,291,193,1.6595002108314878,0.4612913836861609,16.1390892131895,0.5310584946859483,0.6051286075702531,1134,students03
5300,212.0,297,294,2.785563905981783,0.4568817205809853,9.4401740824709,0.9597103530738001,1.1676518620459613,1143,students03
5310,212.4,297,294,2.62290955151162,0.2626134883603587,5.746251546761126,1.064379492795919,1.1105742784666637,1143,students03
5320,212.8,297,294,2.4811519596285714,0.37765488930021,8.754991860084496,1.029652101391835,1.0491872321489462,1143,students03
5330,213.2,297,294,2.4255717694505905,0.13689161646213502,3.235312018716732,0.9455601350773541,1.040604683085392,1143,students03
5340,213.6,297,294,2.4044397970474805,0.34841935724158746,8.331874526473372,0.9687740606668029,1.0144873717843708,1143,students03
5350,214.0,297,294,2.354997132976258,0.33971388692386084,8.293987237863847,1.0639936755976296,0.991180264938321,1143,students03
5360,214.4,297,294,2.263022429877406,0.3038523738924422,7.716316456327439,1.1327716874337381,0.9955024971387706,1143,students03
5370,214.8,297,294,2.183966727033129,0.2584258116061616,6.7956534230476615,1.0825908713519579,1.0210052822305946,1143,students03
5380,215.2,297,294,2.1827218252302556,0.3361956275276413,8.860304272432368,1.0009035031353624,1.0460824359858507,1143,students03
5390,215.6,297,294,2.2098387508531916,0.3702388926238157,9.64488611254562,0.9693205493929063,1.0460824359934464,1143,students03
800,32.0,300,38,2.307306504746573,0.030474903034396705,0.756784628773599,0.6930836136318241,1.0577256618559174,1146,students03
810,32.4,300,38,2.370461032207827,0.24971860745882457,6.0471019355057996,0.711285183065026,0.9624542852872395,1146,students03
820,32.8,300,38,2.442945374040414,0.2222831860437965,5.2205538733119905,0.5784304786223062,0.9184307745431141,1146,students03
590,23.6,300,77,2.8319430716199743,0.019495472755300836,0.3944348820484107,0.4981868339723276,0.45158768172128144,1149,students03
600,24.0,300,77,2.653191309745683,0.18363915250042823,3.9688685464097313,0.45107729765899507,0.470919430780787,1149,students03
610,24.4,300,77,2.5188713436272345,0.39983453138814606,9.133513026729478,0.41774857431313334,0.5660756804670339,1149,students03
580,23.2,300,78,2.4507932732510005,0.34511845959781334,8.095245769300295,0.5124944088060163,0.6098508687545399,1150,students03
590,23.6,300,78,2.2242102904095273,0.10727135402140986,2.7643883678259042,0.4981868339723276,0.5811168772489888,1150,students03
600,24.0,300,78,2.0314182786564543,0.14266035770726307,4.027023927147025,0.45107729765899507,0.5882210920412679,1150,students03
610,24.4,300,78,1.903765338495042,0.3963993105814809,12.017976730170458,0.41774857431313334,0.6251218209180346,1150,students03
620,24.8,300,82,1.4365239538983192,0.5097863869259749,20.785781431097977,0.424189278862276,0.5814378534301681,1151,students03
630,25.2,300,82,1.460739126425267,0.15453436333230408,6.072793046385959,0.4528480023800048,0.5796449885499975,1151,students03
640,25.6,300,82,1.4709713835776694,0.12111977352388725,4.723081358959007,0.47762027790090245,0.5673892059264273,1151,students03
650,26.0,300,82,1.487618829891796,0.26333253480555596,10.196006076455618,0.47700051119316356,0.5392862915591435,1151,students03
660,26.4,300,82,1.5071505263974212,0.4699341769066691,18.167926139380075,0.4760405185608278,0.5243667715628809,1151,students03
620,24.8,300,84,0.6672211805008735,0.313080051043538,27.984311819553625,0.424189278862276,0.5926376644567459,1153,students03
630,25.2,300,84,0.653900916924016,0.06226757144716763,5.464257453081925,0.4528480023800048,0.6389023852675187,1153,students03
640,25.6,300,84,0.7195901778075248,0.14360748484100638,11.511723363834959,0.47762027790090245,0.7031112315857205,1153,students03
650,26.0,300,84,0.8131260118980915,0.2963943702966835,21.37756717123259,0.47700051119316356,0.7102454696865995,1153,students03
630,25.2,300,85,1.0114642172719595,0.4688664855669878,27.616564530901137,0.4528480023800048,0.5896276119906023,1154,students03
640,25.6,300,85,0.9397352933515605,0.2575858081424583,15.908663912125855,0.47762027790090245,0.4559465382339912,1154,students03
650,26.0,300,85,0.8742355110845651,0.14472916393000534,9.529151683947362,0.47700051119316356,0.4307809384750012,1154,students03
660,26.4,300,85,0.816494067615293,0.02097354108288585,1.4719366943423269,0.4760405185608278,0.42307161257294534,1154,students03
670,26.8,300,85,0.7656174771270033,0.180268256000378,13.618429030706885,0.47730665225269786,0.38484090230911344,1154,students03
680,27.2,300,85,0.7052240669722303,0.3259225824154027,27.526230810185528,0.49157582015307755,0.35623565965551185,1154,students03
830,33.2,300,317,1.984271245102941,0.04165366306418322,1.2028367664437771,0.500744079389128,0.5623206237115113,1156,students03
840,33.6,300,317,1.8283515992414687,0.1542461003629094,4.839423388052972,0.3983695657292618,0.45135031630718075,1156,students03
850,34.0,300,317,1.7205458829287852,0.20155323752004992,6.727357196539383,0.29714557114763607,0.46992766169736516,1156,students03
860,34.4,300,317,1.6199811130296276,0.403240228034565,14.413412786273415,0.297145571148276,0.5438770967000512,1156,students03
790,31.6,301,75,2.9317073808537275,0.2619045175509491,5.125359900870356,0.6926925819948903,0.4944482220061425,1161,students03
800,32.0,301,75,2.462760134863116,0.24096917430902076,5.615099006758405,0.7695212500763814,0.5091387775032316,1161,students03
810,32.4,301,75,1.9603892537695364,0.059748472829218024,1.74652331415442,0.8013280437567218,0.5118529143024968,1161,students03
820,32.8,301,75,1.4661513017397774,0.4501428068167422,17.879940014105962,0.8025150026664474,0.49997168495918715,1161,students03
580,23.2,301,77,2.9944516864468866,0.4160781285903875,7.9870738059486905,0.4037200403409549,0.48976395718256943,1162,students03
590,23.6,301,77,2.80461362962537,0.19940422782059797,4.077092161732941,0.45600496796396744,0.45158768172128144,1162,students03
600,24.0,301,77,2.5949464000570406,0.0011690443618769253,0.02581221340423174,0.49287760737545927,0.470919430780787,1162,students03
610,24.4,301,77,2.3995684626541283,0.1709688302882485,4.085776115695187,0.503808410819616,0.5660756804670339,1162,students03
620,24.8,301,77,2.2269486525413384,0.3518869699306956,9.091585863230367,0.5405096802372393,0.6423763030628604,1162,students03
630,25.2,301,77,2.0694772185458747,0.5632276618270551,15.792803758289855,0.5668262891456569,0.6423763031844464,1162,students03
580,23.2,301,78,2.4524984291098253,0.5996761320520959,14.153257369989772,0.4037200403409549,0.6098508687545399,1163,students03
590,23.6,301,78,2.2231408011848512,0.3393848334024326,8.781113193644394,0.45600496796396744,0.5811168772489888,1163,students03
600,24.0,301,78,1.982382371576808,0.09229133000769973,2.6684134394139924,0.49287760737545927,0.5882210920412679,1163,students03
610,24.4,301,78,1.774663425051793,0.12616414692388733,4.076703193737023,0.503808410819616,0.6251218209180346,1163,students03
620,24.8,301,78,1.630526807914275,0.3326128246426156,11.77044062646261,0.5405096802372393,0.657572836767992,1163,students03
630,25.2,301,78,1.5177164351808523,0.560558121734547,21.675111432390725,0.5668262891456569,0.6576658782599825,1163,students03
650,26.0,301,82,1.4720867206782173,0.3954214723734346,15.581742551297708,0.43535797254569064,0.5392862915591435,1165,students03
660,26.4,301,82,1.4882351488810623,0.10334142669137492,3.9817607149379195,0.3954040844053924,0.5243667715628809,1165,students03
670,26.8,301,82,1.514370639284382,0.23155806290677672,8.795436570330509,0.40656056855569933,0.45953477273471105,1165,students03
680,27.2,301,82,1.4835991954122185,0.4058826726355216,15.877393428683327,0.5185987330961137,0.3113204277258641,1165,students03
650,26.0,301,84,0.7826911148084724,0.3199664524345782,24.12966141252584,0.43535797254569064,0.7102454696865995,1166,students03
660,26.4,301,84,0.8309953500825951,0.06075503705826474,4.192701954620671,0.3954040844053924,0.6163003051764324,1166,students03
670,26.8,301,84,0.8419544209682515,0.2162387849286106,14.882022365155644,0.40656056855569933,0.48404516031383027,1166,students03
680,27.2,301,84,0.8385295110618399,0.3874639920659089,27.52112079786965,0.5185987330961137,0.4454551447684036,1166,students03
660,26.4,301,85,1.0153641213652993,0.41549701136929884,24.155209190161873,0.3954040844053924,0.42307161257294534,1167,students03
670,26.8,301,85,0.930037372924971,0.29054769274726133,18.204185850131623,0.40656056855569933,0.38484090230911344,1167,students03
680,27.2,301,85,0.8161297260692927,0.13752143525565635,9.700872053976125,0.5185987330961137,0.35623565965551185,1167,students03
690,27.6,301,85,0.6325193810064127,0.005716264889356726,0.5178059691923323,0.6202065942787631,0.35623565962150944,1167,students03
790,31.6,302,304,1.3284292327052174,0.5913055167933702,26.430780419555695,0.6427347734531889,0.6119667647408138,1172,students03
800,32.0,302,304,1.2488838499618424,0.4708252710196364,22.147783923224015,0.6751680699807204,0.5882232438319401,1172,students03
810,32.4,302,304,1.1688139581326558,0.39819427878320995,19.918451588034912,0.624485433965409,0.5402287662011577,1172,students03
820,32.8,302,304,1.1155551194189304,0.3768292151383271,19.742605298526545,0.5399654056063978,0.43182128429361283,1172,students03
830,33.2,302,304,1.0654025613629723,0.38937472226470454,21.43662849718631,0.5062999837379534,0.37317434742799604,1172,students03
840,33.6,302,304,1.0150344767901096,0.39833375010917044,23.10601723035196,0.4536607298924233,0.3730153613208436,1172,students03
850,34.0,302,304,1.0057371144418974,0.41441667665616855,24.333846538705885,0.4007203775938039,0.37301536132084195,1172,students03
680,27.2,304,40,1.890089891418074,0.4040289183897143,12.342891902626617,0.5433355461106619,0.702962632482031,1174,students03
690,27.6,304,40,1.7834079307476962,0.2010548628834407,6.473077113277731,0.5433355461106657,0.6206806482116995,1174,students03
700,28.0,304,40,1.6976762559275689,0.0019191927364808556,0.06477187089842958,0.5433355462355837,0.6002203155422581,1174,students03
710,28.4,304,40,1.624745907231017,0.34319049159648335,12.194277653009971,0.6340889370727363,0.3951035905562977,1174,students03
680,27.2,304,302,0.8549583549771931,0.1713036760109264,11.558300297434021,0.5433355461106619,0.6275763360715091,1175,students03
690,27.6,304,302,0.8024321146118397,0.06118120492153024,4.3727438136473795,0.5433355461106657,0.7347649280111219,1175,students03
700,28.0,304,302,0.8171630428914141,0.2936660858636573,21.061676146882704,0.5433355462355837,0.6836059182578413,1175,students03
820,32.8,306,43,2.8431170488683124,0.17652065098884961,3.5596133588046954,0.5313356376626526,0.2721406525447169,1176,students03
830,33.2,306,43,2.637440215396075,0.12345533512242612,2.682925374784907,0.5639606228140979,0.29784164550837267,1176,students03
840,33.6,306,43,2.438163021378385,0.07966565558752736,1.8724418264262954,0.509948165797441,0.29784164539144803,1176,students03
830,33.2,307,306,0.5969529872997897,0.10722309323457557,10.347470332848566,0.4498055772856497,0.5639606228140979,1178,students03
840,33.6,307,306,0.6085186713500608,0.005159130612482021,0.48576973116177563,0.449805577382318,0.509948165797441,1178,students03
850,34.0,307,306,0.5869184612206847,0.07962806968890992,7.797447485865411,0.427087777275012,0.4533535121892963,1178,students03
860,34.4,307,306,0.593633132700593,0.0251232572998846,2.4255496802919727,0.32471540119398573,0.3516398649520589,1178,students03
870,34.8,307,306,0.5576263791872079,0.08364456593144622,8.626989854686899,0.26791465026896033,0.3248577053192527,1178,students03
930,37.2,308,225,2.2311884417158008,0.4126513894377831,10.658036668682595,0.54060044689231,0.5361559601653213,1181,students03
940,37.6,308,225,1.8202905710772601,0.2970826130834879,9.393041808352699,0.5406004469852734,0.5361559601626366,1181,students03
950,38.0,308,225,1.4105996999250385,0.027944561274989843,1.13512725564273,0.6176989382810127,0.4473175924653986,1181,students03
960,38.4,308,225,0.992784592070836,0.2141397589165531,12.456368816742328,0.7155454014396302,0.3533363219399173,1181,students03
930,37.2,308,226,2.0032946978501323,0.024321270288572172,0.6956242515614841,0.54060044689231,0.4373746695028511,1182,students03
940,37.6,308,226,1.6942530587899256,0.08863289525281065,2.9987314944947765,0.5406004469852734,0.36920620758163614,1182,students03
950,38.0,308,226,1.395336931564935,0.4043849481228467,16.846682252259686,0.6176989382810127,0.3692062075816369,1182,students03
990,39.6,309,341,1.3755496723003677,0.5541919073699089,23.758820910389513,0.553049861857367,0.3694233739381851,1187,students03
1000,40.0,309,341,1.283892082575545,0.21965012473626505,9.850703041905481,0.5383469901954121,0.49343592377581674,1187,students03
1010,40.4,309,341,1.3184470569606026,0.15654382089030194,6.819014351514356,0.5549975932244465,0.6427466192046005,1187,students03
1020,40.8,309,341,1.3542910656211289,0.4137006619401507,17.786681056758855,0.45267998937324405,0.3993336546822618,1187,students03
1160,46.4,311,231,1.8961761564583002,0.46209367851450467,14.1048821170254,0.9300715776117282,0.9024664889472779,1190,students03
1170,46.8,311,231,1.5253343468459277,0.1311214813130976,4.931371919427021,0.8151212361331455,0.8246260314447457,1190,students03
1180,47.2,311,231,1.3192238374610108,0.11573306451576726,5.032922531376494,0.6722512492968465,0.7392360444631323,1190,students03
1190,47.6,311,231,1.2031913595526729,0.4099891514246673,19.922660588248064,0.6987159682483799,0.7310936003497112,1190,students03
1120,44.8,311,341,2.1805395179116935,0.5965207385331013,15.876555258115488,0.7640843151508583,0.6977813652858459,1193,students03
1130,45.2,311,341,1.670003867637747,0.4902653220997696,17.071890178272984,0.651645303534067,0.7367674473070617,1193,students03
1140,45.6,311,341,1.216563922654739,0.20932014711469416,9.90752542098625,0.684764830844183,0.7548608538303412,1193,students03
1150,46.0,311,341,0.7642376715398446,0.15881833203844026,11.994204514043739,0.8466930233677145,0.7743355085548367,1193,students03
820,32.8,312,306,0.9742546970315179,0.28013047762492527,16.710324084339415,0.4133652889250348,0.5313356376626526,1195,students03
830,33.2,312,306,1.0422321103565662,0.3399374761820395,19.036045484458725,0.4136760641019705,0.5639606228140979,1195,students03
840,33.6,312,306,1.1115103104622144,0.1776826502987817,9.198593302026376,0.4313810519789667,0.509948165797441,1195,students03
850,34.0,312,306,1.1042632592844488,0.31458651736420384,16.55189226431721,0.5412842369722253,0.4533535121892963,1195,students03
1140,45.6,312,308,2.2372431853915753,0.5812024347018874,15.05731086187321,0.6534568854741656,0.5575155083169605,1197,students03
1150,46.0,312,308,2.1016065765876606,0.20554895784416982,5.612822912657112,0.6390482478261338,0.5575155081932172,1197,students03
1160,46.4,312,308,1.9867260843981904,0.40011911032453196,11.618617668656496,0.6386943517537096,0.557515508175523,1197,students03
1190,47.6,313,342,2.2557650246672094,0.5699718188948115,14.63576681262148,0.8712728278437859,0.7700363843975759,1202,students03
1200,48.0,313,342,1.6127525165465586,0.4622327218322978,16.655173979796107,0.699271474439003,0.9759679701522309,1202,students03
1210,48.4,313,342,1.1230116580490785,0.3541979055782602,18.384964650148,0.558012844145955,0.8975744344356883,1202,students03
1220,48.8,313,342,0.7634902143321579,0.039181336899610286,2.9416379463099998,0.5605779633069498,0.7521937683043833,1202,students03
1780,71.2,314,68,1.30805307722912,0.48217212930134923,21.630421357558586,0.7272793845883435,1.0731363692630302,1204,students03
1790,71.6,314,68,1.1660441240214814,0.045158530021468676,2.2195046903824656,0.6443449480216584,0.9678306784450423,1204,students03
1800,72.0,314,68,1.0642136837835263,0.40330705992367993,22.270013041007203,0.6845213120083675,0.8960880087560071,1204,students03
1010,40.4,317,232,1.3842150392442794,0.5431338496476321,23.10247109740457,1.1189071433896216,1.0076134996846018,1219,students03
1020,40.8,317,232,1.1650467943704783,0.33533650998993153,16.728141832979027,0.9877227540421952,1.1718076085519145,1219,students03
1030,41.2,317,232,1.0966978952626185,0.05383532320612083,2.8136982497042977,0.8938447620442749,1.2935451066052959,1219,students03
1040,41.6,317,232,1.150352092320865,0.14570795033034523,7.276847440345446,0.8397203860405204,0.9820832255459181,1219,students03
1050,42.0,317,232,1.0639648713183427,0.12585004858915122,6.793079181774704,0.8064954571657701,0.6363850834716802,1219,students03
1060,42.4,317,233,1.8674108821087776,0.443115137431897,13.726560834886289,1.0241181009262108,1.1481134718991304,1220,students03
1070,42.8,317,233,1.7341548647427971,0.021661994178361677,0.7157221921708119,1.2567045619042665,1.1582436288597564,1220,students03
1080,43.2,317,233,1.6098260299399352,0.1974448482859863,7.045055139965632,1.2421122085445762,1.1747678270152084,1220,students03
580,23.2,317,316,1.3587091576644124,0.03709801276399258,1.564590727537922,0.2599315929509744,0.5487526718215777,1221,students03
590,23.6,317,316,1.3905939265714242,0.27843975113532665,11.550456613166535,0.3480773317472963,0.35889002627125083,1221,students03
600,24.0,317,316,1.3465453768198867,0.5823124273084059,25.623091175353853,0.5083903938916757,0.32020745478273427,1221,students03
1130,45.2,318,301,1.6633357513970073,0.2687883918754032,9.29954548936279,0.9299219124645263,0.6315380286060955,1223,students03
1140,45.6,318,301,1.5536503739598309,0.24467774482313828,9.060988320235664,0.8061807975472457,0.6315317575436543,1223,students03
1150,46.0,318,301,1.5191874972190287,0.17912547838960965,6.771425143764052,0.7121249814489804,0.631531757546154,1223,students03
1160,46.4,318,301,1.4879481749895014,0.24401514541525748,9.438821221555745,0.7123089999408,0.6315317575446444,1223,students03
1140,45.6,319,301,1.792520486287942,0.548217383506818,17.808469687086117,0.7299616321638543,0.6315317575436543,1226,students03
1150,46.0,319,301,1.7193569024004458,0.4847914243286874,16.37727243367384,0.7471138263369513,0.631531757546154,1226,students03
1160,46.4,319,301,1.647508838721542,0.4240742079359503,14.91603862268198,0.7768778742248339,0.6315317575446444,1226,students03
2260,90.4,321,115,2.5745649355795686,0.5347193263734866,11.987195119494045,0.6273235930016289,0.8411415922649507,1227,students03
2270,90.8,321,115,2.505451845824146,0.05490041942341728,1.25558753445997,0.6398364593840349,0.8411415922649523,1227,students03
2280,91.2,321,115,2.462297458064333,0.5243975879084023,12.296508831194702,0.6456314660687681,0.8370650350163886,1227,students03
2190,87.6,322,110,2.3639332114899467,0.31054761234243444,7.5487104654460015,0.6267413140971154,0.5602784502448048,1230,students03
2200,88.0,322,110,2.313115686077664,0.20769534614546625,5.151543192119272,0.6267357360218604,0.7160933621785758,1230,students03
2210,88.4,322,110,2.395100897789922,0.14737913024202798,3.5278430597117603,0.6267357360218728,0.8433678199265663,1230,students03
2220,88.8,322,110,2.4633377368986333,0.005366048696990422,0.12481121916471699,0.624587598199728,0.7607796573614373,1230,students03
2230,89.2,322,110,2.4099434885371456,0.551846900528926,13.237468145830567,0.61932948185754,0.7848696853480612,1230,students03
2200,88.0,322,118,2.6362202254916496,0.18718390697052434,4.071693292821619,0.6267357360218604,0.4182679519111762,1231,students03
2210,88.4,322,118,2.2375502363984747,0.2492293455153216,6.395156070970987,0.6267357360218728,0.41811480502606163,1231,students03
2220,88.8,322,118,1.8441964723768056,0.3575309365010342,11.178610961311705,0.624587598199728,0.4183830223224527,1231,students03
2230,89.2,322,118,1.4653440930329338,0.592826387132468,23.863847338399818,0.61932948185754,0.48951542809657833,1231,students03
2270,90.8,322,376,2.6929004961008385,0.5075658134710107,10.864263771906998,0.486471327680598,0.34992351120883336,1240,students03
2280,91.2,322,376,2.4689208495230766,0.09129203576545453,2.1190800957168228,0.4048089649612996,0.29465115350000204,1240,students03
2290,91.6,322,376,2.282097048070471,0.496893531049218,12.576062465459172,0.37548513444756415,0.26229214287499936,1240,students03
2370,94.8,323,133,2.7578468948182726,0.5234090892435174,10.94047253683981,0.9442765546150939,1.18826143392868,1241,students03
2380,95.2,323,133,1.9643635802320196,0.5598735331323795,16.559758822008565,0.9089510878747126,0.9042115146559849,1241,students03
2390,95.6,323,133,1.3791679785260795,0.3636349897561053,15.287498322246757,0.8571769743116082,0.744155591751326,1241,students03
2400,96.0,323,133,0.8497670733968317,0.3347279449740299,23.197731912573865,0.8381286916411831,0.7802489976831334,1241,students03
2250,90.0,323,243,2.4491251318007965,0.23602082191370555,5.530144728785202,0.5336882902276074,0.7195633129410056,1243,students03
2260,90.4,323,243,2.1823695874574187,0.3990357561870945,10.535527448908093,0.6281812839748842,0.5819373056352051,1243,students03
2270,90.8,323,243,1.9181890891833873,0.14560733466375497,4.353438661020161,0.6957099187079678,0.546313553316153,1243,students03
2280,91.2,323,243,1.6119784632423497,0.20695510729324207,7.376322483373674,0.8168922297791512,0.4658028356525503,1243,students03
2610,104.4,324,127,1.648375491440581,0.21480754599242421,7.487777588677669,0.29838537988364106,0.5582408181227564,1246,students03
2620,104.8,324,127,1.3092384200119254,0.05472092849999921,2.3954321563345653,0.3341237196250031,0.5510514868201659,1246,students03
2630,105.2,324,127,0.9754307653673617,0.1637319598957644,9.663188876020248,0.3929067030852495,0.5507809799735618,1246,students03
2610,104.4,324,128,2.907838075770485,0.14728049048343084,2.9032437369324033,0.29838537988364106,0.6280048940782449,1247,students03
2620,104.8,324,128,2.618917421237246,0.5682557959899999,12.531784866644053,0.3341237196250031,0.5953863487031957,1247,students03
2630,105.2,324,128,2.338947911435794,0.056089411939564016,1.3741198165605342,0.3929067030852495,0.6286187636478653,1247,students03
2640,105.6,324,128,1.9725475899473763,0.37150253906841413,10.855715104171054,0.47339550320817536,0.8531110584373826,1247,students03
2890,115.6,324,257,1.3126863945787925,0.2555096840572876,11.22406814467121,0.5110074358778068,0.8530524876887374,1254,students03
2900,116.0,324,257,1.4159569720871126,0.32200097215268875,13.144560505706542,0.5217384897109432,0.7070275939449325,1254,students03
2910,116.4,324,257,1.4524662804201103,0.4064026508944253,16.2483746896106,0.5314222599073233,0.6430971982781385,1254,students03
2920,116.8,324,257,1.5009016762506386,0.545168524420953,21.298530865229104,0.5314222599073227,0.6429025245311714,1254,students03
2630,105.2,325,127,1.5234539524914363,0.37688223490222417,14.322923842605146,0.26315736376475574,0.5507809799735618,1259,students03
2640,105.6,325,127,1.227404729213042,0.39263851411701367,18.65647051426145,0.2642903451254112,0.519419460628321,1259,students03
2650,106.0,325,127,0.9616219471776236,0.43568353053453546,26.940921810746417,0.259122477959595,0.46797339736839283,1259,students03
2620,104.8,325,130,2.9515525131398053,0.12944469858904895,2.513597319052433,0.26023043635526405,0.5215447749680555,1262,students03
2630,105.2,325,130,2.727312121797307,0.3778814533672503,7.964211847624334,0.26315736376475574,0.5177680043998021,1262,students03
2640,105.6,325,130,2.502365420573296,0.25458318601900254,5.839204261584599,0.2642903451254112,0.5097066993223746,1262,students03
2650,106.0,325,130,2.2724269787490092,0.05024434590853222,1.2669377731535183,0.259122477959595,0.5067807053016533,1262,students03
2860,114.4,325,258,1.6820950048079075,0.28207602793151576,9.653728451651105,0.32792465031416945,0.6749952306052002,1265,students03
2870,114.8,325,258,1.7056801444356688,0.1084792348453184,3.646404635752998,0.35249611619322324,0.6810727666363515,1265,students03
2880,115.2,325,258,1.668612756049945,0.2556866315076453,8.81433363775895,0.37537141253935585,0.7310247059646312,1265,students03
2590,103.6,325,326,2.9841747553483917,0.35357545651950373,6.80458888095419,0.27871101825498273,0.4914812706121116,1267,students03
2600,104.0,325,326,2.8915996132852433,0.32604984109610435,6.474303853945608,0.27026979329082457,0.45719894235443587,1267,students03
2610,104.4,325,326,2.7303873382448867,0.15030816837105565,3.1557351988929936,0.27043581288586155,0.45056510819336415,1267,students03
2620,104.8,325,326,2.5249922980005404,0.5063409392726815,11.568051755433158,0.26023043635526405,0.500126109290982,1267,students03
2690,107.6,325,327,1.7478439135964854,0.1552389414998575,5.095576291519663,0.26933536955138787,0.37394126821836104,1268,students03
2700,108.0,325,327,1.7393871620448251,0.3251445428378056,10.773706648202662,0.35984063437264646,0.306889093661518,1268,students03
2710,108.4,325,327,1.7015687430189392,0.3736777743038853,12.685998464208541,0.39688955653444424,0.2716914653067344,1268,students03
2720,108.8,325,327,1.607557622034167,0.29799362192895823,10.682729101256163,0.37092648789843424,0.33883733990806675,1268,students03
2730,109.2,325,327,1.4875954375658067,0.156266705644342,6.029846075621558,0.3056109886040613,0.4518871095053034,1268,students03
2740,109.6,325,327,1.4433048744653107,0.008697257869379638,0.34526259414274096,0.2659468652532946,0.5814920579809155,1268,students03
2900,116.0,325,376,1.535681170212984,0.10194134795787024,3.806198365338994,0.4325818376872614,0.2521824329749186,1269,students03
2910,116.4,325,376,1.3188328945790955,0.09167442543368398,3.985946114822171,0.45275445706129663,0.34039002494751064,1269,students03
2920,116.8,325,376,1.0336460362721818,0.50719286882988,29.385504117369695,0.584062656508565,0.44507034214560964,1269,students03
2570,102.8,326,322,1.5763520785933807,0.29086182421815565,10.63290229609157,0.49162180943268113,0.6404943675175514,1274,students03
2580,103.2,326,322,1.4986884527738247,0.06306829602675101,2.411851895815876,0.4915513841839283,0.6772834145797539,1274,students03
2590,103.6,326,322,1.4551831837835476,0.16449402839553406,6.490592933378483,0.4914812706121116,0.7360985956092831,1274,students03
2600,104.0,326,322,1.5359686050474326,0.06818497375758781,2.5443199066949487,0.45719894235443587,0.8160147025137632,1274,students03
2740,109.6,327,257,2.9898418517310272,0.5136129130663989,9.891675975624414,0.5814920579809155,0.7567037032325977,1279,students03
2750,110.0,327,257,2.4295629783633608,0.39341456789258333,9.318829008456552,0.6901923212396996,0.7484607572572435,1279,students03
2760,110.4,327,257,1.8522775860161784,0.3932013084314269,12.25599400556501,0.8218476369575519,0.7454352397849869,1279,students03
2820,112.8,328,133,1.28518277093265,0.13981284110639797,6.245470747007584,0.3605615932006944,0.7413238057562416,1283,students03
2830,113.2,328,133,0.8816512153121073,0.016802671812731096,1.0920196686785644,0.3602762676008699,0.7413238058291305,1283,students03
2840,113.6,328,133,0.5155864127720773,0.17338042965508133,19.650278520510337,0.3602762676008665,0.7415613747368739,1283,students03
2980,119.2,328,259,1.8502098334985055,0.5805921714545479,18.28826625114072,0.8664677156930323,0.7103885953027012,1286,students03
2990,119.6,328,259,1.4076511567229457,0.4378254878268292,18.121474571841187,0.9056582231064368,0.6620776557456648,1286,students03
3000,120.0,328,259,0.9794087282415213,0.25083823832477187,14.839480921172477,0.8046373005497907,0.6535553178057155,1286,students03
3010,120.4,328,259,0.7090546115714718,0.09757304912036957,7.909574346695962,0.7104092234792495,0.6448250519778005,1286,students03
3020,120.8,328,259,0.5402521309762996,0.07069906700553738,7.519470223044666,0.6413056788406826,0.6451333148870276,1286,students03
3030,121.2,328,259,0.5067622349253207,0.18404989193642876,21.296103024361813,0.5849884652201528,0.6689376584324602,1286,students03
2890,115.6,328,327,1.7696848391520374,0.22123190500497172,7.181450851567082,0.44392061140799477,0.8011971835519385,1287,students03
2900,116.0,328,327,1.3171485555556495,0.03545272964161611,1.5423750994257166,0.5947352580640127,0.7932576464469747,1287,students03
2910,116.4,328,327,0.7959438171120763,0.1257197896881445,9.087960679945649,0.6935962040279213,0.835237812948294,1287,students03
3650,146.0,329,165,1.9553117711259385,0.4870047973847411,14.422344042366404,0.46419302323335043,0.48473847005412707,1291,students03
3660,146.4,329,165,1.593098012726136,0.3437689007053818,12.461668321194443,0.4397907855375648,0.503971471113124,1291,students03
3670,146.8,329,165,1.2190191715080845,0.1902879940411975,8.980555448838123,0.4559323063635044,0.5550059586705965,1291,students03
3680,147.2,329,165,0.8139167948584768,0.003364605222472228,0.23685250046402162,0.49098998407495137,0.5922370353478389,1291,students03
3640,145.6,329,166,2.678427196925961,0.36920224780873745,7.923044963533739,0.5916392669705357,0.5787790514749918,1292,students03
3650,146.0,329,166,2.2582210783797945,0.02727147977617328,0.6919511515252073,0.46419302323335043,0.6664262178244689,1292,students03
3660,146.4,329,166,1.813637108885482,0.22462852169384523,7.114654132507457,0.4397907855375648,0.8248698239948431,1292,students03
3730,149.2,329,169,2.8129927823765097,0.2940815111380425,6.000894964253752,0.5576784010032578,0.6205638858859882,1294,students03
3740,149.6,329,169,2.352326130342004,0.4230703025577656,10.361132990940373,0.5253768248844203,0.620563885878676,1294,students03
3750,150.0,329,169,1.9051050618988814,0.44892504604070194,13.629540015780314,0.5129272051510416,0.6203081494539546,1294,students03
3760,150.4,329,169,1.461066301706719,0.39822980357584037,15.816722810998725,0.51692907228875,0.546682163695198,1294,students03
3770,150.8,329,169,1.134364701365479,0.4724791842359338,24.614719018578498,0.527674950526712,0.5386787665589553,1294,students03
3120,124.8,330,329,0.9240870778482212,0.30460656002536074,19.246302242153423,0.3931512176116394,0.4978695532062381,1295,students03
3130,125.2,330,329,0.9667751690506342,0.4414789480287326,27.171219569012763,0.3930168439737318,0.43912329229325875,1295,students03
3140,125.6,330,329,0.9778469807872905,0.4555950211757394,27.769551059443152,0.4518047336168579,0.2965312495338177,1295,students03
3640,145.6,331,165,2.647255956859236,0.351714377473228,7.634891138176901,0.4690712946211528,0.5088304567727012,1298,students03
3650,146.0,331,165,2.2833415932209444,0.4335971620593684,10.946707961271233,0.6125154788007426,0.48473847005412707,1298,students03
3660,146.4,331,165,1.8577565104667226,0.4972010560758778,15.523596470930887,0.8457790978852866,0.503971471113124,1298,students03
3670,146.8,331,165,1.3558130725892406,0.5720886397934335,24.957914949417248,0.9547586985255476,0.5550059586705965,1298,students03
3160,126.4,331,330,0.559848353443533,0.22135880076159703,23.29033972408358,0.39842132931691043,0.6524391241430325,1300,students03
3170,126.8,331,330,0.6742484143708327,0.25574707339048447,22.290756830597882,0.35087149173669524,0.6524391240534705,1300,students03
3180,127.2,331,330,0.8141102604712661,0.25205531869215975,18.035628268467388,0.3090801491025055,0.4522954023615432,1300,students03
3160,126.4,331,376,2.76891676581506,0.23448031895084598,4.857799301074456,0.39842132931691043,0.6091144278028905,1301,students03
3170,126.8,331,376,2.5254386046364403,0.1469609605141311,3.3360551034414585,0.35087149173669524,0.6113524946696138,1301,students03
3180,127.2,331,376,2.3189029030597874,0.5305348556494225,13.225668325236361,0.3090801491025055,0.6154736460076708,1301,students03
3630,145.2,332,165,2.807610093596945,0.48744009667889376,9.99800488628546,0.38997201539540244,0.5774059963842045,1304,students03
3640,145.6,332,165,2.4044158560791424,0.22677522308777548,5.411960805776222,0.5368873616776207,0.5088304567727012,1304,students03
3650,146.0,332,165,1.9889940392699044,0.09022785974675007,2.60003306791364,0.5963711905289383,0.48473847005412707,1304,students03
3660,146.4,332,165,1.5758895809592381,0.0739332371952493,2.689032281407426,0.5709583271440186,0.503971471113124,1304,students03
3670,146.8,332,165,1.1865967603748446,0.4083534309812549,20.129205286305655,0.49619986801579763,0.5550059586705965,1304,students03
3740,149.6,332,169,2.7984255877438784,0.5412060950948264,11.151074737665484,0.31696507649688205,0.620563885878676,1306,students03
3750,150.0,332,169,2.431044457522257,0.36936013141497837,8.739064820909434,0.319812504074862,0.6203081494539546,1306,students03
3760,150.4,332,169,2.0606300302359846,0.15836008947970615,4.407545086326794,0.3262271112392819,0.546682163695198,1306,students03
3770,150.8,332,169,1.8016982933428678,0.07216373072664328,2.295491721625068,0.3300199010565301,0.5386787665589553,1306,students03
3780,151.2,332,169,1.5756986249352454,0.3249798668150232,11.902386305032945,0.35274735210708835,0.5423105168808154,1306,students03
3740,149.6,332,329,0.5473295692565533,0.19496347433738476,20.86753204217544,0.31696507649688205,0.5253768248844203,1307,students03
3750,150.0,332,329,0.5698239701353806,0.11020917196137359,11.151805758434934,0.319812504074862,0.5129272051510416,1307,students03
3760,150.4,332,329,0.6109971110286991,0.05237944285341961,4.917877951812079,0.3262271112392819,0.51692907228875,1307,students03
3770,150.8,332,329,0.6687671474030237,0.007944543648756353,0.680654738658949,0.3300199010565301,0.527674950526712,1307,students03
3780,151.2,332,329,0.7424876111836892,0.04656361528947678,3.5955488931885795,0.35274735210708835,0.534541125425979,1307,students03
3790,151.6,332,329,0.8020210216660352,0.018353477448054295,1.3112731111137004,0.47320417949237803,0.5345411254259596,1307,students03
3800,152.0,332,329,0.7842487648844186,0.06244605690102245,4.567029305844698,0.5743946068752095,0.6129479843855199,1307,students03
3810,152.4,332,329,0.8280185603129345,0.03471372712297008,2.402763953411297,0.5743946068782674,0.7439493548318173,1307,students03
3820,152.8,332,329,0.9140168702758983,0.11521274821605335,7.241454232308846,0.7295674051832444,0.7963975189077008,1307,students03
3830,153.2,332,329,0.8881209538942166,0.30160293095403695,19.852303793796057,0.9333089661216278,0.7332181138119959,1307,students03
3820,152.8,333,168,2.8458921975711036,0.34842631228090926,7.032441296204451,0.5534228352278696,0.9224173385288927,1311,students03
3830,153.2,333,168,2.638809129090027,0.014818036989918015,0.32174189215648974,0.5600134626727465,0.9201109516430445,1311,students03
3840,153.6,333,168,2.396611003140395,0.38857369503620354,9.330820927261161,0.5692182389895301,0.9252579807452197,1311,students03
3800,152.0,335,166,2.7445297222277434,0.5754165768337535,12.102395572312366,0.878234730192016,1.0579448005069392,1315,students03
3810,152.4,335,166,2.187449466569714,0.09991130741054521,2.6178837927687235,0.8354438904702683,1.0326552799125321,1315,students03
3820,152.8,335,166,1.7253668969211617,0.4038316158206662,13.53595442074316,0.781037130457064,1.0024962130104225,1315,students03
3820,152.8,335,167,2.4150693420355993,0.42925984569134495,10.238279470647159,0.781037130457064,0.938480706065959,1316,students03
3830,153.2,335,167,1.9022438963020385,0.14172157370360963,4.272627043049492,0.8290731671521697,0.8822399146087956,1316,students03
3840,153.6,335,167,1.343497729860841,0.5540486119012386,24.355227280110178,0.9264895412596785,0.8357698953421485,1316,students03
3830,153.2,335,168,2.9164319802843113,0.4808666752173326,9.490370466064512,0.8290731671521697,0.9201109516430445,1317,students03
3840,153.6,335,168,2.211917642812697,0.02620397073159164,0.6787829804184274,0.9264895412596785,0.9252579807452197,1317,students03
3850,154.0,335,168,1.4796635607706152,0.40088841728734376,15.719742224951577,0.9098582298492673,0.915083520312393,1317,students03
3770,150.8,335,336,0.7950257119831337,0.2398281923889813,17.557389525402915,0.6494206216392682,0.6658707232351101,1319,students03
3780,151.2,335,336,0.7324214763145789,0.12660811743392417,9.954285601517457,0.8215686360241765,0.8491155758507889,1319,students03
3790,151.6,335,336,0.81924697212139,0.17896900398722826,12.6183330545504,0.8479369335084748,1.080114143145666,1319,students03
3800,152.0,335,336,0.9286090013421149,0.27296952369246735,17.094902267957554,0.878234730192016,1.0073739810597964,1319,students03
3810,152.4,335,336,0.953376722996776,0.3302151074953718,20.26506449572192,0.8354438904702683,0.7304789888009399,1319,students03
3820,152.8,335,336,0.8938866902892911,0.3927367002296961,26.062956995378315,0.781037130457064,0.6184492711812164,1319,students03
3830,153.2,335,336,0.8847860680461859,0.4225490309674022,28.526943659516654,0.8290731671521697,0.7517937672575781,1319,students03
3840,153.6,335,336,0.9003863177880108,0.41128390798245684,27.17991072384594,0.9264895412596785,0.8584824023798527,1319,students03
3850,154.0,335,336,0.8907365997139811,0.3299011946376149,21.73837425135388,0.9098582298492673,0.7172262928143202,1319,students03
3860,154.4,335,336,0.7798635697067379,0.16121973336748302,11.930680568520442,0.8817721778996441,0.5724424410953223,1319,students03
3870,154.8,335,336,0.6520372523737231,0.09400113150335093,8.288945259938759,0.7464416988949211,0.4793575287339442,1319,students03
5380,215.2,339,296,2.715286691888282,0.369011663218369,7.810755230089652,0.7495534749241255,0.9918197929722683,1325,students03
5390,215.6,339,296,2.214622614726988,0.14866782018190206,3.8491656694797007,0.8006596053057438,0.9865552013624859,1325,students03
5400,216.0,339,296,1.76787065677132,0.2217441096641018,7.205591452931055,0.800939834780029,0.9865552013499872,1325,students03
5380,215.2,339,338,0.9473972474981496,0.39939603424091386,24.93386638267968,0.7495534749241255,0.7926130130167931,1326,students03
5390,215.6,339,338,0.8923948815353023,0.29760908746358633,19.48103585766531,0.8006596053057438,0.6972202860497936,1326,students03
5400,216.0,339,338,0.8182936075371251,0.23201732827044674,16.471477281501205,0.800939834780029,0.6793762662199914,1326,students03
1330,53.2,340,376,1.4464807668043915,0.555008563833697,22.56279643269452,0.3789756238666246,0.42166488124341395,1332,students03
1340,53.6,340,376,1.4268659586186487,0.43973214732638854,17.94960818587878,0.47678612668823833,0.4225151673535666,1332,students03
1350,54.0,340,376,1.406741519067564,0.4988143268658921,20.76822494298295,0.4649713472899079,0.4319142341868125,1332,students03
1210,48.4,341,57,2.591746725492297,0.5183653276833575,11.53731964612892,0.8910003740314977,0.8353160503682755,1333,students03
1220,48.8,341,57,2.088828275362263,0.3956141864615208,10.917494715192376,0.8666126385219758,0.8353870588455193,1333,students03
1230,49.2,341,57,1.6276163963439383,0.26268219789667047,9.287628362045073,0.8197056153291735,0.821605962331149,1333,students03
1110,44.4,341,87,2.829467983574267,0.027843478205304195,0.5638302132567454,0.6170685750350811,0.5699503518993116,1334,students03
1120,44.8,341,87,2.418304960336544,0.23553473808011982,5.589276081718525,0.6977813652858459,0.5699503518323167,1334,students03
1130,45.2,341,87,1.9920293313750532,0.07922950370591442,2.2794412759475597,0.7367674473070617,0.5249473719264484,1334,students03
1140,45.6,341,87,1.6373381434357057,0.32090503696762607,11.302674280976564,0.7548608538303412,0.4870595725937908,1334,students03
1150,46.0,342,87,2.8881867960693755,0.17808414465371192,3.5350713482067455,0.5959826582607284,0.48705957256451227,1336,students03
1160,46.4,342,87,2.473732038967942,0.08638724463613734,2.0012802661006064,0.5959826582607246,0.4813415164058898,1336,students03
1170,46.8,342,87,2.032377022889543,0.1555561014775919,4.389654631341379,0.5853633370044911,0.6089034996359716,1336,students03
1180,47.2,342,87,1.6059776697891397,0.3946050028841088,14.223804845149278,0.5986675797332484,0.5915064780126457,1336,students03
1190,47.6,342,87,1.2451937874306147,0.10917262439730069,5.029877543794693,0.7700363843975759,0.603365200415038,1336,students03
1180,47.2,342,341,2.3423966646698298,0.031372731530307174,0.7674100980209145,0.5986675797332484,0.6044982232477037,1340,students03
1190,47.6,342,341,2.162830274221708,0.18816303053011818,4.990957390464582,0.7700363843975759,0.7309103583603346,1340,students03
1200,48.0,342,341,1.8868753654080428,0.29675766026543315,9.04874232670827,0.9759679701522309,0.8270709074584858,1340,students03
1210,48.4,342,341,1.6891242046205222,0.13002627372687825,4.414911627261699,0.8975744344356883,0.8910003740314977,1340,students03
1220,48.8,342,341,1.6286784810869939,0.3594227977348925,12.749193306736258,0.7521937683043833,0.8666126385219758,1340,students03
1230,49.2,342,341,1.6508394710187289,0.1911066821944689,6.647654971268117,0.6657388644664329,0.8197056153291735,1340,students03
1240,49.6,342,341,1.597141139699678,0.5475318632161403,20.04877476090508,0.8696467125070294,0.8551569233529771,1340,students03
1250,50.0,342,341,1.4059782575598914,0.40664117279847134,16.81144062053284,1.1283653721955509,0.8830871436851963,1340,students03
1250,50.0,343,90,2.8840508138561898,0.2751188457327731,5.473951486468631,0.42033109865368623,0.4459396218462224,1341,students03
1260,50.4,343,90,2.6954117386119503,0.07660741269935584,1.6286463792170156,0.28991323371014827,0.5292962636389698,1341,students03
1270,50.8,343,90,2.470347080059494,0.010879670761242882,0.252337510502351,0.2825902373531149,0.606707434315173,1341,students03
1280,51.2,343,90,2.2709253457267957,0.07055919240293013,1.7805053299928542,0.27418884403500404,0.606955103576305,1341,students03
1290,51.6,343,90,2.0966807334291255,0.26644882879999976,7.30096183510664,0.27266882112500035,0.6373799652178596,1341,students03
1300,52.0,343,90,1.993877132663206,0.5649745705858891,16.460529573175307,0.3246289268180808,0.6974743467710915,1341,students03
1230,49.2,343,313,1.936306203030599,0.2972176564792825,8.829651451408548,0.812621061713323,0.5732669100631727,1344,students03
1240,49.6,343,313,1.4684564977037202,0.10172757521179894,3.972356518938417,0.6818419299615686,0.5840533850913942,1344,students03
1250,50.0,343,313,1.1256239808452724,0.08736464824713286,4.451455394676734,0.42033109865368623,0.5832484542007139,1344,students03
1260,50.4,343,313,1.0159634416898515,0.31355896769244623,17.976816016373707,0.28991323371014827,0.6050085829208545,1344,students03
1260,50.4,344,87,1.1774979105198424,0.5855515802105644,29.820512757637513,0.6543566438010168,0.572315355918261,1346,students03
1270,50.8,344,87,0.9082478582275411,0.07433301322742544,4.69446398223887,0.4808712818470102,0.5372912837439812,1346,students03
1280,51.2,344,87,0.700859526567581,0.16197596266299213,13.362457564056854,0.5472973920248083,0.4873212080403511,1346,students03
1190,47.6,344,310,2.7355162524515158,0.24003234029224085,5.033985716099386,0.5866937792923559,0.6234209019532513,1347,students03
1200,48.0,344,310,2.7506380597865054,0.2801984358596663,5.846673811986776,0.5866937794597539,0.6234616232357796,1347,students03
1210,48.4,344,310,2.7664838487439596,0.055334916639548704,1.1461005371524315,0.5968428671304642,0.6234616231631663,1347,students03
1270,50.8,344,311,2.738893169916445,0.5576378297973562,11.747539134950507,0.4808712818470102,0.3497702563100992,1348,students03
1280,51.2,344,311,2.723751126887832,0.33198394314307056,7.000893982669039,0.5472973920248083,0.6149489077662428,1348,students03
1290,51.6,344,311,2.697027490014483,0.16199939748409414,3.4435956790749436,0.708853361354635,0.6871608248904396,1348,students03
1300,52.0,344,311,2.605390224247098,0.12813595931417265,2.819006715516833,0.8104549657659951,0.6134095935277031,1348,students03
1310,52.4,344,311,2.4307782287270356,0.24982747093942237,5.899090303111118,0.8695403453270659,0.555241998215171,1348,students03
1320,52.8,344,311,2.2358072384492433,0.29451852422175906,7.569461050860506,0.907985042867067,0.5552419982253191,1348,students03
1330,53.2,344,311,2.047194996012471,0.32279218996472764,9.071990961692046,0.9049582791602154,0.5552419981523766,1348,students03
1640,65.6,345,233,2.9805190384213773,0.1899615932740366,3.6541889268024055,0.5477186764777383,0.26162927044475365,1350,students03
1650,66.0,345,233,2.765255428087088,0.3094829231632352,6.425913931889841,0.5722752967574206,0.26162927043411427,1350,students03
1660,66.4,345,233,2.5558787805697247,0.22934780769784746,5.148272561331268,0.5641089844516697,0.26178621044902456,1350,students03
1640,65.6,346,233,2.8197654319832632,0.028485973216622718,0.5788260912133378,0.4835499096770146,0.26162927044475365,1356,students03
1650,66.0,346,233,2.6853605301090546,0.18248513507773256,3.89656881714768,0.42419360544032064,0.26162927043411427,1356,students03
1660,66.4,346,233,2.5534492235710005,0.04653413425725428,1.0442177879071182,0.42757312505148765,0.26178621044902456,1356,students03
1870,74.8,346,241,2.8545774458155324,0.12420418131810518,2.4937570801031486,0.5978471295173603,0.748075412242138,1357,students03
1880,75.2,346,241,2.3268276445579112,0.18355813106278085,4.524634801442375,0.6464060420989831,0.7315619396218589,1357,students03
1890,75.6,346,241,1.7874337827016598,0.17948670565642205,5.76311820662754,0.7103381275092298,0.7111538478588136,1357,students03
1900,76.0,346,241,1.30942233494598,0.05025877253314087,2.1996898843834187,0.620186822872149,0.7211711056020396,1357,students03
1910,76.4,346,241,0.9653811841033403,0.3598815053240419,21.887598598005052,0.36329849068287684,0.7089780040593252,1357,students03
1560,62.4,346,347,1.7634396221826811,0.45353800205456707,14.903357003934145,0.35022187884791195,0.43176730920010614,1358,students03
1570,62.8,346,347,1.652062833714413,0.18422048158207294,6.402331303203691,0.38562307180526173,0.4317673092001023,1358,students03
1580,63.2,346,347,1.5334585502019582,0.2739700302409215,10.29180663853558,0.5362956572007442,0.4815171884389752,1358,students03
1590,63.6,346,347,1.4530488847652558,0.2882723137720181,11.442904656437134,0.6625776868272215,0.5793857369382258,1358,students03
1600,64.0,346,347,1.3905158255518173,0.19971375337670105,8.257702306810561,0.6610903759151531,0.5750469609854665,1358,students03
1610,64.4,346,347,1.3297918205849613,0.1617182868015682,6.985129358196599,0.645593513653051,0.5501800455382279,1358,students03
1620,64.8,346,347,1.2810383314312295,0.1427504565325335,6.397951379414464,0.6317336719567124,0.5134772982917376,1358,students03
1630,65.2,346,347,1.2183572758639887,0.0737656420276146,3.4711053001424403,0.588431137868143,0.3958583310100826,1358,students03
1640,65.6,346,347,1.1287438008849622,0.0007283054709567027,0.036969268450297736,0.4835499096770146,0.3384261804265813,1358,students03
1650,66.0,346,347,1.0896000187443453,0.073079073764724,3.8456938118239377,0.42419360544032064,0.33842618041703226,1358,students03
1660,66.4,346,347,1.0508892282071642,0.028701284528172055,1.565024107697334,0.42757312505148765,0.3070271081018102,1358,students03
1670,66.8,346,347,0.9936796322070179,0.04500640210818363,2.5959668326447356,0.4353683578312752,0.3598525623992984,1358,students03
1680,67.2,346,347,0.9323600517409671,0.16176832611921033,9.991619869150135,0.440511861454183,0.43010288957892123,1358,students03
1690,67.6,346,347,0.8948840230729772,0.40339016058694327,26.793333034272163,0.5819793479204712,0.3686771705878858,1358,students03
1700,68.0,347,63,2.87713442721981,0.43123982342411127,8.6202728726848,0.3578982893239307,0.2912449480024299,1359,students03
1710,68.4,347,63,2.790714962403113,0.13976282864252432,2.870651989292571,0.5151804071033066,0.33209283092862524,1359,students03
1720,68.8,347,63,2.583425543269267,0.5218893488594061,11.654784689191324,0.6980805078482254,0.3320928309286244,1359,students03
1770,70.8,347,70,2.927390607716538,0.20749212409566747,4.064507117298408,0.631711843233156,0.5350243610983211,1362,students03
1780,71.2,347,70,2.477810333090954,0.21241841141112028,4.917904957856724,0.6193679627593215,0.5795593956062101,1362,students03
1790,71.6,347,70,1.989328509199905,0.3556785775589265,10.299479916823325,0.5856140533793958,0.6630074474816081,1362,students03
1800,72.0,347,340,0.9480134497763684,0.004052039154336329,0.2448967880513812,0.49649557014282253,0.3159736604399079,1367,students03
1810,72.4,347,340,0.9195673185100304,0.17878877002258098,11.211255971139652,0.44843866434437507,0.3706858783111621,1367,students03
1820,72.8,347,340,0.8916858234148216,0.07115318461178566,4.576854261848993,0.43074421075316227,0.4692729350805413,1367,students03
1830,73.2,347,340,0.9510231984469385,0.18922627319989338,11.47680690126337,0.4233170790604707,0.6221611132399903,1367,students03
1840,73.6,347,340,1.0513893839745057,0.37004250286283347,20.606982152574215,0.43434281529829755,0.6615232277338112,1367,students03
1850,74.0,347,340,1.1483974057186428,0.3762081266122106,19.122807400580506,0.5720859178896511,0.6210693851799975,1367,students03
1860,74.4,347,340,1.1277536706953482,0.5153300119392885,27.19064077518704,0.770064703722707,0.6545075857574371,1367,students03
1780,71.2,347,343,1.9697432415670297,0.4966426967161278,14.603931150907709,0.6193679627593215,0.26762429202165167,1368,students03
1790,71.6,347,343,1.8608618559483248,0.5317837078424765,16.605048242107998,0.5856140533793958,0.4415829775599168,1368,students03
1800,72.0,347,343,1.8322974366778406,0.3242256035144092,10.192174251108792,0.49649557014282253,0.5394780424049505,1368,students03
1810,72.4,347,343,1.896601045185076,0.06308284402576769,1.906066376730748,0.44843866434437507,0.6590195658019347,1368,students03
1820,72.8,347,343,1.9796966292697074,0.11352149926006794,3.2873080455323813,0.43074421075316227,0.7330341807642048,1368,students03
2090,83.6,353,351,0.6098107336608098,0.18905839964731477,18.06091766242391,0.6093301686251315,0.715107594764331,1373,students03
2100,84.0,353,351,0.6318549086044882,0.1952383081946417,17.998512950348978,0.5556429620002512,0.7153344997948548,1373,students03
2110,84.4,353,351,0.6979689049459019,0.23809058852237747,19.945075929945688,0.5232857109005039,0.7151637561105307,1373,students03
2920,116.8,355,253,2.9121196650494214,0.44729886597084745,8.83555581923428,0.701817559060013,0.6006363601354147,1376,students03
2930,117.2,355,253,2.541191645732348,0.16171153098849844,3.6485454021312234,0.6603143787132416,0.5901858529863145,1376,students03
2940,117.6,355,253,2.2140002496935023,0.07845299752688817,2.0306984459342567,0.6483415360189887,0.5708968605303519,1376,students03
3060,122.4,355,325,2.789255036962446,0.5942517393647697,12.301170239741628,0.45103329992379915,0.763584582589246,1379,students03
3070,122.8,355,325,2.388257625406488,0.07406321418512674,1.777107297030433,0.4557290490028223,0.8268647993750022,1379,students03
3080,123.2,355,325,2.012041469515176,0.5872802935880924,16.97071005827222,0.46783717611928705,0.7778918832657767,1379,students03
2900,116.0,356,355,0.9578593891761209,0.35661114595227017,21.85754049271776,0.5295348631251294,0.7314556701452175,1381,students03
2910,116.4,356,355,0.9179587818674562,0.1695551066697574,10.644157924995257,0.5295348630009361,0.7314556701414976,1381,students03
2920,116.8,356,355,0.9154935664724394,0.025825868457665685,1.6165155568465126,0.518166378698048,0.701817559060013,1381,students03
2930,117.2,356,355,0.9358949216893955,0.23663769968424178,14.64601403034508,0.48029804723411124,0.6603143787132416,1381,students03
2940,117.6,356,355,1.0025341105930503,0.4466320114983794,26.45552872897494,0.45401918117794415,0.6483415360189887,1381,students03
3050,122.0,356,357,0.6186930892946976,0.23276649141062336,22.099914020034575,0.48844517350125133,0.7908394792631824,1382,students03
3060,122.4,356,357,0.7110119921019833,0.17315086735106233,14.094821476503531,0.4886921619063957,0.8208180639252594,1382,students03
3070,122.8,356,357,0.8432867658776289,0.13772288740493216,9.399467299830567,0.4886921618633713,0.8491462388819178,1382,students03
3450,138.0,358,160,2.2756439790138643,0.45319002257733454,11.487142760273507,0.38066189138187473,0.5260410359724019,1384,students03
3460,138.4,358,160,1.9959441534400646,0.35854064708860295,10.34847752819649,0.3758379066507211,0.505027361698548,1384,students03
3470,138.8,358,160,1.7308341566192142,0.32774327591449937,10.91518472296048,0.3675584253721645,0.4666278505720185,1384,students03
3480,139.2,358,160,1.4848790557750107,0.24460832666257223,9.481714282642354,0.36411495736028165,0.34610756991150227,1384,students03
3490,139.6,358,160,1.2499864819531405,0.0735445255852423,3.3730171713432178,0.3411672595545909,0.27506327505909645,1384,students03
3500,140.0,358,160,1.034101219850988,0.1382469281373847,7.68276037089308,0.3125088393719735,0.2750632751412541,1384,students03
3480,139.2,358,259,2.8078522074037773,0.3426021266295331,7.008450188546329,0.36411495736028165,0.5877974422574324,1385,students03
3490,139.6,358,259,2.575372064080334,0.31577929026327445,7.043046807784487,0.3411672595545909,0.5821264952528971,1385,students03
3500,140.0,358,259,2.3468544314466997,0.40931393534076477,10.044302135247996,0.3125088393719735,0.5815052420710883,1385,students03
3510,140.4,358,259,2.10775721915548,0.3204432026255419,8.744610397239486,0.2857573236449339,0.586122934243737,1385,students03
3830,153.2,360,167,2.091830859542371,0.1616124226601524,4.431020931368562,0.6687601672973316,0.8822399146087956,1390,students03
3840,153.6,360,167,1.5479082166488702,0.15130511479832165,5.60951177288568,0.5474637873049839,0.8357698953421485,1390,students03
3850,154.0,360,167,1.0348493485776986,0.04137077350631557,2.291157225336328,0.5066540558407245,0.8301543818246319,1390,students03
3860,154.4,360,167,0.5739018400615061,0.11341380773027111,11.397748871067353,0.46332623350069085,0.8354691268866828,1390,students03
3840,153.6,361,279,2.132480794249556,0.29433296634510275,7.933504468800797,0.5249984037580618,0.36491605049551973,1400,students03
3850,154.0,361,279,1.9861187958308109,0.17134431184751686,4.949112174817058,0.6992063864063883,0.3587330155768827,1400,students03
3860,154.4,361,279,1.8301004783508925,0.03810850522144704,1.1931663655603284,0.4244653351437178,0.35873301556868875,1400,students03
4040,161.6,361,335,2.9684216377928627,0.05270623436217817,1.0173768581899745,1.2754845684936353,0.9172483652898112,1401,students03
4050,162.0,361,335,2.872749672478246,0.031896423882240094,0.6361737811332049,1.1538405616392433,0.9534155857051686,1401,students03
4060,162.4,361,335,2.7799843909041515,0.05080786830117265,1.0472139753747987,1.0916218431860798,0.9598454907165898,1401,students03
4070,162.8,361,335,2.746587111113952,0.09440064925038831,1.9696532586799025,0.9361210636195701,0.9815672357342259,1401,students03
4080,163.2,361,335,2.8034887982812986,0.1316600194484623,2.6917671700397645,0.8432125105279905,0.9968194287471118,1401,students03
4090,163.6,361,335,2.8622384184502447,0.023136076896089375,0.46313891530273343,0.8549184623982575,0.9968917888785308,1401,students03
4100,164.0,361,335,2.9109399779107252,0.14968621402333887,2.9475607615286394,0.8717053405267303,0.996964233020037,1401,students03
3890,155.6,362,285,2.387436969072092,0.37506986621046773,9.038695230655245,0.47042470730926395,0.7984065235953124,1408,students03
3900,156.0,362,285,1.8982395737586657,0.4126852688792596,12.556615169508524,0.47043360836189857,0.7845048271009954,1408,students03
3910,156.4,362,285,1.4352383154578172,0.4589647075184645,18.649797660070554,0.47013545722878286,0.7166784549909078,1408,students03
4000,160.0,364,168,1.9019710909466239,0.5689670818807152,17.406318330590775,0.4571741571745916,0.7172380670608189,1414,students03
4010,160.4,364,168,1.4517511744588687,0.517624745250818,20.88859122356024,0.5472854806988675,0.7105917346490402,1414,students03
4020,160.8,364,168,0.9512393533018232,0.47011644374947253,29.61797815884366,0.773443139216919,0.6517024601954874,1414,students03
3960,158.4,364,362,1.3195625168544207,0.218759947029959,9.542675738076216,0.3698994991463223,0.44768046102654413,1416,students03
3970,158.8,364,362,1.3441367539561113,0.27691306526374754,11.888954514193134,0.36989949912090747,0.43020983685201586,1416,students03
3980,159.2,364,362,1.3708820451491601,0.18265688174149333,7.656883444503477,0.371179100892201,0.43054198381460185,1416,students03
3990,159.6,364,362,1.3917170619266233,0.2760101875026837,11.438938501618559,0.4077124914944283,0.32246063071673553,1416,students03
3960,158.4,364,363,1.4181899990274456,0.19261412783956822,7.805858209430197,0.3698994991463223,0.45269943335345486,1417,students03
3970,158.8,364,363,1.4375376789151442,0.14087075297746604,5.6236952039533525,0.36989949912090747,0.45269943335347074,1417,students03
3980,159.2,364,363,1.4589135211448931,0.2531606859255975,9.992941999266124,0.371179100892201,0.3982735089931066,1417,students03
4550,182.0,366,400,1.2799929612478131,0.4648225015661914,21.293441283938748,0.8162459634993225,0.9867743597282964,1420,students03
4560,182.4,366,400,0.9741933207239319,0.07137911462047197,4.201825310647893,0.8669755774055743,0.9055127603884335,1420,students03
4570,182.8,366,400,0.7899680560188095,0.3058797285101059,22.780709343421204,0.9552338619336516,0.8962083716852906,1420,students03
4610,184.4,367,402,1.9791807982897325,0.11868327009322577,3.4378529125494928,0.7457940478682225,0.6312606745162611,1425,students03
4620,184.8,367,402,1.4987843564675127,0.3589754878290037,13.857686814170288,0.6744837188744259,0.6309418141178743,1425,students03
4630,185.2,367,402,1.047384458983965,0.3058506946485251,16.978556604106018,0.6895167868422474,0.6764770043632518,1425,students03
5040,201.6,371,403,2.663096441292484,0.22512049823302377,4.849191963681947,0.7649931020186554,0.8880409956524797,1431,students03
5050,202.0,371,403,2.1063021254338543,0.2614950401956841,7.13160707900867,0.8211507641615998,0.8493629951909414,1431,students03
5060,202.4,371,403,1.6568805013627885,0.31020302532891886,10.79065623999313,0.7544756225430242,0.8187955371645941,1431,students03
5070,202.8,371,403,1.318562890703861,0.33548635294401424,14.740010158412094,0.6999899431668885,0.8147628494110958,1431,students03
5080,203.2,372,371,1.3621565626170147,0.5035687644587179,21.696187913195896,0.5922921077607787,0.6085565306669515,1432,students03
5090,203.6,372,371,1.193475333528519,0.47379978674474066,23.39024854148135,0.5672484221222029,0.3956286279339078,1432,students03
5100,204.0,372,371,1.0029360878061149,0.49254688009293385,29.413232820606222,0.5539604585974423,0.2756445917264955,1432,students03
5050,202.0,372,403,2.9674960933245713,0.3044553551139668,5.88872068389329,0.5988773708788216,0.8493629951909414,1434,students03
5060,202.4,372,403,2.4384635496539113,0.41308790935860173,9.753226114084613,0.5988773708788199,0.8187955371645941,1434,students03
5070,202.8,372,403,1.9266274795053417,0.5210173510724985,15.689839943704749,0.5985120447905976,0.8147628494110958,1434,students03
5040,201.6,374,403,2.558713168835536,0.5873565442309497,13.27067038445406,0.49897640412629135,0.8880409956524797,1435,students03
5050,202.0,374,403,2.016350259527703,0.4462876721086338,12.787420734138019,0.49904497903614775,0.8493629951909414,1435,students03
5060,202.4,374,403,1.512297127546708,0.1700400775372009,6.455890507568427,0.5391249088222255,0.8187955371645941,1435,students03
5070,202.8,374,403,0.9795813478236078,0.05941504447673662,3.4773243014301034,0.5862816342594206,0.8147628494110958,1435,students03
5180,207.2,375,337,2.9261998236705926,0.16553436283168166,3.24293855399103,0.5426181220915902,0.3069963863554995,1436,students03
5190,207.6,375,337,2.590825588101904,0.18950685389776,4.194666154822737,0.543011281355469,0.30683097554492794,1436,students03
5200,208.0,375,337,2.256404766615073,0.4126797317888401,10.53829105105306,0.5270731231873176,0.30683097554492905,1436,students03
1270,50.8,376,90,2.1714647520506345,0.03973918203418603,1.0486076378378504,0.2805468486391914,0.606707434315173,1437,students03
1280,51.2,376,90,1.878606632926773,0.21412324510246816,6.544786113606428,0.3785847399415546,0.606955103576305,1437,students03
1290,51.6,376,90,1.6039735855473571,0.20303836296925168,7.272273943266712,0.40880621552596796,0.6373799652178596,1437,students03
1300,52.0,376,90,1.3773982064917685,0.19219603715495254,8.020972302953275,0.45517165941322846,0.6974743467710915,1437,students03
1310,52.4,376,90,1.2223423704831586,0.38102986028320396,18.16298024974006,0.4734946605599363,0.724140968188022,1437,students03
1320,52.8,376,90,1.161829108423846,0.5057447450699579,25.80441413878292,0.4402663035873571,0.6685356329427503,1437,students03
2510,100.4,376,127,2.7338491661405064,0.503279490623108,10.608192872464278,0.3283797795893051,0.5647141758405823,1438,students03
2520,100.8,376,127,2.7029144746181366,0.08569035744075892,1.8167495426248463,0.31472038636146893,0.5442327478797451,1438,students03
2530,101.2,376,127,2.6851304194510504,0.10385966632412805,2.2167285876743565,0.3144586883402168,0.5442327478899291,1438,students03
2540,101.6,376,128,2.9760275644408023,0.25905764583966273,4.993810943546287,0.3248414448516214,0.4839928197038339,1439,students03
2550,102.0,376,128,2.8798108231141675,0.2172587059571428,4.326619347049115,0.34507539338296905,0.4113434126194275,1439,students03
2560,102.4,376,128,2.7946308215118134,0.4637071957896142,9.551141722786742,0.35386634192652117,0.3619365490213877,1439,students03
2550,102.0,376,129,2.770028572972196,0.5848087230291311,12.188001326509836,0.34507539338296905,0.5018356214745336,1440,students03
2560,102.4,376,129,2.686777773757335,0.31768872036534446,6.790627248774312,0.35386634192652117,0.3868082432625331,1440,students03
2570,102.8,376,129,2.528603042182002,0.18453294679644772,4.185064387982489,0.35386634192652,0.33250695246746037,1440,students03
2580,103.2,376,129,2.376501322972114,0.021619854979528896,0.5212467248359581,0.35587255375915083,0.3324358611384915,1440,students03
2590,103.6,376,129,2.2300166234048535,0.2581423727940554,6.647350054163994,0.3599419700933025,0.32897749941583976,1440,students03
2600,104.0,376,129,2.086184948801098,0.4148064595664733,11.468837778752462,0.36126773600104517,0.31412226320603065,1440,students03
2610,104.4,376,129,1.9266002126395354,0.46144870806522087,13.857888197318248,0.3901967197945923,0.3066778426250014,1440,students03
2620,104.8,376,129,1.7549493225720376,0.5016127934589258,16.608319123833702,0.4324277129173443,0.30697616737500155,1440,students03
2510,100.4,376,130,1.9517997061934742,0.49824398828715016,14.789829739461236,0.3283797795893051,0.6789765783788831,1441,students03
2520,100.8,376,130,1.9972506853217133,0.1653569894232707,4.749085757488372,0.31472038636146893,0.6478535509002763,1441,students03
2530,101.2,376,130,2.058409349611762,0.006643312844061111,0.18491678966174113,0.3144586883402168,0.6132369921608174,1441,students03
2540,101.6,376,130,2.1198133487269835,0.2919280649718432,7.915589234860829,0.3248414448516214,0.5297845861947245,1441,students03
2540,101.6,376,132,2.3315622752422893,0.4109163850417548,10.15087269484154,0.3248414448516214,0.5696613685618483,1442,students03
2550,102.0,376,132,2.3047000760290217,0.009083741704485115,0.22582609112581117,0.34507539338296905,0.47292636481816264,1442,students03
2560,102.4,376,132,2.236110409935472,0.2358478417273001,6.0543819036235575,0.35386634192652117,0.3870161439093355,1442,students03
2570,102.8,376,132,2.177584616122561,0.3777587834190681,9.989985976820941,0.35386634192652,0.38701614390933664,1442,students03
2580,103.2,376,132,2.1296879014366605,0.5827346612709293,15.880056585632538,0.35587255375915083,0.41866839789535987,1442,students03
2550,102.0,376,134,1.6849759798300572,0.5539701440315001,19.194157783606755,0.34507539338296905,0.5728648685220066,1443,students03
2560,102.4,376,134,1.6118593740040865,0.29669629564248856,10.60696469303271,0.35386634192652117,0.5718182965304257,1443,students03
2570,102.8,376,134,1.5512869492995183,0.09399509745139711,3.4737758841903044,0.35386634192652,0.577852961671713,1443,students03
2580,103.2,376,134,1.4350740205380779,0.19207125715916878,7.6915863500880475,0.35587255375915083,0.6075067633471545,1443,students03
2590,103.6,376,134,1.364522969694974,0.49651971554484,21.338541384469504,0.3599419700933025,0.6078829678074008,1443,students03
2430,97.2,376,245,1.6984762976512775,0.3402693254809292,11.556724387563703,0.281193542739841,0.2677102583082487,1445,students03
2440,97.6,376,245,1.4076370926564923,0.2957752718834653,12.129491470783416,0.4445467018007885,0.514930581071557,1445,students03
2450,98.0,376,245,0.9509335793458954,0.28455707367052013,17.411943139371388,0.4518255572624673,0.7432963743561748,1445,students03
2160,86.4,377,118,2.8436944801245283,0.09542467395586396,1.9230116781470288,0.5979667401445352,0.7046210194921954,1447,students03
2170,86.8,377,118,2.4521459778458494,0.13204893221846747,3.0868912389029717,0.5979667403117735,0.6873276984534024,1447,students03
2180,87.2,377,118,2.086417718726408,0.4117053597268746,11.380659302039971,0.7588722232910176,0.6604632804978943,1447,students03
2160,86.4,377,119,2.2757564564466546,0.03003021206526335,0.756080178133958,0.5979667401445352,0.5534599749296831,1448,students03
2170,86.8,377,119,1.941583860510899,0.16180614247713654,4.780413571256147,0.5979667403117735,0.4158997810349628,1448,students03
2180,87.2,377,119,1.6209101915970938,0.333906509580156,11.888008599334615,0.7588722232910176,0.41589978097823427,1448,students03
2270,90.8,377,123,2.1406135322355055,0.5525640677745602,14.959339540024693,1.3351103267872066,1.662230767836478,1451,students03
2280,91.2,377,123,2.0522009219164206,0.49837920278032755,14.054874508303914,1.3961322888694434,1.591057319260678,1451,students03
2290,91.6,377,123,1.9862165168905295,0.11844614657555153,3.4188080966815244,1.5349870792583065,1.5664749790346555,1451,students03
2300,92.0,377,123,1.8940285212566645,0.08725242622213747,2.640385615838382,1.5942102688842554,1.5799918946061364,1451,students03
2310,92.4,377,123,1.838763095666158,0.4396569039808991,13.833705247887154,1.5199558910920112,1.626341020337793,1451,students03
2320,92.8,377,123,1.8912083110585394,0.4745668964319219,14.532739233781175,1.342197640777124,1.5862372916291785,1451,students03
2330,93.2,377,123,2.0091906552949106,0.013832193485676911,0.3944536406162327,1.2379641475993703,1.5045629256397408,1451,students03
2160,86.4,379,377,1.8307082666121106,0.5227606502550802,16.591789728997746,0.6898797155661419,0.5979667401445352,1454,students03
2170,86.8,379,377,1.5036446832689863,0.2332520271389028,8.924012958822972,0.6588184930642411,0.5979667403117735,1454,students03
2180,87.2,379,377,1.2239608323237379,0.18607478107812997,8.744397694448814,0.5627769002544166,0.7588722232910176,1454,students03
2350,94.0,382,380,1.1966574859700723,0.2575229220123882,12.427370510134587,0.6867378955658051,0.6942090337337524,1456,students03
2360,94.4,382,380,1.2020250608777454,0.13361980087841752,6.382318062300452,0.6868861341640176,0.8913731447296793,1456,students03
2370,94.8,382,380,1.2741380207003183,0.02606511390951355,1.1721847859637495,0.6871341143200288,0.9375974555344998,1456,students03
2380,95.2,382,380,1.3393849371787445,0.055059350118074835,2.355975094095756,0.5593897583516706,0.770791980603304,1456,students03
2390,95.6,382,380,1.4062266818958036,0.07413499485170794,3.0219824514935874,0.438877727614666,0.6378569816270009,1456,students03
2400,96.0,382,380,1.4762801307547366,0.06074192820056468,2.358115356777955,0.6391579034561176,0.6456261383880092,1456,students03
2410,96.4,382,380,1.3931712545867465,0.04506247709970801,1.8535698019488127,0.8219009394990564,0.6721560145076628,1456,students03
2420,96.8,382,380,1.3388221013648425,0.03533101096653479,1.512189592520399,0.763391419749546,0.7663007963610654,1456,students03
2430,97.2,382,380,1.369699872039625,0.020759195071465508,0.8684090787914108,0.7236083481885678,0.785451445003761,1456,students03
2440,97.6,382,380,1.362209905701202,0.12655475705706742,5.330694613263552,0.6514391239021935,0.4921985598997465,1456,students03
2450,98.0,382,380,1.2356037270302056,0.44522622176448534,21.120520044289915,0.5984774132543585,0.2585220854073767,1456,students03
2460,98.4,382,380,1.1198248745438948,0.482458479562951,25.520490995348766,0.4797951451578876,0.2585220854073831,1456,students03
2470,98.8,382,380,1.0876365373314612,0.470404975505182,25.62644832677564,0.3355395814875867,0.2581255627073864,1456,students03
2480,99.2,382,380,1.0758966824904128,0.4768007379932567,26.306054135849454,0.30687167049970515,0.2581255627824213,1456,students03
2490,99.6,382,380,1.0647080675900822,0.40696664690490814,22.472073708891394,0.3316192573029973,0.25828357843527333,1456,students03
2500,100.0,382,380,1.0264240010412395,0.26513356069140104,14.969690230895646,0.38721833644559683,0.2582835783601492,1456,students03
2510,100.4,382,380,0.9605058213432567,0.19530686472625053,11.732195913017579,0.41764489034379687,0.2582835784352712,1456,students03
2520,100.8,382,380,0.8944128629573536,0.18179078027003098,11.727164223681442,0.4176448903438019,0.2582835785103989,1456,students03
2520,100.8,386,140,2.983606235830011,0.2921731542503112,5.619763027651599,1.025975456208222,1.0246836161086323,1461,students03
2530,101.2,386,140,2.664111659491774,0.1050805862080339,2.2605044659885984,1.0256431468857299,1.024911366330874,1461,students03
2540,101.6,386,140,2.4075222682061663,0.5022479241201501,12.041264929023592,1.0259385214679146,1.0249113663308742,1461,students03
2530,101.2,386,141,1.7981329157792687,0.3756671260658511,12.059108012561154,1.0256431468857299,1.1220208454595806,1462,students03
2540,101.6,386,141,1.5008630932748566,0.046810782978199544,1.7873018133917433,1.0259385214679146,1.1220814832543808,1462,students03
2550,102.0,386,141,1.3273874022258139,0.46869328212030104,20.67670999977227,1.0259754562082053,1.1220814832543624,1462,students03
3010,120.4,387,356,2.693503042143585,0.09406548481631916,2.0013533799312424,0.7864171109218621,0.5183706452378689,1463,students03
3020,120.8,387,356,2.310263182331974,0.011947546815696874,0.2963069595901449,0.7112988930886375,0.5110373502452508,1463,students03
3030,121.2,387,356,1.9584890751586976,0.40062578823166617,11.803661285331527,0.6951292088890261,0.4955588586942336,1463,students03
3030,121.2,388,356,2.789576087742455,0.05770155914534225,1.1852308397276035,0.8724995862048918,0.4955588586942336,1466,students03
3040,121.6,388,356,2.42306330246521,0.05182636122555806,1.225580123522754,0.7974308777760588,0.48844517334085225,1466,students03
3050,122.0,388,356,2.079300603402246,0.26062232074578706,7.200468068925942,0.8131673731596506,0.48844517350125133,1466,students03
3060,122.4,388,356,1.7453990507072874,0.5027585938064456,16.74112482305848,0.8721650927530544,0.4886921619063957,1466,students03
3000,120.0,388,387,1.063604768142128,0.10410683509216284,5.617169448220698,0.9412092930824907,0.9541641923436438,1468,students03
3010,120.4,388,387,1.036994530651276,0.16957432663308053,9.411548007546365,0.9412092931549054,0.7864171109218621,1468,students03
3020,120.8,388,387,0.9467635327151834,0.17229167338892748,10.485088688864105,0.9408137297534753,0.7112988930886375,1468,students03
3030,121.2,388,387,0.8574118053828262,0.19379243031426657,13.062879757209942,0.8724995862048918,0.6951292088890261,1468,students03
3040,121.6,388,387,0.8248347557175499,0.2919172317730215,20.726652864585468,0.7974308777760588,0.6853549806368001,1468,students03
3050,122.0,388,387,0.8146234806242066,0.3988196905057564,29.312683650011405,0.8131673731596506,0.6990940220672004,1468,students03
3130,125.2,389,387,1.5992085775701008,0.44146698504424164,16.024800498083415,0.8075742476568069,0.5878519500271784,1470,students03
3140,125.6,389,387,1.4967477328674856,0.10825967382787549,4.147822312715942,0.8609145793151958,0.6524530345329824,1470,students03
3150,126.0,389,387,1.4285607919217447,0.28618541269804565,11.556332076894554,0.7133106008227441,0.6919972526228398,1470,students03
3100,124.0,391,390,0.9182680334410364,0.4462249501152171,29.074204237305185,0.5133887197665756,0.3907206848757296,1475,students03
3110,124.4,391,390,0.8549611083084717,0.17779778684180528,12.002834885848818,0.5617097210264249,0.4996323072674676,1475,students03
3120,124.8,391,390,0.8539770819955466,0.039285720715477604,2.6367226103713133,0.6516761595940694,0.6662458183274096,1475,students03
3130,125.2,391,390,0.828309969929837,0.12098461098788166,8.398782099854945,0.7449674819212909,0.7338760175393609,1475,students03
3140,125.6,391,390,0.8239587750364513,0.26704645980737424,18.91116212032752,0.7183834685706445,0.7990680551089213,1475,students03
3150,126.0,391,390,0.9063902115274731,0.4516376595790876,29.886383451432298,0.629142857403023,0.8440755077537052,1475,students03
3080,123.2,391,392,0.8015131660517529,0.07258482230421248,5.195809214567172,0.31720873963469554,0.4137764277500029,1476,students03
3090,123.6,391,392,0.7623705029392835,0.013270000376423008,0.9973541880318513,0.4856975101102789,0.4295876395000011,1476,students03
3100,124.0,391,392,0.7075539178620562,0.11336534618188693,9.219752785041653,0.5133887197665756,0.3788988281123069,1476,students03
3160,126.4,392,390,1.0210063477497642,0.17034448623257764,9.604128408177507,0.5385684045950649,0.8011935637991875,1481,students03
3170,126.8,392,390,1.0479824259474555,0.2463942310243736,13.598280392281724,0.7014029810409856,0.7671879033949202,1481,students03
3180,127.2,392,390,1.0682235752435698,0.3638805083440337,19.91591844752359,0.7047216322846525,0.7669242366065698,1481,students03
3400,136.0,393,394,0.8970962534540796,0.22751278349999993,14.69125010920068,0.3078711416249966,0.41982102340887084,1482,students03
3410,136.4,393,394,0.7932984240679205,0.07119570646292994,5.149019928421611,0.3060924990365917,0.42355163909511456,1482,students03
3420,136.8,393,394,0.7217294326160011,0.026764904892460514,2.1252670782274508,0.28834009609531847,0.43193586182307414,1482,students03
3430,137.2,393,394,0.7525442011598347,0.08326669359246258,6.35260866534437,0.274130554304954,0.4716121690024363,1482,students03
3440,137.6,393,394,0.823929864811358,0.19020768593142204,13.347368430321579,0.27417940433673543,0.4888480125702051,1482,students03
3450,138.0,393,394,0.9055166353371531,0.03775710967607976,2.3897411749227535,0.293724407916274,0.488848012483159,1482,students03
3460,138.4,393,394,0.9639762758506234,0.3168387390483813,19.188614557728304,0.34729938445849956,0.4890621542364377,1482,students03
3470,138.8,393,394,1.0226460874383145,0.3344256250303048,19.08799524245333,0.3472993845532007,0.48927638425235115,1482,students03
3510,140.4,393,395,0.9114626974107415,0.4418955790659386,29.000696799335845,0.34671218864070763,0.29497748326915507,1483,students03
3520,140.8,393,395,0.8627603929712129,0.39555053444751237,27.28848145533307,0.3464798491443599,0.29497748326916506,1483,students03
3530,141.2,393,395,0.8151511361092323,0.34958020536457435,25.394805830412608,0.3466199392795362,0.29521016084436463,1483,students03
3540,141.6,393,395,0.7683788073602696,0.30267663397787264,23.19837902811095,0.3468521849949956,0.2952101608443554,1483,students03
3270,130.8,395,393,0.925531414851695,0.2717793775133123,17.07641384859673,0.8226749690172875,0.7128194654729357,1486,students03
3280,131.2,395,393,0.8782885908302335,0.3008318548931825,20.030511682216527,0.8228957392270116,0.6058838577287667,1486,students03
3290,131.6,395,393,0.751282651841269,0.25151503879821335,19.55921161758001,0.7356041324706055,0.5541629627152537,1486,students03
3300,132.0,395,393,0.6934093278742764,0.20821505733570284,17.47425713029959,0.6481074683388135,0.6053159179106542,1486,students03
3310,132.4,395,393,0.6770378628590172,0.2249390225739169,19.40478757258114,0.7162217963116618,0.6622101681786869,1486,students03
3320,132.8,395,393,0.631869319674768,0.2848345515378202,26.793789712324553,0.8000926437090675,0.606864254934784,1486,students03
3540,141.6,396,165,2.943298732733707,0.27561738730401086,5.373183401568277,1.035980846097914,0.6553845071207831,1490,students03
3550,142.0,396,165,2.3748061619090546,0.2085924948508028,5.039102206823613,0.8537412189018018,0.5597607012562325,1490,students03
3560,142.4,396,165,1.8231590034618166,0.24072707348382202,7.587401974178251,0.6073770456443168,0.5430925124576401,1490,students03
3780,151.2,399,358,2.76433472161899,0.22531074745372925,4.675154248304386,0.42045465306450797,0.6777636058028228,1494,students03
3790,151.6,399,358,2.8320996601123194,0.34978568451963876,7.094576721380157,0.48799915009719935,0.6502381243448552,1494,students03
3800,152.0,399,358,2.8639339388313294,0.04167331293556775,0.833744516521432,0.5128926035246976,0.5529802338942909,1494,students03
3810,152.4,399,358,2.8384742503584364,0.35559146251447293,7.196669525713025,0.5544217366915174,0.5044134657241917,1494,students03
3820,152.8,399,358,2.8069526646117855,0.5325964061867043,10.937719554210355,0.5683926717444867,0.5044134658756473,1494,students03
3830,153.2,399,358,2.7789245134972442,0.29708908514643184,6.1371021039625475,0.5290699788462931,0.5047030056309906,1494,students03
4590,183.6,401,194,1.386972969125373,0.5471500053589251,23.23430707680964,0.8416097567623652,0.9139668208833857,1496,students03
4600,184.0,401,194,1.1792251710824322,0.23705580488728206,11.597007054441713,0.7913939163196453,0.9239513985588782,1496,students03
4610,184.4,401,194,1.0737523001179368,0.0970018566952478,5.183117717063311,0.665808567132662,0.914586713101541,1496,students03
4620,184.8,401,194,1.1244200168809668,0.4508916559895094,23.640665329031915,0.6441568843401452,0.9002732666045833,1496,students03
4590,183.6,401,195,0.740800167634056,0.2578414435638795,20.36858118937488,0.8416097567623652,0.9025183912973099,1497,students03
4600,184.0,401,195,0.6066517988896315,0.004359101258612219,0.4117028158956134,0.7913939163196453,0.8949608052964035,1497,students03
4610,184.4,401,195,0.6175365986945547,0.28187253401240586,27.158055253394423,0.665808567132662,0.8769280194640123,1497,students03
4610,184.4,402,194,1.9239312238617856,0.23192217332149473,6.923613627667072,0.6312606745162611,0.914586713101541,1499,students03
4620,184.8,402,194,1.8752367521776925,0.059436961890884876,1.816334667992772,0.6309418141178743,0.9002732666045833,1499,students03
4630,185.2,402,194,1.885816811185921,0.3285822915732898,10.034358884033441,0.6764770043632518,0.8949608054056427,1499,students03
4640,185.6,402,194,1.8997344284164774,0.596340336004678,18.294855724559852,0.7521980744974887,0.8898476721537715,1499,students03
4610,184.4,402,195,1.3879757571806295,0.056175790802373254,2.319575889565478,0.6312606745162611,0.8769280194640123,1500,students03
4620,184.8,402,195,1.3746199012783744,0.20373896074073078,8.523483520279893,0.6309418141178743,0.8411186375591503,1500,students03
4630,185.2,402,195,1.3981441883061443,0.45192437289703935,18.858470944586184,0.6764770043632518,0.8234749754344991,1500,students03
4610,184.4,402,401,0.9113049768452255,0.3476180924565621,22.42358297837269,0.6312606745162611,0.665808567132662,1502,students03
4620,184.8,402,401,0.896806128521596,0.34830138525722765,22.853723357307526,0.6309418141178743,0.6441568843401452,1502,students03
4630,185.2,402,401,0.9289583828409891,0.36931231393242236,23.42543618559064,0.6764770043632518,0.7798422324062744,1502,students03
4640,185.6,402,401,0.997322211725375,0.4203617171144437,24.928717161742338,0.7521980744974887,0.8509995286268341,1502,students03
4650,186.0,402,401,1.028965509101157,0.4589917514292837,26.491886258047696,0.7871863270082401,0.8077860112636261,1502,students03
4660,186.4,402,401,0.9984928197533232,0.42772999086832325,25.364517644403822,0.7999929390193667,0.7924592040326294,1502,students03
4670,186.8,402,401,0.9693152283131269,0.3955992203532046,24.086938964073454,0.8078011103361064,0.8304295150526279,1502,students03
4680,187.2,402,401,0.9397405843945434,0.2581969701879667,15.947322095941043,0.8151947781132153,0.8852174721095497,1502,students03
4690,187.6,402,401,0.9145875361631987,0.08133303156181773,5.1019759060889385,0.8242971724795263,0.809813799620831,1502,students03
4700,188.0,402,401,0.8418610549825387,0.00787898362399106,0.5362394380092367,0.8002384345276516,0.6360513100784616,1502,students03
4710,188.4,402,401,0.7327743010790887,0.04705819735118977,3.6820243360340736,0.7333879550182234,0.5495288800288195,1502,students03
4720,188.8,402,401,0.664153139940444,0.1274178890413551,11.06077740110759,0.7045894739739061,0.5772872798311529,1502,students03
4730,189.2,402,401,0.6198077990350206,0.09321461675612572,8.649689300001839,0.606570985681471,0.6178406416502772,1502,students03
4740,189.6,402,401,0.66305494577794,0.03750453385303987,3.2425653531149794,0.4668875965076391,0.6298825222405148,1502,students03
4750,190.0,402,401,0.741335274246682,0.011607521863771897,0.8971503366179828,0.4249815268399199,0.5553874872890165,1502,students03
4760,190.4,402,401,0.7640777476143078,0.025510634513312702,1.9133175748147002,0.42498152683991924,0.4100449392809846,1502,students03
4770,190.8,402,401,0.7294300578374635,0.146798213245618,11.610098354924647,0.50900606503737,0.34045093116502406,1502,students03
4780,191.2,402,401,0.6394045000594012,0.2668633036525455,24.668167238265323,0.6048640615966947,0.35037377264513786,1502,students03
5040,201.6,403,374,2.558713168835536,0.4291179701791361,9.65461356049978,0.8880409956524797,0.49897640412629135,1503,students03
5050,202.0,403,374,2.016350259527703,0.5007278657525157,14.378935283464497,0.8493629951909414,0.49904497903614775,1503,students03
5060,202.4,403,374,1.512297127546708,0.538142161992197,20.845192333806263,0.8187955371645941,0.5391249088222255,1503,students03
5070,202.8,403,374,0.9795813478236078,0.4496250042980265,27.322411537413423,0.8147628494110958,0.5862816342594206,1503,students03
5230,209.2,404,337,1.7612569895682502,0.06715676279247679,2.1852189043996364,0.9109969365344116,0.6839982373614366,1504,students03
5240,209.6,404,337,1.5625477143127875,0.2891534673723944,10.664197249206492,0.7756204995994054,0.4622805398514271,1504,students03
5250,210.0,404,337,1.3748542804100576,0.18864384731956568,7.886436813941157,0.6312466127771466,0.263216541922745,1504,students03
5260,210.4,404,337,1.2521799265749989,0.03529643405495275,1.6152667586463563,0.5538297398979877,0.26305043893117985,1504,students03
5270,210.8,404,337,1.1262394460467022,0.3928006763401618,20.41221768678917,0.6107503837854398,0.26305043894927455,1504,students03
710,28.4,411,38,2.508365112543266,0.36748067707866805,8.42427032492542,0.6056334290829334,0.7299595800973454,1509,students03
720,28.8,411,38,2.153450939274513,0.024079371937160254,0.6406810165550847,0.5573530256275147,0.7159377877932854,1509,students03
730,29.2,411,38,1.8314369574498626,0.2856965007355087,8.974554812609313,0.5190920368780189,0.7079882351269932,1509,students03
740,29.6,411,38,1.559381390448931,0.5339573258414257,20.02414571718118,0.5190920369242603,0.7379057538056053,1509,students03
1650,66.0,412,103,1.8112489755886139,0.41350453280184674,13.196889038398938,0.3396588017412603,0.46836300036323236,1511,students03
1660,66.4,412,103,1.47719217452241,0.33270033780640756,13.016098583676872,0.410366188413758,0.49765151721772266,1511,students03
1670,66.8,412,103,1.1508876319878834,0.15430102731680062,7.704922430641234,0.5255656010405502,0.5111428072484661,1511,students03
1680,67.2,412,414,1.0123807033947938,0.301253103475796,17.31164938837138,0.773019559798536,0.7607175304147129,1512,students03
1690,67.6,412,414,0.9682097890470241,0.3041118769881475,18.306314536974334,0.8642652755886067,0.7425701545036207,1512,students03
1700,68.0,412,414,0.9447328370623053,0.3860749803308676,24.12071636343839,0.8370496708753281,0.8959321581095124,1512,students03
1710,68.4,412,414,1.0541044947031462,0.47502357155665315,26.784870132918627,0.8478311967297789,1.0660845448919412,1512,students03
1720,68.8,412,414,1.160727785083267,0.5127411051326476,26.21501954163383,1.063795083031746,1.0215707248362045,1512,students03
1620,64.8,414,103,2.832897766167315,0.44151294362140525,8.96621608725178,0.5173305385486718,0.4631401141246931,1517,students03
1630,65.2,414,103,2.4157666960420934,0.17354217669721383,4.11952296724384,0.6458002299330778,0.46314011413715417,1517,students03
1640,65.6,414,103,1.968044940080312,0.011125688716013826,0.32390439364470996,0.7051680944839689,0.46316365331240855,1517,students03
1650,66.0,414,103,1.5059844167608984,0.3242576849739759,12.433877810115586,0.8207240215962394,0.46836300036323236,1517,students03
3390,135.6,415,152,2.5135015153947124,0.5401593978908547,12.409845502058866,1.1397389134866693,0.8142382591353532,1518,students03
3400,136.0,415,152,2.2715192642233104,0.33439936814159077,8.465506369167004,1.1013122414101186,0.9605821956283118,1518,students03
3410,136.4,415,152,2.0817837342849934,0.041031458495205175,1.129359212334876,1.0247421047578755,1.0048875900580954,1518,students03
3420,136.8,415,152,1.981904713371279,0.2520202531978718,7.3055466497057875,0.9638118666009735,1.0048875900706025,1518,students03
3430,137.2,415,152,1.9305439757879366,0.15516006554250095,4.609900537667666,0.8661155993392613,1.0051300186511611,1518,students03
3440,137.6,415,152,1.9594401129908248,0.3910383909113733,11.511603886459746,0.8078806675376521,1.0048675299313046,1518,students03
3450,138.0,415,152,2.0110985723990207,0.5665798012824029,16.363275849523454,0.8198527207031605,1.0046050415323626,1518,students03
3350,134.0,415,154,2.895453107431524,0.5518608005786975,10.98754836008418,0.7537738556796312,1.0897219919173895,1520,students03
3360,134.4,415,154,2.7066719440095977,0.39951079909859755,8.487997410658929,0.9558797958815803,1.1703278217287016,1520,students03
3370,134.8,415,154,2.4215177058468367,0.1933168510026575,4.578962555537712,1.1884744924208135,1.1275120518106883,1520,students03
3380,135.2,415,154,2.1421762268732625,0.1282514360444329,3.4323333605350212,1.1873841505062626,0.9899151328369991,1520,students03
3390,135.6,415,154,1.8627187343052245,0.369623421818953,11.445294737528654,1.1397389134866693,0.899150735641137,1520,students03
4340,173.6,418,417,0.928016853816242,0.46067586688170803,29.762700715000005,0.44427222948829387,0.7307774148413221,1527,students03
4350,174.0,418,417,1.0202651084127778,0.4219002477175018,24.42616193307105,0.6470644671012297,0.7493221966881545,1527,students03
4360,174.4,418,417,0.9669192455497224,0.36817875017537455,22.381700972494496,0.9008779684756196,0.7611624200242741,1527,students03
240,9.6,420,24,0.7779188483186562,0.012516783396854136,0.921933966761112,0.3387153046589091,0.6810018960119225,1529,students03
250,10.0,420,24,0.7862181870563943,0.22667972978122217,16.757198245084666,0.33884026248384896,0.6314294093196744,1529,students03
260,10.4,420,24,0.9315187507743911,0.20392675452373255,12.645523461963425,0.355363850483188,0.7492676673710236,1529,students03
420,16.8,420,73,2.47845711577781,0.30200275438532453,6.998947545650478,0.6912568210986114,1.037720948753439,1530,students03
430,17.2,420,73,1.918582579733077,0.4848900885359329,14.639325728842428,0.7958278594428101,1.0240864650383341,1530,students03
440,17.6,420,73,1.4928469391924293,0.31648838853243433,12.239773135857885,0.8929762820734614,1.0505931783738507,1530,students03
450,18.0,420,73,1.1498729652889625,0.13533987897741717,6.759373076676086,0.7730433392038986,1.0506691196516242,1530,students03
2030,81.2,421,422,0.7818593711720788,0.278454561881755,20.863576772633703,0.36470514841521706,0.5273390448055287,1532,students03
2040,81.6,421,422,0.7878950808963855,0.04661975840945021,3.392173095345356,0.3931921879590253,0.5273192142594096,1532,students03
2050,82.0,421,422,0.8103586030686801,0.06637099795497287,4.697972640158271,0.39333442097792426,0.527299551748025,1532,students03
2000,80.0,425,67,2.647313140262258,0.5453611417475854,11.888368041365005,0.9908983048838919,0.7826297473067935,1536,students03
2010,80.4,425,67,2.576372974726116,0.39793876181196297,8.885303628396267,0.9150452688961581,0.748535098422738,1536,students03
2020,80.8,425,67,2.5084263056634724,0.28606582136105135,6.54836915072336,0.8717151838447255,0.7216228101872131,1536,students03
2030,81.2,425,67,2.446242557209007,0.22314158601418937,5.233687069925066,0.8056889574647254,0.7219016000132136,1536,students03
2040,81.6,425,67,2.4308889155750992,0.15233993271048846,3.592989584948527,0.746552593220183,0.7216389045474101,1536,students03
2050,82.0,425,67,2.416007540255183,0.11934228883804474,2.8313625415734185,0.7479800612360794,0.6430180733923895,1536,students03
2060,82.4,425,67,2.3398472362210327,0.12434573730394324,3.046285900749777,0.7552102702050509,0.5125412356159069,1536,students03
2070,82.8,425,67,2.2188380375971883,0.13694794766854843,3.5385772400768896,0.7613234790056962,0.46039242730575985,1536,students03
2070,82.8,428,427,0.9561116955484227,0.04881565623554561,2.9265907651547565,0.6908143849606797,0.8511961453968498,1543,students03
2080,83.2,428,427,0.9780215979575364,0.0372523244000007,2.182893923579159,0.7878756637500022,0.8511961453968514,1543,students03
2090,83.6,428,427,1.0007062060469343,0.0033674418000000372,0.19280440739399435,0.7884723133750047,0.8021273058592872,1543,students03
2100,84.0,428,427,0.985688430382773,0.02273023179999889,1.3213727208115928,0.789068962874989,0.7479748162274942,1543,students03
2110,84.4,428,427,0.9668091397014454,0.06148126516194004,3.6460097494066557,0.790339504257437,0.7425347033131143,1543,students03
2120,84.8,428,427,0.9486504986989107,0.22416007346895173,13.66789032146413,0.8118437510439277,0.7425347034270431,1543,students03
2090,83.6,429,427,0.9259087056027973,0.41536428353767296,26.654010252817727,0.7326048787187183,0.8021273058592872,1544,students03
2100,84.0,429,427,0.8987023836696086,0.3487701919579818,22.83520653777285,0.7326048787356738,0.7479748162274942,1544,students03
2110,84.4,429,427,0.872478709168593,0.2522934728000814,16.8081896487072,0.7544964413721341,0.7425347033131143,1544,students03
2120,84.8,429,427,0.8280855740099192,0.10929664130875624,7.584436291915344,0.80144634866605,0.7425347034270431,1544,students03
3940,157.6,430,167,2.1011187866490073,0.5718547739105836,15.793244772905233,0.45525281514552757,0.8350255548039308,1546,students03
3950,158.0,430,167,2.246158578459277,0.3192743454747239,8.171836062409742,0.5190609022245153,0.835025554926448,1546,students03
3960,158.4,430,167,2.3481704710613776,0.16037938540999974,3.916334578641578,0.5719389353749911,0.8764249049624826,1546,students03
3970,158.8,430,167,2.489773233741311,0.3707308549703162,8.563269593270874,0.840130587889142,0.9326487571544555,1546,students03
3980,159.2,430,167,2.4283307254849573,0.5190351674560154,12.341707145934205,1.1114199473244768,0.938812614812138,1546,students03
3990,159.6,430,167,2.3681743581549277,0.4771134360995485,11.622868302435888,1.1595654766601597,0.9388126146869077,1546,students03
4000,160.0,430,167,2.2641767119492155,0.4071568618542204,10.359599766233774,1.2146447981201647,0.9388126145619292,1546,students03
3930,157.2,430,168,0.6332179272358885,0.11320955525602805,10.298968811967715,0.43939391679173284,0.786536245767289,1547,students03
3940,157.6,430,168,0.7625734114927034,0.2551018394995135,19.54381302228449,0.45525281514552757,0.8107637175138188,1547,students03
3950,158.0,430,168,0.902349673033833,0.3659558653456977,23.92615018824052,0.5190609022245153,0.8534545871326785,1547,students03
3960,158.4,430,168,1.0261108400971395,0.47564898082999996,27.616124714722673,0.5719389353749911,0.8374069543417559,1547,students03
5320,212.8,434,292,1.9893171649128814,0.25148774101474825,7.262716008725515,0.5921664838257149,0.3961798961912252,1557,students03
5330,213.2,434,292,1.8590404795551563,0.012265982811252019,0.3780413356668401,0.7106104637041424,0.3388510090339575,1557,students03
5340,213.6,434,292,1.6771868842684752,0.06851320206523603,2.3411880614017484,0.5363520057345168,0.256851251030743,1557,students03
5320,212.8,434,295,2.531379303020547,0.5996308719763004,13.702415701969356,0.5921664838257149,0.6118050465067933,1558,students03
5330,213.2,434,295,2.418755632913853,0.303689984818416,7.2128819790619465,0.7106104637041424,0.45080410665382287,1558,students03
5340,213.6,434,295,2.306146919226704,0.4117815898480822,10.285794001895486,0.5363520057345168,0.45062708503708726,1558,students03
